solid cone
 facet normal 0.9441330293000866 0.06188174809856867 -0.3237027529028867
  outer loop
   vertex 4.0 0.0 0.0
   vertex 3.9657794454952415 0.5221047688802063 0.0
   vertex 4.815589326672793 0.633984362211679 2.5
  endloop
 endfacet
 facet normal 0.9441330293000865 0.06188174809856862 -0.32370275290288664
  outer loop
   vertex 4.0 0.0 0.0
   vertex 4.815589326672793 0.633984362211679 2.5
   vertex 4.857142857142857 0.0 2.5
  endloop
 endfacet
 facet normal 0.9441330293000864 0.06188174809856861 -0.32370275290288675
  outer loop
   vertex 4.857142857142857 0.0 2.5
   vertex 4.815589326672793 0.633984362211679 2.5
   vertex 5.665399207850345 0.7458639555431519 5.0
  endloop
 endfacet
 facet normal 0.9441330293000865 0.06188174809856913 -0.3237027529028869
  outer loop
   vertex 4.857142857142857 0.0 2.5
   vertex 5.665399207850345 0.7458639555431519 5.0
   vertex 5.714285714285714 0.0 5.0
  endloop
 endfacet
 facet normal 0.9441330293000865 0.06188174809856913 -0.3237027529028868
  outer loop
   vertex 5.714285714285714 0.0 5.0
   vertex 5.665399207850345 0.7458639555431519 5.0
   vertex 6.515209089027897 0.8577435488746246 7.5
  endloop
 endfacet
 facet normal 0.9441330293000866 0.06188174809856856 -0.32370275290288664
  outer loop
   vertex 5.714285714285714 0.0 5.0
   vertex 6.515209089027897 0.8577435488746246 7.5
   vertex 6.571428571428571 0.0 7.5
  endloop
 endfacet
 facet normal 0.9441330293000866 0.06188174809856856 -0.32370275290288686
  outer loop
   vertex 6.571428571428571 0.0 7.5
   vertex 6.515209089027897 0.8577435488746246 7.5
   vertex 7.3650189702054485 0.9696231422060975 10.0
  endloop
 endfacet
 facet normal 0.9441330293000865 0.061881748098568966 -0.32370275290288697
  outer loop
   vertex 6.571428571428571 0.0 7.5
   vertex 7.3650189702054485 0.9696231422060975 10.0
   vertex 7.428571428571429 0.0 10.0
  endloop
 endfacet
 facet normal 0.9441330293000867 0.06188174809856897 -0.3237027529028862
  outer loop
   vertex 7.428571428571429 0.0 10.0
   vertex 7.3650189702054485 0.9696231422060975 10.0
   vertex 8.214828851382999 1.0815027355375701 12.5
  endloop
 endfacet
 facet normal 0.9441330293000865 0.0618817480985693 -0.3237027529028863
  outer loop
   vertex 7.428571428571429 0.0 10.0
   vertex 8.214828851382999 1.0815027355375701 12.5
   vertex 8.285714285714285 0.0 12.5
  endloop
 endfacet
 facet normal 0.9441330293000864 0.06188174809856929 -0.32370275290288714
  outer loop
   vertex 8.285714285714285 0.0 12.5
   vertex 8.214828851382999 1.0815027355375701 12.5
   vertex 9.064638732560551 1.1933823288690428 15.0
  endloop
 endfacet
 facet normal 0.9441330293000862 0.061881748098568855 -0.3237027529028869
  outer loop
   vertex 8.285714285714285 0.0 12.5
   vertex 9.064638732560551 1.1933823288690428 15.0
   vertex 9.142857142857142 0.0 15.0
  endloop
 endfacet
 facet normal 0.9441330293000862 0.061881748098568855 -0.32370275290288714
  outer loop
   vertex 9.142857142857142 0.0 15.0
   vertex 9.064638732560551 1.1933823288690428 15.0
   vertex 9.914448613738104 1.3052619222005157 17.5
  endloop
 endfacet
 facet normal 0.9441330293000864 0.061881748098568494 -0.3237027529028869
  outer loop
   vertex 9.142857142857142 0.0 15.0
   vertex 9.914448613738104 1.3052619222005157 17.5
   vertex 10.0 0.0 17.5
  endloop
 endfacet
 facet normal 0.9441330293000864 0.061881748098568494 -0.32370275290288714
  outer loop
   vertex 10.0 0.0 17.5
   vertex 9.914448613738104 1.3052619222005157 17.5
   vertex 10.764258494915657 1.4171415155319886 20.0
  endloop
 endfacet
 facet normal 0.9441330293000864 0.06188174809856818 -0.32370275290288697
  outer loop
   vertex 10.0 0.0 17.5
   vertex 10.764258494915657 1.4171415155319886 20.0
   vertex 10.857142857142858 0.0 20.0
  endloop
 endfacet
 facet normal 0.9441330293000866 0.061881748098568196 -0.3237027529028865
  outer loop
   vertex 10.857142857142858 0.0 20.0
   vertex 10.764258494915657 1.4171415155319886 20.0
   vertex 11.614068376093208 1.5290211088634613 22.5
  endloop
 endfacet
 facet normal 0.9441330293000864 0.06188174809856902 -0.3237027529028869
  outer loop
   vertex 10.857142857142858 0.0 20.0
   vertex 11.614068376093208 1.5290211088634613 22.5
   vertex 11.714285714285715 0.0 22.5
  endloop
 endfacet
 facet normal 0.9441330293000866 0.061881748098569035 -0.3237027529028865
  outer loop
   vertex 11.714285714285715 0.0 22.5
   vertex 11.614068376093208 1.5290211088634613 22.5
   vertex 12.463878257270759 1.640900702194934 25.0
  endloop
 endfacet
 facet normal 0.9441330293000865 0.061881748098568744 -0.32370275290288636
  outer loop
   vertex 11.714285714285715 0.0 22.5
   vertex 12.463878257270759 1.640900702194934 25.0
   vertex 12.571428571428571 0.0 25.0
  endloop
 endfacet
 facet normal 0.9441330293000864 0.06188174809856873 -0.32370275290288714
  outer loop
   vertex 12.571428571428571 0.0 25.0
   vertex 12.463878257270759 1.640900702194934 25.0
   vertex 13.313688138448311 1.752780295526407 27.5
  endloop
 endfacet
 facet normal 0.9441330293000864 0.061881748098568466 -0.32370275290288697
  outer loop
   vertex 12.571428571428571 0.0 25.0
   vertex 13.313688138448311 1.752780295526407 27.5
   vertex 13.428571428571429 0.0 27.5
  endloop
 endfacet
 facet normal 0.9441330293000865 0.06188174809856847 -0.32370275290288647
  outer loop
   vertex 13.428571428571429 0.0 27.5
   vertex 13.313688138448311 1.752780295526407 27.5
   vertex 14.163498019625862 1.8646598888578796 30.0
  endloop
 endfacet
 facet normal 0.9441330293000867 0.06188174809856825 -0.3237027529028863
  outer loop
   vertex 13.428571428571429 0.0 27.5
   vertex 14.163498019625862 1.8646598888578796 30.0
   vertex 14.285714285714285 0.0 30.0
  endloop
 endfacet
 facet normal 0.9441330293000867 0.06188174809856825 -0.3237027529028865
  outer loop
   vertex 14.285714285714285 0.0 30.0
   vertex 14.163498019625862 1.8646598888578796 30.0
   vertex 15.013307900803413 1.9765394821893523 32.5
  endloop
 endfacet
 facet normal 0.9441330293000865 0.06188174809856889 -0.32370275290288697
  outer loop
   vertex 14.285714285714285 0.0 30.0
   vertex 15.013307900803413 1.9765394821893523 32.5
   vertex 15.142857142857142 0.0 32.5
  endloop
 endfacet
 facet normal 0.9441330293000865 0.06188174809856889 -0.3237027529028872
  outer loop
   vertex 15.142857142857142 0.0 32.5
   vertex 15.013307900803413 1.9765394821893523 32.5
   vertex 15.863117781980966 2.088419075520825 35.0
  endloop
 endfacet
 facet normal 0.9441330293000865 0.06188174809856866 -0.32370275290288697
  outer loop
   vertex 15.142857142857142 0.0 32.5
   vertex 15.863117781980966 2.088419075520825 35.0
   vertex 16.0 0.0 35.0
  endloop
 endfacet
 facet normal 0.9279786514056334 0.18458643042887657 -0.3237027529028868
  outer loop
   vertex 3.9657794454952415 0.5221047688802063 0.0
   vertex 3.8637033051562732 1.035276180410083 0.0
   vertex 4.69163972768976 1.2571210762122436 2.5
  endloop
 endfacet
 facet normal 0.9279786514056336 0.184586430428876 -0.32370275290288675
  outer loop
   vertex 3.9657794454952415 0.5221047688802063 0.0
   vertex 4.69163972768976 1.2571210762122436 2.5
   vertex 4.815589326672793 0.633984362211679 2.5
  endloop
 endfacet
 facet normal 0.9279786514056335 0.1845864304288761 -0.3237027529028869
  outer loop
   vertex 4.815589326672793 0.633984362211679 2.5
   vertex 4.69163972768976 1.2571210762122436 2.5
   vertex 5.519576150223248 1.4789659720144042 5.0
  endloop
 endfacet
 facet normal 0.9279786514056335 0.1845864304288758 -0.3237027529028868
  outer loop
   vertex 4.815589326672793 0.633984362211679 2.5
   vertex 5.519576150223248 1.4789659720144042 5.0
   vertex 5.665399207850345 0.7458639555431519 5.0
  endloop
 endfacet
 facet normal 0.9279786514056336 0.18458643042887582 -0.32370275290288664
  outer loop
   vertex 5.665399207850345 0.7458639555431519 5.0
   vertex 5.519576150223248 1.4789659720144042 5.0
   vertex 6.3475125727567345 1.7008108678165648 7.5
  endloop
 endfacet
 facet normal 0.9279786514056334 0.1845864304288765 -0.32370275290288686
  outer loop
   vertex 5.665399207850345 0.7458639555431519 5.0
   vertex 6.3475125727567345 1.7008108678165648 7.5
   vertex 6.515209089027897 0.8577435488746246 7.5
  endloop
 endfacet
 facet normal 0.9279786514056334 0.1845864304288765 -0.32370275290288697
  outer loop
   vertex 6.515209089027897 0.8577435488746246 7.5
   vertex 6.3475125727567345 1.7008108678165648 7.5
   vertex 7.175448995290222 1.9226557636187256 10.0
  endloop
 endfacet
 facet normal 0.9279786514056334 0.18458643042887618 -0.3237027529028868
  outer loop
   vertex 6.515209089027897 0.8577435488746246 7.5
   vertex 7.175448995290222 1.9226557636187256 10.0
   vertex 7.3650189702054485 0.9696231422060975 10.0
  endloop
 endfacet
 facet normal 0.9279786514056337 0.18458643042887624 -0.32370275290288625
  outer loop
   vertex 7.3650189702054485 0.9696231422060975 10.0
   vertex 7.175448995290222 1.9226557636187256 10.0
   vertex 8.003385417823708 2.1445006594208857 12.5
  endloop
 endfacet
 facet normal 0.9279786514056336 0.18458643042887604 -0.3237027529028862
  outer loop
   vertex 7.3650189702054485 0.9696231422060975 10.0
   vertex 8.003385417823708 2.1445006594208857 12.5
   vertex 8.214828851382999 1.0815027355375701 12.5
  endloop
 endfacet
 facet normal 0.9279786514056334 0.18458643042887599 -0.3237027529028872
  outer loop
   vertex 8.214828851382999 1.0815027355375701 12.5
   vertex 8.003385417823708 2.1445006594208857 12.5
   vertex 8.831321840357196 2.3663455552230466 15.0
  endloop
 endfacet
 facet normal 0.9279786514056335 0.1845864304288758 -0.3237027529028872
  outer loop
   vertex 8.214828851382999 1.0815027355375701 12.5
   vertex 8.831321840357196 2.3663455552230466 15.0
   vertex 9.064638732560551 1.1933823288690428 15.0
  endloop
 endfacet
 facet normal 0.9279786514056336 0.18458643042887582 -0.32370275290288664
  outer loop
   vertex 9.064638732560551 1.1933823288690428 15.0
   vertex 8.831321840357196 2.3663455552230466 15.0
   vertex 9.659258262890683 2.5881904510252074 17.5
  endloop
 endfacet
 facet normal 0.9279786514056334 0.18458643042887687 -0.32370275290288714
  outer loop
   vertex 9.064638732560551 1.1933823288690428 15.0
   vertex 9.659258262890683 2.5881904510252074 17.5
   vertex 9.914448613738104 1.3052619222005157 17.5
  endloop
 endfacet
 facet normal 0.9279786514056333 0.18458643042887685 -0.3237027529028872
  outer loop
   vertex 9.914448613738104 1.3052619222005157 17.5
   vertex 9.659258262890683 2.5881904510252074 17.5
   vertex 10.487194685424171 2.810035346827368 20.0
  endloop
 endfacet
 facet normal 0.9279786514056333 0.1845864304288766 -0.3237027529028871
  outer loop
   vertex 9.914448613738104 1.3052619222005157 17.5
   vertex 10.487194685424171 2.810035346827368 20.0
   vertex 10.764258494915657 1.4171415155319886 20.0
  endloop
 endfacet
 facet normal 0.9279786514056335 0.18458643042887662 -0.32370275290288664
  outer loop
   vertex 10.764258494915657 1.4171415155319886 20.0
   vertex 10.487194685424171 2.810035346827368 20.0
   vertex 11.315131107957658 3.031880242629529 22.5
  endloop
 endfacet
 facet normal 0.9279786514056335 0.1845864304288764 -0.32370275290288647
  outer loop
   vertex 10.764258494915657 1.4171415155319886 20.0
   vertex 11.315131107957658 3.031880242629529 22.5
   vertex 11.614068376093208 1.5290211088634613 22.5
  endloop
 endfacet
 facet normal 0.9279786514056335 0.1845864304288764 -0.32370275290288664
  outer loop
   vertex 11.614068376093208 1.5290211088634613 22.5
   vertex 11.315131107957658 3.031880242629529 22.5
   vertex 12.143067530491145 3.2537251384316894 25.0
  endloop
 endfacet
 facet normal 0.9279786514056336 0.18458643042887626 -0.32370275290288647
  outer loop
   vertex 11.614068376093208 1.5290211088634613 22.5
   vertex 12.143067530491145 3.2537251384316894 25.0
   vertex 12.463878257270759 1.640900702194934 25.0
  endloop
 endfacet
 facet normal 0.9279786514056336 0.1845864304288763 -0.32370275290288664
  outer loop
   vertex 12.463878257270759 1.640900702194934 25.0
   vertex 12.143067530491145 3.2537251384316894 25.0
   vertex 12.971003953024631 3.47557003423385 27.5
  endloop
 endfacet
 facet normal 0.9279786514056332 0.18458643042887704 -0.32370275290288714
  outer loop
   vertex 12.463878257270759 1.640900702194934 25.0
   vertex 12.971003953024631 3.47557003423385 27.5
   vertex 13.313688138448311 1.752780295526407 27.5
  endloop
 endfacet
 facet normal 0.9279786514056333 0.1845864304288771 -0.32370275290288664
  outer loop
   vertex 13.313688138448311 1.752780295526407 27.5
   vertex 12.971003953024631 3.47557003423385 27.5
   vertex 13.798940375558118 3.69741493003601 30.0
  endloop
 endfacet
 facet normal 0.9279786514056334 0.1845864304288769 -0.3237027529028865
  outer loop
   vertex 13.313688138448311 1.752780295526407 27.5
   vertex 13.798940375558118 3.69741493003601 30.0
   vertex 14.163498019625862 1.8646598888578796 30.0
  endloop
 endfacet
 facet normal 0.9279786514056334 0.1845864304288769 -0.32370275290288664
  outer loop
   vertex 14.163498019625862 1.8646598888578796 30.0
   vertex 13.798940375558118 3.69741493003601 30.0
   vertex 14.626876798091605 3.919259825838171 32.5
  endloop
 endfacet
 facet normal 0.9279786514056335 0.18458643042887674 -0.32370275290288647
  outer loop
   vertex 14.163498019625862 1.8646598888578796 30.0
   vertex 14.626876798091605 3.919259825838171 32.5
   vertex 15.013307900803413 1.9765394821893523 32.5
  endloop
 endfacet
 facet normal 0.9279786514056333 0.18458643042887668 -0.32370275290288725
  outer loop
   vertex 15.013307900803413 1.9765394821893523 32.5
   vertex 14.626876798091605 3.919259825838171 32.5
   vertex 15.454813220625093 4.141104721640332 35.0
  endloop
 endfacet
 facet normal 0.9279786514056333 0.1845864304288765 -0.3237027529028871
  outer loop
   vertex 15.013307900803413 1.9765394821893523 32.5
   vertex 15.454813220625093 4.141104721640332 35.0
   vertex 15.863117781980966 2.088419075520825 35.0
  endloop
 endfacet
 facet normal 0.895946301501341 0.30413278775752056 -0.3237027529028866
  outer loop
   vertex 3.8637033051562732 1.035276180410083 0.0
   vertex 3.695518130045147 1.5307337294603591 0.0
   vertex 4.487414872197678 1.8587481000590074 2.5
  endloop
 endfacet
 facet normal 0.8959463015013406 0.3041327877575212 -0.32370275290288675
  outer loop
   vertex 3.8637033051562732 1.035276180410083 0.0
   vertex 4.487414872197678 1.8587481000590074 2.5
   vertex 4.69163972768976 1.2571210762122436 2.5
  endloop
 endfacet
 facet normal 0.8959463015013406 0.30413278775752134 -0.3237027529028869
  outer loop
   vertex 4.69163972768976 1.2571210762122436 2.5
   vertex 4.487414872197678 1.8587481000590074 2.5
   vertex 5.27931161435021 2.186762470657656 5.0
  endloop
 endfacet
 facet normal 0.8959463015013407 0.30413278775752123 -0.32370275290288686
  outer loop
   vertex 4.69163972768976 1.2571210762122436 2.5
   vertex 5.27931161435021 2.186762470657656 5.0
   vertex 5.519576150223248 1.4789659720144042 5.0
  endloop
 endfacet
 facet normal 0.8959463015013406 0.30413278775752123 -0.32370275290288686
  outer loop
   vertex 5.519576150223248 1.4789659720144042 5.0
   vertex 5.27931161435021 2.186762470657656 5.0
   vertex 6.0712083565027415 2.514776841256304 7.5
  endloop
 endfacet
 facet normal 0.895946301501341 0.3041327877575205 -0.3237027529028867
  outer loop
   vertex 5.519576150223248 1.4789659720144042 5.0
   vertex 6.0712083565027415 2.514776841256304 7.5
   vertex 6.3475125727567345 1.7008108678165648 7.5
  endloop
 endfacet
 facet normal 0.8959463015013408 0.3041327877575204 -0.3237027529028869
  outer loop
   vertex 6.3475125727567345 1.7008108678165648 7.5
   vertex 6.0712083565027415 2.514776841256304 7.5
   vertex 6.863105098655273 2.8427912118549528 10.0
  endloop
 endfacet
 facet normal 0.8959463015013408 0.30413278775752045 -0.3237027529028869
  outer loop
   vertex 6.3475125727567345 1.7008108678165648 7.5
   vertex 6.863105098655273 2.8427912118549528 10.0
   vertex 7.175448995290222 1.9226557636187256 10.0
  endloop
 endfacet
 facet normal 0.895946301501341 0.30413278775752056 -0.32370275290288625
  outer loop
   vertex 7.175448995290222 1.9226557636187256 10.0
   vertex 6.863105098655273 2.8427912118549528 10.0
   vertex 7.655001840807803 3.1708055824536006 12.5
  endloop
 endfacet
 facet normal 0.8959463015013409 0.3041327877575206 -0.32370275290288625
  outer loop
   vertex 7.175448995290222 1.9226557636187256 10.0
   vertex 7.655001840807803 3.1708055824536006 12.5
   vertex 8.003385417823708 2.1445006594208857 12.5
  endloop
 endfacet
 facet normal 0.8959463015013408 0.3041327877575206 -0.32370275290288697
  outer loop
   vertex 8.003385417823708 2.1445006594208857 12.5
   vertex 7.655001840807803 3.1708055824536006 12.5
   vertex 8.446898582960335 3.4988199530522492 15.0
  endloop
 endfacet
 facet normal 0.8959463015013405 0.30413278775752123 -0.32370275290288714
  outer loop
   vertex 8.003385417823708 2.1445006594208857 12.5
   vertex 8.446898582960335 3.4988199530522492 15.0
   vertex 8.831321840357196 2.3663455552230466 15.0
  endloop
 endfacet
 facet normal 0.8959463015013405 0.30413278775752123 -0.32370275290288725
  outer loop
   vertex 8.831321840357196 2.3663455552230466 15.0
   vertex 8.446898582960335 3.4988199530522492 15.0
   vertex 9.238795325112868 3.826834323650898 17.5
  endloop
 endfacet
 facet normal 0.895946301501341 0.3041327877575201 -0.32370275290288664
  outer loop
   vertex 8.831321840357196 2.3663455552230466 15.0
   vertex 9.238795325112868 3.826834323650898 17.5
   vertex 9.659258262890683 2.5881904510252074 17.5
  endloop
 endfacet
 facet normal 0.895946301501341 0.3041327877575201 -0.3237027529028865
  outer loop
   vertex 9.659258262890683 2.5881904510252074 17.5
   vertex 9.238795325112868 3.826834323650898 17.5
   vertex 10.030692067265399 4.154848694249546 20.0
  endloop
 endfacet
 facet normal 0.8959463015013405 0.3041327877575213 -0.3237027529028872
  outer loop
   vertex 9.659258262890683 2.5881904510252074 17.5
   vertex 10.030692067265399 4.154848694249546 20.0
   vertex 10.487194685424171 2.810035346827368 20.0
  endloop
 endfacet
 facet normal 0.8959463015013405 0.3041327877575213 -0.32370275290288725
  outer loop
   vertex 10.487194685424171 2.810035346827368 20.0
   vertex 10.030692067265399 4.154848694249546 20.0
   vertex 10.822588809417931 4.482863064848195 22.5
  endloop
 endfacet
 facet normal 0.8959463015013411 0.3041327877575203 -0.32370275290288675
  outer loop
   vertex 10.487194685424171 2.810035346827368 20.0
   vertex 10.822588809417931 4.482863064848195 22.5
   vertex 11.315131107957658 3.031880242629529 22.5
  endloop
 endfacet
 facet normal 0.8959463015013411 0.3041327877575203 -0.3237027529028865
  outer loop
   vertex 11.315131107957658 3.031880242629529 22.5
   vertex 10.822588809417931 4.482863064848195 22.5
   vertex 11.614485551570462 4.810877435446843 25.0
  endloop
 endfacet
 facet normal 0.8959463015013409 0.3041327877575204 -0.3237027529028866
  outer loop
   vertex 11.315131107957658 3.031880242629529 22.5
   vertex 11.614485551570462 4.810877435446843 25.0
   vertex 12.143067530491145 3.2537251384316894 25.0
  endloop
 endfacet
 facet normal 0.895946301501341 0.30413278775752045 -0.3237027529028867
  outer loop
   vertex 12.143067530491145 3.2537251384316894 25.0
   vertex 11.614485551570462 4.810877435446843 25.0
   vertex 12.406382293722993 5.138891806045492 27.5
  endloop
 endfacet
 facet normal 0.8959463015013409 0.30413278775752034 -0.32370275290288664
  outer loop
   vertex 12.143067530491145 3.2537251384316894 25.0
   vertex 12.406382293722993 5.138891806045492 27.5
   vertex 12.971003953024631 3.47557003423385 27.5
  endloop
 endfacet
 facet normal 0.8959463015013409 0.30413278775752034 -0.32370275290288647
  outer loop
   vertex 12.971003953024631 3.47557003423385 27.5
   vertex 12.406382293722993 5.138891806045492 27.5
   vertex 13.198279035875524 5.466906176644139 30.0
  endloop
 endfacet
 facet normal 0.8959463015013409 0.30413278775752045 -0.3237027529028865
  outer loop
   vertex 12.971003953024631 3.47557003423385 27.5
   vertex 13.198279035875524 5.466906176644139 30.0
   vertex 13.798940375558118 3.69741493003601 30.0
  endloop
 endfacet
 facet normal 0.8959463015013409 0.30413278775752045 -0.32370275290288664
  outer loop
   vertex 13.798940375558118 3.69741493003601 30.0
   vertex 13.198279035875524 5.466906176644139 30.0
   vertex 13.990175778028055 5.794920547242788 32.5
  endloop
 endfacet
 facet normal 0.8959463015013409 0.30413278775752045 -0.32370275290288664
  outer loop
   vertex 13.798940375558118 3.69741493003601 30.0
   vertex 13.990175778028055 5.794920547242788 32.5
   vertex 14.626876798091605 3.919259825838171 32.5
  endloop
 endfacet
 facet normal 0.8959463015013408 0.3041327877575204 -0.32370275290288714
  outer loop
   vertex 14.626876798091605 3.919259825838171 32.5
   vertex 13.990175778028055 5.794920547242788 32.5
   vertex 14.782072520180588 6.1229349178414365 35.0
  endloop
 endfacet
 facet normal 0.8959463015013408 0.3041327877575205 -0.3237027529028872
  outer loop
   vertex 14.626876798091605 3.919259825838171 32.5
   vertex 14.782072520180588 6.1229349178414365 35.0
   vertex 15.454813220625093 4.141104721640332 35.0
  endloop
 endfacet
 facet normal 0.8485840619751172 0.4184753487660934 -0.3237027529028866
  outer loop
   vertex 3.695518130045147 1.5307337294603591 0.0
   vertex 3.464101615137755 1.9999999999999998 0.0
   vertex 4.206409104095845 2.428571428571428 2.5
  endloop
 endfacet
 facet normal 0.8485840619751169 0.4184753487660934 -0.3237027529028866
  outer loop
   vertex 3.695518130045147 1.5307337294603591 0.0
   vertex 4.206409104095845 2.428571428571428 2.5
   vertex 4.487414872197678 1.8587481000590074 2.5
  endloop
 endfacet
 facet normal 0.8485840619751168 0.4184753487660933 -0.32370275290288714
  outer loop
   vertex 4.487414872197678 1.8587481000590074 2.5
   vertex 4.206409104095845 2.428571428571428 2.5
   vertex 4.948716593053936 2.8571428571428568 5.0
  endloop
 endfacet
 facet normal 0.8485840619751174 0.41847534876609266 -0.32370275290288697
  outer loop
   vertex 4.487414872197678 1.8587481000590074 2.5
   vertex 4.948716593053936 2.8571428571428568 5.0
   vertex 5.27931161435021 2.186762470657656 5.0
  endloop
 endfacet
 facet normal 0.8485840619751174 0.4184753487660927 -0.32370275290288647
  outer loop
   vertex 5.27931161435021 2.186762470657656 5.0
   vertex 4.948716593053936 2.8571428571428568 5.0
   vertex 5.691024082012025 3.285714285714285 7.5
  endloop
 endfacet
 facet normal 0.8485840619751168 0.4184753487660938 -0.32370275290288686
  outer loop
   vertex 5.27931161435021 2.186762470657656 5.0
   vertex 5.691024082012025 3.285714285714285 7.5
   vertex 6.0712083565027415 2.514776841256304 7.5
  endloop
 endfacet
 facet normal 0.8485840619751167 0.4184753487660938 -0.32370275290288714
  outer loop
   vertex 6.0712083565027415 2.514776841256304 7.5
   vertex 5.691024082012025 3.285714285714285 7.5
   vertex 6.433331570970116 3.714285714285714 10.0
  endloop
 endfacet
 facet normal 0.848584061975117 0.4184753487660933 -0.3237027529028869
  outer loop
   vertex 6.0712083565027415 2.514776841256304 7.5
   vertex 6.433331570970116 3.714285714285714 10.0
   vertex 6.863105098655273 2.8427912118549528 10.0
  endloop
 endfacet
 facet normal 0.8485840619751172 0.41847534876609344 -0.32370275290288636
  outer loop
   vertex 6.863105098655273 2.8427912118549528 10.0
   vertex 6.433331570970116 3.714285714285714 10.0
   vertex 7.175639059928206 4.1428571428571415 12.5
  endloop
 endfacet
 facet normal 0.8485840619751172 0.4184753487660932 -0.32370275290288625
  outer loop
   vertex 6.863105098655273 2.8427912118549528 10.0
   vertex 7.175639059928206 4.1428571428571415 12.5
   vertex 7.655001840807803 3.1708055824536006 12.5
  endloop
 endfacet
 facet normal 0.848584061975117 0.41847534876609316 -0.32370275290288686
  outer loop
   vertex 7.655001840807803 3.1708055824536006 12.5
   vertex 7.175639059928206 4.1428571428571415 12.5
   vertex 7.917946548886296 4.57142857142857 15.0
  endloop
 endfacet
 facet normal 0.8485840619751169 0.4184753487660933 -0.3237027529028869
  outer loop
   vertex 7.655001840807803 3.1708055824536006 12.5
   vertex 7.917946548886296 4.57142857142857 15.0
   vertex 8.446898582960335 3.4988199530522492 15.0
  endloop
 endfacet
 facet normal 0.8485840619751169 0.4184753487660933 -0.32370275290288714
  outer loop
   vertex 8.446898582960335 3.4988199530522492 15.0
   vertex 7.917946548886296 4.57142857142857 15.0
   vertex 8.660254037844387 4.999999999999999 17.5
  endloop
 endfacet
 facet normal 0.8485840619751168 0.4184753487660935 -0.32370275290288714
  outer loop
   vertex 8.446898582960335 3.4988199530522492 15.0
   vertex 8.660254037844387 4.999999999999999 17.5
   vertex 9.238795325112868 3.826834323650898 17.5
  endloop
 endfacet
 facet normal 0.8485840619751169 0.4184753487660936 -0.32370275290288686
  outer loop
   vertex 9.238795325112868 3.826834323650898 17.5
   vertex 8.660254037844387 4.999999999999999 17.5
   vertex 9.402561526802478 5.428571428571428 20.0
  endloop
 endfacet
 facet normal 0.8485840619751172 0.4184753487660931 -0.3237027529028866
  outer loop
   vertex 9.238795325112868 3.826834323650898 17.5
   vertex 9.402561526802478 5.428571428571428 20.0
   vertex 10.030692067265399 4.154848694249546 20.0
  endloop
 endfacet
 facet normal 0.848584061975117 0.4184753487660931 -0.3237027529028868
  outer loop
   vertex 10.030692067265399 4.154848694249546 20.0
   vertex 9.402561526802478 5.428571428571428 20.0
   vertex 10.144869015760568 5.857142857142857 22.5
  endloop
 endfacet
 facet normal 0.8485840619751165 0.4184753487660938 -0.3237027529028873
  outer loop
   vertex 10.030692067265399 4.154848694249546 20.0
   vertex 10.144869015760568 5.857142857142857 22.5
   vertex 10.822588809417931 4.482863064848195 22.5
  endloop
 endfacet
 facet normal 0.8485840619751166 0.4184753487660938 -0.3237027529028867
  outer loop
   vertex 10.822588809417931 4.482863064848195 22.5
   vertex 10.144869015760568 5.857142857142857 22.5
   vertex 10.887176504718658 6.285714285714285 25.0
  endloop
 endfacet
 facet normal 0.848584061975117 0.4184753487660936 -0.32370275290288647
  outer loop
   vertex 10.822588809417931 4.482863064848195 22.5
   vertex 10.887176504718658 6.285714285714285 25.0
   vertex 11.614485551570462 4.810877435446843 25.0
  endloop
 endfacet
 facet normal 0.8485840619751168 0.41847534876609344 -0.32370275290288675
  outer loop
   vertex 11.614485551570462 4.810877435446843 25.0
   vertex 10.887176504718658 6.285714285714285 25.0
   vertex 11.629483993676748 6.7142857142857135 27.5
  endloop
 endfacet
 facet normal 0.8485840619751169 0.4184753487660933 -0.32370275290288675
  outer loop
   vertex 11.614485551570462 4.810877435446843 25.0
   vertex 11.629483993676748 6.7142857142857135 27.5
   vertex 12.406382293722993 5.138891806045492 27.5
  endloop
 endfacet
 facet normal 0.8485840619751173 0.4184753487660935 -0.32370275290288614
  outer loop
   vertex 12.406382293722993 5.138891806045492 27.5
   vertex 11.629483993676748 6.7142857142857135 27.5
   vertex 12.371791482634837 7.1428571428571415 30.0
  endloop
 endfacet
 facet normal 0.8485840619751168 0.4184753487660938 -0.32370275290288647
  outer loop
   vertex 12.406382293722993 5.138891806045492 27.5
   vertex 12.371791482634837 7.1428571428571415 30.0
   vertex 13.198279035875524 5.466906176644139 30.0
  endloop
 endfacet
 facet normal 0.8485840619751165 0.41847534876609366 -0.3237027529028874
  outer loop
   vertex 13.198279035875524 5.466906176644139 30.0
   vertex 12.371791482634837 7.1428571428571415 30.0
   vertex 13.114098971592929 7.57142857142857 32.5
  endloop
 endfacet
 facet normal 0.8485840619751174 0.41847534876609294 -0.3237027529028867
  outer loop
   vertex 13.198279035875524 5.466906176644139 30.0
   vertex 13.114098971592929 7.57142857142857 32.5
   vertex 13.990175778028055 5.794920547242788 32.5
  endloop
 endfacet
 facet normal 0.8485840619751172 0.41847534876609294 -0.3237027529028868
  outer loop
   vertex 13.990175778028055 5.794920547242788 32.5
   vertex 13.114098971592929 7.57142857142857 32.5
   vertex 13.85640646055102 7.999999999999999 35.0
  endloop
 endfacet
 facet normal 0.8485840619751168 0.41847534876609327 -0.32370275290288714
  outer loop
   vertex 13.990175778028055 5.794920547242788 32.5
   vertex 13.85640646055102 7.999999999999999 35.0
   vertex 14.782072520180588 6.1229349178414365 35.0
  endloop
 endfacet
 facet normal 0.7867023138765484 0.5256576805339931 -0.32370275290288675
  outer loop
   vertex 3.464101615137755 1.9999999999999998 0.0
   vertex 3.1734133611649407 2.4350457160348826 0.0
   vertex 3.853430509985999 2.956841226613786 2.5
  endloop
 endfacet
 facet normal 0.7867023138765487 0.5256576805339926 -0.3237027529028866
  outer loop
   vertex 3.464101615137755 1.9999999999999998 0.0
   vertex 3.853430509985999 2.956841226613786 2.5
   vertex 4.206409104095845 2.428571428571428 2.5
  endloop
 endfacet
 facet normal 0.7867023138765484 0.5256576805339925 -0.3237027529028869
  outer loop
   vertex 4.206409104095845 2.428571428571428 2.5
   vertex 3.853430509985999 2.956841226613786 2.5
   vertex 4.5334476588070585 3.4786367371926894 5.0
  endloop
 endfacet
 facet normal 0.7867023138765483 0.5256576805339929 -0.3237027529028871
  outer loop
   vertex 4.206409104095845 2.428571428571428 2.5
   vertex 4.5334476588070585 3.4786367371926894 5.0
   vertex 4.948716593053936 2.8571428571428568 5.0
  endloop
 endfacet
 facet normal 0.7867023138765484 0.525657680533993 -0.3237027529028866
  outer loop
   vertex 4.948716593053936 2.8571428571428568 5.0
   vertex 4.5334476588070585 3.4786367371926894 5.0
   vertex 5.2134648076281165 4.000432247771593 7.5
  endloop
 endfacet
 facet normal 0.7867023138765485 0.5256576805339929 -0.3237027529028865
  outer loop
   vertex 4.948716593053936 2.8571428571428568 5.0
   vertex 5.2134648076281165 4.000432247771593 7.5
   vertex 5.691024082012025 3.285714285714285 7.5
  endloop
 endfacet
 facet normal 0.7867023138765485 0.5256576805339929 -0.3237027529028869
  outer loop
   vertex 5.691024082012025 3.285714285714285 7.5
   vertex 5.2134648076281165 4.000432247771593 7.5
   vertex 5.893481956449175 4.522227758350496 10.0
  endloop
 endfacet
 facet normal 0.7867023138765481 0.5256576805339933 -0.3237027529028871
  outer loop
   vertex 5.691024082012025 3.285714285714285 7.5
   vertex 5.893481956449175 4.522227758350496 10.0
   vertex 6.433331570970116 3.714285714285714 10.0
  endloop
 endfacet
 facet normal 0.7867023138765483 0.5256576805339934 -0.32370275290288647
  outer loop
   vertex 6.433331570970116 3.714285714285714 10.0
   vertex 5.893481956449175 4.522227758350496 10.0
   vertex 6.573499105270233 5.044023268929399 12.5
  endloop
 endfacet
 facet normal 0.7867023138765484 0.5256576805339931 -0.3237027529028863
  outer loop
   vertex 6.433331570970116 3.714285714285714 10.0
   vertex 6.573499105270233 5.044023268929399 12.5
   vertex 7.175639059928206 4.1428571428571415 12.5
  endloop
 endfacet
 facet normal 0.7867023138765483 0.5256576805339931 -0.3237027529028869
  outer loop
   vertex 7.175639059928206 4.1428571428571415 12.5
   vertex 6.573499105270233 5.044023268929399 12.5
   vertex 7.253516254091292 5.5658187795083025 15.0
  endloop
 endfacet
 facet normal 0.7867023138765483 0.5256576805339929 -0.32370275290288686
  outer loop
   vertex 7.175639059928206 4.1428571428571415 12.5
   vertex 7.253516254091292 5.5658187795083025 15.0
   vertex 7.917946548886296 4.57142857142857 15.0
  endloop
 endfacet
 facet normal 0.7867023138765483 0.5256576805339929 -0.3237027529028868
  outer loop
   vertex 7.917946548886296 4.57142857142857 15.0
   vertex 7.253516254091292 5.5658187795083025 15.0
   vertex 7.933533402912351 6.087614290087206 17.5
  endloop
 endfacet
 facet normal 0.786702313876548 0.5256576805339932 -0.3237027529028871
  outer loop
   vertex 7.917946548886296 4.57142857142857 15.0
   vertex 7.933533402912351 6.087614290087206 17.5
   vertex 8.660254037844387 4.999999999999999 17.5
  endloop
 endfacet
 facet normal 0.786702313876548 0.5256576805339932 -0.32370275290288736
  outer loop
   vertex 8.660254037844387 4.999999999999999 17.5
   vertex 7.933533402912351 6.087614290087206 17.5
   vertex 8.613550551733411 6.609409800666111 20.0
  endloop
 endfacet
 facet normal 0.7867023138765485 0.5256576805339925 -0.32370275290288686
  outer loop
   vertex 8.660254037844387 4.999999999999999 17.5
   vertex 8.613550551733411 6.609409800666111 20.0
   vertex 9.402561526802478 5.428571428571428 20.0
  endloop
 endfacet
 facet normal 0.7867023138765487 0.5256576805339925 -0.32370275290288664
  outer loop
   vertex 9.402561526802478 5.428571428571428 20.0
   vertex 8.613550551733411 6.609409800666111 20.0
   vertex 9.293567700554469 7.131205311245014 22.5
  endloop
 endfacet
 facet normal 0.7867023138765485 0.525657680533993 -0.3237027529028869
  outer loop
   vertex 9.402561526802478 5.428571428571428 20.0
   vertex 9.293567700554469 7.131205311245014 22.5
   vertex 10.144869015760568 5.857142857142857 22.5
  endloop
 endfacet
 facet normal 0.7867023138765485 0.525657680533993 -0.3237027529028865
  outer loop
   vertex 10.144869015760568 5.857142857142857 22.5
   vertex 9.293567700554469 7.131205311245014 22.5
   vertex 9.973584849375527 7.653000821823917 25.0
  endloop
 endfacet
 facet normal 0.7867023138765483 0.5256576805339932 -0.3237027529028867
  outer loop
   vertex 10.144869015760568 5.857142857142857 22.5
   vertex 9.973584849375527 7.653000821823917 25.0
   vertex 10.887176504718658 6.285714285714285 25.0
  endloop
 endfacet
 facet normal 0.7867023138765481 0.5256576805339931 -0.32370275290288714
  outer loop
   vertex 10.887176504718658 6.285714285714285 25.0
   vertex 9.973584849375527 7.653000821823917 25.0
   vertex 10.653601998196587 8.17479633240282 27.5
  endloop
 endfacet
 facet normal 0.7867023138765485 0.5256576805339928 -0.32370275290288686
  outer loop
   vertex 10.887176504718658 6.285714285714285 25.0
   vertex 10.653601998196587 8.17479633240282 27.5
   vertex 11.629483993676748 6.7142857142857135 27.5
  endloop
 endfacet
 facet normal 0.7867023138765485 0.5256576805339928 -0.3237027529028864
  outer loop
   vertex 11.629483993676748 6.7142857142857135 27.5
   vertex 10.653601998196587 8.17479633240282 27.5
   vertex 11.333619147017645 8.696591842981723 30.0
  endloop
 endfacet
 facet normal 0.786702313876549 0.5256576805339926 -0.3237027529028862
  outer loop
   vertex 11.629483993676748 6.7142857142857135 27.5
   vertex 11.333619147017645 8.696591842981723 30.0
   vertex 12.371791482634837 7.1428571428571415 30.0
  endloop
 endfacet
 facet normal 0.7867023138765489 0.5256576805339925 -0.32370275290288647
  outer loop
   vertex 12.371791482634837 7.1428571428571415 30.0
   vertex 11.333619147017645 8.696591842981723 30.0
   vertex 12.013636295838703 9.218387353560626 32.5
  endloop
 endfacet
 facet normal 0.7867023138765478 0.5256576805339934 -0.32370275290288736
  outer loop
   vertex 12.371791482634837 7.1428571428571415 30.0
   vertex 12.013636295838703 9.218387353560626 32.5
   vertex 13.114098971592929 7.57142857142857 32.5
  endloop
 endfacet
 facet normal 0.786702313876548 0.5256576805339934 -0.32370275290288725
  outer loop
   vertex 13.114098971592929 7.57142857142857 32.5
   vertex 12.013636295838703 9.218387353560626 32.5
   vertex 12.693653444659763 9.74018286413953 35.0
  endloop
 endfacet
 facet normal 0.7867023138765483 0.5256576805339929 -0.3237027529028868
  outer loop
   vertex 13.114098971592929 7.57142857142857 32.5
   vertex 12.693653444659763 9.74018286413953 35.0
   vertex 13.85640646055102 7.999999999999999 35.0
  endloop
 endfacet
 facet normal 0.7113598710724642 0.6238458636481127 -0.3237027529028867
  outer loop
   vertex 3.1734133611649407 2.4350457160348826 0.0
   vertex 2.8284271247461903 2.8284271247461903 0.0
   vertex 3.4345186514775166 3.4345186514775166 2.5
  endloop
 endfacet
 facet normal 0.7113598710724643 0.6238458636481126 -0.3237027529028867
  outer loop
   vertex 3.1734133611649407 2.4350457160348826 0.0
   vertex 3.4345186514775166 3.4345186514775166 2.5
   vertex 3.853430509985999 2.956841226613786 2.5
  endloop
 endfacet
 facet normal 0.7113598710724642 0.6238458636481126 -0.3237027529028869
  outer loop
   vertex 3.853430509985999 2.956841226613786 2.5
   vertex 3.4345186514775166 3.4345186514775166 2.5
   vertex 4.040610178208843 4.040610178208843 5.0
  endloop
 endfacet
 facet normal 0.7113598710724641 0.6238458636481129 -0.323702752902887
  outer loop
   vertex 3.853430509985999 2.956841226613786 2.5
   vertex 4.040610178208843 4.040610178208843 5.0
   vertex 4.5334476588070585 3.4786367371926894 5.0
  endloop
 endfacet
 facet normal 0.711359871072464 0.6238458636481129 -0.32370275290288664
  outer loop
   vertex 4.5334476588070585 3.4786367371926894 5.0
   vertex 4.040610178208843 4.040610178208843 5.0
   vertex 4.6467017049401695 4.6467017049401695 7.5
  endloop
 endfacet
 facet normal 0.7113598710724643 0.6238458636481127 -0.3237027529028866
  outer loop
   vertex 4.5334476588070585 3.4786367371926894 5.0
   vertex 4.6467017049401695 4.6467017049401695 7.5
   vertex 5.2134648076281165 4.000432247771593 7.5
  endloop
 endfacet
 facet normal 0.7113598710724642 0.6238458636481125 -0.3237027529028871
  outer loop
   vertex 5.2134648076281165 4.000432247771593 7.5
   vertex 4.6467017049401695 4.6467017049401695 7.5
   vertex 5.252793231671497 5.252793231671497 10.0
  endloop
 endfacet
 facet normal 0.7113598710724648 0.6238458636481121 -0.3237027529028869
  outer loop
   vertex 5.2134648076281165 4.000432247771593 7.5
   vertex 5.252793231671497 5.252793231671497 10.0
   vertex 5.893481956449175 4.522227758350496 10.0
  endloop
 endfacet
 facet normal 0.7113598710724649 0.6238458636481122 -0.32370275290288625
  outer loop
   vertex 5.893481956449175 4.522227758350496 10.0
   vertex 5.252793231671497 5.252793231671497 10.0
   vertex 5.858884758402822 5.858884758402822 12.5
  endloop
 endfacet
 facet normal 0.7113598710724645 0.6238458636481127 -0.32370275290288647
  outer loop
   vertex 5.893481956449175 4.522227758350496 10.0
   vertex 5.858884758402822 5.858884758402822 12.5
   vertex 6.573499105270233 5.044023268929399 12.5
  endloop
 endfacet
 facet normal 0.7113598710724642 0.6238458636481125 -0.32370275290288714
  outer loop
   vertex 6.573499105270233 5.044023268929399 12.5
   vertex 5.858884758402822 5.858884758402822 12.5
   vertex 6.464976285134149 6.464976285134149 15.0
  endloop
 endfacet
 facet normal 0.7113598710724647 0.6238458636481121 -0.3237027529028869
  outer loop
   vertex 6.573499105270233 5.044023268929399 12.5
   vertex 6.464976285134149 6.464976285134149 15.0
   vertex 7.253516254091292 5.5658187795083025 15.0
  endloop
 endfacet
 facet normal 0.7113598710724648 0.6238458636481122 -0.32370275290288675
  outer loop
   vertex 7.253516254091292 5.5658187795083025 15.0
   vertex 6.464976285134149 6.464976285134149 15.0
   vertex 7.0710678118654755 7.0710678118654755 17.5
  endloop
 endfacet
 facet normal 0.7113598710724645 0.6238458636481126 -0.3237027529028869
  outer loop
   vertex 7.253516254091292 5.5658187795083025 15.0
   vertex 7.0710678118654755 7.0710678118654755 17.5
   vertex 7.933533402912351 6.087614290087206 17.5
  endloop
 endfacet
 facet normal 0.7113598710724643 0.6238458636481125 -0.3237027529028871
  outer loop
   vertex 7.933533402912351 6.087614290087206 17.5
   vertex 7.0710678118654755 7.0710678118654755 17.5
   vertex 7.677159338596803 7.677159338596803 20.0
  endloop
 endfacet
 facet normal 0.711359871072464 0.6238458636481127 -0.32370275290288725
  outer loop
   vertex 7.933533402912351 6.087614290087206 17.5
   vertex 7.677159338596803 7.677159338596803 20.0
   vertex 8.613550551733411 6.609409800666111 20.0
  endloop
 endfacet
 facet normal 0.711359871072464 0.6238458636481128 -0.3237027529028871
  outer loop
   vertex 8.613550551733411 6.609409800666111 20.0
   vertex 7.677159338596803 7.677159338596803 20.0
   vertex 8.28325086532813 8.28325086532813 22.5
  endloop
 endfacet
 facet normal 0.7113598710724647 0.6238458636481122 -0.32370275290288664
  outer loop
   vertex 8.613550551733411 6.609409800666111 20.0
   vertex 8.28325086532813 8.28325086532813 22.5
   vertex 9.293567700554469 7.131205311245014 22.5
  endloop
 endfacet
 facet normal 0.7113598710724648 0.6238458636481123 -0.32370275290288575
  outer loop
   vertex 9.293567700554469 7.131205311245014 22.5
   vertex 8.28325086532813 8.28325086532813 22.5
   vertex 8.889342392059454 8.889342392059454 25.0
  endloop
 endfacet
 facet normal 0.711359871072464 0.6238458636481131 -0.32370275290288647
  outer loop
   vertex 9.293567700554469 7.131205311245014 22.5
   vertex 8.889342392059454 8.889342392059454 25.0
   vertex 9.973584849375527 7.653000821823917 25.0
  endloop
 endfacet
 facet normal 0.7113598710724638 0.6238458636481129 -0.3237027529028876
  outer loop
   vertex 9.973584849375527 7.653000821823917 25.0
   vertex 8.889342392059454 8.889342392059454 25.0
   vertex 9.495433918790782 9.495433918790782 27.5
  endloop
 endfacet
 facet normal 0.7113598710724643 0.6238458636481125 -0.32370275290288714
  outer loop
   vertex 9.973584849375527 7.653000821823917 25.0
   vertex 9.495433918790782 9.495433918790782 27.5
   vertex 10.653601998196587 8.17479633240282 27.5
  endloop
 endfacet
 facet normal 0.7113598710724647 0.6238458636481127 -0.32370275290288586
  outer loop
   vertex 10.653601998196587 8.17479633240282 27.5
   vertex 9.495433918790782 9.495433918790782 27.5
   vertex 10.101525445522107 10.101525445522107 30.0
  endloop
 endfacet
 facet normal 0.7113598710724639 0.6238458636481133 -0.32370275290288647
  outer loop
   vertex 10.653601998196587 8.17479633240282 27.5
   vertex 10.101525445522107 10.101525445522107 30.0
   vertex 11.333619147017645 8.696591842981723 30.0
  endloop
 endfacet
 facet normal 0.7113598710724637 0.6238458636481131 -0.3237027529028876
  outer loop
   vertex 11.333619147017645 8.696591842981723 30.0
   vertex 10.101525445522107 10.101525445522107 30.0
   vertex 10.707616972253435 10.707616972253435 32.5
  endloop
 endfacet
 facet normal 0.7113598710724649 0.623845863648112 -0.32370275290288647
  outer loop
   vertex 11.333619147017645 8.696591842981723 30.0
   vertex 10.707616972253435 10.707616972253435 32.5
   vertex 12.013636295838703 9.218387353560626 32.5
  endloop
 endfacet
 facet normal 0.7113598710724649 0.623845863648112 -0.32370275290288664
  outer loop
   vertex 12.013636295838703 9.218387353560626 32.5
   vertex 10.707616972253435 10.707616972253435 32.5
   vertex 11.313708498984761 11.313708498984761 35.0
  endloop
 endfacet
 facet normal 0.7113598710724641 0.6238458636481127 -0.3237027529028873
  outer loop
   vertex 12.013636295838703 9.218387353560626 32.5
   vertex 11.313708498984761 11.313708498984761 35.0
   vertex 12.693653444659763 9.74018286413953 35.0
  endloop
 endfacet
 facet normal 0.6238458636481127 0.7113598710724642 -0.32370275290288664
  outer loop
   vertex 2.8284271247461903 2.8284271247461903 0.0
   vertex 2.4350457160348826 3.1734133611649407 0.0
   vertex 2.956841226613786 3.853430509985999 2.5
  endloop
 endfacet
 facet normal 0.6238458636481127 0.7113598710724643 -0.3237027529028867
  outer loop
   vertex 2.8284271247461903 2.8284271247461903 0.0
   vertex 2.956841226613786 3.853430509985999 2.5
   vertex 3.4345186514775166 3.4345186514775166 2.5
  endloop
 endfacet
 facet normal 0.6238458636481126 0.7113598710724642 -0.32370275290288697
  outer loop
   vertex 3.4345186514775166 3.4345186514775166 2.5
   vertex 2.956841226613786 3.853430509985999 2.5
   vertex 3.4786367371926894 4.5334476588070585 5.0
  endloop
 endfacet
 facet normal 0.6238458636481128 0.711359871072464 -0.3237027529028869
  outer loop
   vertex 3.4345186514775166 3.4345186514775166 2.5
   vertex 3.4786367371926894 4.5334476588070585 5.0
   vertex 4.040610178208843 4.040610178208843 5.0
  endloop
 endfacet
 facet normal 0.623845863648113 0.7113598710724641 -0.3237027529028865
  outer loop
   vertex 4.040610178208843 4.040610178208843 5.0
   vertex 3.4786367371926894 4.5334476588070585 5.0
   vertex 4.000432247771593 5.2134648076281165 7.5
  endloop
 endfacet
 facet normal 0.6238458636481126 0.7113598710724643 -0.3237027529028867
  outer loop
   vertex 4.040610178208843 4.040610178208843 5.0
   vertex 4.000432247771593 5.2134648076281165 7.5
   vertex 4.6467017049401695 4.6467017049401695 7.5
  endloop
 endfacet
 facet normal 0.6238458636481126 0.7113598710724643 -0.32370275290288686
  outer loop
   vertex 4.6467017049401695 4.6467017049401695 7.5
   vertex 4.000432247771593 5.2134648076281165 7.5
   vertex 4.522227758350496 5.893481956449175 10.0
  endloop
 endfacet
 facet normal 0.623845863648112 0.7113598710724647 -0.3237027529028871
  outer loop
   vertex 4.6467017049401695 4.6467017049401695 7.5
   vertex 4.522227758350496 5.893481956449175 10.0
   vertex 5.252793231671497 5.252793231671497 10.0
  endloop
 endfacet
 facet normal 0.6238458636481121 0.7113598710724648 -0.32370275290288647
  outer loop
   vertex 5.252793231671497 5.252793231671497 10.0
   vertex 4.522227758350496 5.893481956449175 10.0
   vertex 5.044023268929399 6.573499105270233 12.5
  endloop
 endfacet
 facet normal 0.6238458636481127 0.7113598710724645 -0.32370275290288625
  outer loop
   vertex 5.252793231671497 5.252793231671497 10.0
   vertex 5.044023268929399 6.573499105270233 12.5
   vertex 5.858884758402822 5.858884758402822 12.5
  endloop
 endfacet
 facet normal 0.6238458636481126 0.7113598710724643 -0.3237027529028869
  outer loop
   vertex 5.858884758402822 5.858884758402822 12.5
   vertex 5.044023268929399 6.573499105270233 12.5
   vertex 5.5658187795083025 7.253516254091292 15.0
  endloop
 endfacet
 facet normal 0.6238458636481121 0.7113598710724647 -0.3237027529028871
  outer loop
   vertex 5.858884758402822 5.858884758402822 12.5
   vertex 5.5658187795083025 7.253516254091292 15.0
   vertex 6.464976285134149 6.464976285134149 15.0
  endloop
 endfacet
 facet normal 0.6238458636481121 0.7113598710724647 -0.3237027529028869
  outer loop
   vertex 6.464976285134149 6.464976285134149 15.0
   vertex 5.5658187795083025 7.253516254091292 15.0
   vertex 6.087614290087206 7.933533402912351 17.5
  endloop
 endfacet
 facet normal 0.6238458636481126 0.7113598710724645 -0.3237027529028867
  outer loop
   vertex 6.464976285134149 6.464976285134149 15.0
   vertex 6.087614290087206 7.933533402912351 17.5
   vertex 7.0710678118654755 7.0710678118654755 17.5
  endloop
 endfacet
 facet normal 0.6238458636481123 0.7113598710724642 -0.3237027529028873
  outer loop
   vertex 7.0710678118654755 7.0710678118654755 17.5
   vertex 6.087614290087206 7.933533402912351 17.5
   vertex 6.609409800666111 8.613550551733411 20.0
  endloop
 endfacet
 facet normal 0.6238458636481128 0.711359871072464 -0.3237027529028871
  outer loop
   vertex 7.0710678118654755 7.0710678118654755 17.5
   vertex 6.609409800666111 8.613550551733411 20.0
   vertex 7.677159338596803 7.677159338596803 20.0
  endloop
 endfacet
 facet normal 0.6238458636481128 0.7113598710724641 -0.32370275290288664
  outer loop
   vertex 7.677159338596803 7.677159338596803 20.0
   vertex 6.609409800666111 8.613550551733411 20.0
   vertex 7.131205311245014 9.293567700554469 22.5
  endloop
 endfacet
 facet normal 0.6238458636481121 0.7113598710724646 -0.3237027529028871
  outer loop
   vertex 7.677159338596803 7.677159338596803 20.0
   vertex 7.131205311245014 9.293567700554469 22.5
   vertex 8.28325086532813 8.28325086532813 22.5
  endloop
 endfacet
 facet normal 0.6238458636481122 0.7113598710724647 -0.3237027529028864
  outer loop
   vertex 8.28325086532813 8.28325086532813 22.5
   vertex 7.131205311245014 9.293567700554469 22.5
   vertex 7.653000821823917 9.973584849375527 25.0
  endloop
 endfacet
 facet normal 0.6238458636481133 0.7113598710724642 -0.32370275290288586
  outer loop
   vertex 8.28325086532813 8.28325086532813 22.5
   vertex 7.653000821823917 9.973584849375527 25.0
   vertex 8.889342392059454 8.889342392059454 25.0
  endloop
 endfacet
 facet normal 0.6238458636481129 0.7113598710724638 -0.3237027529028871
  outer loop
   vertex 8.889342392059454 8.889342392059454 25.0
   vertex 7.653000821823917 9.973584849375527 25.0
   vertex 8.17479633240282 10.653601998196587 27.5
  endloop
 endfacet
 facet normal 0.6238458636481123 0.7113598710724642 -0.3237027529028876
  outer loop
   vertex 8.889342392059454 8.889342392059454 25.0
   vertex 8.17479633240282 10.653601998196587 27.5
   vertex 9.495433918790782 9.495433918790782 27.5
  endloop
 endfacet
 facet normal 0.6238458636481126 0.7113598710724646 -0.32370275290288647
  outer loop
   vertex 9.495433918790782 9.495433918790782 27.5
   vertex 8.17479633240282 10.653601998196587 27.5
   vertex 8.696591842981723 11.333619147017645 30.0
  endloop
 endfacet
 facet normal 0.6238458636481135 0.711359871072464 -0.32370275290288586
  outer loop
   vertex 9.495433918790782 9.495433918790782 27.5
   vertex 8.696591842981723 11.333619147017645 30.0
   vertex 10.101525445522107 10.101525445522107 30.0
  endloop
 endfacet
 facet normal 0.6238458636481133 0.7113598710724639 -0.3237027529028865
  outer loop
   vertex 10.101525445522107 10.101525445522107 30.0
   vertex 8.696591842981723 11.333619147017645 30.0
   vertex 9.218387353560626 12.013636295838703 32.5
  endloop
 endfacet
 facet normal 0.6238458636481118 0.7113598710724646 -0.3237027529028875
  outer loop
   vertex 10.101525445522107 10.101525445522107 30.0
   vertex 9.218387353560626 12.013636295838703 32.5
   vertex 10.707616972253435 10.707616972253435 32.5
  endloop
 endfacet
 facet normal 0.6238458636481118 0.7113598710724646 -0.32370275290288725
  outer loop
   vertex 10.707616972253435 10.707616972253435 32.5
   vertex 9.218387353560626 12.013636295838703 32.5
   vertex 9.74018286413953 12.693653444659763 35.0
  endloop
 endfacet
 facet normal 0.6238458636481127 0.7113598710724642 -0.3237027529028867
  outer loop
   vertex 10.707616972253435 10.707616972253435 32.5
   vertex 9.74018286413953 12.693653444659763 35.0
   vertex 11.313708498984761 11.313708498984761 35.0
  endloop
 endfacet
 facet normal 0.5256576805339929 0.7867023138765483 -0.32370275290288675
  outer loop
   vertex 2.4350457160348826 3.1734133611649407 0.0
   vertex 2.0000000000000004 3.4641016151377544 0.0
   vertex 2.428571428571429 4.206409104095845 2.5
  endloop
 endfacet
 facet normal 0.5256576805339932 0.7867023138765482 -0.32370275290288664
  outer loop
   vertex 2.4350457160348826 3.1734133611649407 0.0
   vertex 2.428571428571429 4.206409104095845 2.5
   vertex 2.956841226613786 3.853430509985999 2.5
  endloop
 endfacet
 facet normal 0.5256576805339932 0.7867023138765482 -0.32370275290288686
  outer loop
   vertex 2.956841226613786 3.853430509985999 2.5
   vertex 2.428571428571429 4.206409104095845 2.5
   vertex 2.8571428571428577 4.948716593053935 5.0
  endloop
 endfacet
 facet normal 0.5256576805339928 0.7867023138765484 -0.32370275290288697
  outer loop
   vertex 2.956841226613786 3.853430509985999 2.5
   vertex 2.8571428571428577 4.948716593053935 5.0
   vertex 3.4786367371926894 4.5334476588070585 5.0
  endloop
 endfacet
 facet normal 0.5256576805339926 0.7867023138765485 -0.32370275290288686
  outer loop
   vertex 3.4786367371926894 4.5334476588070585 5.0
   vertex 2.8571428571428577 4.948716593053935 5.0
   vertex 3.2857142857142865 5.691024082012025 7.5
  endloop
 endfacet
 facet normal 0.5256576805339936 0.7867023138765481 -0.3237027529028866
  outer loop
   vertex 3.4786367371926894 4.5334476588070585 5.0
   vertex 3.2857142857142865 5.691024082012025 7.5
   vertex 4.000432247771593 5.2134648076281165 7.5
  endloop
 endfacet
 facet normal 0.5256576805339935 0.786702313876548 -0.3237027529028868
  outer loop
   vertex 4.000432247771593 5.2134648076281165 7.5
   vertex 3.2857142857142865 5.691024082012025 7.5
   vertex 3.7142857142857153 6.4333315709701155 10.0
  endloop
 endfacet
 facet normal 0.5256576805339933 0.7867023138765481 -0.32370275290288686
  outer loop
   vertex 4.000432247771593 5.2134648076281165 7.5
   vertex 3.7142857142857153 6.4333315709701155 10.0
   vertex 4.522227758350496 5.893481956449175 10.0
  endloop
 endfacet
 facet normal 0.5256576805339933 0.7867023138765481 -0.3237027529028864
  outer loop
   vertex 4.522227758350496 5.893481956449175 10.0
   vertex 3.7142857142857153 6.4333315709701155 10.0
   vertex 4.142857142857143 7.175639059928205 12.5
  endloop
 endfacet
 facet normal 0.5256576805339932 0.7867023138765482 -0.32370275290288647
  outer loop
   vertex 4.522227758350496 5.893481956449175 10.0
   vertex 4.142857142857143 7.175639059928205 12.5
   vertex 5.044023268929399 6.573499105270233 12.5
  endloop
 endfacet
 facet normal 0.5256576805339932 0.7867023138765482 -0.32370275290288686
  outer loop
   vertex 5.044023268929399 6.573499105270233 12.5
   vertex 4.142857142857143 7.175639059928205 12.5
   vertex 4.571428571428572 7.917946548886295 15.0
  endloop
 endfacet
 facet normal 0.5256576805339931 0.7867023138765482 -0.32370275290288686
  outer loop
   vertex 5.044023268929399 6.573499105270233 12.5
   vertex 4.571428571428572 7.917946548886295 15.0
   vertex 5.5658187795083025 7.253516254091292 15.0
  endloop
 endfacet
 facet normal 0.5256576805339932 0.7867023138765483 -0.32370275290288686
  outer loop
   vertex 5.5658187795083025 7.253516254091292 15.0
   vertex 4.571428571428572 7.917946548886295 15.0
   vertex 5.000000000000001 8.660254037844386 17.5
  endloop
 endfacet
 facet normal 0.525657680533993 0.7867023138765482 -0.32370275290288686
  outer loop
   vertex 5.5658187795083025 7.253516254091292 15.0
   vertex 5.000000000000001 8.660254037844386 17.5
   vertex 6.087614290087206 7.933533402912351 17.5
  endloop
 endfacet
 facet normal 0.525657680533993 0.7867023138765483 -0.3237027529028868
  outer loop
   vertex 6.087614290087206 7.933533402912351 17.5
   vertex 5.000000000000001 8.660254037844386 17.5
   vertex 5.42857142857143 9.402561526802476 20.0
  endloop
 endfacet
 facet normal 0.5256576805339922 0.7867023138765487 -0.3237027529028873
  outer loop
   vertex 6.087614290087206 7.933533402912351 17.5
   vertex 5.42857142857143 9.402561526802476 20.0
   vertex 6.609409800666111 8.613550551733411 20.0
  endloop
 endfacet
 facet normal 0.5256576805339922 0.7867023138765487 -0.32370275290288736
  outer loop
   vertex 6.609409800666111 8.613550551733411 20.0
   vertex 5.42857142857143 9.402561526802476 20.0
   vertex 5.8571428571428585 10.144869015760568 22.5
  endloop
 endfacet
 facet normal 0.5256576805339934 0.7867023138765481 -0.32370275290288664
  outer loop
   vertex 6.609409800666111 8.613550551733411 20.0
   vertex 5.8571428571428585 10.144869015760568 22.5
   vertex 7.131205311245014 9.293567700554469 22.5
  endloop
 endfacet
 facet normal 0.5256576805339934 0.7867023138765481 -0.3237027529028863
  outer loop
   vertex 7.131205311245014 9.293567700554469 22.5
   vertex 5.8571428571428585 10.144869015760568 22.5
   vertex 6.285714285714287 10.887176504718656 25.0
  endloop
 endfacet
 facet normal 0.5256576805339933 0.7867023138765483 -0.32370275290288647
  outer loop
   vertex 7.131205311245014 9.293567700554469 22.5
   vertex 6.285714285714287 10.887176504718656 25.0
   vertex 7.653000821823917 9.973584849375527 25.0
  endloop
 endfacet
 facet normal 0.5256576805339932 0.7867023138765482 -0.3237027529028868
  outer loop
   vertex 7.653000821823917 9.973584849375527 25.0
   vertex 6.285714285714287 10.887176504718656 25.0
   vertex 6.714285714285716 11.629483993676747 27.5
  endloop
 endfacet
 facet normal 0.5256576805339928 0.7867023138765484 -0.32370275290288714
  outer loop
   vertex 7.653000821823917 9.973584849375527 25.0
   vertex 6.714285714285716 11.629483993676747 27.5
   vertex 8.17479633240282 10.653601998196587 27.5
  endloop
 endfacet
 facet normal 0.5256576805339929 0.7867023138765485 -0.32370275290288664
  outer loop
   vertex 8.17479633240282 10.653601998196587 27.5
   vertex 6.714285714285716 11.629483993676747 27.5
   vertex 7.142857142857144 12.371791482634837 30.0
  endloop
 endfacet
 facet normal 0.5256576805339932 0.7867023138765484 -0.3237027529028865
  outer loop
   vertex 8.17479633240282 10.653601998196587 27.5
   vertex 7.142857142857144 12.371791482634837 30.0
   vertex 8.696591842981723 11.333619147017645 30.0
  endloop
 endfacet
 facet normal 0.5256576805339931 0.7867023138765483 -0.32370275290288686
  outer loop
   vertex 8.696591842981723 11.333619147017645 30.0
   vertex 7.142857142857144 12.371791482634837 30.0
   vertex 7.571428571428573 13.114098971592927 32.5
  endloop
 endfacet
 facet normal 0.5256576805339935 0.7867023138765481 -0.32370275290288647
  outer loop
   vertex 8.696591842981723 11.333619147017645 30.0
   vertex 7.571428571428573 13.114098971592927 32.5
   vertex 9.218387353560626 12.013636295838703 32.5
  endloop
 endfacet
 facet normal 0.5256576805339935 0.7867023138765481 -0.3237027529028868
  outer loop
   vertex 9.218387353560626 12.013636295838703 32.5
   vertex 7.571428571428573 13.114098971592927 32.5
   vertex 8.000000000000002 13.856406460551018 35.0
  endloop
 endfacet
 facet normal 0.5256576805339929 0.7867023138765482 -0.3237027529028873
  outer loop
   vertex 9.218387353560626 12.013636295838703 32.5
   vertex 8.000000000000002 13.856406460551018 35.0
   vertex 9.74018286413953 12.693653444659763 35.0
  endloop
 endfacet
 facet normal 0.41847534876609366 0.8485840619751168 -0.3237027529028866
  outer loop
   vertex 2.0000000000000004 3.4641016151377544 0.0
   vertex 1.5307337294603593 3.695518130045147 0.0
   vertex 1.8587481000590076 4.487414872197678 2.5
  endloop
 endfacet
 facet normal 0.41847534876609294 0.8485840619751172 -0.3237027529028867
  outer loop
   vertex 2.0000000000000004 3.4641016151377544 0.0
   vertex 1.8587481000590076 4.487414872197678 2.5
   vertex 2.428571428571429 4.206409104095845 2.5
  endloop
 endfacet
 facet normal 0.4184753487660929 0.848584061975117 -0.3237027529028869
  outer loop
   vertex 2.428571428571429 4.206409104095845 2.5
   vertex 1.8587481000590076 4.487414872197678 2.5
   vertex 2.1867624706576563 5.27931161435021 5.0
  endloop
 endfacet
 facet normal 0.4184753487660933 0.8485840619751169 -0.3237027529028868
  outer loop
   vertex 2.428571428571429 4.206409104095845 2.5
   vertex 2.1867624706576563 5.27931161435021 5.0
   vertex 2.8571428571428577 4.948716593053935 5.0
  endloop
 endfacet
 facet normal 0.4184753487660933 0.8485840619751169 -0.32370275290288686
  outer loop
   vertex 2.8571428571428577 4.948716593053935 5.0
   vertex 2.1867624706576563 5.27931161435021 5.0
   vertex 2.5147768412563045 6.0712083565027415 7.5
  endloop
 endfacet
 facet normal 0.41847534876609344 0.8485840619751168 -0.32370275290288686
  outer loop
   vertex 2.8571428571428577 4.948716593053935 5.0
   vertex 2.5147768412563045 6.0712083565027415 7.5
   vertex 3.2857142857142865 5.691024082012025 7.5
  endloop
 endfacet
 facet normal 0.41847534876609344 0.8485840619751168 -0.3237027529028869
  outer loop
   vertex 3.2857142857142865 5.691024082012025 7.5
   vertex 2.5147768412563045 6.0712083565027415 7.5
   vertex 2.842791211854953 6.863105098655273 10.0
  endloop
 endfacet
 facet normal 0.4184753487660937 0.8485840619751168 -0.32370275290288686
  outer loop
   vertex 3.2857142857142865 5.691024082012025 7.5
   vertex 2.842791211854953 6.863105098655273 10.0
   vertex 3.7142857142857153 6.4333315709701155 10.0
  endloop
 endfacet
 facet normal 0.4184753487660938 0.8485840619751169 -0.3237027529028862
  outer loop
   vertex 3.7142857142857153 6.4333315709701155 10.0
   vertex 2.842791211854953 6.863105098655273 10.0
   vertex 3.170805582453601 7.655001840807803 12.5
  endloop
 endfacet
 facet normal 0.4184753487660933 0.8485840619751172 -0.3237027529028864
  outer loop
   vertex 3.7142857142857153 6.4333315709701155 10.0
   vertex 3.170805582453601 7.655001840807803 12.5
   vertex 4.142857142857143 7.175639059928205 12.5
  endloop
 endfacet
 facet normal 0.41847534876609327 0.848584061975117 -0.3237027529028869
  outer loop
   vertex 4.142857142857143 7.175639059928205 12.5
   vertex 3.170805582453601 7.655001840807803 12.5
   vertex 3.4988199530522497 8.446898582960335 15.0
  endloop
 endfacet
 facet normal 0.4184753487660935 0.8485840619751169 -0.32370275290288686
  outer loop
   vertex 4.142857142857143 7.175639059928205 12.5
   vertex 3.4988199530522497 8.446898582960335 15.0
   vertex 4.571428571428572 7.917946548886295 15.0
  endloop
 endfacet
 facet normal 0.41847534876609344 0.8485840619751167 -0.32370275290288714
  outer loop
   vertex 4.571428571428572 7.917946548886295 15.0
   vertex 3.4988199530522497 8.446898582960335 15.0
   vertex 3.8268343236508984 9.238795325112868 17.5
  endloop
 endfacet
 facet normal 0.4184753487660942 0.8485840619751165 -0.3237027529028868
  outer loop
   vertex 4.571428571428572 7.917946548886295 15.0
   vertex 3.8268343236508984 9.238795325112868 17.5
   vertex 5.000000000000001 8.660254037844386 17.5
  endloop
 endfacet
 facet normal 0.4184753487660942 0.8485840619751165 -0.3237027529028866
  outer loop
   vertex 5.000000000000001 8.660254037844386 17.5
   vertex 3.8268343236508984 9.238795325112868 17.5
   vertex 4.154848694249547 10.030692067265399 20.0
  endloop
 endfacet
 facet normal 0.4184753487660939 0.8485840619751167 -0.32370275290288686
  outer loop
   vertex 5.000000000000001 8.660254037844386 17.5
   vertex 4.154848694249547 10.030692067265399 20.0
   vertex 5.42857142857143 9.402561526802476 20.0
  endloop
 endfacet
 facet normal 0.4184753487660938 0.8485840619751166 -0.3237027529028872
  outer loop
   vertex 5.42857142857143 9.402561526802476 20.0
   vertex 4.154848694249547 10.030692067265399 20.0
   vertex 4.482863064848195 10.822588809417931 22.5
  endloop
 endfacet
 facet normal 0.4184753487660934 0.8485840619751168 -0.32370275290288736
  outer loop
   vertex 5.42857142857143 9.402561526802476 20.0
   vertex 4.482863064848195 10.822588809417931 22.5
   vertex 5.8571428571428585 10.144869015760568 22.5
  endloop
 endfacet
 facet normal 0.4184753487660935 0.8485840619751169 -0.3237027529028866
  outer loop
   vertex 5.8571428571428585 10.144869015760568 22.5
   vertex 4.482863064848195 10.822588809417931 22.5
   vertex 4.8108774354468435 11.614485551570462 25.0
  endloop
 endfacet
 facet normal 0.41847534876609394 0.8485840619751168 -0.3237027529028863
  outer loop
   vertex 5.8571428571428585 10.144869015760568 22.5
   vertex 4.8108774354468435 11.614485551570462 25.0
   vertex 6.285714285714287 10.887176504718656 25.0
  endloop
 endfacet
 facet normal 0.41847534876609394 0.8485840619751168 -0.32370275290288664
  outer loop
   vertex 6.285714285714287 10.887176504718656 25.0
   vertex 4.8108774354468435 11.614485551570462 25.0
   vertex 5.138891806045492 12.406382293722993 27.5
  endloop
 endfacet
 facet normal 0.41847534876609355 0.8485840619751169 -0.32370275290288686
  outer loop
   vertex 6.285714285714287 10.887176504718656 25.0
   vertex 5.138891806045492 12.406382293722993 27.5
   vertex 6.714285714285716 11.629483993676747 27.5
  endloop
 endfacet
 facet normal 0.41847534876609355 0.8485840619751169 -0.32370275290288664
  outer loop
   vertex 6.714285714285716 11.629483993676747 27.5
   vertex 5.138891806045492 12.406382293722993 27.5
   vertex 5.46690617664414 13.198279035875524 30.0
  endloop
 endfacet
 facet normal 0.4184753487660934 0.8485840619751169 -0.32370275290288664
  outer loop
   vertex 6.714285714285716 11.629483993676747 27.5
   vertex 5.46690617664414 13.198279035875524 30.0
   vertex 7.142857142857144 12.371791482634837 30.0
  endloop
 endfacet
 facet normal 0.4184753487660934 0.8485840619751169 -0.3237027529028867
  outer loop
   vertex 7.142857142857144 12.371791482634837 30.0
   vertex 5.46690617664414 13.198279035875524 30.0
   vertex 5.794920547242789 13.990175778028055 32.5
  endloop
 endfacet
 facet normal 0.41847534876609327 0.848584061975117 -0.3237027529028868
  outer loop
   vertex 7.142857142857144 12.371791482634837 30.0
   vertex 5.794920547242789 13.990175778028055 32.5
   vertex 7.571428571428573 13.114098971592927 32.5
  endloop
 endfacet
 facet normal 0.4184753487660932 0.8485840619751168 -0.32370275290288714
  outer loop
   vertex 7.571428571428573 13.114098971592927 32.5
   vertex 5.794920547242789 13.990175778028055 32.5
   vertex 6.122934917841437 14.782072520180588 35.0
  endloop
 endfacet
 facet normal 0.41847534876609366 0.8485840619751168 -0.3237027529028868
  outer loop
   vertex 7.571428571428573 13.114098971592927 32.5
   vertex 6.122934917841437 14.782072520180588 35.0
   vertex 8.000000000000002 13.856406460551018 35.0
  endloop
 endfacet
 facet normal 0.30413278775752045 0.8959463015013409 -0.3237027529028868
  outer loop
   vertex 1.5307337294603593 3.695518130045147 0.0
   vertex 1.035276180410083 3.8637033051562732 0.0
   vertex 1.2571210762122436 4.69163972768976 2.5
  endloop
 endfacet
 facet normal 0.30413278775752123 0.8959463015013408 -0.3237027529028866
  outer loop
   vertex 1.5307337294603593 3.695518130045147 0.0
   vertex 1.2571210762122436 4.69163972768976 2.5
   vertex 1.8587481000590076 4.487414872197678 2.5
  endloop
 endfacet
 facet normal 0.30413278775752123 0.8959463015013407 -0.32370275290288686
  outer loop
   vertex 1.8587481000590076 4.487414872197678 2.5
   vertex 1.2571210762122436 4.69163972768976 2.5
   vertex 1.4789659720144042 5.519576150223248 5.0
  endloop
 endfacet
 facet normal 0.30413278775752106 0.8959463015013406 -0.3237027529028869
  outer loop
   vertex 1.8587481000590076 4.487414872197678 2.5
   vertex 1.4789659720144042 5.519576150223248 5.0
   vertex 2.1867624706576563 5.27931161435021 5.0
  endloop
 endfacet
 facet normal 0.3041327877575211 0.8959463015013407 -0.32370275290288664
  outer loop
   vertex 2.1867624706576563 5.27931161435021 5.0
   vertex 1.4789659720144042 5.519576150223248 5.0
   vertex 1.7008108678165648 6.3475125727567345 7.5
  endloop
 endfacet
 facet normal 0.30413278775752023 0.8959463015013409 -0.3237027529028868
  outer loop
   vertex 2.1867624706576563 5.27931161435021 5.0
   vertex 1.7008108678165648 6.3475125727567345 7.5
   vertex 2.5147768412563045 6.0712083565027415 7.5
  endloop
 endfacet
 facet normal 0.30413278775752023 0.8959463015013409 -0.3237027529028869
  outer loop
   vertex 2.5147768412563045 6.0712083565027415 7.5
   vertex 1.7008108678165648 6.3475125727567345 7.5
   vertex 1.9226557636187256 7.175448995290222 10.0
  endloop
 endfacet
 facet normal 0.30413278775752034 0.8959463015013409 -0.3237027529028869
  outer loop
   vertex 2.5147768412563045 6.0712083565027415 7.5
   vertex 1.9226557636187256 7.175448995290222 10.0
   vertex 2.842791211854953 6.863105098655273 10.0
  endloop
 endfacet
 facet normal 0.3041327877575204 0.895946301501341 -0.3237027529028863
  outer loop
   vertex 2.842791211854953 6.863105098655273 10.0
   vertex 1.9226557636187256 7.175448995290222 10.0
   vertex 2.1445006594208857 8.003385417823708 12.5
  endloop
 endfacet
 facet normal 0.30413278775752056 0.895946301501341 -0.32370275290288625
  outer loop
   vertex 2.842791211854953 6.863105098655273 10.0
   vertex 2.1445006594208857 8.003385417823708 12.5
   vertex 3.170805582453601 7.655001840807803 12.5
  endloop
 endfacet
 facet normal 0.30413278775752045 0.8959463015013407 -0.3237027529028873
  outer loop
   vertex 3.170805582453601 7.655001840807803 12.5
   vertex 2.1445006594208857 8.003385417823708 12.5
   vertex 2.3663455552230466 8.831321840357196 15.0
  endloop
 endfacet
 facet normal 0.3041327877575212 0.8959463015013406 -0.32370275290288697
  outer loop
   vertex 3.170805582453601 7.655001840807803 12.5
   vertex 2.3663455552230466 8.831321840357196 15.0
   vertex 3.4988199530522497 8.446898582960335 15.0
  endloop
 endfacet
 facet normal 0.3041327877575212 0.8959463015013406 -0.3237027529028867
  outer loop
   vertex 3.4988199530522497 8.446898582960335 15.0
   vertex 2.3663455552230466 8.831321840357196 15.0
   vertex 2.5881904510252074 9.659258262890683 17.5
  endloop
 endfacet
 facet normal 0.30413278775752 0.895946301501341 -0.32370275290288725
  outer loop
   vertex 3.4988199530522497 8.446898582960335 15.0
   vertex 2.5881904510252074 9.659258262890683 17.5
   vertex 3.8268343236508984 9.238795325112868 17.5
  endloop
 endfacet
 facet normal 0.30413278775751995 0.8959463015013409 -0.32370275290288725
  outer loop
   vertex 3.8268343236508984 9.238795325112868 17.5
   vertex 2.5881904510252074 9.659258262890683 17.5
   vertex 2.810035346827368 10.487194685424171 20.0
  endloop
 endfacet
 facet normal 0.3041327877575212 0.8959463015013407 -0.32370275290288664
  outer loop
   vertex 3.8268343236508984 9.238795325112868 17.5
   vertex 2.810035346827368 10.487194685424171 20.0
   vertex 4.154848694249547 10.030692067265399 20.0
  endloop
 endfacet
 facet normal 0.3041327877575212 0.8959463015013407 -0.32370275290288664
  outer loop
   vertex 4.154848694249547 10.030692067265399 20.0
   vertex 2.810035346827368 10.487194685424171 20.0
   vertex 3.031880242629529 11.315131107957658 22.5
  endloop
 endfacet
 facet normal 0.30413278775752023 0.8959463015013409 -0.3237027529028872
  outer loop
   vertex 4.154848694249547 10.030692067265399 20.0
   vertex 3.031880242629529 11.315131107957658 22.5
   vertex 4.482863064848195 10.822588809417931 22.5
  endloop
 endfacet
 facet normal 0.3041327877575203 0.8959463015013411 -0.3237027529028867
  outer loop
   vertex 4.482863064848195 10.822588809417931 22.5
   vertex 3.031880242629529 11.315131107957658 22.5
   vertex 3.2537251384316894 12.143067530491145 25.0
  endloop
 endfacet
 facet normal 0.30413278775752034 0.8959463015013411 -0.3237027529028866
  outer loop
   vertex 4.482863064848195 10.822588809417931 22.5
   vertex 3.2537251384316894 12.143067530491145 25.0
   vertex 4.8108774354468435 11.614485551570462 25.0
  endloop
 endfacet
 facet normal 0.30413278775752034 0.8959463015013411 -0.32370275290288664
  outer loop
   vertex 4.8108774354468435 11.614485551570462 25.0
   vertex 3.2537251384316894 12.143067530491145 25.0
   vertex 3.47557003423385 12.971003953024631 27.5
  endloop
 endfacet
 facet normal 0.30413278775752034 0.8959463015013409 -0.3237027529028865
  outer loop
   vertex 4.8108774354468435 11.614485551570462 25.0
   vertex 3.47557003423385 12.971003953024631 27.5
   vertex 5.138891806045492 12.406382293722993 27.5
  endloop
 endfacet
 facet normal 0.30413278775752034 0.8959463015013409 -0.3237027529028866
  outer loop
   vertex 5.138891806045492 12.406382293722993 27.5
   vertex 3.47557003423385 12.971003953024631 27.5
   vertex 3.69741493003601 13.798940375558118 30.0
  endloop
 endfacet
 facet normal 0.3041327877575204 0.8959463015013411 -0.32370275290288664
  outer loop
   vertex 5.138891806045492 12.406382293722993 27.5
   vertex 3.69741493003601 13.798940375558118 30.0
   vertex 5.46690617664414 13.198279035875524 30.0
  endloop
 endfacet
 facet normal 0.30413278775752034 0.8959463015013409 -0.32370275290288664
  outer loop
   vertex 5.46690617664414 13.198279035875524 30.0
   vertex 3.69741493003601 13.798940375558118 30.0
   vertex 3.919259825838171 14.626876798091605 32.5
  endloop
 endfacet
 facet normal 0.3041327877575203 0.8959463015013409 -0.32370275290288664
  outer loop
   vertex 5.46690617664414 13.198279035875524 30.0
   vertex 3.919259825838171 14.626876798091605 32.5
   vertex 5.794920547242789 13.990175778028055 32.5
  endloop
 endfacet
 facet normal 0.3041327877575203 0.8959463015013408 -0.3237027529028872
  outer loop
   vertex 5.794920547242789 13.990175778028055 32.5
   vertex 3.919259825838171 14.626876798091605 32.5
   vertex 4.141104721640332 15.454813220625093 35.0
  endloop
 endfacet
 facet normal 0.3041327877575204 0.8959463015013408 -0.32370275290288714
  outer loop
   vertex 5.794920547242789 13.990175778028055 32.5
   vertex 4.141104721640332 15.454813220625093 35.0
   vertex 6.122934917841437 14.782072520180588 35.0
  endloop
 endfacet
 facet normal 0.18458643042887676 0.9279786514056335 -0.32370275290288664
  outer loop
   vertex 1.035276180410083 3.8637033051562732 0.0
   vertex 0.5221047688802068 3.9657794454952415 0.0
   vertex 0.6339843622116796 4.815589326672793 2.5
  endloop
 endfacet
 facet normal 0.1845864304288765 0.9279786514056334 -0.32370275290288675
  outer loop
   vertex 1.035276180410083 3.8637033051562732 0.0
   vertex 0.6339843622116796 4.815589326672793 2.5
   vertex 1.2571210762122436 4.69163972768976 2.5
  endloop
 endfacet
 facet normal 0.18458643042887626 0.9279786514056334 -0.3237027529028868
  outer loop
   vertex 1.2571210762122436 4.69163972768976 2.5
   vertex 0.6339843622116796 4.815589326672793 2.5
   vertex 0.7458639555431527 5.665399207850345 5.0
  endloop
 endfacet
 facet normal 0.184586430428876 0.9279786514056335 -0.32370275290288697
  outer loop
   vertex 1.2571210762122436 4.69163972768976 2.5
   vertex 0.7458639555431527 5.665399207850345 5.0
   vertex 1.4789659720144042 5.519576150223248 5.0
  endloop
 endfacet
 facet normal 0.18458643042887599 0.9279786514056335 -0.3237027529028868
  outer loop
   vertex 1.4789659720144042 5.519576150223248 5.0
   vertex 0.7458639555431527 5.665399207850345 5.0
   vertex 0.8577435488746254 6.515209089027897 7.5
  endloop
 endfacet
 facet normal 0.18458643042887668 0.9279786514056334 -0.3237027529028866
  outer loop
   vertex 1.4789659720144042 5.519576150223248 5.0
   vertex 0.8577435488746254 6.515209089027897 7.5
   vertex 1.7008108678165648 6.3475125727567345 7.5
  endloop
 endfacet
 facet normal 0.18458643042887668 0.9279786514056334 -0.3237027529028868
  outer loop
   vertex 1.7008108678165648 6.3475125727567345 7.5
   vertex 0.8577435488746254 6.515209089027897 7.5
   vertex 0.9696231422060985 7.3650189702054485 10.0
  endloop
 endfacet
 facet normal 0.18458643042887637 0.9279786514056333 -0.3237027529028869
  outer loop
   vertex 1.7008108678165648 6.3475125727567345 7.5
   vertex 0.9696231422060985 7.3650189702054485 10.0
   vertex 1.9226557636187256 7.175448995290222 10.0
  endloop
 endfacet
 facet normal 0.1845864304288764 0.9279786514056335 -0.3237027529028862
  outer loop
   vertex 1.9226557636187256 7.175448995290222 10.0
   vertex 0.9696231422060985 7.3650189702054485 10.0
   vertex 1.0815027355375713 8.214828851382999 12.5
  endloop
 endfacet
 facet normal 0.18458643042887626 0.9279786514056337 -0.3237027529028863
  outer loop
   vertex 1.9226557636187256 7.175448995290222 10.0
   vertex 1.0815027355375713 8.214828851382999 12.5
   vertex 2.1445006594208857 8.003385417823708 12.5
  endloop
 endfacet
 facet normal 0.18458643042887624 0.9279786514056334 -0.3237027529028872
  outer loop
   vertex 2.1445006594208857 8.003385417823708 12.5
   vertex 1.0815027355375713 8.214828851382999 12.5
   vertex 1.1933823288690442 9.064638732560551 15.0
  endloop
 endfacet
 facet normal 0.18458643042887599 0.9279786514056333 -0.3237027529028873
  outer loop
   vertex 2.1445006594208857 8.003385417823708 12.5
   vertex 1.1933823288690442 9.064638732560551 15.0
   vertex 2.3663455552230466 8.831321840357196 15.0
  endloop
 endfacet
 facet normal 0.18458643042887599 0.9279786514056334 -0.32370275290288714
  outer loop
   vertex 2.3663455552230466 8.831321840357196 15.0
   vertex 1.1933823288690442 9.064638732560551 15.0
   vertex 1.305261922200517 9.914448613738104 17.5
  endloop
 endfacet
 facet normal 0.18458643042887707 0.9279786514056334 -0.32370275290288664
  outer loop
   vertex 2.3663455552230466 8.831321840357196 15.0
   vertex 1.305261922200517 9.914448613738104 17.5
   vertex 2.5881904510252074 9.659258262890683 17.5
  endloop
 endfacet
 facet normal 0.184586430428877 0.9279786514056332 -0.32370275290288714
  outer loop
   vertex 2.5881904510252074 9.659258262890683 17.5
   vertex 1.305261922200517 9.914448613738104 17.5
   vertex 1.4171415155319902 10.764258494915657 20.0
  endloop
 endfacet
 facet normal 0.18458643042887682 0.9279786514056332 -0.32370275290288725
  outer loop
   vertex 2.5881904510252074 9.659258262890683 17.5
   vertex 1.4171415155319902 10.764258494915657 20.0
   vertex 2.810035346827368 10.487194685424171 20.0
  endloop
 endfacet
 facet normal 0.18458643042887682 0.9279786514056334 -0.3237027529028865
  outer loop
   vertex 2.810035346827368 10.487194685424171 20.0
   vertex 1.4171415155319902 10.764258494915657 20.0
   vertex 1.529021108863463 11.614068376093208 22.5
  endloop
 endfacet
 facet normal 0.18458643042887662 0.9279786514056335 -0.32370275290288664
  outer loop
   vertex 2.810035346827368 10.487194685424171 20.0
   vertex 1.529021108863463 11.614068376093208 22.5
   vertex 3.031880242629529 11.315131107957658 22.5
  endloop
 endfacet
 facet normal 0.18458643042887662 0.9279786514056334 -0.32370275290288647
  outer loop
   vertex 3.031880242629529 11.315131107957658 22.5
   vertex 1.529021108863463 11.614068376093208 22.5
   vertex 1.6409007021949358 12.463878257270759 25.0
  endloop
 endfacet
 facet normal 0.18458643042887649 0.9279786514056335 -0.3237027529028867
  outer loop
   vertex 3.031880242629529 11.315131107957658 22.5
   vertex 1.6409007021949358 12.463878257270759 25.0
   vertex 3.2537251384316894 12.143067530491145 25.0
  endloop
 endfacet
 facet normal 0.18458643042887646 0.9279786514056334 -0.32370275290288714
  outer loop
   vertex 3.2537251384316894 12.143067530491145 25.0
   vertex 1.6409007021949358 12.463878257270759 25.0
   vertex 1.7527802955264087 13.313688138448311 27.5
  endloop
 endfacet
 facet normal 0.1845864304288773 0.9279786514056334 -0.3237027529028867
  outer loop
   vertex 3.2537251384316894 12.143067530491145 25.0
   vertex 1.7527802955264087 13.313688138448311 27.5
   vertex 3.47557003423385 12.971003953024631 27.5
  endloop
 endfacet
 facet normal 0.1845864304288773 0.9279786514056334 -0.3237027529028865
  outer loop
   vertex 3.47557003423385 12.971003953024631 27.5
   vertex 1.7527802955264087 13.313688138448311 27.5
   vertex 1.8646598888578814 14.163498019625862 30.0
  endloop
 endfacet
 facet normal 0.18458643042887707 0.9279786514056333 -0.32370275290288664
  outer loop
   vertex 3.47557003423385 12.971003953024631 27.5
   vertex 1.8646598888578814 14.163498019625862 30.0
   vertex 3.69741493003601 13.798940375558118 30.0
  endloop
 endfacet
 facet normal 0.18458643042887707 0.9279786514056333 -0.3237027529028865
  outer loop
   vertex 3.69741493003601 13.798940375558118 30.0
   vertex 1.8646598888578814 14.163498019625862 30.0
   vertex 1.9765394821893545 15.013307900803413 32.5
  endloop
 endfacet
 facet normal 0.18458643042887693 0.9279786514056334 -0.3237027529028867
  outer loop
   vertex 3.69741493003601 13.798940375558118 30.0
   vertex 1.9765394821893545 15.013307900803413 32.5
   vertex 3.919259825838171 14.626876798091605 32.5
  endloop
 endfacet
 facet normal 0.1845864304288769 0.9279786514056333 -0.32370275290288714
  outer loop
   vertex 3.919259825838171 14.626876798091605 32.5
   vertex 1.9765394821893545 15.013307900803413 32.5
   vertex 2.0884190755208274 15.863117781980966 35.0
  endloop
 endfacet
 facet normal 0.18458643042887674 0.9279786514056332 -0.3237027529028873
  outer loop
   vertex 3.919259825838171 14.626876798091605 32.5
   vertex 2.0884190755208274 15.863117781980966 35.0
   vertex 4.141104721640332 15.454813220625093 35.0
  endloop
 endfacet
 facet normal 0.061881748098568626 0.9441330293000866 -0.3237027529028867
  outer loop
   vertex 0.5221047688802068 3.9657794454952415 0.0
   vertex 2.4492935982947064e-16 4.0 0.0
   vertex 2.974142226500715e-16 4.857142857142857 2.5
  endloop
 endfacet
 facet normal 0.06188174809856886 0.9441330293000865 -0.3237027529028867
  outer loop
   vertex 0.5221047688802068 3.9657794454952415 0.0
   vertex 2.974142226500715e-16 4.857142857142857 2.5
   vertex 0.6339843622116796 4.815589326672793 2.5
  endloop
 endfacet
 facet normal 0.061881748098568584 0.9441330293000864 -0.32370275290288697
  outer loop
   vertex 0.6339843622116796 4.815589326672793 2.5
   vertex 2.974142226500715e-16 4.857142857142857 2.5
   vertex 3.4989908547067237e-16 5.714285714285714 5.0
  endloop
 endfacet
 facet normal 0.0618817480985691 0.9441330293000864 -0.32370275290288686
  outer loop
   vertex 0.6339843622116796 4.815589326672793 2.5
   vertex 3.4989908547067237e-16 5.714285714285714 5.0
   vertex 0.7458639555431527 5.665399207850345 5.0
  endloop
 endfacet
 facet normal 0.061881748098569105 0.9441330293000865 -0.3237027529028867
  outer loop
   vertex 0.7458639555431527 5.665399207850345 5.0
   vertex 3.4989908547067237e-16 5.714285714285714 5.0
   vertex 4.0238394829127316e-16 6.571428571428571 7.5
  endloop
 endfacet
 facet normal 0.06188174809856852 0.9441330293000864 -0.3237027529028868
  outer loop
   vertex 0.7458639555431527 5.665399207850345 5.0
   vertex 4.0238394829127316e-16 6.571428571428571 7.5
   vertex 0.8577435488746254 6.515209089027897 7.5
  endloop
 endfacet
 facet normal 0.06188174809856852 0.9441330293000864 -0.32370275290288697
  outer loop
   vertex 0.8577435488746254 6.515209089027897 7.5
   vertex 4.0238394829127316e-16 6.571428571428571 7.5
   vertex 4.548688111118741e-16 7.428571428571429 10.0
  endloop
 endfacet
 facet normal 0.06188174809856892 0.9441330293000864 -0.32370275290288675
  outer loop
   vertex 0.8577435488746254 6.515209089027897 7.5
   vertex 4.548688111118741e-16 7.428571428571429 10.0
   vertex 0.9696231422060985 7.3650189702054485 10.0
  endloop
 endfacet
 facet normal 0.06188174809856893 0.9441330293000866 -0.32370275290288636
  outer loop
   vertex 0.9696231422060985 7.3650189702054485 10.0
   vertex 4.548688111118741e-16 7.428571428571429 10.0
   vertex 5.073536739324748e-16 8.285714285714285 12.5
  endloop
 endfacet
 facet normal 0.061881748098569285 0.9441330293000866 -0.32370275290288625
  outer loop
   vertex 0.9696231422060985 7.3650189702054485 10.0
   vertex 5.073536739324748e-16 8.285714285714285 12.5
   vertex 1.0815027355375713 8.214828851382999 12.5
  endloop
 endfacet
 facet normal 0.06188174809856925 0.9441330293000864 -0.32370275290288697
  outer loop
   vertex 1.0815027355375713 8.214828851382999 12.5
   vertex 5.073536739324748e-16 8.285714285714285 12.5
   vertex 5.598385367530757e-16 9.142857142857142 15.0
  endloop
 endfacet
 facet normal 0.06188174809856882 0.9441330293000864 -0.3237027529028871
  outer loop
   vertex 1.0815027355375713 8.214828851382999 12.5
   vertex 5.598385367530757e-16 9.142857142857142 15.0
   vertex 1.1933823288690442 9.064638732560551 15.0
  endloop
 endfacet
 facet normal 0.06188174809856882 0.9441330293000864 -0.32370275290288697
  outer loop
   vertex 1.1933823288690442 9.064638732560551 15.0
   vertex 5.598385367530757e-16 9.142857142857142 15.0
   vertex 6.123233995736766e-16 10.0 17.5
  endloop
 endfacet
 facet normal 0.06188174809856845 0.9441330293000862 -0.323702752902887
  outer loop
   vertex 1.1933823288690442 9.064638732560551 15.0
   vertex 6.123233995736766e-16 10.0 17.5
   vertex 1.305261922200517 9.914448613738104 17.5
  endloop
 endfacet
 facet normal 0.061881748098568466 0.9441330293000865 -0.3237027529028869
  outer loop
   vertex 1.305261922200517 9.914448613738104 17.5
   vertex 6.123233995736766e-16 10.0 17.5
   vertex 6.648082623942775e-16 10.857142857142858 20.0
  endloop
 endfacet
 facet normal 0.06188174809856814 0.9441330293000862 -0.3237027529028871
  outer loop
   vertex 1.305261922200517 9.914448613738104 17.5
   vertex 6.648082623942775e-16 10.857142857142858 20.0
   vertex 1.4171415155319902 10.764258494915657 20.0
  endloop
 endfacet
 facet normal 0.06188174809856815 0.9441330293000864 -0.32370275290288697
  outer loop
   vertex 1.4171415155319902 10.764258494915657 20.0
   vertex 6.648082623942775e-16 10.857142857142858 20.0
   vertex 7.172931252148784e-16 11.714285714285715 22.5
  endloop
 endfacet
 facet normal 0.061881748098568994 0.9441330293000866 -0.3237027529028865
  outer loop
   vertex 1.4171415155319902 10.764258494915657 20.0
   vertex 7.172931252148784e-16 11.714285714285715 22.5
   vertex 1.529021108863463 11.614068376093208 22.5
  endloop
 endfacet
 facet normal 0.061881748098568994 0.9441330293000866 -0.32370275290288636
  outer loop
   vertex 1.529021108863463 11.614068376093208 22.5
   vertex 7.172931252148784e-16 11.714285714285715 22.5
   vertex 7.697779880354791e-16 12.571428571428571 25.0
  endloop
 endfacet
 facet normal 0.0618817480985687 0.9441330293000866 -0.3237027529028865
  outer loop
   vertex 1.529021108863463 11.614068376093208 22.5
   vertex 7.697779880354791e-16 12.571428571428571 25.0
   vertex 1.6409007021949358 12.463878257270759 25.0
  endloop
 endfacet
 facet normal 0.061881748098568695 0.9441330293000864 -0.32370275290288697
  outer loop
   vertex 1.6409007021949358 12.463878257270759 25.0
   vertex 7.697779880354791e-16 12.571428571428571 25.0
   vertex 8.2226285085608e-16 13.428571428571429 27.5
  endloop
 endfacet
 facet normal 0.061881748098568425 0.9441330293000864 -0.3237027529028871
  outer loop
   vertex 1.6409007021949358 12.463878257270759 25.0
   vertex 8.2226285085608e-16 13.428571428571429 27.5
   vertex 1.7527802955264087 13.313688138448311 27.5
  endloop
 endfacet
 facet normal 0.06188174809856844 0.9441330293000865 -0.3237027529028863
  outer loop
   vertex 1.7527802955264087 13.313688138448311 27.5
   vertex 8.2226285085608e-16 13.428571428571429 27.5
   vertex 8.747477136766808e-16 14.285714285714285 30.0
  endloop
 endfacet
 facet normal 0.06188174809856823 0.9441330293000867 -0.3237027529028865
  outer loop
   vertex 1.7527802955264087 13.313688138448311 27.5
   vertex 8.747477136766808e-16 14.285714285714285 30.0
   vertex 1.8646598888578814 14.163498019625862 30.0
  endloop
 endfacet
 facet normal 0.061881748098568216 0.9441330293000865 -0.323702752902887
  outer loop
   vertex 1.8646598888578814 14.163498019625862 30.0
   vertex 8.747477136766808e-16 14.285714285714285 30.0
   vertex 9.272325764972817e-16 15.142857142857142 32.5
  endloop
 endfacet
 facet normal 0.06188174809856886 0.9441330293000867 -0.3237027529028865
  outer loop
   vertex 1.8646598888578814 14.163498019625862 30.0
   vertex 9.272325764972817e-16 15.142857142857142 32.5
   vertex 1.9765394821893545 15.013307900803413 32.5
  endloop
 endfacet
 facet normal 0.061881748098568834 0.9441330293000864 -0.32370275290288697
  outer loop
   vertex 1.9765394821893545 15.013307900803413 32.5
   vertex 9.272325764972817e-16 15.142857142857142 32.5
   vertex 9.797174393178826e-16 16.0 35.0
  endloop
 endfacet
 facet normal 0.06188174809856862 0.9441330293000865 -0.32370275290288714
  outer loop
   vertex 1.9765394821893545 15.013307900803413 32.5
   vertex 9.797174393178826e-16 16.0 35.0
   vertex 2.0884190755208274 15.863117781980966 35.0
  endloop
 endfacet
 facet normal -0.061881748098567925 0.9441330293000865 -0.3237027529028868
  outer loop
   vertex 2.4492935982947064e-16 4.0 0.0
   vertex -0.5221047688802055 3.965779445495242 0.0
   vertex -0.6339843622116781 4.815589326672794 2.5
  endloop
 endfacet
 facet normal -0.06188174809856736 0.9441330293000866 -0.32370275290288664
  outer loop
   vertex 2.4492935982947064e-16 4.0 0.0
   vertex -0.6339843622116781 4.815589326672794 2.5
   vertex 2.974142226500715e-16 4.857142857142857 2.5
  endloop
 endfacet
 facet normal -0.06188174809856736 0.9441330293000866 -0.32370275290288675
  outer loop
   vertex 2.974142226500715e-16 4.857142857142857 2.5
   vertex -0.6339843622116781 4.815589326672794 2.5
   vertex -0.7458639555431508 5.665399207850346 5.0
  endloop
 endfacet
 facet normal -0.06188174809856807 0.9441330293000865 -0.3237027529028869
  outer loop
   vertex 2.974142226500715e-16 4.857142857142857 2.5
   vertex -0.7458639555431508 5.665399207850346 5.0
   vertex 3.4989908547067237e-16 5.714285714285714 5.0
  endloop
 endfacet
 facet normal -0.06188174809856808 0.9441330293000865 -0.3237027529028868
  outer loop
   vertex 3.4989908547067237e-16 5.714285714285714 5.0
   vertex -0.7458639555431508 5.665399207850346 5.0
   vertex -0.8577435488746233 6.5152090890278975 7.5
  endloop
 endfacet
 facet normal -0.061881748098567654 0.9441330293000865 -0.3237027529028867
  outer loop
   vertex 3.4989908547067237e-16 5.714285714285714 5.0
   vertex -0.8577435488746233 6.5152090890278975 7.5
   vertex 4.0238394829127316e-16 6.571428571428571 7.5
  endloop
 endfacet
 facet normal -0.06188174809856764 0.9441330293000865 -0.3237027529028868
  outer loop
   vertex 4.0238394829127316e-16 6.571428571428571 7.5
   vertex -0.8577435488746233 6.5152090890278975 7.5
   vertex -0.969623142206096 7.365018970205449 10.0
  endloop
 endfacet
 facet normal -0.06188174809856816 0.9441330293000865 -0.32370275290288697
  outer loop
   vertex 4.0238394829127316e-16 6.571428571428571 7.5
   vertex -0.969623142206096 7.365018970205449 10.0
   vertex 4.548688111118741e-16 7.428571428571429 10.0
  endloop
 endfacet
 facet normal -0.061881748098568175 0.9441330293000866 -0.3237027529028865
  outer loop
   vertex 4.548688111118741e-16 7.428571428571429 10.0
   vertex -0.969623142206096 7.365018970205449 10.0
   vertex -1.0815027355375684 8.214828851383 12.5
  endloop
 endfacet
 facet normal -0.061881748098567835 0.9441330293000867 -0.32370275290288636
  outer loop
   vertex 4.548688111118741e-16 7.428571428571429 10.0
   vertex -1.0815027355375684 8.214828851383 12.5
   vertex 5.073536739324748e-16 8.285714285714285 12.5
  endloop
 endfacet
 facet normal -0.06188174809856782 0.9441330293000864 -0.3237027529028871
  outer loop
   vertex 5.073536739324748e-16 8.285714285714285 12.5
   vertex -1.0815027355375684 8.214828851383 12.5
   vertex -1.193382328869041 9.064638732560553 15.0
  endloop
 endfacet
 facet normal -0.06188174809856753 0.9441330293000865 -0.32370275290288697
  outer loop
   vertex 5.073536739324748e-16 8.285714285714285 12.5
   vertex -1.193382328869041 9.064638732560553 15.0
   vertex 5.598385367530757e-16 9.142857142857142 15.0
  endloop
 endfacet
 facet normal -0.06188174809856751 0.9441330293000864 -0.323702752902887
  outer loop
   vertex 5.598385367530757e-16 9.142857142857142 15.0
   vertex -1.193382328869041 9.064638732560553 15.0
   vertex -1.3052619222005137 9.914448613738106 17.5
  endloop
 endfacet
 facet normal -0.06188174809856727 0.9441330293000865 -0.32370275290288697
  outer loop
   vertex 5.598385367530757e-16 9.142857142857142 15.0
   vertex -1.3052619222005137 9.914448613738106 17.5
   vertex 6.123233995736766e-16 10.0 17.5
  endloop
 endfacet
 facet normal -0.06188174809856729 0.9441330293000867 -0.32370275290288647
  outer loop
   vertex 6.123233995736766e-16 10.0 17.5
   vertex -1.3052619222005137 9.914448613738106 17.5
   vertex -1.4171415155319864 10.764258494915657 20.0
  endloop
 endfacet
 facet normal -0.06188174809856826 0.9441330293000865 -0.32370275290288697
  outer loop
   vertex 6.123233995736766e-16 10.0 17.5
   vertex -1.4171415155319864 10.764258494915657 20.0
   vertex 6.648082623942775e-16 10.857142857142858 20.0
  endloop
 endfacet
 facet normal -0.06188174809856825 0.9441330293000864 -0.3237027529028871
  outer loop
   vertex 6.648082623942775e-16 10.857142857142858 20.0
   vertex -1.4171415155319864 10.764258494915657 20.0
   vertex -1.529021108863459 11.61406837609321 22.5
  endloop
 endfacet
 facet normal -0.061881748098567994 0.9441330293000864 -0.3237027529028869
  outer loop
   vertex 6.648082623942775e-16 10.857142857142858 20.0
   vertex -1.529021108863459 11.61406837609321 22.5
   vertex 7.172931252148784e-16 11.714285714285715 22.5
  endloop
 endfacet
 facet normal -0.06188174809856801 0.9441330293000866 -0.3237027529028865
  outer loop
   vertex 7.172931252148784e-16 11.714285714285715 22.5
   vertex -1.529021108863459 11.61406837609321 22.5
   vertex -1.6409007021949316 12.46387825727076 25.0
  endloop
 endfacet
 facet normal -0.06188174809856779 0.9441330293000867 -0.32370275290288636
  outer loop
   vertex 7.172931252148784e-16 11.714285714285715 22.5
   vertex -1.6409007021949316 12.46387825727076 25.0
   vertex 7.697779880354791e-16 12.571428571428571 25.0
  endloop
 endfacet
 facet normal -0.061881748098567786 0.9441330293000865 -0.32370275290288714
  outer loop
   vertex 7.697779880354791e-16 12.571428571428571 25.0
   vertex -1.6409007021949316 12.46387825727076 25.0
   vertex -1.7527802955264042 13.313688138448313 27.5
  endloop
 endfacet
 facet normal -0.06188174809856758 0.9441330293000865 -0.32370275290288697
  outer loop
   vertex 7.697779880354791e-16 12.571428571428571 25.0
   vertex -1.7527802955264042 13.313688138448313 27.5
   vertex 8.2226285085608e-16 13.428571428571429 27.5
  endloop
 endfacet
 facet normal -0.0618817480985676 0.9441330293000868 -0.3237027529028859
  outer loop
   vertex 8.2226285085608e-16 13.428571428571429 27.5
   vertex -1.7527802955264042 13.313688138448313 27.5
   vertex -1.8646598888578767 14.163498019625862 30.0
  endloop
 endfacet
 facet normal -0.06188174809856832 0.9441330293000866 -0.32370275290288636
  outer loop
   vertex 8.2226285085608e-16 13.428571428571429 27.5
   vertex -1.8646598888578767 14.163498019625862 30.0
   vertex 8.747477136766808e-16 14.285714285714285 30.0
  endloop
 endfacet
 facet normal -0.06188174809856831 0.9441330293000864 -0.32370275290288714
  outer loop
   vertex 8.747477136766808e-16 14.285714285714285 30.0
   vertex -1.8646598888578767 14.163498019625862 30.0
   vertex -1.9765394821893494 15.013307900803415 32.5
  endloop
 endfacet
 facet normal -0.061881748098568105 0.9441330293000864 -0.32370275290288697
  outer loop
   vertex 8.747477136766808e-16 14.285714285714285 30.0
   vertex -1.9765394821893494 15.013307900803415 32.5
   vertex 9.272325764972817e-16 15.142857142857142 32.5
  endloop
 endfacet
 facet normal -0.061881748098568105 0.9441330293000864 -0.32370275290288714
  outer loop
   vertex 9.272325764972817e-16 15.142857142857142 32.5
   vertex -1.9765394821893494 15.013307900803415 32.5
   vertex -2.088419075520822 15.863117781980968 35.0
  endloop
 endfacet
 facet normal -0.06188174809856791 0.9441330293000864 -0.3237027529028869
  outer loop
   vertex 9.272325764972817e-16 15.142857142857142 32.5
   vertex -2.088419075520822 15.863117781980968 35.0
   vertex 9.797174393178826e-16 16.0 35.0
  endloop
 endfacet
 facet normal -0.1845864304288769 0.9279786514056334 -0.3237027529028868
  outer loop
   vertex -0.5221047688802055 3.965779445495242 0.0
   vertex -1.0352761804100834 3.8637033051562732 0.0
   vertex -1.257121076212244 4.69163972768976 2.5
  endloop
 endfacet
 facet normal -0.18458643042887699 0.9279786514056334 -0.32370275290288686
  outer loop
   vertex -0.5221047688802055 3.965779445495242 0.0
   vertex -1.257121076212244 4.69163972768976 2.5
   vertex -0.6339843622116781 4.815589326672794 2.5
  endloop
 endfacet
 facet normal -0.18458643042887696 0.9279786514056333 -0.3237027529028869
  outer loop
   vertex -0.6339843622116781 4.815589326672794 2.5
   vertex -1.257121076212244 4.69163972768976 2.5
   vertex -1.4789659720144048 5.519576150223248 5.0
  endloop
 endfacet
 facet normal -0.18458643042887649 0.9279786514056334 -0.32370275290288686
  outer loop
   vertex -0.6339843622116781 4.815589326672794 2.5
   vertex -1.4789659720144048 5.519576150223248 5.0
   vertex -0.7458639555431508 5.665399207850346 5.0
  endloop
 endfacet
 facet normal -0.18458643042887646 0.9279786514056335 -0.32370275290288664
  outer loop
   vertex -0.7458639555431508 5.665399207850346 5.0
   vertex -1.4789659720144048 5.519576150223248 5.0
   vertex -1.7008108678165654 6.3475125727567345 7.5
  endloop
 endfacet
 facet normal -0.184586430428877 0.9279786514056332 -0.32370275290288675
  outer loop
   vertex -0.7458639555431508 5.665399207850346 5.0
   vertex -1.7008108678165654 6.3475125727567345 7.5
   vertex -0.8577435488746233 6.5152090890278975 7.5
  endloop
 endfacet
 facet normal -0.184586430428877 0.9279786514056332 -0.32370275290288697
  outer loop
   vertex -0.8577435488746233 6.5152090890278975 7.5
   vertex -1.7008108678165654 6.3475125727567345 7.5
   vertex -1.9226557636187265 7.175448995290222 10.0
  endloop
 endfacet
 facet normal -0.18458643042887662 0.9279786514056334 -0.3237027529028868
  outer loop
   vertex -0.8577435488746233 6.5152090890278975 7.5
   vertex -1.9226557636187265 7.175448995290222 10.0
   vertex -0.969623142206096 7.365018970205449 10.0
  endloop
 endfacet
 facet normal -0.18458643042887662 0.9279786514056336 -0.3237027529028863
  outer loop
   vertex -0.969623142206096 7.365018970205449 10.0
   vertex -1.9226557636187265 7.175448995290222 10.0
   vertex -2.1445006594208866 8.003385417823708 12.5
  endloop
 endfacet
 facet normal -0.18458643042887712 0.9279786514056334 -0.32370275290288647
  outer loop
   vertex -0.969623142206096 7.365018970205449 10.0
   vertex -2.1445006594208866 8.003385417823708 12.5
   vertex -1.0815027355375684 8.214828851383 12.5
  endloop
 endfacet
 facet normal -0.18458643042887704 0.9279786514056331 -0.3237027529028872
  outer loop
   vertex -1.0815027355375684 8.214828851383 12.5
   vertex -2.1445006594208866 8.003385417823708 12.5
   vertex -2.3663455552230475 8.831321840357196 15.0
  endloop
 endfacet
 facet normal -0.18458643042887674 0.9279786514056333 -0.32370275290288714
  outer loop
   vertex -1.0815027355375684 8.214828851383 12.5
   vertex -2.3663455552230475 8.831321840357196 15.0
   vertex -1.193382328869041 9.064638732560553 15.0
  endloop
 endfacet
 facet normal -0.18458643042887674 0.9279786514056334 -0.32370275290288664
  outer loop
   vertex -1.193382328869041 9.064638732560553 15.0
   vertex -2.3663455552230475 8.831321840357196 15.0
   vertex -2.5881904510252083 9.659258262890683 17.5
  endloop
 endfacet
 facet normal -0.1845864304288777 0.9279786514056332 -0.32370275290288714
  outer loop
   vertex -1.193382328869041 9.064638732560553 15.0
   vertex -2.5881904510252083 9.659258262890683 17.5
   vertex -1.3052619222005137 9.914448613738106 17.5
  endloop
 endfacet
 facet normal -0.18458643042887768 0.9279786514056331 -0.3237027529028873
  outer loop
   vertex -1.3052619222005137 9.914448613738106 17.5
   vertex -2.5881904510252083 9.659258262890683 17.5
   vertex -2.8100353468273696 10.487194685424171 20.0
  endloop
 endfacet
 facet normal -0.1845864304288762 0.9279786514056335 -0.3237027529028866
  outer loop
   vertex -1.3052619222005137 9.914448613738106 17.5
   vertex -2.8100353468273696 10.487194685424171 20.0
   vertex -1.4171415155319864 10.764258494915657 20.0
  endloop
 endfacet
 facet normal -0.18458643042887618 0.9279786514056335 -0.3237027529028866
  outer loop
   vertex -1.4171415155319864 10.764258494915657 20.0
   vertex -2.8100353468273696 10.487194685424171 20.0
   vertex -3.0318802426295304 11.315131107957658 22.5
  endloop
 endfacet
 facet normal -0.184586430428877 0.9279786514056332 -0.3237027529028871
  outer loop
   vertex -1.4171415155319864 10.764258494915657 20.0
   vertex -3.0318802426295304 11.315131107957658 22.5
   vertex -1.529021108863459 11.61406837609321 22.5
  endloop
 endfacet
 facet normal -0.18458643042887707 0.9279786514056334 -0.3237027529028867
  outer loop
   vertex -1.529021108863459 11.61406837609321 22.5
   vertex -3.0318802426295304 11.315131107957658 22.5
   vertex -3.2537251384316908 12.143067530491145 25.0
  endloop
 endfacet
 facet normal -0.18458643042887682 0.9279786514056334 -0.3237027529028865
  outer loop
   vertex -1.529021108863459 11.61406837609321 22.5
   vertex -3.2537251384316908 12.143067530491145 25.0
   vertex -1.6409007021949316 12.46387825727076 25.0
  endloop
 endfacet
 facet normal -0.18458643042887682 0.9279786514056334 -0.3237027529028866
  outer loop
   vertex -1.6409007021949316 12.46387825727076 25.0
   vertex -3.2537251384316908 12.143067530491145 25.0
   vertex -3.4755700342338516 12.971003953024631 27.5
  endloop
 endfacet
 facet normal -0.1845864304288775 0.9279786514056332 -0.3237027529028871
  outer loop
   vertex -1.6409007021949316 12.46387825727076 25.0
   vertex -3.4755700342338516 12.971003953024631 27.5
   vertex -1.7527802955264042 13.313688138448313 27.5
  endloop
 endfacet
 facet normal -0.1845864304288775 0.9279786514056332 -0.3237027529028866
  outer loop
   vertex -1.7527802955264042 13.313688138448313 27.5
   vertex -3.4755700342338516 12.971003953024631 27.5
   vertex -3.697414930036012 13.798940375558118 30.0
  endloop
 endfacet
 facet normal -0.1845864304288765 0.9279786514056337 -0.3237027529028859
  outer loop
   vertex -1.7527802955264042 13.313688138448313 27.5
   vertex -3.697414930036012 13.798940375558118 30.0
   vertex -1.8646598888578767 14.163498019625862 30.0
  endloop
 endfacet
 facet normal -0.18458643042887646 0.9279786514056334 -0.3237027529028866
  outer loop
   vertex -1.8646598888578767 14.163498019625862 30.0
   vertex -3.697414930036012 13.798940375558118 30.0
   vertex -3.919259825838173 14.626876798091605 32.5
  endloop
 endfacet
 facet normal -0.18458643042887707 0.9279786514056332 -0.3237027529028871
  outer loop
   vertex -1.8646598888578767 14.163498019625862 30.0
   vertex -3.919259825838173 14.626876798091605 32.5
   vertex -1.9765394821893494 15.013307900803415 32.5
  endloop
 endfacet
 facet normal -0.18458643042887707 0.9279786514056332 -0.32370275290288725
  outer loop
   vertex -1.9765394821893494 15.013307900803415 32.5
   vertex -3.919259825838173 14.626876798091605 32.5
   vertex -4.141104721640334 15.454813220625093 35.0
  endloop
 endfacet
 facet normal -0.1845864304288769 0.9279786514056333 -0.32370275290288714
  outer loop
   vertex -1.9765394821893494 15.013307900803415 32.5
   vertex -4.141104721640334 15.454813220625093 35.0
   vertex -2.088419075520822 15.863117781980968 35.0
  endloop
 endfacet
 facet normal -0.30413278775752095 0.8959463015013409 -0.32370275290288664
  outer loop
   vertex -1.0352761804100834 3.8637033051562732 0.0
   vertex -1.530733729460359 3.695518130045147 0.0
   vertex -1.8587481000590071 4.487414872197678 2.5
  endloop
 endfacet
 facet normal -0.30413278775752145 0.8959463015013405 -0.32370275290288675
  outer loop
   vertex -1.0352761804100834 3.8637033051562732 0.0
   vertex -1.8587481000590071 4.487414872197678 2.5
   vertex -1.257121076212244 4.69163972768976 2.5
  endloop
 endfacet
 facet normal -0.3041327877575216 0.8959463015013405 -0.32370275290288697
  outer loop
   vertex -1.257121076212244 4.69163972768976 2.5
   vertex -1.8587481000590071 4.487414872197678 2.5
   vertex -2.186762470657656 5.27931161435021 5.0
  endloop
 endfacet
 facet normal -0.3041327877575215 0.8959463015013405 -0.32370275290288697
  outer loop
   vertex -1.257121076212244 4.69163972768976 2.5
   vertex -2.186762470657656 5.27931161435021 5.0
   vertex -1.4789659720144048 5.519576150223248 5.0
  endloop
 endfacet
 facet normal -0.3041327877575215 0.8959463015013406 -0.32370275290288686
  outer loop
   vertex -1.4789659720144048 5.519576150223248 5.0
   vertex -2.186762470657656 5.27931161435021 5.0
   vertex -2.5147768412563036 6.0712083565027415 7.5
  endloop
 endfacet
 facet normal -0.30413278775752084 0.8959463015013409 -0.3237027529028867
  outer loop
   vertex -1.4789659720144048 5.519576150223248 5.0
   vertex -2.5147768412563036 6.0712083565027415 7.5
   vertex -1.7008108678165654 6.3475125727567345 7.5
  endloop
 endfacet
 facet normal -0.3041327877575208 0.8959463015013407 -0.32370275290288697
  outer loop
   vertex -1.7008108678165654 6.3475125727567345 7.5
   vertex -2.5147768412563036 6.0712083565027415 7.5
   vertex -2.8427912118549523 6.863105098655273 10.0
  endloop
 endfacet
 facet normal -0.30413278775752084 0.8959463015013407 -0.32370275290288697
  outer loop
   vertex -1.7008108678165654 6.3475125727567345 7.5
   vertex -2.8427912118549523 6.863105098655273 10.0
   vertex -1.9226557636187265 7.175448995290222 10.0
  endloop
 endfacet
 facet normal -0.30413278775752095 0.895946301501341 -0.3237027529028863
  outer loop
   vertex -1.9226557636187265 7.175448995290222 10.0
   vertex -2.8427912118549523 6.863105098655273 10.0
   vertex -3.1708055824536 7.655001840807803 12.5
  endloop
 endfacet
 facet normal -0.304132787757521 0.8959463015013408 -0.3237027529028863
  outer loop
   vertex -1.9226557636187265 7.175448995290222 10.0
   vertex -3.1708055824536 7.655001840807803 12.5
   vertex -2.1445006594208866 8.003385417823708 12.5
  endloop
 endfacet
 facet normal -0.30413278775752095 0.8959463015013407 -0.32370275290288697
  outer loop
   vertex -2.1445006594208866 8.003385417823708 12.5
   vertex -3.1708055824536 7.655001840807803 12.5
   vertex -3.498819953052249 8.446898582960335 15.0
  endloop
 endfacet
 facet normal -0.30413278775752156 0.8959463015013404 -0.32370275290288725
  outer loop
   vertex -2.1445006594208866 8.003385417823708 12.5
   vertex -3.498819953052249 8.446898582960335 15.0
   vertex -2.3663455552230475 8.831321840357196 15.0
  endloop
 endfacet
 facet normal -0.30413278775752156 0.8959463015013404 -0.3237027529028872
  outer loop
   vertex -2.3663455552230475 8.831321840357196 15.0
   vertex -3.498819953052249 8.446898582960335 15.0
   vertex -3.826834323650897 9.238795325112868 17.5
  endloop
 endfacet
 facet normal -0.3041327877575205 0.8959463015013409 -0.32370275290288664
  outer loop
   vertex -2.3663455552230475 8.831321840357196 15.0
   vertex -3.826834323650897 9.238795325112868 17.5
   vertex -2.5881904510252083 9.659258262890683 17.5
  endloop
 endfacet
 facet normal -0.3041327877575205 0.8959463015013409 -0.3237027529028867
  outer loop
   vertex -2.5881904510252083 9.659258262890683 17.5
   vertex -3.826834323650897 9.238795325112868 17.5
   vertex -4.154848694249546 10.030692067265399 20.0
  endloop
 endfacet
 facet normal -0.3041327877575215 0.8959463015013402 -0.3237027529028872
  outer loop
   vertex -2.5881904510252083 9.659258262890683 17.5
   vertex -4.154848694249546 10.030692067265399 20.0
   vertex -2.8100353468273696 10.487194685424171 20.0
  endloop
 endfacet
 facet normal -0.3041327877575215 0.8959463015013402 -0.32370275290288714
  outer loop
   vertex -2.8100353468273696 10.487194685424171 20.0
   vertex -4.154848694249546 10.030692067265399 20.0
   vertex -4.482863064848194 10.822588809417931 22.5
  endloop
 endfacet
 facet normal -0.3041327877575206 0.8959463015013408 -0.32370275290288664
  outer loop
   vertex -2.8100353468273696 10.487194685424171 20.0
   vertex -4.482863064848194 10.822588809417931 22.5
   vertex -3.0318802426295304 11.315131107957658 22.5
  endloop
 endfacet
 facet normal -0.3041327877575206 0.8959463015013408 -0.32370275290288647
  outer loop
   vertex -3.0318802426295304 11.315131107957658 22.5
   vertex -4.482863064848194 10.822588809417931 22.5
   vertex -4.810877435446842 11.614485551570462 25.0
  endloop
 endfacet
 facet normal -0.3041327877575209 0.8959463015013409 -0.3237027529028867
  outer loop
   vertex -3.0318802426295304 11.315131107957658 22.5
   vertex -4.810877435446842 11.614485551570462 25.0
   vertex -3.2537251384316908 12.143067530491145 25.0
  endloop
 endfacet
 facet normal -0.3041327877575209 0.8959463015013409 -0.32370275290288675
  outer loop
   vertex -3.2537251384316908 12.143067530491145 25.0
   vertex -4.810877435446842 11.614485551570462 25.0
   vertex -5.138891806045491 12.406382293722993 27.5
  endloop
 endfacet
 facet normal -0.3041327877575208 0.8959463015013409 -0.32370275290288664
  outer loop
   vertex -3.2537251384316908 12.143067530491145 25.0
   vertex -5.138891806045491 12.406382293722993 27.5
   vertex -3.4755700342338516 12.971003953024631 27.5
  endloop
 endfacet
 facet normal -0.3041327877575208 0.8959463015013408 -0.3237027529028865
  outer loop
   vertex -3.4755700342338516 12.971003953024631 27.5
   vertex -5.138891806045491 12.406382293722993 27.5
   vertex -5.466906176644138 13.198279035875524 30.0
  endloop
 endfacet
 facet normal -0.3041327877575209 0.8959463015013407 -0.3237027529028866
  outer loop
   vertex -3.4755700342338516 12.971003953024631 27.5
   vertex -5.466906176644138 13.198279035875524 30.0
   vertex -3.697414930036012 13.798940375558118 30.0
  endloop
 endfacet
 facet normal -0.3041327877575209 0.8959463015013407 -0.3237027529028867
  outer loop
   vertex -3.697414930036012 13.798940375558118 30.0
   vertex -5.466906176644138 13.198279035875524 30.0
   vertex -5.794920547242787 13.990175778028055 32.5
  endloop
 endfacet
 facet normal -0.30413278775752084 0.8959463015013408 -0.32370275290288664
  outer loop
   vertex -3.697414930036012 13.798940375558118 30.0
   vertex -5.794920547242787 13.990175778028055 32.5
   vertex -3.919259825838173 14.626876798091605 32.5
  endloop
 endfacet
 facet normal -0.30413278775752084 0.8959463015013406 -0.3237027529028872
  outer loop
   vertex -3.919259825838173 14.626876798091605 32.5
   vertex -5.794920547242787 13.990175778028055 32.5
   vertex -6.122934917841436 14.782072520180588 35.0
  endloop
 endfacet
 facet normal -0.3041327877575209 0.8959463015013406 -0.32370275290288725
  outer loop
   vertex -3.919259825838173 14.626876798091605 32.5
   vertex -6.122934917841436 14.782072520180588 35.0
   vertex -4.141104721640334 15.454813220625093 35.0
  endloop
 endfacet
 facet normal -0.41847534876609366 0.8485840619751168 -0.32370275290288664
  outer loop
   vertex -1.530733729460359 3.695518130045147 0.0
   vertex -1.9999999999999991 3.464101615137755 0.0
   vertex -2.4285714285714275 4.206409104095845 2.5
  endloop
 endfacet
 facet normal -0.41847534876609355 0.848584061975117 -0.3237027529028866
  outer loop
   vertex -1.530733729460359 3.695518130045147 0.0
   vertex -2.4285714285714275 4.206409104095845 2.5
   vertex -1.8587481000590071 4.487414872197678 2.5
  endloop
 endfacet
 facet normal -0.41847534876609344 0.8485840619751168 -0.323702752902887
  outer loop
   vertex -1.8587481000590071 4.487414872197678 2.5
   vertex -2.4285714285714275 4.206409104095845 2.5
   vertex -2.857142857142856 4.948716593053936 5.0
  endloop
 endfacet
 facet normal -0.41847534876609305 0.848584061975117 -0.3237027529028869
  outer loop
   vertex -1.8587481000590071 4.487414872197678 2.5
   vertex -2.857142857142856 4.948716593053936 5.0
   vertex -2.186762470657656 5.27931161435021 5.0
  endloop
 endfacet
 facet normal -0.41847534876609316 0.8485840619751172 -0.32370275290288647
  outer loop
   vertex -2.186762470657656 5.27931161435021 5.0
   vertex -2.857142857142856 4.948716593053936 5.0
   vertex -3.2857142857142843 5.691024082012025 7.5
  endloop
 endfacet
 facet normal -0.4184753487660941 0.8485840619751166 -0.3237027529028868
  outer loop
   vertex -2.186762470657656 5.27931161435021 5.0
   vertex -3.2857142857142843 5.691024082012025 7.5
   vertex -2.5147768412563036 6.0712083565027415 7.5
  endloop
 endfacet
 facet normal -0.418475348766094 0.8485840619751166 -0.3237027529028871
  outer loop
   vertex -2.5147768412563036 6.0712083565027415 7.5
   vertex -3.2857142857142843 5.691024082012025 7.5
   vertex -3.7142857142857126 6.433331570970116 10.0
  endloop
 endfacet
 facet normal -0.41847534876609366 0.8485840619751167 -0.3237027529028869
  outer loop
   vertex -2.5147768412563036 6.0712083565027415 7.5
   vertex -3.7142857142857126 6.433331570970116 10.0
   vertex -2.8427912118549523 6.863105098655273 10.0
  endloop
 endfacet
 facet normal -0.4184753487660937 0.8485840619751168 -0.3237027529028864
  outer loop
   vertex -2.8427912118549523 6.863105098655273 10.0
   vertex -3.7142857142857126 6.433331570970116 10.0
   vertex -4.142857142857141 7.175639059928206 12.5
  endloop
 endfacet
 facet normal -0.4184753487660933 0.8485840619751172 -0.32370275290288625
  outer loop
   vertex -2.8427912118549523 6.863105098655273 10.0
   vertex -4.142857142857141 7.175639059928206 12.5
   vertex -3.1708055824536 7.655001840807803 12.5
  endloop
 endfacet
 facet normal -0.41847534876609327 0.848584061975117 -0.3237027529028868
  outer loop
   vertex -3.1708055824536 7.655001840807803 12.5
   vertex -4.142857142857141 7.175639059928206 12.5
   vertex -4.571428571428569 7.917946548886296 15.0
  endloop
 endfacet
 facet normal -0.41847534876609344 0.8485840619751169 -0.3237027529028869
  outer loop
   vertex -3.1708055824536 7.655001840807803 12.5
   vertex -4.571428571428569 7.917946548886296 15.0
   vertex -3.498819953052249 8.446898582960335 15.0
  endloop
 endfacet
 facet normal -0.41847534876609344 0.8485840619751168 -0.3237027529028871
  outer loop
   vertex -3.498819953052249 8.446898582960335 15.0
   vertex -4.571428571428569 7.917946548886296 15.0
   vertex -4.999999999999998 8.660254037844387 17.5
  endloop
 endfacet
 facet normal -0.41847534876609355 0.8485840619751167 -0.32370275290288714
  outer loop
   vertex -3.498819953052249 8.446898582960335 15.0
   vertex -4.999999999999998 8.660254037844387 17.5
   vertex -3.826834323650897 9.238795325112868 17.5
  endloop
 endfacet
 facet normal -0.4184753487660936 0.8485840619751169 -0.32370275290288675
  outer loop
   vertex -3.826834323650897 9.238795325112868 17.5
   vertex -4.999999999999998 8.660254037844387 17.5
   vertex -5.428571428571426 9.402561526802478 20.0
  endloop
 endfacet
 facet normal -0.4184753487660936 0.8485840619751168 -0.32370275290288675
  outer loop
   vertex -3.826834323650897 9.238795325112868 17.5
   vertex -5.428571428571426 9.402561526802478 20.0
   vertex -4.154848694249546 10.030692067265399 20.0
  endloop
 endfacet
 facet normal -0.4184753487660936 0.8485840619751168 -0.3237027529028869
  outer loop
   vertex -4.154848694249546 10.030692067265399 20.0
   vertex -5.428571428571426 9.402561526802478 20.0
   vertex -5.857142857142855 10.144869015760568 22.5
  endloop
 endfacet
 facet normal -0.41847534876609405 0.8485840619751166 -0.32370275290288714
  outer loop
   vertex -4.154848694249546 10.030692067265399 20.0
   vertex -5.857142857142855 10.144869015760568 22.5
   vertex -4.482863064848194 10.822588809417931 22.5
  endloop
 endfacet
 facet normal -0.4184753487660941 0.8485840619751166 -0.32370275290288675
  outer loop
   vertex -4.482863064848194 10.822588809417931 22.5
   vertex -5.857142857142855 10.144869015760568 22.5
   vertex -6.285714285714283 10.887176504718658 25.0
  endloop
 endfacet
 facet normal -0.4184753487660937 0.8485840619751168 -0.3237027529028864
  outer loop
   vertex -4.482863064848194 10.822588809417931 22.5
   vertex -6.285714285714283 10.887176504718658 25.0
   vertex -4.810877435446842 11.614485551570462 25.0
  endloop
 endfacet
 facet normal -0.4184753487660937 0.8485840619751168 -0.32370275290288686
  outer loop
   vertex -4.810877435446842 11.614485551570462 25.0
   vertex -6.285714285714283 10.887176504718658 25.0
   vertex -6.714285714285712 11.629483993676748 27.5
  endloop
 endfacet
 facet normal -0.41847534876609355 0.848584061975117 -0.3237027529028868
  outer loop
   vertex -4.810877435446842 11.614485551570462 25.0
   vertex -6.714285714285712 11.629483993676748 27.5
   vertex -5.138891806045491 12.406382293722993 27.5
  endloop
 endfacet
 facet normal -0.41847534876609366 0.8485840619751172 -0.323702752902886
  outer loop
   vertex -5.138891806045491 12.406382293722993 27.5
   vertex -6.714285714285712 11.629483993676748 27.5
   vertex -7.142857142857139 12.371791482634837 30.0
  endloop
 endfacet
 facet normal -0.4184753487660941 0.8485840619751167 -0.3237027529028864
  outer loop
   vertex -5.138891806045491 12.406382293722993 27.5
   vertex -7.142857142857139 12.371791482634837 30.0
   vertex -5.466906176644138 13.198279035875524 30.0
  endloop
 endfacet
 facet normal -0.418475348766094 0.8485840619751164 -0.32370275290288736
  outer loop
   vertex -5.466906176644138 13.198279035875524 30.0
   vertex -7.142857142857139 12.371791482634837 30.0
   vertex -7.571428571428568 13.114098971592929 32.5
  endloop
 endfacet
 facet normal -0.41847534876609327 0.848584061975117 -0.32370275290288675
  outer loop
   vertex -5.466906176644138 13.198279035875524 30.0
   vertex -7.571428571428568 13.114098971592929 32.5
   vertex -5.794920547242787 13.990175778028055 32.5
  endloop
 endfacet
 facet normal -0.4184753487660932 0.8485840619751169 -0.3237027529028868
  outer loop
   vertex -5.794920547242787 13.990175778028055 32.5
   vertex -7.571428571428568 13.114098971592929 32.5
   vertex -7.9999999999999964 13.85640646055102 35.0
  endloop
 endfacet
 facet normal -0.41847534876609355 0.8485840619751166 -0.3237027529028871
  outer loop
   vertex -5.794920547242787 13.990175778028055 32.5
   vertex -7.9999999999999964 13.85640646055102 35.0
   vertex -6.122934917841436 14.782072520180588 35.0
  endloop
 endfacet
 facet normal -0.5256576805339924 0.7867023138765488 -0.32370275290288664
  outer loop
   vertex -1.9999999999999991 3.464101615137755 0.0
   vertex -2.4350457160348826 3.1734133611649407 0.0
   vertex -2.956841226613786 3.853430509985999 2.5
  endloop
 endfacet
 facet normal -0.5256576805339925 0.7867023138765489 -0.3237027529028867
  outer loop
   vertex -1.9999999999999991 3.464101615137755 0.0
   vertex -2.956841226613786 3.853430509985999 2.5
   vertex -2.4285714285714275 4.206409104095845 2.5
  endloop
 endfacet
 facet normal -0.5256576805339923 0.7867023138765487 -0.32370275290288697
  outer loop
   vertex -2.4285714285714275 4.206409104095845 2.5
   vertex -2.956841226613786 3.853430509985999 2.5
   vertex -3.4786367371926894 4.5334476588070585 5.0
  endloop
 endfacet
 facet normal -0.5256576805339924 0.7867023138765488 -0.3237027529028871
  outer loop
   vertex -2.4285714285714275 4.206409104095845 2.5
   vertex -3.4786367371926894 4.5334476588070585 5.0
   vertex -2.857142857142856 4.948716593053936 5.0
  endloop
 endfacet
 facet normal -0.5256576805339925 0.7867023138765488 -0.3237027529028865
  outer loop
   vertex -2.857142857142856 4.948716593053936 5.0
   vertex -3.4786367371926894 4.5334476588070585 5.0
   vertex -4.000432247771593 5.2134648076281165 7.5
  endloop
 endfacet
 facet normal -0.5256576805339924 0.7867023138765489 -0.3237027529028866
  outer loop
   vertex -2.857142857142856 4.948716593053936 5.0
   vertex -4.000432247771593 5.2134648076281165 7.5
   vertex -3.2857142857142843 5.691024082012025 7.5
  endloop
 endfacet
 facet normal -0.5256576805339924 0.7867023138765488 -0.32370275290288686
  outer loop
   vertex -3.2857142857142843 5.691024082012025 7.5
   vertex -4.000432247771593 5.2134648076281165 7.5
   vertex -4.522227758350496 5.893481956449175 10.0
  endloop
 endfacet
 facet normal -0.5256576805339928 0.7867023138765483 -0.3237027529028871
  outer loop
   vertex -3.2857142857142843 5.691024082012025 7.5
   vertex -4.522227758350496 5.893481956449175 10.0
   vertex -3.7142857142857126 6.433331570970116 10.0
  endloop
 endfacet
 facet normal -0.5256576805339928 0.7867023138765485 -0.32370275290288647
  outer loop
   vertex -3.7142857142857126 6.433331570970116 10.0
   vertex -4.522227758350496 5.893481956449175 10.0
   vertex -5.044023268929399 6.573499105270233 12.5
  endloop
 endfacet
 facet normal -0.5256576805339928 0.7867023138765487 -0.3237027529028864
  outer loop
   vertex -3.7142857142857126 6.433331570970116 10.0
   vertex -5.044023268929399 6.573499105270233 12.5
   vertex -4.142857142857141 7.175639059928206 12.5
  endloop
 endfacet
 facet normal -0.5256576805339926 0.7867023138765485 -0.3237027529028869
  outer loop
   vertex -4.142857142857141 7.175639059928206 12.5
   vertex -5.044023268929399 6.573499105270233 12.5
   vertex -5.5658187795083025 7.253516254091292 15.0
  endloop
 endfacet
 facet normal -0.5256576805339926 0.7867023138765485 -0.3237027529028869
  outer loop
   vertex -4.142857142857141 7.175639059928206 12.5
   vertex -5.5658187795083025 7.253516254091292 15.0
   vertex -4.571428571428569 7.917946548886296 15.0
  endloop
 endfacet
 facet normal -0.5256576805339926 0.7867023138765485 -0.3237027529028869
  outer loop
   vertex -4.571428571428569 7.917946548886296 15.0
   vertex -5.5658187795083025 7.253516254091292 15.0
   vertex -6.087614290087206 7.933533402912351 17.5
  endloop
 endfacet
 facet normal -0.525657680533993 0.7867023138765482 -0.3237027529028871
  outer loop
   vertex -4.571428571428569 7.917946548886296 15.0
   vertex -6.087614290087206 7.933533402912351 17.5
   vertex -4.999999999999998 8.660254037844387 17.5
  endloop
 endfacet
 facet normal -0.525657680533993 0.7867023138765482 -0.32370275290288736
  outer loop
   vertex -4.999999999999998 8.660254037844387 17.5
   vertex -6.087614290087206 7.933533402912351 17.5
   vertex -6.609409800666111 8.613550551733411 20.0
  endloop
 endfacet
 facet normal -0.525657680533992 0.786702313876549 -0.3237027529028867
  outer loop
   vertex -4.999999999999998 8.660254037844387 17.5
   vertex -6.609409800666111 8.613550551733411 20.0
   vertex -5.428571428571426 9.402561526802478 20.0
  endloop
 endfacet
 facet normal -0.525657680533992 0.786702313876549 -0.3237027529028866
  outer loop
   vertex -5.428571428571426 9.402561526802478 20.0
   vertex -6.609409800666111 8.613550551733411 20.0
   vertex -7.131205311245014 9.293567700554469 22.5
  endloop
 endfacet
 facet normal -0.5256576805339924 0.7867023138765488 -0.32370275290288686
  outer loop
   vertex -5.428571428571426 9.402561526802478 20.0
   vertex -7.131205311245014 9.293567700554469 22.5
   vertex -5.857142857142855 10.144869015760568 22.5
  endloop
 endfacet
 facet normal -0.5256576805339925 0.786702313876549 -0.3237027529028865
  outer loop
   vertex -5.857142857142855 10.144869015760568 22.5
   vertex -7.131205311245014 9.293567700554469 22.5
   vertex -7.653000821823917 9.973584849375527 25.0
  endloop
 endfacet
 facet normal -0.5256576805339926 0.7867023138765485 -0.32370275290288664
  outer loop
   vertex -5.857142857142855 10.144869015760568 22.5
   vertex -7.653000821823917 9.973584849375527 25.0
   vertex -6.285714285714283 10.887176504718658 25.0
  endloop
 endfacet
 facet normal -0.5256576805339926 0.7867023138765485 -0.3237027529028872
  outer loop
   vertex -6.285714285714283 10.887176504718658 25.0
   vertex -7.653000821823917 9.973584849375527 25.0
   vertex -8.17479633240282 10.653601998196587 27.5
  endloop
 endfacet
 facet normal -0.5256576805339923 0.7867023138765487 -0.3237027529028868
  outer loop
   vertex -6.285714285714283 10.887176504718658 25.0
   vertex -8.17479633240282 10.653601998196587 27.5
   vertex -6.714285714285712 11.629483993676748 27.5
  endloop
 endfacet
 facet normal -0.5256576805339924 0.7867023138765489 -0.32370275290288647
  outer loop
   vertex -6.714285714285712 11.629483993676748 27.5
   vertex -8.17479633240282 10.653601998196587 27.5
   vertex -8.696591842981723 11.333619147017645 30.0
  endloop
 endfacet
 facet normal -0.525657680533992 0.7867023138765493 -0.323702752902886
  outer loop
   vertex -6.714285714285712 11.629483993676748 27.5
   vertex -8.696591842981723 11.333619147017645 30.0
   vertex -7.142857142857139 12.371791482634837 30.0
  endloop
 endfacet
 facet normal -0.5256576805339919 0.7867023138765492 -0.3237027529028864
  outer loop
   vertex -7.142857142857139 12.371791482634837 30.0
   vertex -8.696591842981723 11.333619147017645 30.0
   vertex -9.218387353560626 12.013636295838703 32.5
  endloop
 endfacet
 facet normal -0.5256576805339928 0.7867023138765482 -0.32370275290288736
  outer loop
   vertex -7.142857142857139 12.371791482634837 30.0
   vertex -9.218387353560626 12.013636295838703 32.5
   vertex -7.571428571428568 13.114098971592929 32.5
  endloop
 endfacet
 facet normal -0.5256576805339928 0.7867023138765482 -0.3237027529028873
  outer loop
   vertex -7.571428571428568 13.114098971592929 32.5
   vertex -9.218387353560626 12.013636295838703 32.5
   vertex -9.74018286413953 12.693653444659763 35.0
  endloop
 endfacet
 facet normal -0.5256576805339923 0.7867023138765487 -0.32370275290288686
  outer loop
   vertex -7.571428571428568 13.114098971592929 32.5
   vertex -9.74018286413953 12.693653444659763 35.0
   vertex -7.9999999999999964 13.85640646055102 35.0
  endloop
 endfacet
 facet normal -0.6238458636481131 0.7113598710724639 -0.3237027529028867
  outer loop
   vertex -2.4350457160348826 3.1734133611649407 0.0
   vertex -2.82842712474619 2.8284271247461903 0.0
   vertex -3.434518651477516 3.4345186514775166 2.5
  endloop
 endfacet
 facet normal -0.623845863648113 0.711359871072464 -0.3237027529028867
  outer loop
   vertex -2.4350457160348826 3.1734133611649407 0.0
   vertex -3.434518651477516 3.4345186514775166 2.5
   vertex -2.956841226613786 3.853430509985999 2.5
  endloop
 endfacet
 facet normal -0.623845863648113 0.711359871072464 -0.3237027529028868
  outer loop
   vertex -2.956841226613786 3.853430509985999 2.5
   vertex -3.434518651477516 3.4345186514775166 2.5
   vertex -4.040610178208842 4.040610178208843 5.0
  endloop
 endfacet
 facet normal -0.6238458636481135 0.7113598710724635 -0.323702752902887
  outer loop
   vertex -2.956841226613786 3.853430509985999 2.5
   vertex -4.040610178208842 4.040610178208843 5.0
   vertex -3.4786367371926894 4.5334476588070585 5.0
  endloop
 endfacet
 facet normal -0.6238458636481135 0.7113598710724636 -0.32370275290288664
  outer loop
   vertex -3.4786367371926894 4.5334476588070585 5.0
   vertex -4.040610178208842 4.040610178208843 5.0
   vertex -4.646701704940169 4.6467017049401695 7.5
  endloop
 endfacet
 facet normal -0.6238458636481132 0.7113598710724641 -0.3237027529028866
  outer loop
   vertex -3.4786367371926894 4.5334476588070585 5.0
   vertex -4.646701704940169 4.6467017049401695 7.5
   vertex -4.000432247771593 5.2134648076281165 7.5
  endloop
 endfacet
 facet normal -0.6238458636481129 0.7113598710724638 -0.32370275290288714
  outer loop
   vertex -4.000432247771593 5.2134648076281165 7.5
   vertex -4.646701704940169 4.6467017049401695 7.5
   vertex -5.252793231671496 5.252793231671497 10.0
  endloop
 endfacet
 facet normal -0.6238458636481126 0.7113598710724645 -0.3237027529028869
  outer loop
   vertex -4.000432247771593 5.2134648076281165 7.5
   vertex -5.252793231671496 5.252793231671497 10.0
   vertex -4.522227758350496 5.893481956449175 10.0
  endloop
 endfacet
 facet normal -0.6238458636481127 0.7113598710724646 -0.32370275290288625
  outer loop
   vertex -4.522227758350496 5.893481956449175 10.0
   vertex -5.252793231671496 5.252793231671497 10.0
   vertex -5.858884758402821 5.858884758402822 12.5
  endloop
 endfacet
 facet normal -0.623845863648113 0.7113598710724641 -0.32370275290288647
  outer loop
   vertex -4.522227758350496 5.893481956449175 10.0
   vertex -5.858884758402821 5.858884758402822 12.5
   vertex -5.044023268929399 6.573499105270233 12.5
  endloop
 endfacet
 facet normal -0.6238458636481129 0.711359871072464 -0.32370275290288697
  outer loop
   vertex -5.044023268929399 6.573499105270233 12.5
   vertex -5.858884758402821 5.858884758402822 12.5
   vertex -6.4649762851341475 6.464976285134149 15.0
  endloop
 endfacet
 facet normal -0.6238458636481129 0.7113598710724641 -0.32370275290288686
  outer loop
   vertex -5.044023268929399 6.573499105270233 12.5
   vertex -6.4649762851341475 6.464976285134149 15.0
   vertex -5.5658187795083025 7.253516254091292 15.0
  endloop
 endfacet
 facet normal -0.6238458636481128 0.711359871072464 -0.3237027529028869
  outer loop
   vertex -5.5658187795083025 7.253516254091292 15.0
   vertex -6.4649762851341475 6.464976285134149 15.0
   vertex -7.071067811865475 7.0710678118654755 17.5
  endloop
 endfacet
 facet normal -0.6238458636481129 0.7113598710724641 -0.3237027529028869
  outer loop
   vertex -5.5658187795083025 7.253516254091292 15.0
   vertex -7.071067811865475 7.0710678118654755 17.5
   vertex -6.087614290087206 7.933533402912351 17.5
  endloop
 endfacet
 facet normal -0.6238458636481128 0.711359871072464 -0.32370275290288714
  outer loop
   vertex -6.087614290087206 7.933533402912351 17.5
   vertex -7.071067811865475 7.0710678118654755 17.5
   vertex -7.677159338596802 7.677159338596803 20.0
  endloop
 endfacet
 facet normal -0.623845863648113 0.7113598710724637 -0.32370275290288725
  outer loop
   vertex -6.087614290087206 7.933533402912351 17.5
   vertex -7.677159338596802 7.677159338596803 20.0
   vertex -6.609409800666111 8.613550551733411 20.0
  endloop
 endfacet
 facet normal -0.6238458636481131 0.7113598710724639 -0.32370275290288697
  outer loop
   vertex -6.609409800666111 8.613550551733411 20.0
   vertex -7.677159338596802 7.677159338596803 20.0
   vertex -8.283250865328128 8.28325086532813 22.5
  endloop
 endfacet
 facet normal -0.6238458636481128 0.7113598710724642 -0.3237027529028867
  outer loop
   vertex -6.609409800666111 8.613550551733411 20.0
   vertex -8.283250865328128 8.28325086532813 22.5
   vertex -7.131205311245014 9.293567700554469 22.5
  endloop
 endfacet
 facet normal -0.6238458636481129 0.7113598710724643 -0.32370275290288625
  outer loop
   vertex -7.131205311245014 9.293567700554469 22.5
   vertex -8.283250865328128 8.28325086532813 22.5
   vertex -8.889342392059454 8.889342392059454 25.0
  endloop
 endfacet
 facet normal -0.6238458636481131 0.711359871072464 -0.32370275290288647
  outer loop
   vertex -7.131205311245014 9.293567700554469 22.5
   vertex -8.889342392059454 8.889342392059454 25.0
   vertex -7.653000821823917 9.973584849375527 25.0
  endloop
 endfacet
 facet normal -0.6238458636481129 0.7113598710724638 -0.32370275290288714
  outer loop
   vertex -7.653000821823917 9.973584849375527 25.0
   vertex -8.889342392059454 8.889342392059454 25.0
   vertex -9.49543391879078 9.495433918790782 27.5
  endloop
 endfacet
 facet normal -0.6238458636481128 0.7113598710724639 -0.323702752902887
  outer loop
   vertex -7.653000821823917 9.973584849375527 25.0
   vertex -9.49543391879078 9.495433918790782 27.5
   vertex -8.17479633240282 10.653601998196587 27.5
  endloop
 endfacet
 facet normal -0.6238458636481132 0.7113598710724642 -0.3237027529028858
  outer loop
   vertex -8.17479633240282 10.653601998196587 27.5
   vertex -9.49543391879078 9.495433918790782 27.5
   vertex -10.101525445522105 10.101525445522107 30.0
  endloop
 endfacet
 facet normal -0.6238458636481138 0.7113598710724636 -0.32370275290288647
  outer loop
   vertex -8.17479633240282 10.653601998196587 27.5
   vertex -10.101525445522105 10.101525445522107 30.0
   vertex -8.696591842981723 11.333619147017645 30.0
  endloop
 endfacet
 facet normal -0.6238458636481136 0.7113598710724632 -0.3237027529028876
  outer loop
   vertex -8.696591842981723 11.333619147017645 30.0
   vertex -10.101525445522105 10.101525445522107 30.0
   vertex -10.707616972253433 10.707616972253435 32.5
  endloop
 endfacet
 facet normal -0.6238458636481126 0.7113598710724646 -0.3237027529028865
  outer loop
   vertex -8.696591842981723 11.333619147017645 30.0
   vertex -10.707616972253433 10.707616972253435 32.5
   vertex -9.218387353560626 12.013636295838703 32.5
  endloop
 endfacet
 facet normal -0.6238458636481125 0.7113598710724645 -0.3237027529028867
  outer loop
   vertex -9.218387353560626 12.013636295838703 32.5
   vertex -10.707616972253433 10.707616972253435 32.5
   vertex -11.31370849898476 11.313708498984761 35.0
  endloop
 endfacet
 facet normal -0.623845863648113 0.7113598710724638 -0.3237027529028873
  outer loop
   vertex -9.218387353560626 12.013636295838703 32.5
   vertex -11.31370849898476 11.313708498984761 35.0
   vertex -9.74018286413953 12.693653444659763 35.0
  endloop
 endfacet
 facet normal -0.7113598710724636 0.6238458636481136 -0.3237027529028867
  outer loop
   vertex -2.82842712474619 2.8284271247461903 0.0
   vertex -3.17341336116494 2.4350457160348835 0.0
   vertex -3.8534305099859987 2.9568412266137867 2.5
  endloop
 endfacet
 facet normal -0.7113598710724638 0.6238458636481133 -0.32370275290288675
  outer loop
   vertex -2.82842712474619 2.8284271247461903 0.0
   vertex -3.8534305099859987 2.9568412266137867 2.5
   vertex -3.434518651477516 3.4345186514775166 2.5
  endloop
 endfacet
 facet normal -0.7113598710724638 0.6238458636481133 -0.32370275290288697
  outer loop
   vertex -3.434518651477516 3.4345186514775166 2.5
   vertex -3.8534305099859987 2.9568412266137867 2.5
   vertex -4.533447658807058 3.4786367371926907 5.0
  endloop
 endfacet
 facet normal -0.7113598710724633 0.6238458636481138 -0.3237027529028868
  outer loop
   vertex -3.434518651477516 3.4345186514775166 2.5
   vertex -4.533447658807058 3.4786367371926907 5.0
   vertex -4.040610178208842 4.040610178208843 5.0
  endloop
 endfacet
 facet normal -0.7113598710724633 0.6238458636481138 -0.3237027529028866
  outer loop
   vertex -4.040610178208842 4.040610178208843 5.0
   vertex -4.533447658807058 3.4786367371926907 5.0
   vertex -5.213464807628116 4.000432247771594 7.5
  endloop
 endfacet
 facet normal -0.7113598710724635 0.6238458636481136 -0.3237027529028867
  outer loop
   vertex -4.040610178208842 4.040610178208843 5.0
   vertex -5.213464807628116 4.000432247771594 7.5
   vertex -4.646701704940169 4.6467017049401695 7.5
  endloop
 endfacet
 facet normal -0.7113598710724635 0.6238458636481136 -0.32370275290288686
  outer loop
   vertex -4.646701704940169 4.6467017049401695 7.5
   vertex -5.213464807628116 4.000432247771594 7.5
   vertex -5.8934819564491745 4.522227758350498 10.0
  endloop
 endfacet
 facet normal -0.7113598710724639 0.6238458636481129 -0.32370275290288714
  outer loop
   vertex -4.646701704940169 4.6467017049401695 7.5
   vertex -5.8934819564491745 4.522227758350498 10.0
   vertex -5.252793231671496 5.252793231671497 10.0
  endloop
 endfacet
 facet normal -0.7113598710724641 0.6238458636481131 -0.32370275290288647
  outer loop
   vertex -5.252793231671496 5.252793231671497 10.0
   vertex -5.8934819564491745 4.522227758350498 10.0
   vertex -6.5734991052702325 5.044023268929401 12.5
  endloop
 endfacet
 facet normal -0.7113598710724638 0.6238458636481135 -0.32370275290288625
  outer loop
   vertex -5.252793231671496 5.252793231671497 10.0
   vertex -6.5734991052702325 5.044023268929401 12.5
   vertex -5.858884758402821 5.858884758402822 12.5
  endloop
 endfacet
 facet normal -0.7113598710724637 0.6238458636481133 -0.3237027529028871
  outer loop
   vertex -5.858884758402821 5.858884758402822 12.5
   vertex -6.5734991052702325 5.044023268929401 12.5
   vertex -7.253516254091291 5.565818779508305 15.0
  endloop
 endfacet
 facet normal -0.7113598710724635 0.6238458636481136 -0.32370275290288697
  outer loop
   vertex -5.858884758402821 5.858884758402822 12.5
   vertex -7.253516254091291 5.565818779508305 15.0
   vertex -6.4649762851341475 6.464976285134149 15.0
  endloop
 endfacet
 facet normal -0.7113598710724635 0.6238458636481136 -0.32370275290288686
  outer loop
   vertex -6.4649762851341475 6.464976285134149 15.0
   vertex -7.253516254091291 5.565818779508305 15.0
   vertex -7.93353340291235 6.087614290087209 17.5
  endloop
 endfacet
 facet normal -0.7113598710724635 0.6238458636481135 -0.32370275290288697
  outer loop
   vertex -6.4649762851341475 6.464976285134149 15.0
   vertex -7.93353340291235 6.087614290087209 17.5
   vertex -7.071067811865475 7.0710678118654755 17.5
  endloop
 endfacet
 facet normal -0.7113598710724635 0.6238458636481135 -0.3237027529028868
  outer loop
   vertex -7.071067811865475 7.0710678118654755 17.5
   vertex -7.93353340291235 6.087614290087209 17.5
   vertex -8.61355055173341 6.609409800666112 20.0
  endloop
 endfacet
 facet normal -0.7113598710724638 0.623845863648113 -0.32370275290288714
  outer loop
   vertex -7.071067811865475 7.0710678118654755 17.5
   vertex -8.61355055173341 6.609409800666112 20.0
   vertex -7.677159338596802 7.677159338596803 20.0
  endloop
 endfacet
 facet normal -0.7113598710724637 0.6238458636481129 -0.3237027529028873
  outer loop
   vertex -7.677159338596802 7.677159338596803 20.0
   vertex -8.61355055173341 6.609409800666112 20.0
   vertex -9.293567700554469 7.131205311245017 22.5
  endloop
 endfacet
 facet normal -0.7113598710724633 0.6238458636481136 -0.3237027529028869
  outer loop
   vertex -7.677159338596802 7.677159338596803 20.0
   vertex -9.293567700554469 7.131205311245017 22.5
   vertex -8.283250865328128 8.28325086532813 22.5
  endloop
 endfacet
 facet normal -0.7113598710724635 0.6238458636481137 -0.3237027529028864
  outer loop
   vertex -8.283250865328128 8.28325086532813 22.5
   vertex -9.293567700554469 7.131205311245017 22.5
   vertex -9.973584849375527 7.65300082182392 25.0
  endloop
 endfacet
 facet normal -0.7113598710724633 0.6238458636481138 -0.3237027529028863
  outer loop
   vertex -8.283250865328128 8.28325086532813 22.5
   vertex -9.973584849375527 7.65300082182392 25.0
   vertex -8.889342392059454 8.889342392059454 25.0
  endloop
 endfacet
 facet normal -0.7113598710724633 0.6238458636481138 -0.3237027529028868
  outer loop
   vertex -8.889342392059454 8.889342392059454 25.0
   vertex -9.973584849375527 7.65300082182392 25.0
   vertex -10.653601998196585 8.174796332402824 27.5
  endloop
 endfacet
 facet normal -0.7113598710724636 0.6238458636481135 -0.32370275290288714
  outer loop
   vertex -8.889342392059454 8.889342392059454 25.0
   vertex -10.653601998196585 8.174796332402824 27.5
   vertex -9.49543391879078 9.495433918790782 27.5
  endloop
 endfacet
 facet normal -0.7113598710724637 0.6238458636481136 -0.32370275290288647
  outer loop
   vertex -9.49543391879078 9.495433918790782 27.5
   vertex -10.653601998196585 8.174796332402824 27.5
   vertex -11.333619147017643 8.696591842981727 30.0
  endloop
 endfacet
 facet normal -0.7113598710724631 0.6238458636481142 -0.32370275290288586
  outer loop
   vertex -9.49543391879078 9.495433918790782 27.5
   vertex -11.333619147017643 8.696591842981727 30.0
   vertex -10.101525445522105 10.101525445522107 30.0
  endloop
 endfacet
 facet normal -0.7113598710724631 0.6238458636481142 -0.3237027529028864
  outer loop
   vertex -10.101525445522105 10.101525445522107 30.0
   vertex -11.333619147017643 8.696591842981727 30.0
   vertex -12.013636295838701 9.21838735356063 32.5
  endloop
 endfacet
 facet normal -0.7113598710724639 0.6238458636481127 -0.3237027529028875
  outer loop
   vertex -10.101525445522105 10.101525445522107 30.0
   vertex -12.013636295838701 9.21838735356063 32.5
   vertex -10.707616972253433 10.707616972253435 32.5
  endloop
 endfacet
 facet normal -0.711359871072464 0.6238458636481128 -0.32370275290288736
  outer loop
   vertex -10.707616972253433 10.707616972253435 32.5
   vertex -12.013636295838701 9.21838735356063 32.5
   vertex -12.69365344465976 9.740182864139534 35.0
  endloop
 endfacet
 facet normal -0.7113598710724636 0.6238458636481136 -0.32370275290288675
  outer loop
   vertex -10.707616972253433 10.707616972253435 32.5
   vertex -12.69365344465976 9.740182864139534 35.0
   vertex -11.31370849898476 11.313708498984761 35.0
  endloop
 endfacet
 facet normal -0.7867023138765485 0.5256576805339929 -0.3237027529028866
  outer loop
   vertex -3.17341336116494 2.4350457160348835 0.0
   vertex -3.464101615137755 1.9999999999999998 0.0
   vertex -4.206409104095845 2.428571428571428 2.5
  endloop
 endfacet
 facet normal -0.7867023138765489 0.5256576805339924 -0.3237027529028867
  outer loop
   vertex -3.17341336116494 2.4350457160348835 0.0
   vertex -4.206409104095845 2.428571428571428 2.5
   vertex -3.8534305099859987 2.9568412266137867 2.5
  endloop
 endfacet
 facet normal -0.7867023138765487 0.5256576805339924 -0.32370275290288714
  outer loop
   vertex -3.8534305099859987 2.9568412266137867 2.5
   vertex -4.206409104095845 2.428571428571428 2.5
   vertex -4.948716593053936 2.8571428571428568 5.0
  endloop
 endfacet
 facet normal -0.7867023138765483 0.5256576805339929 -0.323702752902887
  outer loop
   vertex -3.8534305099859987 2.9568412266137867 2.5
   vertex -4.948716593053936 2.8571428571428568 5.0
   vertex -4.533447658807058 3.4786367371926907 5.0
  endloop
 endfacet
 facet normal -0.7867023138765484 0.525657680533993 -0.3237027529028865
  outer loop
   vertex -4.533447658807058 3.4786367371926907 5.0
   vertex -4.948716593053936 2.8571428571428568 5.0
   vertex -5.691024082012025 3.285714285714285 7.5
  endloop
 endfacet
 facet normal -0.7867023138765487 0.5256576805339926 -0.32370275290288664
  outer loop
   vertex -4.533447658807058 3.4786367371926907 5.0
   vertex -5.691024082012025 3.285714285714285 7.5
   vertex -5.213464807628116 4.000432247771594 7.5
  endloop
 endfacet
 facet normal -0.7867023138765484 0.5256576805339925 -0.3237027529028871
  outer loop
   vertex -5.213464807628116 4.000432247771594 7.5
   vertex -5.691024082012025 3.285714285714285 7.5
   vertex -6.433331570970116 3.714285714285714 10.0
  endloop
 endfacet
 facet normal -0.7867023138765482 0.5256576805339931 -0.32370275290288686
  outer loop
   vertex -5.213464807628116 4.000432247771594 7.5
   vertex -6.433331570970116 3.714285714285714 10.0
   vertex -5.8934819564491745 4.522227758350498 10.0
  endloop
 endfacet
 facet normal -0.7867023138765483 0.5256576805339932 -0.3237027529028863
  outer loop
   vertex -5.8934819564491745 4.522227758350498 10.0
   vertex -6.433331570970116 3.714285714285714 10.0
   vertex -7.175639059928206 4.1428571428571415 12.5
  endloop
 endfacet
 facet normal -0.7867023138765485 0.525657680533993 -0.32370275290288647
  outer loop
   vertex -5.8934819564491745 4.522227758350498 10.0
   vertex -7.175639059928206 4.1428571428571415 12.5
   vertex -6.5734991052702325 5.044023268929401 12.5
  endloop
 endfacet
 facet normal -0.7867023138765484 0.5256576805339929 -0.32370275290288686
  outer loop
   vertex -6.5734991052702325 5.044023268929401 12.5
   vertex -7.175639059928206 4.1428571428571415 12.5
   vertex -7.917946548886296 4.57142857142857 15.0
  endloop
 endfacet
 facet normal -0.7867023138765487 0.5256576805339924 -0.3237027529028871
  outer loop
   vertex -6.5734991052702325 5.044023268929401 12.5
   vertex -7.917946548886296 4.57142857142857 15.0
   vertex -7.253516254091291 5.565818779508305 15.0
  endloop
 endfacet
 facet normal -0.7867023138765487 0.5256576805339924 -0.32370275290288714
  outer loop
   vertex -7.253516254091291 5.565818779508305 15.0
   vertex -7.917946548886296 4.57142857142857 15.0
   vertex -8.660254037844387 4.999999999999999 17.5
  endloop
 endfacet
 facet normal -0.7867023138765484 0.5256576805339929 -0.3237027529028869
  outer loop
   vertex -7.253516254091291 5.565818779508305 15.0
   vertex -8.660254037844387 4.999999999999999 17.5
   vertex -7.93353340291235 6.087614290087209 17.5
  endloop
 endfacet
 facet normal -0.7867023138765484 0.5256576805339929 -0.32370275290288686
  outer loop
   vertex -7.93353340291235 6.087614290087209 17.5
   vertex -8.660254037844387 4.999999999999999 17.5
   vertex -9.402561526802478 5.428571428571428 20.0
  endloop
 endfacet
 facet normal -0.7867023138765483 0.5256576805339928 -0.32370275290288686
  outer loop
   vertex -7.93353340291235 6.087614290087209 17.5
   vertex -9.402561526802478 5.428571428571428 20.0
   vertex -8.61355055173341 6.609409800666112 20.0
  endloop
 endfacet
 facet normal -0.7867023138765483 0.5256576805339928 -0.3237027529028868
  outer loop
   vertex -8.61355055173341 6.609409800666112 20.0
   vertex -9.402561526802478 5.428571428571428 20.0
   vertex -10.144869015760568 5.857142857142857 22.5
  endloop
 endfacet
 facet normal -0.7867023138765488 0.5256576805339921 -0.3237027529028873
  outer loop
   vertex -8.61355055173341 6.609409800666112 20.0
   vertex -10.144869015760568 5.857142857142857 22.5
   vertex -9.293567700554469 7.131205311245017 22.5
  endloop
 endfacet
 facet normal -0.786702313876549 0.5256576805339922 -0.32370275290288675
  outer loop
   vertex -9.293567700554469 7.131205311245017 22.5
   vertex -10.144869015760568 5.857142857142857 22.5
   vertex -10.887176504718658 6.285714285714285 25.0
  endloop
 endfacet
 facet normal -0.7867023138765489 0.5256576805339925 -0.3237027529028865
  outer loop
   vertex -9.293567700554469 7.131205311245017 22.5
   vertex -10.887176504718658 6.285714285714285 25.0
   vertex -9.973584849375527 7.65300082182392 25.0
  endloop
 endfacet
 facet normal -0.7867023138765487 0.5256576805339925 -0.32370275290288686
  outer loop
   vertex -9.973584849375527 7.65300082182392 25.0
   vertex -10.887176504718658 6.285714285714285 25.0
   vertex -11.629483993676748 6.7142857142857135 27.5
  endloop
 endfacet
 facet normal -0.7867023138765487 0.5256576805339925 -0.3237027529028868
  outer loop
   vertex -9.973584849375527 7.65300082182392 25.0
   vertex -11.629483993676748 6.7142857142857135 27.5
   vertex -10.653601998196585 8.174796332402824 27.5
  endloop
 endfacet
 facet normal -0.7867023138765489 0.5256576805339928 -0.3237027529028862
  outer loop
   vertex -10.653601998196585 8.174796332402824 27.5
   vertex -11.629483993676748 6.7142857142857135 27.5
   vertex -12.371791482634837 7.1428571428571415 30.0
  endloop
 endfacet
 facet normal -0.7867023138765489 0.5256576805339923 -0.3237027529028864
  outer loop
   vertex -10.653601998196585 8.174796332402824 27.5
   vertex -12.371791482634837 7.1428571428571415 30.0
   vertex -11.333619147017643 8.696591842981727 30.0
  endloop
 endfacet
 facet normal -0.7867023138765487 0.5256576805339921 -0.3237027529028873
  outer loop
   vertex -11.333619147017643 8.696591842981727 30.0
   vertex -12.371791482634837 7.1428571428571415 30.0
   vertex -13.114098971592929 7.57142857142857 32.5
  endloop
 endfacet
 facet normal -0.7867023138765483 0.5256576805339934 -0.32370275290288647
  outer loop
   vertex -11.333619147017643 8.696591842981727 30.0
   vertex -13.114098971592929 7.57142857142857 32.5
   vertex -12.013636295838701 9.21838735356063 32.5
  endloop
 endfacet
 facet normal -0.7867023138765482 0.5256576805339933 -0.3237027529028868
  outer loop
   vertex -12.013636295838701 9.21838735356063 32.5
   vertex -13.114098971592929 7.57142857142857 32.5
   vertex -13.85640646055102 7.999999999999999 35.0
  endloop
 endfacet
 facet normal -0.7867023138765482 0.5256576805339926 -0.3237027529028873
  outer loop
   vertex -12.013636295838701 9.21838735356063 32.5
   vertex -13.85640646055102 7.999999999999999 35.0
   vertex -12.69365344465976 9.740182864139534 35.0
  endloop
 endfacet
 facet normal -0.8485840619751168 0.41847534876609366 -0.3237027529028866
  outer loop
   vertex -3.464101615137755 1.9999999999999998 0.0
   vertex -3.695518130045147 1.5307337294603596 0.0
   vertex -4.487414872197678 1.8587481000590078 2.5
  endloop
 endfacet
 facet normal -0.8485840619751168 0.41847534876609377 -0.3237027529028866
  outer loop
   vertex -3.464101615137755 1.9999999999999998 0.0
   vertex -4.487414872197678 1.8587481000590078 2.5
   vertex -4.206409104095845 2.428571428571428 2.5
  endloop
 endfacet
 facet normal -0.8485840619751169 0.4184753487660936 -0.32370275290288697
  outer loop
   vertex -4.206409104095845 2.428571428571428 2.5
   vertex -4.487414872197678 1.8587481000590078 2.5
   vertex -5.27931161435021 2.1867624706576567 5.0
  endloop
 endfacet
 facet normal -0.8485840619751169 0.41847534876609305 -0.3237027529028871
  outer loop
   vertex -4.206409104095845 2.428571428571428 2.5
   vertex -5.27931161435021 2.1867624706576567 5.0
   vertex -4.948716593053936 2.8571428571428568 5.0
  endloop
 endfacet
 facet normal -0.848584061975117 0.4184753487660931 -0.3237027529028869
  outer loop
   vertex -4.948716593053936 2.8571428571428568 5.0
   vertex -5.27931161435021 2.1867624706576567 5.0
   vertex -6.0712083565027415 2.514776841256305 7.5
  endloop
 endfacet
 facet normal -0.8485840619751166 0.41847534876609427 -0.32370275290288647
  outer loop
   vertex -4.948716593053936 2.8571428571428568 5.0
   vertex -6.0712083565027415 2.514776841256305 7.5
   vertex -5.691024082012025 3.285714285714285 7.5
  endloop
 endfacet
 facet normal -0.8485840619751164 0.41847534876609416 -0.32370275290288686
  outer loop
   vertex -5.691024082012025 3.285714285714285 7.5
   vertex -6.0712083565027415 2.514776841256305 7.5
   vertex -6.863105098655273 2.8427912118549536 10.0
  endloop
 endfacet
 facet normal -0.8485840619751166 0.4184753487660936 -0.3237027529028871
  outer loop
   vertex -5.691024082012025 3.285714285714285 7.5
   vertex -6.863105098655273 2.8427912118549536 10.0
   vertex -6.433331570970116 3.714285714285714 10.0
  endloop
 endfacet
 facet normal -0.8485840619751168 0.4184753487660937 -0.32370275290288625
  outer loop
   vertex -6.433331570970116 3.714285714285714 10.0
   vertex -6.863105098655273 2.8427912118549536 10.0
   vertex -7.655001840807803 3.1708055824536014 12.5
  endloop
 endfacet
 facet normal -0.848584061975117 0.41847534876609355 -0.32370275290288636
  outer loop
   vertex -6.433331570970116 3.714285714285714 10.0
   vertex -7.655001840807803 3.1708055824536014 12.5
   vertex -7.175639059928206 4.1428571428571415 12.5
  endloop
 endfacet
 facet normal -0.8485840619751169 0.41847534876609344 -0.32370275290288697
  outer loop
   vertex -7.175639059928206 4.1428571428571415 12.5
   vertex -7.655001840807803 3.1708055824536014 12.5
   vertex -8.446898582960335 3.49881995305225 15.0
  endloop
 endfacet
 facet normal -0.8485840619751167 0.41847534876609366 -0.32370275290288686
  outer loop
   vertex -7.175639059928206 4.1428571428571415 12.5
   vertex -8.446898582960335 3.49881995305225 15.0
   vertex -7.917946548886296 4.57142857142857 15.0
  endloop
 endfacet
 facet normal -0.8485840619751167 0.41847534876609366 -0.32370275290288725
  outer loop
   vertex -7.917946548886296 4.57142857142857 15.0
   vertex -8.446898582960335 3.49881995305225 15.0
   vertex -9.238795325112868 3.826834323650899 17.5
  endloop
 endfacet
 facet normal -0.8485840619751167 0.41847534876609377 -0.3237027529028871
  outer loop
   vertex -7.917946548886296 4.57142857142857 15.0
   vertex -9.238795325112868 3.826834323650899 17.5
   vertex -8.660254037844387 4.999999999999999 17.5
  endloop
 endfacet
 facet normal -0.8485840619751168 0.4184753487660938 -0.32370275290288675
  outer loop
   vertex -8.660254037844387 4.999999999999999 17.5
   vertex -9.238795325112868 3.826834323650899 17.5
   vertex -10.030692067265399 4.154848694249548 20.0
  endloop
 endfacet
 facet normal -0.8485840619751168 0.4184753487660936 -0.32370275290288686
  outer loop
   vertex -8.660254037844387 4.999999999999999 17.5
   vertex -10.030692067265399 4.154848694249548 20.0
   vertex -9.402561526802478 5.428571428571428 20.0
  endloop
 endfacet
 facet normal -0.8485840619751167 0.41847534876609355 -0.3237027529028871
  outer loop
   vertex -9.402561526802478 5.428571428571428 20.0
   vertex -10.030692067265399 4.154848694249548 20.0
   vertex -10.822588809417931 4.482863064848196 22.5
  endloop
 endfacet
 facet normal -0.8485840619751166 0.4184753487660941 -0.32370275290288686
  outer loop
   vertex -9.402561526802478 5.428571428571428 20.0
   vertex -10.822588809417931 4.482863064848196 22.5
   vertex -10.144869015760568 5.857142857142857 22.5
  endloop
 endfacet
 facet normal -0.8485840619751166 0.4184753487660941 -0.3237027529028865
  outer loop
   vertex -10.144869015760568 5.857142857142857 22.5
   vertex -10.822588809417931 4.482863064848196 22.5
   vertex -11.614485551570462 4.810877435446844 25.0
  endloop
 endfacet
 facet normal -0.8485840619751168 0.41847534876609394 -0.32370275290288675
  outer loop
   vertex -10.144869015760568 5.857142857142857 22.5
   vertex -11.614485551570462 4.810877435446844 25.0
   vertex -10.887176504718658 6.285714285714285 25.0
  endloop
 endfacet
 facet normal -0.8485840619751168 0.41847534876609394 -0.3237027529028866
  outer loop
   vertex -10.887176504718658 6.285714285714285 25.0
   vertex -11.614485551570462 4.810877435446844 25.0
   vertex -12.406382293722993 5.138891806045493 27.5
  endloop
 endfacet
 facet normal -0.8485840619751168 0.4184753487660935 -0.3237027529028868
  outer loop
   vertex -10.887176504718658 6.285714285714285 25.0
   vertex -12.406382293722993 5.138891806045493 27.5
   vertex -11.629483993676748 6.7142857142857135 27.5
  endloop
 endfacet
 facet normal -0.8485840619751169 0.41847534876609355 -0.32370275290288664
  outer loop
   vertex -11.629483993676748 6.7142857142857135 27.5
   vertex -12.406382293722993 5.138891806045493 27.5
   vertex -13.198279035875524 5.466906176644141 30.0
  endloop
 endfacet
 facet normal -0.8485840619751167 0.4184753487660941 -0.32370275290288614
  outer loop
   vertex -11.629483993676748 6.7142857142857135 27.5
   vertex -13.198279035875524 5.466906176644141 30.0
   vertex -12.371791482634837 7.1428571428571415 30.0
  endloop
 endfacet
 facet normal -0.8485840619751166 0.41847534876609405 -0.3237027529028867
  outer loop
   vertex -12.371791482634837 7.1428571428571415 30.0
   vertex -13.198279035875524 5.466906176644141 30.0
   vertex -13.990175778028055 5.79492054724279 32.5
  endloop
 endfacet
 facet normal -0.8485840619751167 0.41847534876609316 -0.32370275290288736
  outer loop
   vertex -12.371791482634837 7.1428571428571415 30.0
   vertex -13.990175778028055 5.79492054724279 32.5
   vertex -13.114098971592929 7.57142857142857 32.5
  endloop
 endfacet
 facet normal -0.8485840619751169 0.4184753487660932 -0.32370275290288714
  outer loop
   vertex -13.114098971592929 7.57142857142857 32.5
   vertex -13.990175778028055 5.79492054724279 32.5
   vertex -14.782072520180588 6.122934917841438 35.0
  endloop
 endfacet
 facet normal -0.8485840619751167 0.4184753487660936 -0.3237027529028868
  outer loop
   vertex -13.114098971592929 7.57142857142857 32.5
   vertex -14.782072520180588 6.122934917841438 35.0
   vertex -13.85640646055102 7.999999999999999 35.0
  endloop
 endfacet
 facet normal -0.895946301501341 0.30413278775752023 -0.3237027529028867
  outer loop
   vertex -3.695518130045147 1.5307337294603596 0.0
   vertex -3.863703305156273 1.035276180410084 0.0
   vertex -4.6916397276897595 1.257121076212245 2.5
  endloop
 endfacet
 facet normal -0.8959463015013409 0.30413278775752056 -0.3237027529028866
  outer loop
   vertex -3.695518130045147 1.5307337294603596 0.0
   vertex -4.6916397276897595 1.257121076212245 2.5
   vertex -4.487414872197678 1.8587481000590078 2.5
  endloop
 endfacet
 facet normal -0.8959463015013408 0.3041327877575205 -0.32370275290288697
  outer loop
   vertex -4.487414872197678 1.8587481000590078 2.5
   vertex -4.6916397276897595 1.257121076212245 2.5
   vertex -5.519576150223247 1.478965972014406 5.0
  endloop
 endfacet
 facet normal -0.8959463015013407 0.30413278775752056 -0.32370275290288697
  outer loop
   vertex -4.487414872197678 1.8587481000590078 2.5
   vertex -5.519576150223247 1.478965972014406 5.0
   vertex -5.27931161435021 2.1867624706576567 5.0
  endloop
 endfacet
 facet normal -0.8959463015013408 0.3041327877575206 -0.3237027529028866
  outer loop
   vertex -5.27931161435021 2.1867624706576567 5.0
   vertex -5.519576150223247 1.478965972014406 5.0
   vertex -6.347512572756734 1.7008108678165665 7.5
  endloop
 endfacet
 facet normal -0.895946301501341 0.30413278775751984 -0.32370275290288686
  outer loop
   vertex -5.27931161435021 2.1867624706576567 5.0
   vertex -6.347512572756734 1.7008108678165665 7.5
   vertex -6.0712083565027415 2.514776841256305 7.5
  endloop
 endfacet
 facet normal -0.895946301501341 0.30413278775751984 -0.323702752902887
  outer loop
   vertex -6.0712083565027415 2.514776841256305 7.5
   vertex -6.347512572756734 1.7008108678165665 7.5
   vertex -7.175448995290221 1.9226557636187276 10.0
  endloop
 endfacet
 facet normal -0.895946301501341 0.30413278775752006 -0.3237027529028869
  outer loop
   vertex -6.0712083565027415 2.514776841256305 7.5
   vertex -7.175448995290221 1.9226557636187276 10.0
   vertex -6.863105098655273 2.8427912118549536 10.0
  endloop
 endfacet
 facet normal -0.895946301501341 0.30413278775752006 -0.32370275290288664
  outer loop
   vertex -6.863105098655273 2.8427912118549536 10.0
   vertex -7.175448995290221 1.9226557636187276 10.0
   vertex -8.003385417823708 2.144500659420888 12.5
  endloop
 endfacet
 facet normal -0.8959463015013408 0.304132787757521 -0.3237027529028863
  outer loop
   vertex -6.863105098655273 2.8427912118549536 10.0
   vertex -8.003385417823708 2.144500659420888 12.5
   vertex -7.655001840807803 3.1708055824536014 12.5
  endloop
 endfacet
 facet normal -0.8959463015013407 0.30413278775752095 -0.3237027529028867
  outer loop
   vertex -7.655001840807803 3.1708055824536014 12.5
   vertex -8.003385417823708 2.144500659420888 12.5
   vertex -8.831321840357194 2.3663455552230492 15.0
  endloop
 endfacet
 facet normal -0.8959463015013408 0.3041327877575204 -0.32370275290288686
  outer loop
   vertex -7.655001840807803 3.1708055824536014 12.5
   vertex -8.831321840357194 2.3663455552230492 15.0
   vertex -8.446898582960335 3.49881995305225 15.0
  endloop
 endfacet
 facet normal -0.8959463015013409 0.30413278775752045 -0.3237027529028867
  outer loop
   vertex -8.446898582960335 3.49881995305225 15.0
   vertex -8.831321840357194 2.3663455552230492 15.0
   vertex -9.659258262890681 2.58819045102521 17.5
  endloop
 endfacet
 facet normal -0.895946301501341 0.30413278775751923 -0.3237027529028872
  outer loop
   vertex -8.446898582960335 3.49881995305225 15.0
   vertex -9.659258262890681 2.58819045102521 17.5
   vertex -9.238795325112868 3.826834323650899 17.5
  endloop
 endfacet
 facet normal -0.895946301501341 0.30413278775751923 -0.3237027529028873
  outer loop
   vertex -9.238795325112868 3.826834323650899 17.5
   vertex -9.659258262890681 2.58819045102521 17.5
   vertex -10.48719468542417 2.8100353468273713 20.0
  endloop
 endfacet
 facet normal -0.8959463015013409 0.30413278775752056 -0.3237027529028867
  outer loop
   vertex -9.238795325112868 3.826834323650899 17.5
   vertex -10.48719468542417 2.8100353468273713 20.0
   vertex -10.030692067265399 4.154848694249548 20.0
  endloop
 endfacet
 facet normal -0.8959463015013409 0.30413278775752056 -0.3237027529028867
  outer loop
   vertex -10.030692067265399 4.154848694249548 20.0
   vertex -10.48719468542417 2.8100353468273713 20.0
   vertex -11.315131107957656 3.031880242629532 22.5
  endloop
 endfacet
 facet normal -0.895946301501341 0.30413278775751956 -0.3237027529028871
  outer loop
   vertex -10.030692067265399 4.154848694249548 20.0
   vertex -11.315131107957656 3.031880242629532 22.5
   vertex -10.822588809417931 4.482863064848196 22.5
  endloop
 endfacet
 facet normal -0.8959463015013412 0.3041327877575197 -0.32370275290288664
  outer loop
   vertex -10.822588809417931 4.482863064848196 22.5
   vertex -11.315131107957656 3.031880242629532 22.5
   vertex -12.143067530491143 3.2537251384316925 25.0
  endloop
 endfacet
 facet normal -0.8959463015013411 0.30413278775751973 -0.3237027529028866
  outer loop
   vertex -10.822588809417931 4.482863064848196 22.5
   vertex -12.143067530491143 3.2537251384316925 25.0
   vertex -11.614485551570462 4.810877435446844 25.0
  endloop
 endfacet
 facet normal -0.8959463015013411 0.30413278775751973 -0.3237027529028867
  outer loop
   vertex -11.614485551570462 4.810877435446844 25.0
   vertex -12.143067530491143 3.2537251384316925 25.0
   vertex -12.97100395302463 3.475570034233854 27.5
  endloop
 endfacet
 facet normal -0.8959463015013411 0.30413278775752 -0.3237027529028866
  outer loop
   vertex -11.614485551570462 4.810877435446844 25.0
   vertex -12.97100395302463 3.475570034233854 27.5
   vertex -12.406382293722993 5.138891806045493 27.5
  endloop
 endfacet
 facet normal -0.8959463015013411 0.30413278775752 -0.3237027529028866
  outer loop
   vertex -12.406382293722993 5.138891806045493 27.5
   vertex -12.97100395302463 3.475570034233854 27.5
   vertex -13.798940375558116 3.697414930036014 30.0
  endloop
 endfacet
 facet normal -0.8959463015013411 0.30413278775752006 -0.3237027529028866
  outer loop
   vertex -12.406382293722993 5.138891806045493 27.5
   vertex -13.798940375558116 3.697414930036014 30.0
   vertex -13.198279035875524 5.466906176644141 30.0
  endloop
 endfacet
 facet normal -0.8959463015013408 0.30413278775751995 -0.32370275290288725
  outer loop
   vertex -13.198279035875524 5.466906176644141 30.0
   vertex -13.798940375558116 3.697414930036014 30.0
   vertex -14.626876798091605 3.9192598258381754 32.5
  endloop
 endfacet
 facet normal -0.8959463015013408 0.30413278775752084 -0.32370275290288664
  outer loop
   vertex -13.198279035875524 5.466906176644141 30.0
   vertex -14.626876798091605 3.9192598258381754 32.5
   vertex -13.990175778028055 5.79492054724279 32.5
  endloop
 endfacet
 facet normal -0.8959463015013408 0.30413278775752084 -0.32370275290288664
  outer loop
   vertex -13.990175778028055 5.79492054724279 32.5
   vertex -14.626876798091605 3.9192598258381754 32.5
   vertex -15.454813220625091 4.141104721640336 35.0
  endloop
 endfacet
 facet normal -0.8959463015013409 0.3041327877575202 -0.3237027529028872
  outer loop
   vertex -13.990175778028055 5.79492054724279 32.5
   vertex -15.454813220625091 4.141104721640336 35.0
   vertex -14.782072520180588 6.122934917841438 35.0
  endloop
 endfacet
 facet normal -0.9279786514056334 0.18458643042887699 -0.3237027529028867
  outer loop
   vertex -3.863703305156273 1.035276180410084 0.0
   vertex -3.9657794454952415 0.5221047688802063 0.0
   vertex -4.815589326672793 0.633984362211679 2.5
  endloop
 endfacet
 facet normal -0.9279786514056334 0.18458643042887699 -0.32370275290288664
  outer loop
   vertex -3.863703305156273 1.035276180410084 0.0
   vertex -4.815589326672793 0.633984362211679 2.5
   vertex -4.6916397276897595 1.257121076212245 2.5
  endloop
 endfacet
 facet normal -0.9279786514056334 0.18458643042887699 -0.32370275290288686
  outer loop
   vertex -4.6916397276897595 1.257121076212245 2.5
   vertex -4.815589326672793 0.633984362211679 2.5
   vertex -5.665399207850345 0.7458639555431519 5.0
  endloop
 endfacet
 facet normal -0.9279786514056334 0.18458643042887646 -0.3237027529028869
  outer loop
   vertex -4.6916397276897595 1.257121076212245 2.5
   vertex -5.665399207850345 0.7458639555431519 5.0
   vertex -5.519576150223247 1.478965972014406 5.0
  endloop
 endfacet
 facet normal -0.9279786514056334 0.18458643042887646 -0.32370275290288675
  outer loop
   vertex -5.519576150223247 1.478965972014406 5.0
   vertex -5.665399207850345 0.7458639555431519 5.0
   vertex -6.515209089027897 0.8577435488746246 7.5
  endloop
 endfacet
 facet normal -0.9279786514056334 0.1845864304288771 -0.32370275290288664
  outer loop
   vertex -5.519576150223247 1.478965972014406 5.0
   vertex -6.515209089027897 0.8577435488746246 7.5
   vertex -6.347512572756734 1.7008108678165665 7.5
  endloop
 endfacet
 facet normal -0.9279786514056332 0.18458643042887704 -0.3237027529028868
  outer loop
   vertex -6.347512572756734 1.7008108678165665 7.5
   vertex -6.515209089027897 0.8577435488746246 7.5
   vertex -7.3650189702054485 0.9696231422060975 10.0
  endloop
 endfacet
 facet normal -0.9279786514056334 0.18458643042887665 -0.32370275290288697
  outer loop
   vertex -6.347512572756734 1.7008108678165665 7.5
   vertex -7.3650189702054485 0.9696231422060975 10.0
   vertex -7.175448995290221 1.9226557636187276 10.0
  endloop
 endfacet
 facet normal -0.9279786514056335 0.18458643042887668 -0.3237027529028862
  outer loop
   vertex -7.175448995290221 1.9226557636187276 10.0
   vertex -7.3650189702054485 0.9696231422060975 10.0
   vertex -8.214828851382999 1.0815027355375701 12.5
  endloop
 endfacet
 facet normal -0.9279786514056336 0.18458643042887568 -0.3237027529028866
  outer loop
   vertex -7.175448995290221 1.9226557636187276 10.0
   vertex -8.214828851382999 1.0815027355375701 12.5
   vertex -8.003385417823708 2.144500659420888 12.5
  endloop
 endfacet
 facet normal -0.9279786514056335 0.18458643042887565 -0.3237027529028872
  outer loop
   vertex -8.003385417823708 2.144500659420888 12.5
   vertex -8.214828851382999 1.0815027355375701 12.5
   vertex -9.064638732560551 1.1933823288690428 15.0
  endloop
 endfacet
 facet normal -0.9279786514056334 0.18458643042887676 -0.3237027529028867
  outer loop
   vertex -8.003385417823708 2.144500659420888 12.5
   vertex -9.064638732560551 1.1933823288690428 15.0
   vertex -8.831321840357194 2.3663455552230492 15.0
  endloop
 endfacet
 facet normal -0.9279786514056333 0.1845864304288767 -0.3237027529028871
  outer loop
   vertex -8.831321840357194 2.3663455552230492 15.0
   vertex -9.064638732560551 1.1933823288690428 15.0
   vertex -9.914448613738104 1.3052619222005157 17.5
  endloop
 endfacet
 facet normal -0.9279786514056333 0.18458643042887776 -0.3237027529028867
  outer loop
   vertex -8.831321840357194 2.3663455552230492 15.0
   vertex -9.914448613738104 1.3052619222005157 17.5
   vertex -9.659258262890681 2.58819045102521 17.5
  endloop
 endfacet
 facet normal -0.9279786514056332 0.18458643042887773 -0.32370275290288714
  outer loop
   vertex -9.659258262890681 2.58819045102521 17.5
   vertex -9.914448613738104 1.3052619222005157 17.5
   vertex -10.764258494915657 1.4171415155319886 20.0
  endloop
 endfacet
 facet normal -0.9279786514056331 0.18458643042887735 -0.3237027529028873
  outer loop
   vertex -9.659258262890681 2.58819045102521 17.5
   vertex -10.764258494915657 1.4171415155319886 20.0
   vertex -10.48719468542417 2.8100353468273713 20.0
  endloop
 endfacet
 facet normal -0.9279786514056334 0.1845864304288774 -0.3237027529028865
  outer loop
   vertex -10.48719468542417 2.8100353468273713 20.0
   vertex -10.764258494915657 1.4171415155319886 20.0
   vertex -11.614068376093208 1.5290211088634613 22.5
  endloop
 endfacet
 facet normal -0.9279786514056333 0.1845864304288771 -0.3237027529028867
  outer loop
   vertex -10.48719468542417 2.8100353468273713 20.0
   vertex -11.614068376093208 1.5290211088634613 22.5
   vertex -11.315131107957656 3.031880242629532 22.5
  endloop
 endfacet
 facet normal -0.9279786514056334 0.1845864304288771 -0.3237027529028865
  outer loop
   vertex -11.315131107957656 3.031880242629532 22.5
   vertex -11.614068376093208 1.5290211088634613 22.5
   vertex -12.463878257270759 1.640900702194934 25.0
  endloop
 endfacet
 facet normal -0.9279786514056334 0.1845864304288769 -0.3237027529028866
  outer loop
   vertex -11.315131107957656 3.031880242629532 22.5
   vertex -12.463878257270759 1.640900702194934 25.0
   vertex -12.143067530491143 3.2537251384316925 25.0
  endloop
 endfacet
 facet normal -0.9279786514056332 0.18458643042887687 -0.3237027529028871
  outer loop
   vertex -12.143067530491143 3.2537251384316925 25.0
   vertex -12.463878257270759 1.640900702194934 25.0
   vertex -13.313688138448311 1.752780295526407 27.5
  endloop
 endfacet
 facet normal -0.9279786514056332 0.18458643042887754 -0.32370275290288664
  outer loop
   vertex -12.143067530491143 3.2537251384316925 25.0
   vertex -13.313688138448311 1.752780295526407 27.5
   vertex -12.97100395302463 3.475570034233854 27.5
  endloop
 endfacet
 facet normal -0.9279786514056333 0.18458643042887757 -0.32370275290288647
  outer loop
   vertex -12.97100395302463 3.475570034233854 27.5
   vertex -13.313688138448311 1.752780295526407 27.5
   vertex -14.163498019625862 1.8646598888578796 30.0
  endloop
 endfacet
 facet normal -0.9279786514056332 0.18458643042887737 -0.3237027529028866
  outer loop
   vertex -12.97100395302463 3.475570034233854 27.5
   vertex -14.163498019625862 1.8646598888578796 30.0
   vertex -13.798940375558116 3.697414930036014 30.0
  endloop
 endfacet
 facet normal -0.9279786514056334 0.1845864304288774 -0.3237027529028865
  outer loop
   vertex -13.798940375558116 3.697414930036014 30.0
   vertex -14.163498019625862 1.8646598888578796 30.0
   vertex -15.013307900803413 1.9765394821893523 32.5
  endloop
 endfacet
 facet normal -0.9279786514056333 0.18458643042887626 -0.3237027529028872
  outer loop
   vertex -13.798940375558116 3.697414930036014 30.0
   vertex -15.013307900803413 1.9765394821893523 32.5
   vertex -14.626876798091605 3.9192598258381754 32.5
  endloop
 endfacet
 facet normal -0.9279786514056333 0.1845864304288763 -0.32370275290288714
  outer loop
   vertex -14.626876798091605 3.9192598258381754 32.5
   vertex -15.013307900803413 1.9765394821893523 32.5
   vertex -15.863117781980966 2.088419075520825 35.0
  endloop
 endfacet
 facet normal -0.9279786514056334 0.18458643042887699 -0.3237027529028867
  outer loop
   vertex -14.626876798091605 3.9192598258381754 32.5
   vertex -15.863117781980966 2.088419075520825 35.0
   vertex -15.454813220625091 4.141104721640336 35.0
  endloop
 endfacet
 facet normal -0.9441330293000866 0.061881748098568716 -0.32370275290288664
  outer loop
   vertex -3.9657794454952415 0.5221047688802063 0.0
   vertex -4.0 4.898587196589413e-16 0.0
   vertex -4.857142857142857 5.94828445300143e-16 2.5
  endloop
 endfacet
 facet normal -0.9441330293000866 0.06188174809856894 -0.32370275290288664
  outer loop
   vertex -3.9657794454952415 0.5221047688802063 0.0
   vertex -4.857142857142857 5.94828445300143e-16 2.5
   vertex -4.815589326672793 0.633984362211679 2.5
  endloop
 endfacet
 facet normal -0.9441330293000865 0.061881748098568674 -0.32370275290288697
  outer loop
   vertex -4.815589326672793 0.633984362211679 2.5
   vertex -4.857142857142857 5.94828445300143e-16 2.5
   vertex -5.714285714285714 6.997981709413447e-16 5.0
  endloop
 endfacet
 facet normal -0.9441330293000864 0.06188174809856919 -0.3237027529028868
  outer loop
   vertex -4.815589326672793 0.633984362211679 2.5
   vertex -5.714285714285714 6.997981709413447e-16 5.0
   vertex -5.665399207850345 0.7458639555431519 5.0
  endloop
 endfacet
 facet normal -0.9441330293000865 0.061881748098569195 -0.32370275290288664
  outer loop
   vertex -5.665399207850345 0.7458639555431519 5.0
   vertex -5.714285714285714 6.997981709413447e-16 5.0
   vertex -6.571428571428571 8.047678965825463e-16 7.5
  endloop
 endfacet
 facet normal -0.9441330293000865 0.06188174809856862 -0.32370275290288686
  outer loop
   vertex -5.665399207850345 0.7458639555431519 5.0
   vertex -6.571428571428571 8.047678965825463e-16 7.5
   vertex -6.515209089027897 0.8577435488746246 7.5
  endloop
 endfacet
 facet normal -0.9441330293000864 0.06188174809856861 -0.32370275290288697
  outer loop
   vertex -6.515209089027897 0.8577435488746246 7.5
   vertex -6.571428571428571 8.047678965825463e-16 7.5
   vertex -7.428571428571429 9.097376222237481e-16 10.0
  endloop
 endfacet
 facet normal -0.9441330293000865 0.06188174809856903 -0.32370275290288686
  outer loop
   vertex -6.515209089027897 0.8577435488746246 7.5
   vertex -7.428571428571429 9.097376222237481e-16 10.0
   vertex -7.3650189702054485 0.9696231422060975 10.0
  endloop
 endfacet
 facet normal -0.9441330293000866 0.061881748098569035 -0.3237027529028864
  outer loop
   vertex -7.3650189702054485 0.9696231422060975 10.0
   vertex -7.428571428571429 9.097376222237481e-16 10.0
   vertex -8.285714285714285 1.0147073478649497e-15 12.5
  endloop
 endfacet
 facet normal -0.9441330293000866 0.06188174809856936 -0.3237027529028862
  outer loop
   vertex -7.3650189702054485 0.9696231422060975 10.0
   vertex -8.285714285714285 1.0147073478649497e-15 12.5
   vertex -8.214828851382999 1.0815027355375701 12.5
  endloop
 endfacet
 facet normal -0.9441330293000862 0.06188174809856935 -0.3237027529028869
  outer loop
   vertex -8.214828851382999 1.0815027355375701 12.5
   vertex -8.285714285714285 1.0147073478649497e-15 12.5
   vertex -9.142857142857142 1.1196770735061515e-15 15.0
  endloop
 endfacet
 facet normal -0.9441330293000864 0.06188174809856892 -0.32370275290288714
  outer loop
   vertex -8.214828851382999 1.0815027355375701 12.5
   vertex -9.142857142857142 1.1196770735061515e-15 15.0
   vertex -9.064638732560551 1.1933823288690428 15.0
  endloop
 endfacet
 facet normal -0.9441330293000864 0.06188174809856892 -0.3237027529028869
  outer loop
   vertex -9.064638732560551 1.1933823288690428 15.0
   vertex -9.142857142857142 1.1196770735061515e-15 15.0
   vertex -10.0 1.2246467991473533e-15 17.5
  endloop
 endfacet
 facet normal -0.9441330293000865 0.061881748098568556 -0.3237027529028871
  outer loop
   vertex -9.064638732560551 1.1933823288690428 15.0
   vertex -10.0 1.2246467991473533e-15 17.5
   vertex -9.914448613738104 1.3052619222005157 17.5
  endloop
 endfacet
 facet normal -0.9441330293000865 0.061881748098568556 -0.32370275290288697
  outer loop
   vertex -9.914448613738104 1.3052619222005157 17.5
   vertex -10.0 1.2246467991473533e-15 17.5
   vertex -10.857142857142858 1.329616524788555e-15 20.0
  endloop
 endfacet
 facet normal -0.9441330293000865 0.061881748098568244 -0.3237027529028871
  outer loop
   vertex -9.914448613738104 1.3052619222005157 17.5
   vertex -10.857142857142858 1.329616524788555e-15 20.0
   vertex -10.764258494915657 1.4171415155319886 20.0
  endloop
 endfacet
 facet normal -0.9441330293000865 0.061881748098568244 -0.32370275290288697
  outer loop
   vertex -10.764258494915657 1.4171415155319886 20.0
   vertex -10.857142857142858 1.329616524788555e-15 20.0
   vertex -11.714285714285715 1.4345862504297568e-15 22.5
  endloop
 endfacet
 facet normal -0.9441330293000864 0.06188174809856908 -0.3237027529028864
  outer loop
   vertex -10.764258494915657 1.4171415155319886 20.0
   vertex -11.714285714285715 1.4345862504297568e-15 22.5
   vertex -11.614068376093208 1.5290211088634613 22.5
  endloop
 endfacet
 facet normal -0.9441330293000865 0.06188174809856909 -0.3237027529028863
  outer loop
   vertex -11.614068376093208 1.5290211088634613 22.5
   vertex -11.714285714285715 1.4345862504297568e-15 22.5
   vertex -12.571428571428571 1.5395559760709582e-15 25.0
  endloop
 endfacet
 facet normal -0.9441330293000867 0.061881748098568806 -0.3237027529028865
  outer loop
   vertex -11.614068376093208 1.5290211088634613 22.5
   vertex -12.571428571428571 1.5395559760709582e-15 25.0
   vertex -12.463878257270759 1.640900702194934 25.0
  endloop
 endfacet
 facet normal -0.9441330293000865 0.06188174809856879 -0.323702752902887
  outer loop
   vertex -12.463878257270759 1.640900702194934 25.0
   vertex -12.571428571428571 1.5395559760709582e-15 25.0
   vertex -13.428571428571429 1.64452570171216e-15 27.5
  endloop
 endfacet
 facet normal -0.9441330293000865 0.06188174809856852 -0.32370275290288714
  outer loop
   vertex -12.463878257270759 1.640900702194934 25.0
   vertex -13.428571428571429 1.64452570171216e-15 27.5
   vertex -13.313688138448311 1.752780295526407 27.5
  endloop
 endfacet
 facet normal -0.9441330293000866 0.061881748098568536 -0.32370275290288636
  outer loop
   vertex -13.313688138448311 1.752780295526407 27.5
   vertex -13.428571428571429 1.64452570171216e-15 27.5
   vertex -14.285714285714285 1.7494954273533616e-15 30.0
  endloop
 endfacet
 facet normal -0.9441330293000866 0.06188174809856832 -0.3237027529028865
  outer loop
   vertex -13.313688138448311 1.752780295526407 27.5
   vertex -14.285714285714285 1.7494954273533616e-15 30.0
   vertex -14.163498019625862 1.8646598888578796 30.0
  endloop
 endfacet
 facet normal -0.9441330293000865 0.06188174809856829 -0.32370275290288697
  outer loop
   vertex -14.163498019625862 1.8646598888578796 30.0
   vertex -14.285714285714285 1.7494954273533616e-15 30.0
   vertex -15.142857142857142 1.8544651529945634e-15 32.5
  endloop
 endfacet
 facet normal -0.9441330293000866 0.06188174809856895 -0.3237027529028865
  outer loop
   vertex -14.163498019625862 1.8646598888578796 30.0
   vertex -15.142857142857142 1.8544651529945634e-15 32.5
   vertex -15.013307900803413 1.9765394821893523 32.5
  endloop
 endfacet
 facet normal -0.9441330293000864 0.061881748098568945 -0.32370275290288697
  outer loop
   vertex -15.013307900803413 1.9765394821893523 32.5
   vertex -15.142857142857142 1.8544651529945634e-15 32.5
   vertex -16.0 1.959434878635765e-15 35.0
  endloop
 endfacet
 facet normal -0.9441330293000864 0.061881748098568716 -0.3237027529028872
  outer loop
   vertex -15.013307900803413 1.9765394821893523 32.5
   vertex -16.0 1.959434878635765e-15 35.0
   vertex -15.863117781980966 2.088419075520825 35.0
  endloop
 endfacet
 facet normal -0.9441330293000866 -0.06188174809856852 -0.32370275290288664
  outer loop
   vertex -4.0 4.898587196589413e-16 0.0
   vertex -3.9657794454952415 -0.5221047688802071 0.0
   vertex -4.815589326672793 -0.63398436221168 2.5
  endloop
 endfacet
 facet normal -0.9441330293000865 -0.06188174809856847 -0.32370275290288664
  outer loop
   vertex -4.0 4.898587196589413e-16 0.0
   vertex -4.815589326672793 -0.63398436221168 2.5
   vertex -4.857142857142857 5.94828445300143e-16 2.5
  endloop
 endfacet
 facet normal -0.9441330293000865 -0.06188174809856847 -0.32370275290288686
  outer loop
   vertex -4.857142857142857 5.94828445300143e-16 2.5
   vertex -4.815589326672793 -0.63398436221168 2.5
   vertex -5.665399207850345 -0.745863955543153 5.0
  endloop
 endfacet
 facet normal -0.9441330293000864 -0.06188174809856899 -0.32370275290288697
  outer loop
   vertex -4.857142857142857 5.94828445300143e-16 2.5
   vertex -5.665399207850345 -0.745863955543153 5.0
   vertex -5.714285714285714 6.997981709413447e-16 5.0
  endloop
 endfacet
 facet normal -0.9441330293000865 -0.06188174809856899 -0.32370275290288686
  outer loop
   vertex -5.714285714285714 6.997981709413447e-16 5.0
   vertex -5.665399207850345 -0.745863955543153 5.0
   vertex -6.515209089027897 -0.8577435488746259 7.5
  endloop
 endfacet
 facet normal -0.9441330293000865 -0.061881748098568404 -0.32370275290288664
  outer loop
   vertex -5.714285714285714 6.997981709413447e-16 5.0
   vertex -6.515209089027897 -0.8577435488746259 7.5
   vertex -6.571428571428571 8.047678965825463e-16 7.5
  endloop
 endfacet
 facet normal -0.9441330293000865 -0.06188174809856842 -0.32370275290288686
  outer loop
   vertex -6.571428571428571 8.047678965825463e-16 7.5
   vertex -6.515209089027897 -0.8577435488746259 7.5
   vertex -7.3650189702054485 -0.9696231422060989 10.0
  endloop
 endfacet
 facet normal -0.9441330293000865 -0.06188174809856881 -0.32370275290288697
  outer loop
   vertex -6.571428571428571 8.047678965825463e-16 7.5
   vertex -7.3650189702054485 -0.9696231422060989 10.0
   vertex -7.428571428571429 9.097376222237481e-16 10.0
  endloop
 endfacet
 facet normal -0.9441330293000867 -0.06188174809856882 -0.3237027529028862
  outer loop
   vertex -7.428571428571429 9.097376222237481e-16 10.0
   vertex -7.3650189702054485 -0.9696231422060989 10.0
   vertex -8.214828851382999 -1.0815027355375717 12.5
  endloop
 endfacet
 facet normal -0.9441330293000866 -0.06188174809856916 -0.32370275290288636
  outer loop
   vertex -7.428571428571429 9.097376222237481e-16 10.0
   vertex -8.214828851382999 -1.0815027355375717 12.5
   vertex -8.285714285714285 1.0147073478649497e-15 12.5
  endloop
 endfacet
 facet normal -0.9441330293000862 -0.06188174809856914 -0.32370275290288714
  outer loop
   vertex -8.285714285714285 1.0147073478649497e-15 12.5
   vertex -8.214828851382999 -1.0815027355375717 12.5
   vertex -9.064638732560551 -1.1933823288690446 15.0
  endloop
 endfacet
 facet normal -0.9441330293000865 -0.06188174809856871 -0.3237027529028869
  outer loop
   vertex -8.285714285714285 1.0147073478649497e-15 12.5
   vertex -9.064638732560551 -1.1933823288690446 15.0
   vertex -9.142857142857142 1.1196770735061515e-15 15.0
  endloop
 endfacet
 facet normal -0.9441330293000862 -0.06188174809856871 -0.32370275290288714
  outer loop
   vertex -9.142857142857142 1.1196770735061515e-15 15.0
   vertex -9.064638732560551 -1.1933823288690446 15.0
   vertex -9.914448613738104 -1.3052619222005177 17.5
  endloop
 endfacet
 facet normal -0.9441330293000864 -0.06188174809856834 -0.3237027529028869
  outer loop
   vertex -9.142857142857142 1.1196770735061515e-15 15.0
   vertex -9.914448613738104 -1.3052619222005177 17.5
   vertex -10.0 1.2246467991473533e-15 17.5
  endloop
 endfacet
 facet normal -0.9441330293000862 -0.06188174809856833 -0.3237027529028871
  outer loop
   vertex -10.0 1.2246467991473533e-15 17.5
   vertex -9.914448613738104 -1.3052619222005177 17.5
   vertex -10.764258494915657 -1.4171415155319906 20.0
  endloop
 endfacet
 facet normal -0.9441330293000864 -0.06188174809856803 -0.3237027529028869
  outer loop
   vertex -10.0 1.2246467991473533e-15 17.5
   vertex -10.764258494915657 -1.4171415155319906 20.0
   vertex -10.857142857142858 1.329616524788555e-15 20.0
  endloop
 endfacet
 facet normal -0.9441330293000866 -0.06188174809856805 -0.3237027529028865
  outer loop
   vertex -10.857142857142858 1.329616524788555e-15 20.0
   vertex -10.764258494915657 -1.4171415155319906 20.0
   vertex -11.614068376093208 -1.5290211088634638 22.5
  endloop
 endfacet
 facet normal -0.9441330293000865 -0.061881748098568876 -0.32370275290288697
  outer loop
   vertex -10.857142857142858 1.329616524788555e-15 20.0
   vertex -11.614068376093208 -1.5290211088634638 22.5
   vertex -11.714285714285715 1.4345862504297568e-15 22.5
  endloop
 endfacet
 facet normal -0.9441330293000866 -0.06188174809856888 -0.3237027529028865
  outer loop
   vertex -11.714285714285715 1.4345862504297568e-15 22.5
   vertex -11.614068376093208 -1.5290211088634638 22.5
   vertex -12.463878257270759 -1.6409007021949364 25.0
  endloop
 endfacet
 facet normal -0.9441330293000867 -0.061881748098568605 -0.32370275290288636
  outer loop
   vertex -11.714285714285715 1.4345862504297568e-15 22.5
   vertex -12.463878257270759 -1.6409007021949364 25.0
   vertex -12.571428571428571 1.5395559760709582e-15 25.0
  endloop
 endfacet
 facet normal -0.9441330293000865 -0.06188174809856859 -0.3237027529028872
  outer loop
   vertex -12.571428571428571 1.5395559760709582e-15 25.0
   vertex -12.463878257270759 -1.6409007021949364 25.0
   vertex -13.313688138448311 -1.7527802955264096 27.5
  endloop
 endfacet
 facet normal -0.9441330293000865 -0.06188174809856832 -0.32370275290288697
  outer loop
   vertex -12.571428571428571 1.5395559760709582e-15 25.0
   vertex -13.313688138448311 -1.7527802955264096 27.5
   vertex -13.428571428571429 1.64452570171216e-15 27.5
  endloop
 endfacet
 facet normal -0.9441330293000866 -0.061881748098568334 -0.3237027529028866
  outer loop
   vertex -13.428571428571429 1.64452570171216e-15 27.5
   vertex -13.313688138448311 -1.7527802955264096 27.5
   vertex -14.163498019625862 -1.8646598888578823 30.0
  endloop
 endfacet
 facet normal -0.9441330293000868 -0.061881748098568126 -0.32370275290288647
  outer loop
   vertex -13.428571428571429 1.64452570171216e-15 27.5
   vertex -14.163498019625862 -1.8646598888578823 30.0
   vertex -14.285714285714285 1.7494954273533616e-15 30.0
  endloop
 endfacet
 facet normal -0.9441330293000866 -0.061881748098568105 -0.3237027529028866
  outer loop
   vertex -14.285714285714285 1.7494954273533616e-15 30.0
   vertex -14.163498019625862 -1.8646598888578823 30.0
   vertex -15.013307900803413 -1.9765394821893554 32.5
  endloop
 endfacet
 facet normal -0.9441330293000864 -0.06188174809856873 -0.32370275290288697
  outer loop
   vertex -14.285714285714285 1.7494954273533616e-15 30.0
   vertex -15.013307900803413 -1.9765394821893554 32.5
   vertex -15.142857142857142 1.8544651529945634e-15 32.5
  endloop
 endfacet
 facet normal -0.9441330293000864 -0.06188174809856873 -0.32370275290288714
  outer loop
   vertex -15.142857142857142 1.8544651529945634e-15 32.5
   vertex -15.013307900803413 -1.9765394821893554 32.5
   vertex -15.863117781980966 -2.0884190755208283 35.0
  endloop
 endfacet
 facet normal -0.9441330293000864 -0.06188174809856851 -0.3237027529028869
  outer loop
   vertex -15.142857142857142 1.8544651529945634e-15 32.5
   vertex -15.863117781980966 -2.0884190755208283 35.0
   vertex -16.0 1.959434878635765e-15 35.0
  endloop
 endfacet
 facet normal -0.9279786514056335 -0.18458643042887662 -0.3237027529028866
  outer loop
   vertex -3.9657794454952415 -0.5221047688802071 0.0
   vertex -3.8637033051562737 -1.0352761804100814 0.0
   vertex -4.69163972768976 -1.2571210762122416 2.5
  endloop
 endfacet
 facet normal -0.9279786514056334 -0.18458643042887682 -0.32370275290288664
  outer loop
   vertex -3.9657794454952415 -0.5221047688802071 0.0
   vertex -4.69163972768976 -1.2571210762122416 2.5
   vertex -4.815589326672793 -0.63398436221168 2.5
  endloop
 endfacet
 facet normal -0.9279786514056333 -0.18458643042887693 -0.32370275290288697
  outer loop
   vertex -4.815589326672793 -0.63398436221168 2.5
   vertex -4.69163972768976 -1.2571210762122416 2.5
   vertex -5.519576150223248 -1.478965972014402 5.0
  endloop
 endfacet
 facet normal -0.9279786514056335 -0.1845864304288766 -0.3237027529028868
  outer loop
   vertex -4.815589326672793 -0.63398436221168 2.5
   vertex -5.519576150223248 -1.478965972014402 5.0
   vertex -5.665399207850345 -0.745863955543153 5.0
  endloop
 endfacet
 facet normal -0.9279786514056335 -0.18458643042887662 -0.3237027529028869
  outer loop
   vertex -5.665399207850345 -0.745863955543153 5.0
   vertex -5.519576150223248 -1.478965972014402 5.0
   vertex -6.347512572756735 -1.7008108678165623 7.5
  endloop
 endfacet
 facet normal -0.9279786514056335 -0.18458643042887635 -0.32370275290288686
  outer loop
   vertex -5.665399207850345 -0.745863955543153 5.0
   vertex -6.347512572756735 -1.7008108678165623 7.5
   vertex -6.515209089027897 -0.8577435488746259 7.5
  endloop
 endfacet
 facet normal -0.9279786514056335 -0.18458643042887635 -0.3237027529028869
  outer loop
   vertex -6.515209089027897 -0.8577435488746259 7.5
   vertex -6.347512572756735 -1.7008108678165623 7.5
   vertex -7.175448995290223 -1.9226557636187227 10.0
  endloop
 endfacet
 facet normal -0.9279786514056334 -0.18458643042887618 -0.3237027529028868
  outer loop
   vertex -6.515209089027897 -0.8577435488746259 7.5
   vertex -7.175448995290223 -1.9226557636187227 10.0
   vertex -7.3650189702054485 -0.9696231422060989 10.0
  endloop
 endfacet
 facet normal -0.9279786514056336 -0.1845864304288762 -0.3237027529028866
  outer loop
   vertex -7.3650189702054485 -0.9696231422060989 10.0
   vertex -7.175448995290223 -1.9226557636187227 10.0
   vertex -8.00338541782371 -2.1445006594208826 12.5
  endloop
 endfacet
 facet normal -0.9279786514056338 -0.18458643042887532 -0.32370275290288625
  outer loop
   vertex -7.3650189702054485 -0.9696231422060989 10.0
   vertex -8.00338541782371 -2.1445006594208826 12.5
   vertex -8.214828851382999 -1.0815027355375717 12.5
  endloop
 endfacet
 facet normal -0.9279786514056338 -0.18458643042887535 -0.32370275290288664
  outer loop
   vertex -8.214828851382999 -1.0815027355375717 12.5
   vertex -8.00338541782371 -2.1445006594208826 12.5
   vertex -8.831321840357196 -2.366345555223043 15.0
  endloop
 endfacet
 facet normal -0.9279786514056333 -0.1845864304288766 -0.3237027529028871
  outer loop
   vertex -8.214828851382999 -1.0815027355375717 12.5
   vertex -8.831321840357196 -2.366345555223043 15.0
   vertex -9.064638732560551 -1.1933823288690446 15.0
  endloop
 endfacet
 facet normal -0.9279786514056332 -0.18458643042887657 -0.3237027529028872
  outer loop
   vertex -9.064638732560551 -1.1933823288690446 15.0
   vertex -8.831321840357196 -2.366345555223043 15.0
   vertex -9.659258262890685 -2.5881904510252034 17.5
  endloop
 endfacet
 facet normal -0.9279786514056333 -0.18458643042887643 -0.32370275290288714
  outer loop
   vertex -9.064638732560551 -1.1933823288690446 15.0
   vertex -9.659258262890685 -2.5881904510252034 17.5
   vertex -9.914448613738104 -1.3052619222005177 17.5
  endloop
 endfacet
 facet normal -0.9279786514056335 -0.18458643042887649 -0.32370275290288664
  outer loop
   vertex -9.914448613738104 -1.3052619222005177 17.5
   vertex -9.659258262890685 -2.5881904510252034 17.5
   vertex -10.487194685424171 -2.810035346827364 20.0
  endloop
 endfacet
 facet normal -0.9279786514056332 -0.18458643042887746 -0.32370275290288714
  outer loop
   vertex -9.914448613738104 -1.3052619222005177 17.5
   vertex -10.487194685424171 -2.810035346827364 20.0
   vertex -10.764258494915657 -1.4171415155319906 20.0
  endloop
 endfacet
 facet normal -0.9279786514056332 -0.18458643042887746 -0.32370275290288725
  outer loop
   vertex -10.764258494915657 -1.4171415155319906 20.0
   vertex -10.487194685424171 -2.810035346827364 20.0
   vertex -11.31513110795766 -3.031880242629524 22.5
  endloop
 endfacet
 facet normal -0.9279786514056335 -0.1845864304288762 -0.32370275290288647
  outer loop
   vertex -10.764258494915657 -1.4171415155319906 20.0
   vertex -11.31513110795766 -3.031880242629524 22.5
   vertex -11.614068376093208 -1.5290211088634638 22.5
  endloop
 endfacet
 facet normal -0.9279786514056336 -0.18458643042887624 -0.32370275290288664
  outer loop
   vertex -11.614068376093208 -1.5290211088634638 22.5
   vertex -11.31513110795766 -3.031880242629524 22.5
   vertex -12.143067530491146 -3.2537251384316845 25.0
  endloop
 endfacet
 facet normal -0.9279786514056337 -0.1845864304288761 -0.3237027529028865
  outer loop
   vertex -11.614068376093208 -1.5290211088634638 22.5
   vertex -12.143067530491146 -3.2537251384316845 25.0
   vertex -12.463878257270759 -1.6409007021949364 25.0
  endloop
 endfacet
 facet normal -0.9279786514056337 -0.1845864304288761 -0.32370275290288664
  outer loop
   vertex -12.463878257270759 -1.6409007021949364 25.0
   vertex -12.143067530491146 -3.2537251384316845 25.0
   vertex -12.971003953024633 -3.475570034233845 27.5
  endloop
 endfacet
 facet normal -0.9279786514056332 -0.1845864304288769 -0.32370275290288714
  outer loop
   vertex -12.463878257270759 -1.6409007021949364 25.0
   vertex -12.971003953024633 -3.475570034233845 27.5
   vertex -13.313688138448311 -1.7527802955264096 27.5
  endloop
 endfacet
 facet normal -0.9279786514056334 -0.18458643042887693 -0.3237027529028866
  outer loop
   vertex -13.313688138448311 -1.7527802955264096 27.5
   vertex -12.971003953024633 -3.475570034233845 27.5
   vertex -13.79894037555812 -3.697414930036005 30.0
  endloop
 endfacet
 facet normal -0.9279786514056336 -0.18458643042887685 -0.3237027529028865
  outer loop
   vertex -13.313688138448311 -1.7527802955264096 27.5
   vertex -13.79894037555812 -3.697414930036005 30.0
   vertex -14.163498019625862 -1.8646598888578823 30.0
  endloop
 endfacet
 facet normal -0.9279786514056334 -0.18458643042887685 -0.3237027529028867
  outer loop
   vertex -14.163498019625862 -1.8646598888578823 30.0
   vertex -13.79894037555812 -3.697414930036005 30.0
   vertex -14.626876798091606 -3.9192598258381652 32.5
  endloop
 endfacet
 facet normal -0.9279786514056335 -0.1845864304288767 -0.3237027529028866
  outer loop
   vertex -14.163498019625862 -1.8646598888578823 30.0
   vertex -14.626876798091606 -3.9192598258381652 32.5
   vertex -15.013307900803413 -1.9765394821893554 32.5
  endloop
 endfacet
 facet normal -0.9279786514056332 -0.18458643042887665 -0.3237027529028872
  outer loop
   vertex -15.013307900803413 -1.9765394821893554 32.5
   vertex -14.626876798091606 -3.9192598258381652 32.5
   vertex -15.454813220625095 -4.141104721640326 35.0
  endloop
 endfacet
 facet normal -0.9279786514056333 -0.18458643042887654 -0.3237027529028871
  outer loop
   vertex -15.013307900803413 -1.9765394821893554 32.5
   vertex -15.454813220625095 -4.141104721640326 35.0
   vertex -15.863117781980966 -2.0884190755208283 35.0
  endloop
 endfacet
 facet normal -0.8959463015013411 -0.30413278775751995 -0.32370275290288675
  outer loop
   vertex -3.8637033051562737 -1.0352761804100814 0.0
   vertex -3.6955181300451474 -1.5307337294603587 0.0
   vertex -4.487414872197679 -1.858748100059007 2.5
  endloop
 endfacet
 facet normal -0.8959463015013414 -0.30413278775751945 -0.32370275290288664
  outer loop
   vertex -3.8637033051562737 -1.0352761804100814 0.0
   vertex -4.487414872197679 -1.858748100059007 2.5
   vertex -4.69163972768976 -1.2571210762122416 2.5
  endloop
 endfacet
 facet normal -0.8959463015013414 -0.30413278775751945 -0.3237027529028869
  outer loop
   vertex -4.69163972768976 -1.2571210762122416 2.5
   vertex -4.487414872197679 -1.858748100059007 2.5
   vertex -5.279311614350211 -2.1867624706576554 5.0
  endloop
 endfacet
 facet normal -0.895946301501341 -0.30413278775751956 -0.32370275290288697
  outer loop
   vertex -4.69163972768976 -1.2571210762122416 2.5
   vertex -5.279311614350211 -2.1867624706576554 5.0
   vertex -5.519576150223248 -1.478965972014402 5.0
  endloop
 endfacet
 facet normal -0.8959463015013412 -0.3041327877575196 -0.3237027529028866
  outer loop
   vertex -5.519576150223248 -1.478965972014402 5.0
   vertex -5.279311614350211 -2.1867624706576554 5.0
   vertex -6.0712083565027415 -2.5147768412563036 7.5
  endloop
 endfacet
 facet normal -0.8959463015013407 -0.3041327877575206 -0.3237027529028869
  outer loop
   vertex -5.519576150223248 -1.478965972014402 5.0
   vertex -6.0712083565027415 -2.5147768412563036 7.5
   vertex -6.347512572756735 -1.7008108678165623 7.5
  endloop
 endfacet
 facet normal -0.8959463015013407 -0.3041327877575206 -0.32370275290288725
  outer loop
   vertex -6.347512572756735 -1.7008108678165623 7.5
   vertex -6.0712083565027415 -2.5147768412563036 7.5
   vertex -6.863105098655274 -2.842791211854952 10.0
  endloop
 endfacet
 facet normal -0.895946301501341 -0.3041327877575199 -0.3237027529028869
  outer loop
   vertex -6.347512572756735 -1.7008108678165623 7.5
   vertex -6.863105098655274 -2.842791211854952 10.0
   vertex -7.175448995290223 -1.9226557636187227 10.0
  endloop
 endfacet
 facet normal -0.8959463015013411 -0.30413278775751995 -0.32370275290288625
  outer loop
   vertex -7.175448995290223 -1.9226557636187227 10.0
   vertex -6.863105098655274 -2.842791211854952 10.0
   vertex -7.655001840807804 -3.1708055824535997 12.5
  endloop
 endfacet
 facet normal -0.8959463015013409 -0.3041327877575208 -0.32370275290288664
  outer loop
   vertex -7.175448995290223 -1.9226557636187227 10.0
   vertex -7.655001840807804 -3.1708055824535997 12.5
   vertex -8.00338541782371 -2.1445006594208826 12.5
  endloop
 endfacet
 facet normal -0.8959463015013406 -0.3041327877575207 -0.3237027529028872
  outer loop
   vertex -8.00338541782371 -2.1445006594208826 12.5
   vertex -7.655001840807804 -3.1708055824535997 12.5
   vertex -8.446898582960337 -3.4988199530522484 15.0
  endloop
 endfacet
 facet normal -0.8959463015013414 -0.3041327877575194 -0.32370275290288664
  outer loop
   vertex -8.00338541782371 -2.1445006594208826 12.5
   vertex -8.446898582960337 -3.4988199530522484 15.0
   vertex -8.831321840357196 -2.366345555223043 15.0
  endloop
 endfacet
 facet normal -0.8959463015013415 -0.3041327877575194 -0.3237027529028866
  outer loop
   vertex -8.831321840357196 -2.366345555223043 15.0
   vertex -8.446898582960337 -3.4988199530522484 15.0
   vertex -9.238795325112868 -3.8268343236508966 17.5
  endloop
 endfacet
 facet normal -0.8959463015013407 -0.3041327877575206 -0.3237027529028872
  outer loop
   vertex -8.831321840357196 -2.366345555223043 15.0
   vertex -9.238795325112868 -3.8268343236508966 17.5
   vertex -9.659258262890685 -2.5881904510252034 17.5
  endloop
 endfacet
 facet normal -0.8959463015013407 -0.3041327877575206 -0.32370275290288725
  outer loop
   vertex -9.659258262890685 -2.5881904510252034 17.5
   vertex -9.238795325112868 -3.8268343236508966 17.5
   vertex -10.0306920672654 -4.154848694249545 20.0
  endloop
 endfacet
 facet normal -0.8959463015013412 -0.3041327877575195 -0.3237027529028867
  outer loop
   vertex -9.659258262890685 -2.5881904510252034 17.5
   vertex -10.0306920672654 -4.154848694249545 20.0
   vertex -10.487194685424171 -2.810035346827364 20.0
  endloop
 endfacet
 facet normal -0.895946301501341 -0.30413278775751945 -0.32370275290288714
  outer loop
   vertex -10.487194685424171 -2.810035346827364 20.0
   vertex -10.0306920672654 -4.154848694249545 20.0
   vertex -10.822588809417933 -4.4828630648481935 22.5
  endloop
 endfacet
 facet normal -0.8959463015013409 -0.30413278775751956 -0.3237027529028872
  outer loop
   vertex -10.487194685424171 -2.810035346827364 20.0
   vertex -10.822588809417933 -4.4828630648481935 22.5
   vertex -11.31513110795766 -3.031880242629524 22.5
  endloop
 endfacet
 facet normal -0.8959463015013416 -0.30413278775751973 -0.32370275290288597
  outer loop
   vertex -11.31513110795766 -3.031880242629524 22.5
   vertex -10.822588809417933 -4.4828630648481935 22.5
   vertex -11.614485551570462 -4.810877435446842 25.0
  endloop
 endfacet
 facet normal -0.8959463015013409 -0.3041327877575207 -0.32370275290288664
  outer loop
   vertex -11.31513110795766 -3.031880242629524 22.5
   vertex -11.614485551570462 -4.810877435446842 25.0
   vertex -12.143067530491146 -3.2537251384316845 25.0
  endloop
 endfacet
 facet normal -0.8959463015013408 -0.3041327877575206 -0.32370275290288714
  outer loop
   vertex -12.143067530491146 -3.2537251384316845 25.0
   vertex -11.614485551570462 -4.810877435446842 25.0
   vertex -12.406382293722995 -5.13889180604549 27.5
  endloop
 endfacet
 facet normal -0.8959463015013411 -0.3041327877575198 -0.3237027529028866
  outer loop
   vertex -12.143067530491146 -3.2537251384316845 25.0
   vertex -12.406382293722995 -5.13889180604549 27.5
   vertex -12.971003953024633 -3.475570034233845 27.5
  endloop
 endfacet
 facet normal -0.8959463015013412 -0.30413278775751984 -0.32370275290288647
  outer loop
   vertex -12.971003953024633 -3.475570034233845 27.5
   vertex -12.406382293722995 -5.13889180604549 27.5
   vertex -13.198279035875526 -5.466906176644137 30.0
  endloop
 endfacet
 facet normal -0.895946301501341 -0.30413278775751995 -0.32370275290288664
  outer loop
   vertex -12.971003953024633 -3.475570034233845 27.5
   vertex -13.198279035875526 -5.466906176644137 30.0
   vertex -13.79894037555812 -3.697414930036005 30.0
  endloop
 endfacet
 facet normal -0.8959463015013411 -0.3041327877575199 -0.3237027529028866
  outer loop
   vertex -13.79894037555812 -3.697414930036005 30.0
   vertex -13.198279035875526 -5.466906176644137 30.0
   vertex -13.990175778028057 -5.7949205472427865 32.5
  endloop
 endfacet
 facet normal -0.8959463015013411 -0.3041327877575199 -0.32370275290288664
  outer loop
   vertex -13.79894037555812 -3.697414930036005 30.0
   vertex -13.990175778028057 -5.7949205472427865 32.5
   vertex -14.626876798091606 -3.9192598258381652 32.5
  endloop
 endfacet
 facet normal -0.8959463015013409 -0.30413278775751984 -0.32370275290288714
  outer loop
   vertex -14.626876798091606 -3.9192598258381652 32.5
   vertex -13.990175778028057 -5.7949205472427865 32.5
   vertex -14.78207252018059 -6.122934917841435 35.0
  endloop
 endfacet
 facet normal -0.8959463015013409 -0.3041327877575199 -0.3237027529028872
  outer loop
   vertex -14.626876798091606 -3.9192598258381652 32.5
   vertex -14.78207252018059 -6.122934917841435 35.0
   vertex -15.454813220625095 -4.141104721640326 35.0
  endloop
 endfacet
 facet normal -0.8485840619751167 -0.4184753487660938 -0.3237027529028868
  outer loop
   vertex -3.6955181300451474 -1.5307337294603587 0.0
   vertex -3.4641016151377544 -2.0000000000000004 0.0
   vertex -4.206409104095845 -2.428571428571429 2.5
  endloop
 endfacet
 facet normal -0.8485840619751168 -0.41847534876609355 -0.32370275290288675
  outer loop
   vertex -3.6955181300451474 -1.5307337294603587 0.0
   vertex -4.206409104095845 -2.428571428571429 2.5
   vertex -4.487414872197679 -1.858748100059007 2.5
  endloop
 endfacet
 facet normal -0.8485840619751168 -0.41847534876609355 -0.3237027529028868
  outer loop
   vertex -4.487414872197679 -1.858748100059007 2.5
   vertex -4.206409104095845 -2.428571428571429 2.5
   vertex -4.948716593053935 -2.8571428571428577 5.0
  endloop
 endfacet
 facet normal -0.8485840619751167 -0.41847534876609377 -0.32370275290288686
  outer loop
   vertex -4.487414872197679 -1.858748100059007 2.5
   vertex -4.948716593053935 -2.8571428571428577 5.0
   vertex -5.279311614350211 -2.1867624706576554 5.0
  endloop
 endfacet
 facet normal -0.8485840619751167 -0.4184753487660938 -0.32370275290288686
  outer loop
   vertex -5.279311614350211 -2.1867624706576554 5.0
   vertex -4.948716593053935 -2.8571428571428577 5.0
   vertex -5.691024082012025 -3.2857142857142865 7.5
  endloop
 endfacet
 facet normal -0.8485840619751173 -0.4184753487660931 -0.3237027529028866
  outer loop
   vertex -5.279311614350211 -2.1867624706576554 5.0
   vertex -5.691024082012025 -3.2857142857142865 7.5
   vertex -6.0712083565027415 -2.5147768412563036 7.5
  endloop
 endfacet
 facet normal -0.8485840619751172 -0.4184753487660931 -0.32370275290288686
  outer loop
   vertex -6.0712083565027415 -2.5147768412563036 7.5
   vertex -5.691024082012025 -3.2857142857142865 7.5
   vertex -6.4333315709701155 -3.7142857142857153 10.0
  endloop
 endfacet
 facet normal -0.8485840619751166 -0.4184753487660938 -0.3237027529028871
  outer loop
   vertex -6.0712083565027415 -2.5147768412563036 7.5
   vertex -6.4333315709701155 -3.7142857142857153 10.0
   vertex -6.863105098655274 -2.842791211854952 10.0
  endloop
 endfacet
 facet normal -0.8485840619751169 -0.41847534876609394 -0.3237027529028864
  outer loop
   vertex -6.863105098655274 -2.842791211854952 10.0
   vertex -6.4333315709701155 -3.7142857142857153 10.0
   vertex -7.175639059928205 -4.142857142857143 12.5
  endloop
 endfacet
 facet normal -0.8485840619751172 -0.41847534876609366 -0.32370275290288636
  outer loop
   vertex -6.863105098655274 -2.842791211854952 10.0
   vertex -7.175639059928205 -4.142857142857143 12.5
   vertex -7.655001840807804 -3.1708055824535997 12.5
  endloop
 endfacet
 facet normal -0.8485840619751169 -0.41847534876609344 -0.32370275290288686
  outer loop
   vertex -7.655001840807804 -3.1708055824535997 12.5
   vertex -7.175639059928205 -4.142857142857143 12.5
   vertex -7.917946548886295 -4.571428571428572 15.0
  endloop
 endfacet
 facet normal -0.8485840619751165 -0.4184753487660942 -0.3237027529028872
  outer loop
   vertex -7.655001840807804 -3.1708055824535997 12.5
   vertex -7.917946548886295 -4.571428571428572 15.0
   vertex -8.446898582960337 -3.4988199530522484 15.0
  endloop
 endfacet
 facet normal -0.8485840619751165 -0.4184753487660942 -0.32370275290288686
  outer loop
   vertex -8.446898582960337 -3.4988199530522484 15.0
   vertex -7.917946548886295 -4.571428571428572 15.0
   vertex -8.660254037844386 -5.000000000000001 17.5
  endloop
 endfacet
 facet normal -0.8485840619751168 -0.41847534876609377 -0.32370275290288664
  outer loop
   vertex -8.446898582960337 -3.4988199530522484 15.0
   vertex -8.660254037844386 -5.000000000000001 17.5
   vertex -9.238795325112868 -3.8268343236508966 17.5
  endloop
 endfacet
 facet normal -0.8485840619751167 -0.4184753487660937 -0.32370275290288686
  outer loop
   vertex -9.238795325112868 -3.8268343236508966 17.5
   vertex -8.660254037844386 -5.000000000000001 17.5
   vertex -9.402561526802476 -5.42857142857143 20.0
  endloop
 endfacet
 facet normal -0.8485840619751164 -0.4184753487660943 -0.3237027529028872
  outer loop
   vertex -9.238795325112868 -3.8268343236508966 17.5
   vertex -9.402561526802476 -5.42857142857143 20.0
   vertex -10.0306920672654 -4.154848694249545 20.0
  endloop
 endfacet
 facet normal -0.8485840619751163 -0.41847534876609427 -0.3237027529028874
  outer loop
   vertex -10.0306920672654 -4.154848694249545 20.0
   vertex -9.402561526802476 -5.42857142857143 20.0
   vertex -10.144869015760568 -5.8571428571428585 22.5
  endloop
 endfacet
 facet normal -0.8485840619751166 -0.4184753487660938 -0.3237027529028871
  outer loop
   vertex -10.0306920672654 -4.154848694249545 20.0
   vertex -10.144869015760568 -5.8571428571428585 22.5
   vertex -10.822588809417933 -4.4828630648481935 22.5
  endloop
 endfacet
 facet normal -0.8485840619751169 -0.418475348766094 -0.32370275290288636
  outer loop
   vertex -10.822588809417933 -4.4828630648481935 22.5
   vertex -10.144869015760568 -5.8571428571428585 22.5
   vertex -10.887176504718656 -6.285714285714287 25.0
  endloop
 endfacet
 facet normal -0.848584061975117 -0.4184753487660936 -0.323702752902886
  outer loop
   vertex -10.822588809417933 -4.4828630648481935 22.5
   vertex -10.887176504718656 -6.285714285714287 25.0
   vertex -11.614485551570462 -4.810877435446842 25.0
  endloop
 endfacet
 facet normal -0.8485840619751169 -0.4184753487660935 -0.32370275290288686
  outer loop
   vertex -11.614485551570462 -4.810877435446842 25.0
   vertex -10.887176504718656 -6.285714285714287 25.0
   vertex -11.629483993676747 -6.714285714285716 27.5
  endloop
 endfacet
 facet normal -0.8485840619751166 -0.4184753487660939 -0.32370275290288714
  outer loop
   vertex -11.614485551570462 -4.810877435446842 25.0
   vertex -11.629483993676747 -6.714285714285716 27.5
   vertex -12.406382293722995 -5.13889180604549 27.5
  endloop
 endfacet
 facet normal -0.8485840619751167 -0.41847534876609394 -0.3237027529028867
  outer loop
   vertex -12.406382293722995 -5.13889180604549 27.5
   vertex -11.629483993676747 -6.714285714285716 27.5
   vertex -12.371791482634837 -7.142857142857144 30.0
  endloop
 endfacet
 facet normal -0.8485840619751168 -0.41847534876609366 -0.32370275290288647
  outer loop
   vertex -12.406382293722995 -5.13889180604549 27.5
   vertex -12.371791482634837 -7.142857142857144 30.0
   vertex -13.198279035875526 -5.466906176644137 30.0
  endloop
 endfacet
 facet normal -0.8485840619751168 -0.4184753487660936 -0.3237027529028868
  outer loop
   vertex -13.198279035875526 -5.466906176644137 30.0
   vertex -12.371791482634837 -7.142857142857144 30.0
   vertex -13.114098971592927 -7.571428571428573 32.5
  endloop
 endfacet
 facet normal -0.8485840619751169 -0.41847534876609344 -0.3237027529028867
  outer loop
   vertex -13.198279035875526 -5.466906176644137 30.0
   vertex -13.114098971592927 -7.571428571428573 32.5
   vertex -13.990175778028057 -5.7949205472427865 32.5
  endloop
 endfacet
 facet normal -0.8485840619751169 -0.41847534876609344 -0.3237027529028868
  outer loop
   vertex -13.990175778028057 -5.7949205472427865 32.5
   vertex -13.114098971592927 -7.571428571428573 32.5
   vertex -13.856406460551018 -8.000000000000002 35.0
  endloop
 endfacet
 facet normal -0.8485840619751166 -0.41847534876609377 -0.32370275290288714
  outer loop
   vertex -13.990175778028057 -5.7949205472427865 32.5
   vertex -13.856406460551018 -8.000000000000002 35.0
   vertex -14.78207252018059 -6.122934917841435 35.0
  endloop
 endfacet
 facet normal -0.7867023138765484 -0.525657680533993 -0.32370275290288664
  outer loop
   vertex -3.4641016151377544 -2.0000000000000004 0.0
   vertex -3.1734133611649415 -2.4350457160348813 0.0
   vertex -3.853430509986 -2.956841226613784 2.5
  endloop
 endfacet
 facet normal -0.786702313876548 -0.5256576805339936 -0.32370275290288675
  outer loop
   vertex -3.4641016151377544 -2.0000000000000004 0.0
   vertex -3.853430509986 -2.956841226613784 2.5
   vertex -4.206409104095845 -2.428571428571429 2.5
  endloop
 endfacet
 facet normal -0.7867023138765479 -0.5256576805339935 -0.323702752902887
  outer loop
   vertex -4.206409104095845 -2.428571428571429 2.5
   vertex -3.853430509986 -2.956841226613784 2.5
   vertex -4.533447658807059 -3.4786367371926876 5.0
  endloop
 endfacet
 facet normal -0.7867023138765483 -0.525657680533993 -0.3237027529028869
  outer loop
   vertex -4.206409104095845 -2.428571428571429 2.5
   vertex -4.533447658807059 -3.4786367371926876 5.0
   vertex -4.948716593053935 -2.8571428571428577 5.0
  endloop
 endfacet
 facet normal -0.7867023138765484 -0.525657680533993 -0.3237027529028868
  outer loop
   vertex -4.948716593053935 -2.8571428571428577 5.0
   vertex -4.533447658807059 -3.4786367371926876 5.0
   vertex -5.213464807628118 -4.000432247771591 7.5
  endloop
 endfacet
 facet normal -0.7867023138765483 -0.5256576805339931 -0.32370275290288686
  outer loop
   vertex -4.948716593053935 -2.8571428571428577 5.0
   vertex -5.213464807628118 -4.000432247771591 7.5
   vertex -5.691024082012025 -3.2857142857142865 7.5
  endloop
 endfacet
 facet normal -0.7867023138765483 -0.5256576805339931 -0.3237027529028869
  outer loop
   vertex -5.691024082012025 -3.2857142857142865 7.5
   vertex -5.213464807628118 -4.000432247771591 7.5
   vertex -5.893481956449177 -4.522227758350494 10.0
  endloop
 endfacet
 facet normal -0.7867023138765483 -0.5256576805339929 -0.32370275290288686
  outer loop
   vertex -5.691024082012025 -3.2857142857142865 7.5
   vertex -5.893481956449177 -4.522227758350494 10.0
   vertex -6.4333315709701155 -3.7142857142857153 10.0
  endloop
 endfacet
 facet normal -0.7867023138765485 -0.5256576805339931 -0.32370275290288636
  outer loop
   vertex -6.4333315709701155 -3.7142857142857153 10.0
   vertex -5.893481956449177 -4.522227758350494 10.0
   vertex -6.573499105270235 -5.044023268929396 12.5
  endloop
 endfacet
 facet normal -0.7867023138765482 -0.5256576805339932 -0.3237027529028864
  outer loop
   vertex -6.4333315709701155 -3.7142857142857153 10.0
   vertex -6.573499105270235 -5.044023268929396 12.5
   vertex -7.175639059928205 -4.142857142857143 12.5
  endloop
 endfacet
 facet normal -0.7867023138765481 -0.5256576805339932 -0.3237027529028872
  outer loop
   vertex -7.175639059928205 -4.142857142857143 12.5
   vertex -6.573499105270235 -5.044023268929396 12.5
   vertex -7.253516254091295 -5.5658187795083 15.0
  endloop
 endfacet
 facet normal -0.7867023138765485 -0.5256576805339926 -0.32370275290288686
  outer loop
   vertex -7.175639059928205 -4.142857142857143 12.5
   vertex -7.253516254091295 -5.5658187795083 15.0
   vertex -7.917946548886295 -4.571428571428572 15.0
  endloop
 endfacet
 facet normal -0.7867023138765485 -0.5256576805339926 -0.32370275290288686
  outer loop
   vertex -7.917946548886295 -4.571428571428572 15.0
   vertex -7.253516254091295 -5.5658187795083 15.0
   vertex -7.933533402912354 -6.0876142900872035 17.5
  endloop
 endfacet
 facet normal -0.7867023138765487 -0.5256576805339925 -0.32370275290288686
  outer loop
   vertex -7.917946548886295 -4.571428571428572 15.0
   vertex -7.933533402912354 -6.0876142900872035 17.5
   vertex -8.660254037844386 -5.000000000000001 17.5
  endloop
 endfacet
 facet normal -0.7867023138765487 -0.5256576805339925 -0.32370275290288686
  outer loop
   vertex -8.660254037844386 -5.000000000000001 17.5
   vertex -7.933533402912354 -6.0876142900872035 17.5
   vertex -8.613550551733413 -6.609409800666107 20.0
  endloop
 endfacet
 facet normal -0.7867023138765487 -0.5256576805339925 -0.3237027529028868
  outer loop
   vertex -8.660254037844386 -5.000000000000001 17.5
   vertex -8.613550551733413 -6.609409800666107 20.0
   vertex -9.402561526802476 -5.42857142857143 20.0
  endloop
 endfacet
 facet normal -0.7867023138765485 -0.5256576805339925 -0.32370275290288697
  outer loop
   vertex -9.402561526802476 -5.42857142857143 20.0
   vertex -8.613550551733413 -6.609409800666107 20.0
   vertex -9.293567700554473 -7.13120531124501 22.5
  endloop
 endfacet
 facet normal -0.7867023138765481 -0.525657680533993 -0.3237027529028873
  outer loop
   vertex -9.402561526802476 -5.42857142857143 20.0
   vertex -9.293567700554473 -7.13120531124501 22.5
   vertex -10.144869015760568 -5.8571428571428585 22.5
  endloop
 endfacet
 facet normal -0.7867023138765483 -0.5256576805339932 -0.32370275290288647
  outer loop
   vertex -10.144869015760568 -5.8571428571428585 22.5
   vertex -9.293567700554473 -7.13120531124501 22.5
   vertex -9.97358484937553 -7.6530008218239125 25.0
  endloop
 endfacet
 facet normal -0.7867023138765484 -0.525657680533993 -0.32370275290288625
  outer loop
   vertex -10.144869015760568 -5.8571428571428585 22.5
   vertex -9.97358484937553 -7.6530008218239125 25.0
   vertex -10.887176504718656 -6.285714285714287 25.0
  endloop
 endfacet
 facet normal -0.7867023138765483 -0.525657680533993 -0.32370275290288697
  outer loop
   vertex -10.887176504718656 -6.285714285714287 25.0
   vertex -9.97358484937553 -7.6530008218239125 25.0
   vertex -10.65360199819659 -8.174796332402815 27.5
  endloop
 endfacet
 facet normal -0.7867023138765485 -0.5256576805339928 -0.3237027529028868
  outer loop
   vertex -10.887176504718656 -6.285714285714287 25.0
   vertex -10.65360199819659 -8.174796332402815 27.5
   vertex -11.629483993676747 -6.714285714285716 27.5
  endloop
 endfacet
 facet normal -0.7867023138765485 -0.5256576805339929 -0.32370275290288647
  outer loop
   vertex -11.629483993676747 -6.714285714285716 27.5
   vertex -10.65360199819659 -8.174796332402815 27.5
   vertex -11.333619147017648 -8.696591842981718 30.0
  endloop
 endfacet
 facet normal -0.7867023138765482 -0.525657680533993 -0.3237027529028866
  outer loop
   vertex -11.629483993676747 -6.714285714285716 27.5
   vertex -11.333619147017648 -8.696591842981718 30.0
   vertex -12.371791482634837 -7.142857142857144 30.0
  endloop
 endfacet
 facet normal -0.7867023138765483 -0.5256576805339931 -0.32370275290288686
  outer loop
   vertex -12.371791482634837 -7.142857142857144 30.0
   vertex -11.333619147017648 -8.696591842981718 30.0
   vertex -12.013636295838706 -9.218387353560622 32.5
  endloop
 endfacet
 facet normal -0.7867023138765482 -0.5256576805339931 -0.3237027529028868
  outer loop
   vertex -12.371791482634837 -7.142857142857144 30.0
   vertex -12.013636295838706 -9.218387353560622 32.5
   vertex -13.114098971592927 -7.571428571428573 32.5
  endloop
 endfacet
 facet normal -0.7867023138765482 -0.5256576805339931 -0.323702752902887
  outer loop
   vertex -13.114098971592927 -7.571428571428573 32.5
   vertex -12.013636295838706 -9.218387353560622 32.5
   vertex -12.693653444659766 -9.740182864139525 35.0
  endloop
 endfacet
 facet normal -0.7867023138765484 -0.525657680533993 -0.32370275290288686
  outer loop
   vertex -13.114098971592927 -7.571428571428573 32.5
   vertex -12.693653444659766 -9.740182864139525 35.0
   vertex -13.856406460551018 -8.000000000000002 35.0
  endloop
 endfacet
 facet normal -0.7113598710724646 -0.6238458636481123 -0.3237027529028867
  outer loop
   vertex -3.1734133611649415 -2.4350457160348813 0.0
   vertex -2.8284271247461907 -2.82842712474619 0.0
   vertex -3.434518651477517 -3.434518651477516 2.5
  endloop
 endfacet
 facet normal -0.7113598710724648 -0.6238458636481121 -0.3237027529028866
  outer loop
   vertex -3.1734133611649415 -2.4350457160348813 0.0
   vertex -3.434518651477517 -3.434518651477516 2.5
   vertex -3.853430509986 -2.956841226613784 2.5
  endloop
 endfacet
 facet normal -0.7113598710724648 -0.623845863648112 -0.32370275290288686
  outer loop
   vertex -3.853430509986 -2.956841226613784 2.5
   vertex -3.434518651477517 -3.434518651477516 2.5
   vertex -4.040610178208844 -4.040610178208842 5.0
  endloop
 endfacet
 facet normal -0.7113598710724645 -0.6238458636481123 -0.3237027529028871
  outer loop
   vertex -3.853430509986 -2.956841226613784 2.5
   vertex -4.040610178208844 -4.040610178208842 5.0
   vertex -4.533447658807059 -3.4786367371926876 5.0
  endloop
 endfacet
 facet normal -0.7113598710724646 -0.6238458636481123 -0.32370275290288664
  outer loop
   vertex -4.533447658807059 -3.4786367371926876 5.0
   vertex -4.040610178208844 -4.040610178208842 5.0
   vertex -4.64670170494017 -4.646701704940169 7.5
  endloop
 endfacet
 facet normal -0.7113598710724643 -0.6238458636481126 -0.32370275290288675
  outer loop
   vertex -4.533447658807059 -3.4786367371926876 5.0
   vertex -4.64670170494017 -4.646701704940169 7.5
   vertex -5.213464807628118 -4.000432247771591 7.5
  endloop
 endfacet
 facet normal -0.7113598710724642 -0.6238458636481126 -0.32370275290288714
  outer loop
   vertex -5.213464807628118 -4.000432247771591 7.5
   vertex -4.64670170494017 -4.646701704940169 7.5
   vertex -5.252793231671498 -5.252793231671496 10.0
  endloop
 endfacet
 facet normal -0.7113598710724647 -0.6238458636481121 -0.32370275290288686
  outer loop
   vertex -5.213464807628118 -4.000432247771591 7.5
   vertex -5.252793231671498 -5.252793231671496 10.0
   vertex -5.893481956449177 -4.522227758350494 10.0
  endloop
 endfacet
 facet normal -0.7113598710724649 -0.6238458636481123 -0.3237027529028863
  outer loop
   vertex -5.893481956449177 -4.522227758350494 10.0
   vertex -5.252793231671498 -5.252793231671496 10.0
   vertex -5.858884758402823 -5.858884758402821 12.5
  endloop
 endfacet
 facet normal -0.7113598710724648 -0.6238458636481123 -0.3237027529028863
  outer loop
   vertex -5.893481956449177 -4.522227758350494 10.0
   vertex -5.858884758402823 -5.858884758402821 12.5
   vertex -6.573499105270235 -5.044023268929396 12.5
  endloop
 endfacet
 facet normal -0.7113598710724646 -0.6238458636481121 -0.32370275290288686
  outer loop
   vertex -6.573499105270235 -5.044023268929396 12.5
   vertex -5.858884758402823 -5.858884758402821 12.5
   vertex -6.46497628513415 -6.4649762851341475 15.0
  endloop
 endfacet
 facet normal -0.7113598710724642 -0.6238458636481126 -0.3237027529028871
  outer loop
   vertex -6.573499105270235 -5.044023268929396 12.5
   vertex -6.46497628513415 -6.4649762851341475 15.0
   vertex -7.253516254091295 -5.5658187795083 15.0
  endloop
 endfacet
 facet normal -0.7113598710724642 -0.6238458636481126 -0.3237027529028871
  outer loop
   vertex -7.253516254091295 -5.5658187795083 15.0
   vertex -6.46497628513415 -6.4649762851341475 15.0
   vertex -7.071067811865477 -7.071067811865475 17.5
  endloop
 endfacet
 facet normal -0.7113598710724646 -0.6238458636481122 -0.3237027529028869
  outer loop
   vertex -7.253516254091295 -5.5658187795083 15.0
   vertex -7.071067811865477 -7.071067811865475 17.5
   vertex -7.933533402912354 -6.0876142900872035 17.5
  endloop
 endfacet
 facet normal -0.7113598710724646 -0.6238458636481122 -0.3237027529028869
  outer loop
   vertex -7.933533402912354 -6.0876142900872035 17.5
   vertex -7.071067811865477 -7.071067811865475 17.5
   vertex -7.6771593385968036 -7.677159338596802 20.0
  endloop
 endfacet
 facet normal -0.7113598710724647 -0.6238458636481123 -0.3237027529028869
  outer loop
   vertex -7.933533402912354 -6.0876142900872035 17.5
   vertex -7.6771593385968036 -7.677159338596802 20.0
   vertex -8.613550551733413 -6.609409800666107 20.0
  endloop
 endfacet
 facet normal -0.7113598710724646 -0.6238458636481122 -0.3237027529028872
  outer loop
   vertex -8.613550551733413 -6.609409800666107 20.0
   vertex -7.6771593385968036 -7.677159338596802 20.0
   vertex -8.283250865328132 -8.283250865328128 22.5
  endloop
 endfacet
 facet normal -0.7113598710724649 -0.623845863648112 -0.32370275290288697
  outer loop
   vertex -8.613550551733413 -6.609409800666107 20.0
   vertex -8.283250865328132 -8.283250865328128 22.5
   vertex -9.293567700554473 -7.13120531124501 22.5
  endloop
 endfacet
 facet normal -0.7113598710724651 -0.6238458636481122 -0.3237027529028863
  outer loop
   vertex -9.293567700554473 -7.13120531124501 22.5
   vertex -8.283250865328132 -8.283250865328128 22.5
   vertex -8.889342392059456 -8.889342392059454 25.0
  endloop
 endfacet
 facet normal -0.7113598710724647 -0.6238458636481125 -0.32370275290288647
  outer loop
   vertex -9.293567700554473 -7.13120531124501 22.5
   vertex -8.889342392059456 -8.889342392059454 25.0
   vertex -9.97358484937553 -7.6530008218239125 25.0
  endloop
 endfacet
 facet normal -0.7113598710724645 -0.6238458636481122 -0.3237027529028872
  outer loop
   vertex -9.97358484937553 -7.6530008218239125 25.0
   vertex -8.889342392059456 -8.889342392059454 25.0
   vertex -9.495433918790784 -9.49543391879078 27.5
  endloop
 endfacet
 facet normal -0.7113598710724648 -0.6238458636481121 -0.32370275290288697
  outer loop
   vertex -9.97358484937553 -7.6530008218239125 25.0
   vertex -9.495433918790784 -9.49543391879078 27.5
   vertex -10.65360199819659 -8.174796332402815 27.5
  endloop
 endfacet
 facet normal -0.7113598710724651 -0.6238458636481123 -0.3237027529028858
  outer loop
   vertex -10.65360199819659 -8.174796332402815 27.5
   vertex -9.495433918790784 -9.49543391879078 27.5
   vertex -10.101525445522109 -10.101525445522105 30.0
  endloop
 endfacet
 facet normal -0.7113598710724642 -0.6238458636481129 -0.3237027529028864
  outer loop
   vertex -10.65360199819659 -8.174796332402815 27.5
   vertex -10.101525445522109 -10.101525445522105 30.0
   vertex -11.333619147017648 -8.696591842981718 30.0
  endloop
 endfacet
 facet normal -0.7113598710724639 -0.6238458636481127 -0.3237027529028875
  outer loop
   vertex -11.333619147017648 -8.696591842981718 30.0
   vertex -10.101525445522109 -10.101525445522105 30.0
   vertex -10.707616972253437 -10.707616972253433 32.5
  endloop
 endfacet
 facet normal -0.7113598710724649 -0.6238458636481121 -0.3237027529028869
  outer loop
   vertex -11.333619147017648 -8.696591842981718 30.0
   vertex -10.707616972253437 -10.707616972253433 32.5
   vertex -12.013636295838706 -9.218387353560622 32.5
  endloop
 endfacet
 facet normal -0.7113598710724649 -0.6238458636481121 -0.32370275290288675
  outer loop
   vertex -12.013636295838706 -9.218387353560622 32.5
   vertex -10.707616972253437 -10.707616972253433 32.5
   vertex -11.313708498984763 -11.31370849898476 35.0
  endloop
 endfacet
 facet normal -0.7113598710724646 -0.6238458636481123 -0.3237027529028869
  outer loop
   vertex -12.013636295838706 -9.218387353560622 32.5
   vertex -11.313708498984763 -11.31370849898476 35.0
   vertex -12.693653444659766 -9.740182864139525 35.0
  endloop
 endfacet
 facet normal -0.6238458636481127 -0.7113598710724643 -0.3237027529028866
  outer loop
   vertex -2.8284271247461907 -2.82842712474619 0.0
   vertex -2.4350457160348835 -3.1734133611649398 0.0
   vertex -2.9568412266137867 -3.853430509985998 2.5
  endloop
 endfacet
 facet normal -0.6238458636481122 -0.7113598710724647 -0.3237027529028867
  outer loop
   vertex -2.8284271247461907 -2.82842712474619 0.0
   vertex -2.9568412266137867 -3.853430509985998 2.5
   vertex -3.434518651477517 -3.434518651477516 2.5
  endloop
 endfacet
 facet normal -0.6238458636481122 -0.7113598710724647 -0.323702752902887
  outer loop
   vertex -3.434518651477517 -3.434518651477516 2.5
   vertex -2.9568412266137867 -3.853430509985998 2.5
   vertex -3.4786367371926907 -4.533447658807057 5.0
  endloop
 endfacet
 facet normal -0.6238458636481126 -0.7113598710724643 -0.32370275290288686
  outer loop
   vertex -3.434518651477517 -3.434518651477516 2.5
   vertex -3.4786367371926907 -4.533447658807057 5.0
   vertex -4.040610178208844 -4.040610178208842 5.0
  endloop
 endfacet
 facet normal -0.6238458636481126 -0.7113598710724643 -0.32370275290288664
  outer loop
   vertex -4.040610178208844 -4.040610178208842 5.0
   vertex -3.4786367371926907 -4.533447658807057 5.0
   vertex -4.000432247771594 -5.213464807628115 7.5
  endloop
 endfacet
 facet normal -0.6238458636481126 -0.7113598710724645 -0.3237027529028867
  outer loop
   vertex -4.040610178208844 -4.040610178208842 5.0
   vertex -4.000432247771594 -5.213464807628115 7.5
   vertex -4.64670170494017 -4.646701704940169 7.5
  endloop
 endfacet
 facet normal -0.6238458636481125 -0.7113598710724643 -0.32370275290288714
  outer loop
   vertex -4.64670170494017 -4.646701704940169 7.5
   vertex -4.000432247771594 -5.213464807628115 7.5
   vertex -4.522227758350498 -5.8934819564491745 10.0
  endloop
 endfacet
 facet normal -0.6238458636481125 -0.7113598710724643 -0.3237027529028871
  outer loop
   vertex -4.64670170494017 -4.646701704940169 7.5
   vertex -4.522227758350498 -5.8934819564491745 10.0
   vertex -5.252793231671498 -5.252793231671496 10.0
  endloop
 endfacet
 facet normal -0.6238458636481127 -0.7113598710724646 -0.32370275290288625
  outer loop
   vertex -5.252793231671498 -5.252793231671496 10.0
   vertex -4.522227758350498 -5.8934819564491745 10.0
   vertex -5.044023268929401 -6.573499105270232 12.5
  endloop
 endfacet
 facet normal -0.6238458636481126 -0.7113598710724645 -0.3237027529028862
  outer loop
   vertex -5.252793231671498 -5.252793231671496 10.0
   vertex -5.044023268929401 -6.573499105270232 12.5
   vertex -5.858884758402823 -5.858884758402821 12.5
  endloop
 endfacet
 facet normal -0.6238458636481125 -0.7113598710724643 -0.3237027529028871
  outer loop
   vertex -5.858884758402823 -5.858884758402821 12.5
   vertex -5.044023268929401 -6.573499105270232 12.5
   vertex -5.565818779508305 -7.2535162540912905 15.0
  endloop
 endfacet
 facet normal -0.6238458636481128 -0.711359871072464 -0.3237027529028869
  outer loop
   vertex -5.858884758402823 -5.858884758402821 12.5
   vertex -5.565818779508305 -7.2535162540912905 15.0
   vertex -6.46497628513415 -6.4649762851341475 15.0
  endloop
 endfacet
 facet normal -0.6238458636481128 -0.711359871072464 -0.3237027529028869
  outer loop
   vertex -6.46497628513415 -6.4649762851341475 15.0
   vertex -5.565818779508305 -7.2535162540912905 15.0
   vertex -6.087614290087209 -7.933533402912349 17.5
  endloop
 endfacet
 facet normal -0.6238458636481123 -0.7113598710724643 -0.32370275290288714
  outer loop
   vertex -6.46497628513415 -6.4649762851341475 15.0
   vertex -6.087614290087209 -7.933533402912349 17.5
   vertex -7.071067811865477 -7.071067811865475 17.5
  endloop
 endfacet
 facet normal -0.6238458636481123 -0.7113598710724643 -0.32370275290288714
  outer loop
   vertex -7.071067811865477 -7.071067811865475 17.5
   vertex -6.087614290087209 -7.933533402912349 17.5
   vertex -6.609409800666112 -8.61355055173341 20.0
  endloop
 endfacet
 facet normal -0.6238458636481128 -0.7113598710724641 -0.3237027529028869
  outer loop
   vertex -7.071067811865477 -7.071067811865475 17.5
   vertex -6.609409800666112 -8.61355055173341 20.0
   vertex -7.6771593385968036 -7.677159338596802 20.0
  endloop
 endfacet
 facet normal -0.6238458636481128 -0.7113598710724641 -0.3237027529028869
  outer loop
   vertex -7.6771593385968036 -7.677159338596802 20.0
   vertex -6.609409800666112 -8.61355055173341 20.0
   vertex -7.131205311245017 -9.293567700554467 22.5
  endloop
 endfacet
 facet normal -0.6238458636481123 -0.7113598710724643 -0.3237027529028871
  outer loop
   vertex -7.6771593385968036 -7.677159338596802 20.0
   vertex -7.131205311245017 -9.293567700554467 22.5
   vertex -8.283250865328132 -8.283250865328128 22.5
  endloop
 endfacet
 facet normal -0.6238458636481126 -0.7113598710724646 -0.32370275290288647
  outer loop
   vertex -8.283250865328132 -8.283250865328128 22.5
   vertex -7.131205311245017 -9.293567700554467 22.5
   vertex -7.65300082182392 -9.973584849375525 25.0
  endloop
 endfacet
 facet normal -0.6238458636481128 -0.7113598710724643 -0.3237027529028863
  outer loop
   vertex -8.283250865328132 -8.283250865328128 22.5
   vertex -7.65300082182392 -9.973584849375525 25.0
   vertex -8.889342392059456 -8.889342392059454 25.0
  endloop
 endfacet
 facet normal -0.6238458636481127 -0.7113598710724642 -0.32370275290288686
  outer loop
   vertex -8.889342392059456 -8.889342392059454 25.0
   vertex -7.65300082182392 -9.973584849375525 25.0
   vertex -8.174796332402824 -10.653601998196583 27.5
  endloop
 endfacet
 facet normal -0.6238458636481123 -0.7113598710724643 -0.3237027529028871
  outer loop
   vertex -8.889342392059456 -8.889342392059454 25.0
   vertex -8.174796332402824 -10.653601998196583 27.5
   vertex -9.495433918790784 -9.49543391879078 27.5
  endloop
 endfacet
 facet normal -0.6238458636481125 -0.7113598710724646 -0.3237027529028864
  outer loop
   vertex -9.495433918790784 -9.49543391879078 27.5
   vertex -8.174796332402824 -10.653601998196583 27.5
   vertex -8.696591842981727 -11.333619147017641 30.0
  endloop
 endfacet
 facet normal -0.6238458636481133 -0.711359871072464 -0.32370275290288586
  outer loop
   vertex -9.495433918790784 -9.49543391879078 27.5
   vertex -8.696591842981727 -11.333619147017641 30.0
   vertex -10.101525445522109 -10.101525445522105 30.0
  endloop
 endfacet
 facet normal -0.6238458636481132 -0.7113598710724639 -0.3237027529028864
  outer loop
   vertex -10.101525445522109 -10.101525445522105 30.0
   vertex -8.696591842981727 -11.333619147017641 30.0
   vertex -9.21838735356063 -12.0136362958387 32.5
  endloop
 endfacet
 facet normal -0.6238458636481118 -0.7113598710724647 -0.3237027529028875
  outer loop
   vertex -10.101525445522109 -10.101525445522105 30.0
   vertex -9.21838735356063 -12.0136362958387 32.5
   vertex -10.707616972253437 -10.707616972253433 32.5
  endloop
 endfacet
 facet normal -0.6238458636481118 -0.7113598710724647 -0.32370275290288736
  outer loop
   vertex -10.707616972253437 -10.707616972253433 32.5
   vertex -9.21838735356063 -12.0136362958387 32.5
   vertex -9.740182864139534 -12.693653444659759 35.0
  endloop
 endfacet
 facet normal -0.6238458636481127 -0.7113598710724643 -0.32370275290288675
  outer loop
   vertex -10.707616972253437 -10.707616972253433 32.5
   vertex -9.740182864139534 -12.693653444659759 35.0
   vertex -11.313708498984763 -11.31370849898476 35.0
  endloop
 endfacet
 facet normal -0.5256576805339939 -0.7867023138765478 -0.3237027529028867
  outer loop
   vertex -2.4350457160348835 -3.1734133611649398 0.0
   vertex -2.0000000000000018 -3.464101615137754 0.0
   vertex -2.4285714285714306 -4.206409104095844 2.5
  endloop
 endfacet
 facet normal -0.5256576805339943 -0.7867023138765474 -0.3237027529028866
  outer loop
   vertex -2.4350457160348835 -3.1734133611649398 0.0
   vertex -2.4285714285714306 -4.206409104095844 2.5
   vertex -2.9568412266137867 -3.853430509985998 2.5
  endloop
 endfacet
 facet normal -0.5256576805339943 -0.7867023138765473 -0.3237027529028869
  outer loop
   vertex -2.9568412266137867 -3.853430509985998 2.5
   vertex -2.4285714285714306 -4.206409104095844 2.5
   vertex -2.85714285714286 -4.948716593053934 5.0
  endloop
 endfacet
 facet normal -0.525657680533994 -0.7867023138765477 -0.32370275290288697
  outer loop
   vertex -2.9568412266137867 -3.853430509985998 2.5
   vertex -2.85714285714286 -4.948716593053934 5.0
   vertex -3.4786367371926907 -4.533447658807057 5.0
  endloop
 endfacet
 facet normal -0.525657680533994 -0.7867023138765477 -0.32370275290288675
  outer loop
   vertex -3.4786367371926907 -4.533447658807057 5.0
   vertex -2.85714285714286 -4.948716593053934 5.0
   vertex -3.2857142857142887 -5.691024082012024 7.5
  endloop
 endfacet
 facet normal -0.5256576805339944 -0.7867023138765474 -0.3237027529028867
  outer loop
   vertex -3.4786367371926907 -4.533447658807057 5.0
   vertex -3.2857142857142887 -5.691024082012024 7.5
   vertex -4.000432247771594 -5.213464807628115 7.5
  endloop
 endfacet
 facet normal -0.5256576805339944 -0.7867023138765473 -0.3237027529028868
  outer loop
   vertex -4.000432247771594 -5.213464807628115 7.5
   vertex -3.2857142857142887 -5.691024082012024 7.5
   vertex -3.7142857142857175 -6.433331570970115 10.0
  endloop
 endfacet
 facet normal -0.5256576805339934 -0.7867023138765479 -0.32370275290288714
  outer loop
   vertex -4.000432247771594 -5.213464807628115 7.5
   vertex -3.7142857142857175 -6.433331570970115 10.0
   vertex -4.522227758350498 -5.8934819564491745 10.0
  endloop
 endfacet
 facet normal -0.5256576805339935 -0.786702313876548 -0.32370275290288647
  outer loop
   vertex -4.522227758350498 -5.8934819564491745 10.0
   vertex -3.7142857142857175 -6.433331570970115 10.0
   vertex -4.142857142857146 -7.175639059928204 12.5
  endloop
 endfacet
 facet normal -0.5256576805339942 -0.7867023138765477 -0.3237027529028862
  outer loop
   vertex -4.522227758350498 -5.8934819564491745 10.0
   vertex -4.142857142857146 -7.175639059928204 12.5
   vertex -5.044023268929401 -6.573499105270232 12.5
  endloop
 endfacet
 facet normal -0.5256576805339941 -0.7867023138765475 -0.32370275290288697
  outer loop
   vertex -5.044023268929401 -6.573499105270232 12.5
   vertex -4.142857142857146 -7.175639059928204 12.5
   vertex -4.571428571428576 -7.917946548886294 15.0
  endloop
 endfacet
 facet normal -0.5256576805339939 -0.7867023138765477 -0.323702752902887
  outer loop
   vertex -5.044023268929401 -6.573499105270232 12.5
   vertex -4.571428571428576 -7.917946548886294 15.0
   vertex -5.565818779508305 -7.2535162540912905 15.0
  endloop
 endfacet
 facet normal -0.5256576805339939 -0.7867023138765477 -0.323702752902887
  outer loop
   vertex -5.565818779508305 -7.2535162540912905 15.0
   vertex -4.571428571428576 -7.917946548886294 15.0
   vertex -5.000000000000004 -8.660254037844386 17.5
  endloop
 endfacet
 facet normal -0.5256576805339942 -0.7867023138765474 -0.32370275290288697
  outer loop
   vertex -5.565818779508305 -7.2535162540912905 15.0
   vertex -5.000000000000004 -8.660254037844386 17.5
   vertex -6.087614290087209 -7.933533402912349 17.5
  endloop
 endfacet
 facet normal -0.5256576805339942 -0.7867023138765474 -0.32370275290288675
  outer loop
   vertex -6.087614290087209 -7.933533402912349 17.5
   vertex -5.000000000000004 -8.660254037844386 17.5
   vertex -5.428571428571433 -9.402561526802476 20.0
  endloop
 endfacet
 facet normal -0.5256576805339935 -0.7867023138765478 -0.3237027529028872
  outer loop
   vertex -6.087614290087209 -7.933533402912349 17.5
   vertex -5.428571428571433 -9.402561526802476 20.0
   vertex -6.609409800666112 -8.61355055173341 20.0
  endloop
 endfacet
 facet normal -0.5256576805339936 -0.7867023138765479 -0.32370275290288697
  outer loop
   vertex -6.609409800666112 -8.61355055173341 20.0
   vertex -5.428571428571433 -9.402561526802476 20.0
   vertex -5.857142857142863 -10.144869015760566 22.5
  endloop
 endfacet
 facet normal -0.5256576805339939 -0.7867023138765478 -0.3237027529028868
  outer loop
   vertex -6.609409800666112 -8.61355055173341 20.0
   vertex -5.857142857142863 -10.144869015760566 22.5
   vertex -7.131205311245017 -9.293567700554467 22.5
  endloop
 endfacet
 facet normal -0.525657680533994 -0.7867023138765479 -0.32370275290288614
  outer loop
   vertex -7.131205311245017 -9.293567700554467 22.5
   vertex -5.857142857142863 -10.144869015760566 22.5
   vertex -6.285714285714291 -10.887176504718655 25.0
  endloop
 endfacet
 facet normal -0.5256576805339935 -0.7867023138765482 -0.32370275290288647
  outer loop
   vertex -7.131205311245017 -9.293567700554467 22.5
   vertex -6.285714285714291 -10.887176504718655 25.0
   vertex -7.65300082182392 -9.973584849375525 25.0
  endloop
 endfacet
 facet normal -0.5256576805339934 -0.786702313876548 -0.323702752902887
  outer loop
   vertex -7.65300082182392 -9.973584849375525 25.0
   vertex -6.285714285714291 -10.887176504718655 25.0
   vertex -6.714285714285721 -11.629483993676745 27.5
  endloop
 endfacet
 facet normal -0.5256576805339938 -0.786702313876548 -0.32370275290288686
  outer loop
   vertex -7.65300082182392 -9.973584849375525 25.0
   vertex -6.714285714285721 -11.629483993676745 27.5
   vertex -8.174796332402824 -10.653601998196583 27.5
  endloop
 endfacet
 facet normal -0.5256576805339938 -0.786702313876548 -0.3237027529028867
  outer loop
   vertex -8.174796332402824 -10.653601998196583 27.5
   vertex -6.714285714285721 -11.629483993676745 27.5
   vertex -7.142857142857149 -12.371791482634835 30.0
  endloop
 endfacet
 facet normal -0.525657680533994 -0.7867023138765479 -0.32370275290288647
  outer loop
   vertex -8.174796332402824 -10.653601998196583 27.5
   vertex -7.142857142857149 -12.371791482634835 30.0
   vertex -8.696591842981727 -11.333619147017641 30.0
  endloop
 endfacet
 facet normal -0.5256576805339939 -0.7867023138765478 -0.323702752902887
  outer loop
   vertex -8.696591842981727 -11.333619147017641 30.0
   vertex -7.142857142857149 -12.371791482634835 30.0
   vertex -7.571428571428578 -13.114098971592925 32.5
  endloop
 endfacet
 facet normal -0.5256576805339945 -0.7867023138765475 -0.3237027529028865
  outer loop
   vertex -8.696591842981727 -11.333619147017641 30.0
   vertex -7.571428571428578 -13.114098971592925 32.5
   vertex -9.21838735356063 -12.0136362958387 32.5
  endloop
 endfacet
 facet normal -0.5256576805339945 -0.7867023138765473 -0.3237027529028868
  outer loop
   vertex -9.21838735356063 -12.0136362958387 32.5
   vertex -7.571428571428578 -13.114098971592925 32.5
   vertex -8.000000000000007 -13.856406460551016 35.0
  endloop
 endfacet
 facet normal -0.5256576805339938 -0.7867023138765477 -0.3237027529028873
  outer loop
   vertex -9.21838735356063 -12.0136362958387 32.5
   vertex -8.000000000000007 -13.856406460551016 35.0
   vertex -9.740182864139534 -12.693653444659759 35.0
  endloop
 endfacet
 facet normal -0.41847534876609344 -0.8485840619751169 -0.32370275290288664
  outer loop
   vertex -2.0000000000000018 -3.464101615137754 0.0
   vertex -1.5307337294603613 -3.695518130045146 0.0
   vertex -1.85874810005901 -4.487414872197677 2.5
  endloop
 endfacet
 facet normal -0.4184753487660935 -0.8485840619751169 -0.32370275290288675
  outer loop
   vertex -2.0000000000000018 -3.464101615137754 0.0
   vertex -1.85874810005901 -4.487414872197677 2.5
   vertex -2.4285714285714306 -4.206409104095844 2.5
  endloop
 endfacet
 facet normal -0.4184753487660933 -0.8485840619751168 -0.323702752902887
  outer loop
   vertex -2.4285714285714306 -4.206409104095844 2.5
   vertex -1.85874810005901 -4.487414872197677 2.5
   vertex -2.186762470657659 -5.279311614350209 5.0
  endloop
 endfacet
 facet normal -0.41847534876609355 -0.8485840619751168 -0.3237027529028869
  outer loop
   vertex -2.4285714285714306 -4.206409104095844 2.5
   vertex -2.186762470657659 -5.279311614350209 5.0
   vertex -2.85714285714286 -4.948716593053934 5.0
  endloop
 endfacet
 facet normal -0.41847534876609355 -0.8485840619751168 -0.32370275290288664
  outer loop
   vertex -2.85714285714286 -4.948716593053934 5.0
   vertex -2.186762470657659 -5.279311614350209 5.0
   vertex -2.5147768412563076 -6.07120835650274 7.5
  endloop
 endfacet
 facet normal -0.41847534876609305 -0.848584061975117 -0.3237027529028868
  outer loop
   vertex -2.85714285714286 -4.948716593053934 5.0
   vertex -2.5147768412563076 -6.07120835650274 7.5
   vertex -3.2857142857142887 -5.691024082012024 7.5
  endloop
 endfacet
 facet normal -0.41847534876609305 -0.848584061975117 -0.32370275290288697
  outer loop
   vertex -3.2857142857142887 -5.691024082012024 7.5
   vertex -2.5147768412563076 -6.07120835650274 7.5
   vertex -2.8427912118549568 -6.8631050986552715 10.0
  endloop
 endfacet
 facet normal -0.41847534876609355 -0.8485840619751167 -0.32370275290288686
  outer loop
   vertex -3.2857142857142887 -5.691024082012024 7.5
   vertex -2.8427912118549568 -6.8631050986552715 10.0
   vertex -3.7142857142857175 -6.433331570970115 10.0
  endloop
 endfacet
 facet normal -0.4184753487660936 -0.8485840619751169 -0.32370275290288636
  outer loop
   vertex -3.7142857142857175 -6.433331570970115 10.0
   vertex -2.8427912118549568 -6.8631050986552715 10.0
   vertex -3.1708055824536054 -7.6550018408078015 12.5
  endloop
 endfacet
 facet normal -0.4184753487660933 -0.8485840619751172 -0.32370275290288647
  outer loop
   vertex -3.7142857142857175 -6.433331570970115 10.0
   vertex -3.1708055824536054 -7.6550018408078015 12.5
   vertex -4.142857142857146 -7.175639059928204 12.5
  endloop
 endfacet
 facet normal -0.41847534876609327 -0.848584061975117 -0.3237027529028869
  outer loop
   vertex -4.142857142857146 -7.175639059928204 12.5
   vertex -3.1708055824536054 -7.6550018408078015 12.5
   vertex -3.498819953052254 -8.446898582960333 15.0
  endloop
 endfacet
 facet normal -0.4184753487660932 -0.848584061975117 -0.32370275290288697
  outer loop
   vertex -4.142857142857146 -7.175639059928204 12.5
   vertex -3.498819953052254 -8.446898582960333 15.0
   vertex -4.571428571428576 -7.917946548886294 15.0
  endloop
 endfacet
 facet normal -0.4184753487660932 -0.848584061975117 -0.32370275290288675
  outer loop
   vertex -4.571428571428576 -7.917946548886294 15.0
   vertex -3.498819953052254 -8.446898582960333 15.0
   vertex -3.8268343236509033 -9.238795325112864 17.5
  endloop
 endfacet
 facet normal -0.4184753487660925 -0.8485840619751173 -0.3237027529028871
  outer loop
   vertex -4.571428571428576 -7.917946548886294 15.0
   vertex -3.8268343236509033 -9.238795325112864 17.5
   vertex -5.000000000000004 -8.660254037844386 17.5
  endloop
 endfacet
 facet normal -0.4184753487660925 -0.8485840619751173 -0.3237027529028873
  outer loop
   vertex -5.000000000000004 -8.660254037844386 17.5
   vertex -3.8268343236509033 -9.238795325112864 17.5
   vertex -4.154848694249552 -10.030692067265397 20.0
  endloop
 endfacet
 facet normal -0.4184753487660934 -0.8485840619751169 -0.3237027529028868
  outer loop
   vertex -5.000000000000004 -8.660254037844386 17.5
   vertex -4.154848694249552 -10.030692067265397 20.0
   vertex -5.428571428571433 -9.402561526802476 20.0
  endloop
 endfacet
 facet normal -0.41847534876609344 -0.848584061975117 -0.32370275290288675
  outer loop
   vertex -5.428571428571433 -9.402561526802476 20.0
   vertex -4.154848694249552 -10.030692067265397 20.0
   vertex -4.4828630648482015 -10.822588809417928 22.5
  endloop
 endfacet
 facet normal -0.41847534876609294 -0.848584061975117 -0.32370275290288686
  outer loop
   vertex -5.428571428571433 -9.402561526802476 20.0
   vertex -4.4828630648482015 -10.822588809417928 22.5
   vertex -5.857142857142863 -10.144869015760566 22.5
  endloop
 endfacet
 facet normal -0.418475348766093 -0.8485840619751172 -0.32370275290288664
  outer loop
   vertex -5.857142857142863 -10.144869015760566 22.5
   vertex -4.4828630648482015 -10.822588809417928 22.5
   vertex -4.81087743544685 -11.614485551570459 25.0
  endloop
 endfacet
 facet normal -0.41847534876609377 -0.8485840619751169 -0.32370275290288614
  outer loop
   vertex -5.857142857142863 -10.144869015760566 22.5
   vertex -4.81087743544685 -11.614485551570459 25.0
   vertex -6.285714285714291 -10.887176504718655 25.0
  endloop
 endfacet
 facet normal -0.4184753487660937 -0.8485840619751168 -0.3237027529028867
  outer loop
   vertex -6.285714285714291 -10.887176504718655 25.0
   vertex -4.81087743544685 -11.614485551570459 25.0
   vertex -5.138891806045499 -12.40638229372299 27.5
  endloop
 endfacet
 facet normal -0.4184753487660933 -0.8485840619751169 -0.32370275290288697
  outer loop
   vertex -6.285714285714291 -10.887176504718655 25.0
   vertex -5.138891806045499 -12.40638229372299 27.5
   vertex -6.714285714285721 -11.629483993676745 27.5
  endloop
 endfacet
 facet normal -0.4184753487660934 -0.848584061975117 -0.32370275290288664
  outer loop
   vertex -6.714285714285721 -11.629483993676745 27.5
   vertex -5.138891806045499 -12.40638229372299 27.5
   vertex -5.466906176644147 -13.19827903587552 30.0
  endloop
 endfacet
 facet normal -0.4184753487660932 -0.848584061975117 -0.3237027529028867
  outer loop
   vertex -6.714285714285721 -11.629483993676745 27.5
   vertex -5.466906176644147 -13.19827903587552 30.0
   vertex -7.142857142857149 -12.371791482634835 30.0
  endloop
 endfacet
 facet normal -0.41847534876609316 -0.8485840619751169 -0.3237027529028873
  outer loop
   vertex -7.142857142857149 -12.371791482634835 30.0
   vertex -5.466906176644147 -13.19827903587552 30.0
   vertex -5.794920547242796 -13.990175778028053 32.5
  endloop
 endfacet
 facet normal -0.4184753487660936 -0.8485840619751169 -0.323702752902887
  outer loop
   vertex -7.142857142857149 -12.371791482634835 30.0
   vertex -5.794920547242796 -13.990175778028053 32.5
   vertex -7.571428571428578 -13.114098971592925 32.5
  endloop
 endfacet
 facet normal -0.4184753487660936 -0.8485840619751169 -0.3237027529028867
  outer loop
   vertex -7.571428571428578 -13.114098971592925 32.5
   vertex -5.794920547242796 -13.990175778028053 32.5
   vertex -6.122934917841445 -14.782072520180584 35.0
  endloop
 endfacet
 facet normal -0.41847534876609344 -0.8485840619751169 -0.3237027529028868
  outer loop
   vertex -7.571428571428578 -13.114098971592925 32.5
   vertex -6.122934917841445 -14.782072520180584 35.0
   vertex -8.000000000000007 -13.856406460551016 35.0
  endloop
 endfacet
 facet normal -0.30413278775752045 -0.8959463015013408 -0.32370275290288675
  outer loop
   vertex -1.5307337294603613 -3.695518130045146 0.0
   vertex -1.0352761804100825 -3.8637033051562732 0.0
   vertex -1.257121076212243 -4.69163972768976 2.5
  endloop
 endfacet
 facet normal -0.30413278775752106 -0.8959463015013408 -0.3237027529028867
  outer loop
   vertex -1.5307337294603613 -3.695518130045146 0.0
   vertex -1.257121076212243 -4.69163972768976 2.5
   vertex -1.85874810005901 -4.487414872197677 2.5
  endloop
 endfacet
 facet normal -0.304132787757521 -0.8959463015013407 -0.32370275290288697
  outer loop
   vertex -1.85874810005901 -4.487414872197677 2.5
   vertex -1.257121076212243 -4.69163972768976 2.5
   vertex -1.4789659720144037 -5.519576150223248 5.0
  endloop
 endfacet
 facet normal -0.3041327877575209 -0.8959463015013407 -0.32370275290288697
  outer loop
   vertex -1.85874810005901 -4.487414872197677 2.5
   vertex -1.4789659720144037 -5.519576150223248 5.0
   vertex -2.186762470657659 -5.279311614350209 5.0
  endloop
 endfacet
 facet normal -0.30413278775752095 -0.8959463015013408 -0.32370275290288664
  outer loop
   vertex -2.186762470657659 -5.279311614350209 5.0
   vertex -1.4789659720144037 -5.519576150223248 5.0
   vertex -1.700810867816564 -6.3475125727567345 7.5
  endloop
 endfacet
 facet normal -0.30413278775752084 -0.8959463015013409 -0.3237027529028867
  outer loop
   vertex -2.186762470657659 -5.279311614350209 5.0
   vertex -1.700810867816564 -6.3475125727567345 7.5
   vertex -2.5147768412563076 -6.07120835650274 7.5
  endloop
 endfacet
 facet normal -0.3041327877575208 -0.8959463015013408 -0.3237027529028869
  outer loop
   vertex -2.5147768412563076 -6.07120835650274 7.5
   vertex -1.700810867816564 -6.3475125727567345 7.5
   vertex -1.9226557636187247 -7.175448995290222 10.0
  endloop
 endfacet
 facet normal -0.3041327877575206 -0.8959463015013409 -0.32370275290288697
  outer loop
   vertex -2.5147768412563076 -6.07120835650274 7.5
   vertex -1.9226557636187247 -7.175448995290222 10.0
   vertex -2.8427912118549568 -6.8631050986552715 10.0
  endloop
 endfacet
 facet normal -0.3041327877575206 -0.895946301501341 -0.32370275290288625
  outer loop
   vertex -2.8427912118549568 -6.8631050986552715 10.0
   vertex -1.9226557636187247 -7.175448995290222 10.0
   vertex -2.144500659420885 -8.003385417823708 12.5
  endloop
 endfacet
 facet normal -0.30413278775752056 -0.895946301501341 -0.3237027529028864
  outer loop
   vertex -2.8427912118549568 -6.8631050986552715 10.0
   vertex -2.144500659420885 -8.003385417823708 12.5
   vertex -3.1708055824536054 -7.6550018408078015 12.5
  endloop
 endfacet
 facet normal -0.30413278775752045 -0.8959463015013408 -0.3237027529028873
  outer loop
   vertex -3.1708055824536054 -7.6550018408078015 12.5
   vertex -2.144500659420885 -8.003385417823708 12.5
   vertex -2.3663455552230457 -8.831321840357196 15.0
  endloop
 endfacet
 facet normal -0.3041327877575211 -0.8959463015013406 -0.32370275290288697
  outer loop
   vertex -3.1708055824536054 -7.6550018408078015 12.5
   vertex -2.3663455552230457 -8.831321840357196 15.0
   vertex -3.498819953052254 -8.446898582960333 15.0
  endloop
 endfacet
 facet normal -0.3041327877575212 -0.8959463015013407 -0.32370275290288664
  outer loop
   vertex -3.498819953052254 -8.446898582960333 15.0
   vertex -2.3663455552230457 -8.831321840357196 15.0
   vertex -2.5881904510252065 -9.659258262890683 17.5
  endloop
 endfacet
 facet normal -0.30413278775752106 -0.8959463015013407 -0.3237027529028867
  outer loop
   vertex -3.498819953052254 -8.446898582960333 15.0
   vertex -2.5881904510252065 -9.659258262890683 17.5
   vertex -3.8268343236509033 -9.238795325112864 17.5
  endloop
 endfacet
 facet normal -0.30413278775752095 -0.8959463015013405 -0.32370275290288714
  outer loop
   vertex -3.8268343236509033 -9.238795325112864 17.5
   vertex -2.5881904510252065 -9.659258262890683 17.5
   vertex -2.810035346827367 -10.487194685424171 20.0
  endloop
 endfacet
 facet normal -0.3041327877575208 -0.8959463015013406 -0.32370275290288725
  outer loop
   vertex -3.8268343236509033 -9.238795325112864 17.5
   vertex -2.810035346827367 -10.487194685424171 20.0
   vertex -4.154848694249552 -10.030692067265397 20.0
  endloop
 endfacet
 facet normal -0.30413278775752084 -0.8959463015013408 -0.3237027529028867
  outer loop
   vertex -4.154848694249552 -10.030692067265397 20.0
   vertex -2.810035346827367 -10.487194685424171 20.0
   vertex -3.0318802426295277 -11.315131107957658 22.5
  endloop
 endfacet
 facet normal -0.30413278775752073 -0.8959463015013407 -0.3237027529028867
  outer loop
   vertex -4.154848694249552 -10.030692067265397 20.0
   vertex -3.0318802426295277 -11.315131107957658 22.5
   vertex -4.4828630648482015 -10.822588809417928 22.5
  endloop
 endfacet
 facet normal -0.3041327877575208 -0.8959463015013408 -0.3237027529028866
  outer loop
   vertex -4.4828630648482015 -10.822588809417928 22.5
   vertex -3.0318802426295277 -11.315131107957658 22.5
   vertex -3.2537251384316876 -12.143067530491145 25.0
  endloop
 endfacet
 facet normal -0.3041327877575208 -0.8959463015013409 -0.32370275290288664
  outer loop
   vertex -4.4828630648482015 -10.822588809417928 22.5
   vertex -3.2537251384316876 -12.143067530491145 25.0
   vertex -4.81087743544685 -11.614485551570459 25.0
  endloop
 endfacet
 facet normal -0.3041327877575208 -0.8959463015013409 -0.3237027529028867
  outer loop
   vertex -4.81087743544685 -11.614485551570459 25.0
   vertex -3.2537251384316876 -12.143067530491145 25.0
   vertex -3.4755700342338485 -12.971003953024631 27.5
  endloop
 endfacet
 facet normal -0.3041327877575207 -0.8959463015013409 -0.3237027529028867
  outer loop
   vertex -4.81087743544685 -11.614485551570459 25.0
   vertex -3.4755700342338485 -12.971003953024631 27.5
   vertex -5.138891806045499 -12.40638229372299 27.5
  endloop
 endfacet
 facet normal -0.3041327877575207 -0.8959463015013409 -0.32370275290288664
  outer loop
   vertex -5.138891806045499 -12.40638229372299 27.5
   vertex -3.4755700342338485 -12.971003953024631 27.5
   vertex -3.697414930036009 -13.798940375558118 30.0
  endloop
 endfacet
 facet normal -0.3041327877575207 -0.8959463015013409 -0.3237027529028866
  outer loop
   vertex -5.138891806045499 -12.40638229372299 27.5
   vertex -3.697414930036009 -13.798940375558118 30.0
   vertex -5.466906176644147 -13.19827903587552 30.0
  endloop
 endfacet
 facet normal -0.3041327877575207 -0.8959463015013409 -0.32370275290288664
  outer loop
   vertex -5.466906176644147 -13.19827903587552 30.0
   vertex -3.697414930036009 -13.798940375558118 30.0
   vertex -3.9192598258381692 -14.626876798091605 32.5
  endloop
 endfacet
 facet normal -0.30413278775751973 -0.8959463015013409 -0.32370275290288725
  outer loop
   vertex -5.466906176644147 -13.19827903587552 30.0
   vertex -3.9192598258381692 -14.626876798091605 32.5
   vertex -5.794920547242796 -13.990175778028053 32.5
  endloop
 endfacet
 facet normal -0.30413278775751973 -0.8959463015013409 -0.32370275290288725
  outer loop
   vertex -5.794920547242796 -13.990175778028053 32.5
   vertex -3.9192598258381692 -14.626876798091605 32.5
   vertex -4.14110472164033 -15.454813220625093 35.0
  endloop
 endfacet
 facet normal -0.30413278775752045 -0.8959463015013408 -0.32370275290288664
  outer loop
   vertex -5.794920547242796 -13.990175778028053 32.5
   vertex -4.14110472164033 -15.454813220625093 35.0
   vertex -6.122934917841445 -14.782072520180584 35.0
  endloop
 endfacet
 facet normal -0.18458643042887682 -0.9279786514056335 -0.32370275290288675
  outer loop
   vertex -1.0352761804100825 -3.8637033051562732 0.0
   vertex -0.5221047688802065 -3.9657794454952415 0.0
   vertex -0.6339843622116793 -4.815589326672793 2.5
  endloop
 endfacet
 facet normal -0.18458643042887662 -0.9279786514056334 -0.3237027529028867
  outer loop
   vertex -1.0352761804100825 -3.8637033051562732 0.0
   vertex -0.6339843622116793 -4.815589326672793 2.5
   vertex -1.257121076212243 -4.69163972768976 2.5
  endloop
 endfacet
 facet normal -0.18458643042887635 -0.9279786514056334 -0.3237027529028868
  outer loop
   vertex -1.257121076212243 -4.69163972768976 2.5
   vertex -0.6339843622116793 -4.815589326672793 2.5
   vertex -0.7458639555431522 -5.665399207850345 5.0
  endloop
 endfacet
 facet normal -0.18458643042887599 -0.9279786514056335 -0.3237027529028869
  outer loop
   vertex -1.257121076212243 -4.69163972768976 2.5
   vertex -0.7458639555431522 -5.665399207850345 5.0
   vertex -1.4789659720144037 -5.519576150223248 5.0
  endloop
 endfacet
 facet normal -0.18458643042887599 -0.9279786514056335 -0.3237027529028868
  outer loop
   vertex -1.4789659720144037 -5.519576150223248 5.0
   vertex -0.7458639555431522 -5.665399207850345 5.0
   vertex -0.857743548874625 -6.515209089027897 7.5
  endloop
 endfacet
 facet normal -0.18458643042887674 -0.9279786514056333 -0.3237027529028865
  outer loop
   vertex -1.4789659720144037 -5.519576150223248 5.0
   vertex -0.857743548874625 -6.515209089027897 7.5
   vertex -1.700810867816564 -6.3475125727567345 7.5
  endloop
 endfacet
 facet normal -0.18458643042887674 -0.9279786514056333 -0.3237027529028868
  outer loop
   vertex -1.700810867816564 -6.3475125727567345 7.5
   vertex -0.857743548874625 -6.515209089027897 7.5
   vertex -0.9696231422060978 -7.3650189702054485 10.0
  endloop
 endfacet
 facet normal -0.1845864304288764 -0.9279786514056333 -0.3237027529028869
  outer loop
   vertex -1.700810867816564 -6.3475125727567345 7.5
   vertex -0.9696231422060978 -7.3650189702054485 10.0
   vertex -1.9226557636187247 -7.175448995290222 10.0
  endloop
 endfacet
 facet normal -0.18458643042887646 -0.9279786514056336 -0.32370275290288625
  outer loop
   vertex -1.9226557636187247 -7.175448995290222 10.0
   vertex -0.9696231422060978 -7.3650189702054485 10.0
   vertex -1.0815027355375706 -8.214828851382999 12.5
  endloop
 endfacet
 facet normal -0.18458643042887632 -0.9279786514056337 -0.32370275290288636
  outer loop
   vertex -1.9226557636187247 -7.175448995290222 10.0
   vertex -1.0815027355375706 -8.214828851382999 12.5
   vertex -2.144500659420885 -8.003385417823708 12.5
  endloop
 endfacet
 facet normal -0.18458643042887626 -0.9279786514056334 -0.3237027529028872
  outer loop
   vertex -2.144500659420885 -8.003385417823708 12.5
   vertex -1.0815027355375706 -8.214828851382999 12.5
   vertex -1.1933823288690435 -9.064638732560551 15.0
  endloop
 endfacet
 facet normal -0.184586430428876 -0.9279786514056334 -0.3237027529028872
  outer loop
   vertex -2.144500659420885 -8.003385417823708 12.5
   vertex -1.1933823288690435 -9.064638732560551 15.0
   vertex -2.3663455552230457 -8.831321840357196 15.0
  endloop
 endfacet
 facet normal -0.184586430428876 -0.9279786514056334 -0.32370275290288714
  outer loop
   vertex -2.3663455552230457 -8.831321840357196 15.0
   vertex -1.1933823288690435 -9.064638732560551 15.0
   vertex -1.3052619222005162 -9.914448613738104 17.5
  endloop
 endfacet
 facet normal -0.18458643042887707 -0.9279786514056334 -0.32370275290288664
  outer loop
   vertex -2.3663455552230457 -8.831321840357196 15.0
   vertex -1.3052619222005162 -9.914448613738104 17.5
   vertex -2.5881904510252065 -9.659258262890683 17.5
  endloop
 endfacet
 facet normal -0.184586430428877 -0.9279786514056332 -0.32370275290288714
  outer loop
   vertex -2.5881904510252065 -9.659258262890683 17.5
   vertex -1.3052619222005162 -9.914448613738104 17.5
   vertex -1.417141515531989 -10.764258494915657 20.0
  endloop
 endfacet
 facet normal -0.18458643042887682 -0.9279786514056333 -0.32370275290288725
  outer loop
   vertex -2.5881904510252065 -9.659258262890683 17.5
   vertex -1.417141515531989 -10.764258494915657 20.0
   vertex -2.810035346827367 -10.487194685424171 20.0
  endloop
 endfacet
 facet normal -0.18458643042887687 -0.9279786514056335 -0.3237027529028865
  outer loop
   vertex -2.810035346827367 -10.487194685424171 20.0
   vertex -1.417141515531989 -10.764258494915657 20.0
   vertex -1.529021108863462 -11.614068376093208 22.5
  endloop
 endfacet
 facet normal -0.18458643042887665 -0.9279786514056335 -0.3237027529028867
  outer loop
   vertex -2.810035346827367 -10.487194685424171 20.0
   vertex -1.529021108863462 -11.614068376093208 22.5
   vertex -3.0318802426295277 -11.315131107957658 22.5
  endloop
 endfacet
 facet normal -0.18458643042887665 -0.9279786514056335 -0.3237027529028865
  outer loop
   vertex -3.0318802426295277 -11.315131107957658 22.5
   vertex -1.529021108863462 -11.614068376093208 22.5
   vertex -1.6409007021949347 -12.463878257270759 25.0
  endloop
 endfacet
 facet normal -0.1845864304288765 -0.9279786514056333 -0.3237027529028865
  outer loop
   vertex -3.0318802426295277 -11.315131107957658 22.5
   vertex -1.6409007021949347 -12.463878257270759 25.0
   vertex -3.2537251384316876 -12.143067530491145 25.0
  endloop
 endfacet
 facet normal -0.1845864304288765 -0.9279786514056333 -0.32370275290288714
  outer loop
   vertex -3.2537251384316876 -12.143067530491145 25.0
   vertex -1.6409007021949347 -12.463878257270759 25.0
   vertex -1.7527802955264076 -13.313688138448311 27.5
  endloop
 endfacet
 facet normal -0.1845864304288773 -0.9279786514056334 -0.32370275290288664
  outer loop
   vertex -3.2537251384316876 -12.143067530491145 25.0
   vertex -1.7527802955264076 -13.313688138448311 27.5
   vertex -3.4755700342338485 -12.971003953024631 27.5
  endloop
 endfacet
 facet normal -0.1845864304288773 -0.9279786514056334 -0.32370275290288647
  outer loop
   vertex -3.4755700342338485 -12.971003953024631 27.5
   vertex -1.7527802955264076 -13.313688138448311 27.5
   vertex -1.8646598888578803 -14.163498019625862 30.0
  endloop
 endfacet
 facet normal -0.1845864304288771 -0.9279786514056333 -0.32370275290288664
  outer loop
   vertex -3.4755700342338485 -12.971003953024631 27.5
   vertex -1.8646598888578803 -14.163498019625862 30.0
   vertex -3.697414930036009 -13.798940375558118 30.0
  endloop
 endfacet
 facet normal -0.1845864304288771 -0.9279786514056333 -0.32370275290288647
  outer loop
   vertex -3.697414930036009 -13.798940375558118 30.0
   vertex -1.8646598888578803 -14.163498019625862 30.0
   vertex -1.9765394821893532 -15.013307900803413 32.5
  endloop
 endfacet
 facet normal -0.18458643042887699 -0.9279786514056334 -0.32370275290288664
  outer loop
   vertex -3.697414930036009 -13.798940375558118 30.0
   vertex -1.9765394821893532 -15.013307900803413 32.5
   vertex -3.9192598258381692 -14.626876798091605 32.5
  endloop
 endfacet
 facet normal -0.18458643042887693 -0.9279786514056332 -0.32370275290288714
  outer loop
   vertex -3.9192598258381692 -14.626876798091605 32.5
   vertex -1.9765394821893532 -15.013307900803413 32.5
   vertex -2.088419075520826 -15.863117781980966 35.0
  endloop
 endfacet
 facet normal -0.18458643042887676 -0.9279786514056332 -0.32370275290288725
  outer loop
   vertex -3.9192598258381692 -14.626876798091605 32.5
   vertex -2.088419075520826 -15.863117781980966 35.0
   vertex -4.14110472164033 -15.454813220625093 35.0
  endloop
 endfacet
 facet normal -0.06188174809856873 -0.9441330293000865 -0.32370275290288664
  outer loop
   vertex -0.5221047688802065 -3.9657794454952415 0.0
   vertex -7.347880794884119e-16 -4.0 0.0
   vertex -8.922426679502143e-16 -4.857142857142857 2.5
  endloop
 endfacet
 facet normal -0.06188174809856894 -0.9441330293000865 -0.32370275290288664
  outer loop
   vertex -0.5221047688802065 -3.9657794454952415 0.0
   vertex -8.922426679502143e-16 -4.857142857142857 2.5
   vertex -0.6339843622116793 -4.815589326672793 2.5
  endloop
 endfacet
 facet normal -0.061881748098568674 -0.9441330293000865 -0.32370275290288697
  outer loop
   vertex -0.6339843622116793 -4.815589326672793 2.5
   vertex -8.922426679502143e-16 -4.857142857142857 2.5
   vertex -1.049697256412017e-15 -5.714285714285714 5.0
  endloop
 endfacet
 facet normal -0.06188174809856919 -0.9441330293000864 -0.3237027529028868
  outer loop
   vertex -0.6339843622116793 -4.815589326672793 2.5
   vertex -1.049697256412017e-15 -5.714285714285714 5.0
   vertex -0.7458639555431522 -5.665399207850345 5.0
  endloop
 endfacet
 facet normal -0.061881748098569195 -0.9441330293000865 -0.32370275290288664
  outer loop
   vertex -0.7458639555431522 -5.665399207850345 5.0
   vertex -1.049697256412017e-15 -5.714285714285714 5.0
   vertex -1.2071518448738195e-15 -6.571428571428571 7.5
  endloop
 endfacet
 facet normal -0.06188174809856862 -0.9441330293000865 -0.32370275290288686
  outer loop
   vertex -0.7458639555431522 -5.665399207850345 5.0
   vertex -1.2071518448738195e-15 -6.571428571428571 7.5
   vertex -0.857743548874625 -6.515209089027897 7.5
  endloop
 endfacet
 facet normal -0.06188174809856861 -0.9441330293000864 -0.32370275290288697
  outer loop
   vertex -0.857743548874625 -6.515209089027897 7.5
   vertex -1.2071518448738195e-15 -6.571428571428571 7.5
   vertex -1.3646064333356222e-15 -7.428571428571429 10.0
  endloop
 endfacet
 facet normal -0.061881748098569035 -0.9441330293000865 -0.3237027529028869
  outer loop
   vertex -0.857743548874625 -6.515209089027897 7.5
   vertex -1.3646064333356222e-15 -7.428571428571429 10.0
   vertex -0.9696231422060978 -7.3650189702054485 10.0
  endloop
 endfacet
 facet normal -0.061881748098569035 -0.9441330293000866 -0.32370275290288636
  outer loop
   vertex -0.9696231422060978 -7.3650189702054485 10.0
   vertex -1.3646064333356222e-15 -7.428571428571429 10.0
   vertex -1.5220610217974244e-15 -8.285714285714285 12.5
  endloop
 endfacet
 facet normal -0.06188174809856937 -0.9441330293000866 -0.3237027529028862
  outer loop
   vertex -0.9696231422060978 -7.3650189702054485 10.0
   vertex -1.5220610217974244e-15 -8.285714285714285 12.5
   vertex -1.0815027355375706 -8.214828851382999 12.5
  endloop
 endfacet
 facet normal -0.06188174809856935 -0.9441330293000862 -0.32370275290288697
  outer loop
   vertex -1.0815027355375706 -8.214828851382999 12.5
   vertex -1.5220610217974244e-15 -8.285714285714285 12.5
   vertex -1.6795156102592271e-15 -9.142857142857142 15.0
  endloop
 endfacet
 facet normal -0.06188174809856892 -0.9441330293000864 -0.32370275290288714
  outer loop
   vertex -1.0815027355375706 -8.214828851382999 12.5
   vertex -1.6795156102592271e-15 -9.142857142857142 15.0
   vertex -1.1933823288690435 -9.064638732560551 15.0
  endloop
 endfacet
 facet normal -0.06188174809856892 -0.9441330293000864 -0.3237027529028869
  outer loop
   vertex -1.1933823288690435 -9.064638732560551 15.0
   vertex -1.6795156102592271e-15 -9.142857142857142 15.0
   vertex -1.8369701987210296e-15 -10.0 17.5
  endloop
 endfacet
 facet normal -0.06188174809856855 -0.9441330293000864 -0.3237027529028871
  outer loop
   vertex -1.1933823288690435 -9.064638732560551 15.0
   vertex -1.8369701987210296e-15 -10.0 17.5
   vertex -1.3052619222005162 -9.914448613738104 17.5
  endloop
 endfacet
 facet normal -0.061881748098568556 -0.9441330293000865 -0.32370275290288697
  outer loop
   vertex -1.3052619222005162 -9.914448613738104 17.5
   vertex -1.8369701987210296e-15 -10.0 17.5
   vertex -1.9944247871828323e-15 -10.857142857142858 20.0
  endloop
 endfacet
 facet normal -0.06188174809856825 -0.9441330293000864 -0.3237027529028871
  outer loop
   vertex -1.3052619222005162 -9.914448613738104 17.5
   vertex -1.9944247871828323e-15 -10.857142857142858 20.0
   vertex -1.417141515531989 -10.764258494915657 20.0
  endloop
 endfacet
 facet normal -0.06188174809856826 -0.9441330293000865 -0.32370275290288697
  outer loop
   vertex -1.417141515531989 -10.764258494915657 20.0
   vertex -1.9944247871828323e-15 -10.857142857142858 20.0
   vertex -2.151879375644635e-15 -11.714285714285715 22.5
  endloop
 endfacet
 facet normal -0.06188174809856909 -0.9441330293000864 -0.32370275290288647
  outer loop
   vertex -1.417141515531989 -10.764258494915657 20.0
   vertex -2.151879375644635e-15 -11.714285714285715 22.5
   vertex -1.529021108863462 -11.614068376093208 22.5
  endloop
 endfacet
 facet normal -0.061881748098569105 -0.9441330293000866 -0.32370275290288636
  outer loop
   vertex -1.529021108863462 -11.614068376093208 22.5
   vertex -2.151879375644635e-15 -11.714285714285715 22.5
   vertex -2.3093339641064372e-15 -12.571428571428571 25.0
  endloop
 endfacet
 facet normal -0.061881748098568806 -0.9441330293000867 -0.3237027529028865
  outer loop
   vertex -1.529021108863462 -11.614068376093208 22.5
   vertex -2.3093339641064372e-15 -12.571428571428571 25.0
   vertex -1.6409007021949347 -12.463878257270759 25.0
  endloop
 endfacet
 facet normal -0.06188174809856879 -0.9441330293000865 -0.323702752902887
  outer loop
   vertex -1.6409007021949347 -12.463878257270759 25.0
   vertex -2.3093339641064372e-15 -12.571428571428571 25.0
   vertex -2.46678855256824e-15 -13.428571428571429 27.5
  endloop
 endfacet
 facet normal -0.06188174809856852 -0.9441330293000862 -0.3237027529028871
  outer loop
   vertex -1.6409007021949347 -12.463878257270759 25.0
   vertex -2.46678855256824e-15 -13.428571428571429 27.5
   vertex -1.7527802955264076 -13.313688138448311 27.5
  endloop
 endfacet
 facet normal -0.06188174809856854 -0.9441330293000866 -0.32370275290288636
  outer loop
   vertex -1.7527802955264076 -13.313688138448311 27.5
   vertex -2.46678855256824e-15 -13.428571428571429 27.5
   vertex -2.624243141030042e-15 -14.285714285714285 30.0
  endloop
 endfacet
 facet normal -0.06188174809856832 -0.9441330293000866 -0.32370275290288647
  outer loop
   vertex -1.7527802955264076 -13.313688138448311 27.5
   vertex -2.624243141030042e-15 -14.285714285714285 30.0
   vertex -1.8646598888578803 -14.163498019625862 30.0
  endloop
 endfacet
 facet normal -0.06188174809856831 -0.9441330293000864 -0.32370275290288697
  outer loop
   vertex -1.8646598888578803 -14.163498019625862 30.0
   vertex -2.624243141030042e-15 -14.285714285714285 30.0
   vertex -2.781697729491845e-15 -15.142857142857142 32.5
  endloop
 endfacet
 facet normal -0.061881748098568966 -0.9441330293000866 -0.3237027529028865
  outer loop
   vertex -1.8646598888578803 -14.163498019625862 30.0
   vertex -2.781697729491845e-15 -15.142857142857142 32.5
   vertex -1.9765394821893532 -15.013307900803413 32.5
  endloop
 endfacet
 facet normal -0.06188174809856895 -0.9441330293000864 -0.323702752902887
  outer loop
   vertex -1.9765394821893532 -15.013307900803413 32.5
   vertex -2.781697729491845e-15 -15.142857142857142 32.5
   vertex -2.9391523179536475e-15 -16.0 35.0
  endloop
 endfacet
 facet normal -0.061881748098568716 -0.9441330293000864 -0.3237027529028872
  outer loop
   vertex -1.9765394821893532 -15.013307900803413 32.5
   vertex -2.9391523179536475e-15 -16.0 35.0
   vertex -2.088419075520826 -15.863117781980966 35.0
  endloop
 endfacet
 facet normal 0.06188174809856791 -0.9441330293000866 -0.3237027529028868
  outer loop
   vertex -7.347880794884119e-16 -4.0 0.0
   vertex 0.5221047688802051 -3.965779445495242 0.0
   vertex 0.6339843622116775 -4.815589326672794 2.5
  endloop
 endfacet
 facet normal 0.061881748098567356 -0.9441330293000866 -0.32370275290288664
  outer loop
   vertex -7.347880794884119e-16 -4.0 0.0
   vertex 0.6339843622116775 -4.815589326672794 2.5
   vertex -8.922426679502143e-16 -4.857142857142857 2.5
  endloop
 endfacet
 facet normal 0.06188174809856736 -0.9441330293000866 -0.32370275290288675
  outer loop
   vertex -8.922426679502143e-16 -4.857142857142857 2.5
   vertex 0.6339843622116775 -4.815589326672794 2.5
   vertex 0.7458639555431501 -5.665399207850346 5.0
  endloop
 endfacet
 facet normal 0.06188174809856807 -0.9441330293000865 -0.3237027529028869
  outer loop
   vertex -8.922426679502143e-16 -4.857142857142857 2.5
   vertex 0.7458639555431501 -5.665399207850346 5.0
   vertex -1.049697256412017e-15 -5.714285714285714 5.0
  endloop
 endfacet
 facet normal 0.06188174809856808 -0.9441330293000865 -0.3237027529028868
  outer loop
   vertex -1.049697256412017e-15 -5.714285714285714 5.0
   vertex 0.7458639555431501 -5.665399207850346 5.0
   vertex 0.8577435488746226 -6.5152090890278975 7.5
  endloop
 endfacet
 facet normal 0.06188174809856764 -0.9441330293000865 -0.32370275290288664
  outer loop
   vertex -1.049697256412017e-15 -5.714285714285714 5.0
   vertex 0.8577435488746226 -6.5152090890278975 7.5
   vertex -1.2071518448738195e-15 -6.571428571428571 7.5
  endloop
 endfacet
 facet normal 0.06188174809856764 -0.9441330293000865 -0.3237027529028868
  outer loop
   vertex -1.2071518448738195e-15 -6.571428571428571 7.5
   vertex 0.8577435488746226 -6.5152090890278975 7.5
   vertex 0.9696231422060951 -7.365018970205449 10.0
  endloop
 endfacet
 facet normal 0.06188174809856816 -0.9441330293000865 -0.32370275290288697
  outer loop
   vertex -1.2071518448738195e-15 -6.571428571428571 7.5
   vertex 0.9696231422060951 -7.365018970205449 10.0
   vertex -1.3646064333356222e-15 -7.428571428571429 10.0
  endloop
 endfacet
 facet normal 0.061881748098568175 -0.9441330293000866 -0.3237027529028865
  outer loop
   vertex -1.3646064333356222e-15 -7.428571428571429 10.0
   vertex 0.9696231422060951 -7.365018970205449 10.0
   vertex 1.0815027355375675 -8.214828851383 12.5
  endloop
 endfacet
 facet normal 0.06188174809856782 -0.9441330293000866 -0.3237027529028863
  outer loop
   vertex -1.3646064333356222e-15 -7.428571428571429 10.0
   vertex 1.0815027355375675 -8.214828851383 12.5
   vertex -1.5220610217974244e-15 -8.285714285714285 12.5
  endloop
 endfacet
 facet normal 0.06188174809856781 -0.9441330293000864 -0.3237027529028871
  outer loop
   vertex -1.5220610217974244e-15 -8.285714285714285 12.5
   vertex 1.0815027355375675 -8.214828851383 12.5
   vertex 1.1933823288690402 -9.064638732560553 15.0
  endloop
 endfacet
 facet normal 0.06188174809856751 -0.9441330293000865 -0.32370275290288697
  outer loop
   vertex -1.5220610217974244e-15 -8.285714285714285 12.5
   vertex 1.1933823288690402 -9.064638732560553 15.0
   vertex -1.6795156102592271e-15 -9.142857142857142 15.0
  endloop
 endfacet
 facet normal 0.06188174809856751 -0.9441330293000865 -0.32370275290288714
  outer loop
   vertex -1.6795156102592271e-15 -9.142857142857142 15.0
   vertex 1.1933823288690402 -9.064638732560553 15.0
   vertex 1.3052619222005126 -9.914448613738106 17.5
  endloop
 endfacet
 facet normal 0.061881748098567266 -0.9441330293000865 -0.32370275290288697
  outer loop
   vertex -1.6795156102592271e-15 -9.142857142857142 15.0
   vertex 1.3052619222005126 -9.914448613738106 17.5
   vertex -1.8369701987210296e-15 -10.0 17.5
  endloop
 endfacet
 facet normal 0.06188174809856729 -0.9441330293000867 -0.32370275290288647
  outer loop
   vertex -1.8369701987210296e-15 -10.0 17.5
   vertex 1.3052619222005126 -9.914448613738106 17.5
   vertex 1.4171415155319853 -10.764258494915657 20.0
  endloop
 endfacet
 facet normal 0.061881748098568244 -0.9441330293000864 -0.32370275290288697
  outer loop
   vertex -1.8369701987210296e-15 -10.0 17.5
   vertex 1.4171415155319853 -10.764258494915657 20.0
   vertex -1.9944247871828323e-15 -10.857142857142858 20.0
  endloop
 endfacet
 facet normal 0.061881748098568244 -0.9441330293000865 -0.32370275290288714
  outer loop
   vertex -1.9944247871828323e-15 -10.857142857142858 20.0
   vertex 1.4171415155319853 -10.764258494915657 20.0
   vertex 1.5290211088634578 -11.61406837609321 22.5
  endloop
 endfacet
 facet normal 0.061881748098567994 -0.9441330293000865 -0.32370275290288697
  outer loop
   vertex -1.9944247871828323e-15 -10.857142857142858 20.0
   vertex 1.5290211088634578 -11.61406837609321 22.5
   vertex -2.151879375644635e-15 -11.714285714285715 22.5
  endloop
 endfacet
 facet normal 0.061881748098567994 -0.9441330293000865 -0.3237027529028864
  outer loop
   vertex -2.151879375644635e-15 -11.714285714285715 22.5
   vertex 1.5290211088634578 -11.61406837609321 22.5
   vertex 1.6409007021949302 -12.46387825727076 25.0
  endloop
 endfacet
 facet normal 0.061881748098567786 -0.9441330293000867 -0.3237027529028864
  outer loop
   vertex -2.151879375644635e-15 -11.714285714285715 22.5
   vertex 1.6409007021949302 -12.46387825727076 25.0
   vertex -2.3093339641064372e-15 -12.571428571428571 25.0
  endloop
 endfacet
 facet normal 0.06188174809856777 -0.9441330293000865 -0.32370275290288714
  outer loop
   vertex -2.3093339641064372e-15 -12.571428571428571 25.0
   vertex 1.6409007021949302 -12.46387825727076 25.0
   vertex 1.7527802955264027 -13.313688138448313 27.5
  endloop
 endfacet
 facet normal 0.06188174809856758 -0.9441330293000865 -0.32370275290288697
  outer loop
   vertex -2.3093339641064372e-15 -12.571428571428571 25.0
   vertex 1.7527802955264027 -13.313688138448313 27.5
   vertex -2.46678855256824e-15 -13.428571428571429 27.5
  endloop
 endfacet
 facet normal 0.0618817480985676 -0.9441330293000868 -0.3237027529028859
  outer loop
   vertex -2.46678855256824e-15 -13.428571428571429 27.5
   vertex 1.7527802955264027 -13.313688138448313 27.5
   vertex 1.8646598888578751 -14.163498019625862 30.0
  endloop
 endfacet
 facet normal 0.06188174809856832 -0.9441330293000866 -0.3237027529028864
  outer loop
   vertex -2.46678855256824e-15 -13.428571428571429 27.5
   vertex 1.8646598888578751 -14.163498019625862 30.0
   vertex -2.624243141030042e-15 -14.285714285714285 30.0
  endloop
 endfacet
 facet normal 0.06188174809856829 -0.9441330293000865 -0.3237027529028871
  outer loop
   vertex -2.624243141030042e-15 -14.285714285714285 30.0
   vertex 1.8646598888578751 -14.163498019625862 30.0
   vertex 1.9765394821893476 -15.013307900803415 32.5
  endloop
 endfacet
 facet normal 0.061881748098568105 -0.9441330293000864 -0.323702752902887
  outer loop
   vertex -2.624243141030042e-15 -14.285714285714285 30.0
   vertex 1.9765394821893476 -15.013307900803415 32.5
   vertex -2.781697729491845e-15 -15.142857142857142 32.5
  endloop
 endfacet
 facet normal 0.06188174809856809 -0.9441330293000864 -0.32370275290288714
  outer loop
   vertex -2.781697729491845e-15 -15.142857142857142 32.5
   vertex 1.9765394821893476 -15.013307900803415 32.5
   vertex 2.0884190755208203 -15.863117781980968 35.0
  endloop
 endfacet
 facet normal 0.06188174809856791 -0.9441330293000864 -0.32370275290288697
  outer loop
   vertex -2.781697729491845e-15 -15.142857142857142 32.5
   vertex 2.0884190755208203 -15.863117781980968 35.0
   vertex -2.9391523179536475e-15 -16.0 35.0
  endloop
 endfacet
 facet normal 0.18458643042887676 -0.9279786514056335 -0.32370275290288664
  outer loop
   vertex 0.5221047688802051 -3.965779445495242 0.0
   vertex 1.0352761804100812 -3.8637033051562737 0.0
   vertex 1.2571210762122413 -4.69163972768976 2.5
  endloop
 endfacet
 facet normal 0.18458643042887757 -0.9279786514056332 -0.3237027529028868
  outer loop
   vertex 0.5221047688802051 -3.965779445495242 0.0
   vertex 1.2571210762122413 -4.69163972768976 2.5
   vertex 0.6339843622116775 -4.815589326672794 2.5
  endloop
 endfacet
 facet normal 0.18458643042887757 -0.9279786514056332 -0.32370275290288697
  outer loop
   vertex 0.6339843622116775 -4.815589326672794 2.5
   vertex 1.2571210762122413 -4.69163972768976 2.5
   vertex 1.4789659720144017 -5.519576150223248 5.0
  endloop
 endfacet
 facet normal 0.18458643042887704 -0.9279786514056333 -0.3237027529028868
  outer loop
   vertex 0.6339843622116775 -4.815589326672794 2.5
   vertex 1.4789659720144017 -5.519576150223248 5.0
   vertex 0.7458639555431501 -5.665399207850346 5.0
  endloop
 endfacet
 facet normal 0.18458643042887704 -0.9279786514056333 -0.3237027529028869
  outer loop
   vertex 0.7458639555431501 -5.665399207850346 5.0
   vertex 1.4789659720144017 -5.519576150223248 5.0
   vertex 1.7008108678165619 -6.347512572756735 7.5
  endloop
 endfacet
 facet normal 0.18458643042887665 -0.9279786514056334 -0.3237027529028867
  outer loop
   vertex 0.7458639555431501 -5.665399207850346 5.0
   vertex 1.7008108678165619 -6.347512572756735 7.5
   vertex 0.8577435488746226 -6.5152090890278975 7.5
  endloop
 endfacet
 facet normal 0.18458643042887668 -0.9279786514056334 -0.3237027529028869
  outer loop
   vertex 0.8577435488746226 -6.5152090890278975 7.5
   vertex 1.7008108678165619 -6.347512572756735 7.5
   vertex 1.9226557636187223 -7.175448995290223 10.0
  endloop
 endfacet
 facet normal 0.1845864304288764 -0.9279786514056335 -0.32370275290288686
  outer loop
   vertex 0.8577435488746226 -6.5152090890278975 7.5
   vertex 1.9226557636187223 -7.175448995290223 10.0
   vertex 0.9696231422060951 -7.365018970205449 10.0
  endloop
 endfacet
 facet normal 0.1845864304288764 -0.9279786514056335 -0.3237027529028865
  outer loop
   vertex 0.9696231422060951 -7.365018970205449 10.0
   vertex 1.9226557636187223 -7.175448995290223 10.0
   vertex 2.144500659420882 -8.00338541782371 12.5
  endloop
 endfacet
 facet normal 0.18458643042887624 -0.9279786514056336 -0.3237027529028865
  outer loop
   vertex 0.9696231422060951 -7.365018970205449 10.0
   vertex 2.144500659420882 -8.00338541782371 12.5
   vertex 1.0815027355375675 -8.214828851383 12.5
  endloop
 endfacet
 facet normal 0.1845864304288762 -0.9279786514056336 -0.32370275290288664
  outer loop
   vertex 1.0815027355375675 -8.214828851383 12.5
   vertex 2.144500659420882 -8.00338541782371 12.5
   vertex 2.3663455552230426 -8.831321840357196 15.0
  endloop
 endfacet
 facet normal 0.18458643042887732 -0.9279786514056332 -0.32370275290288714
  outer loop
   vertex 1.0815027355375675 -8.214828851383 12.5
   vertex 2.3663455552230426 -8.831321840357196 15.0
   vertex 1.1933823288690402 -9.064638732560553 15.0
  endloop
 endfacet
 facet normal 0.18458643042887732 -0.9279786514056332 -0.32370275290288725
  outer loop
   vertex 1.1933823288690402 -9.064638732560553 15.0
   vertex 2.3663455552230426 -8.831321840357196 15.0
   vertex 2.588190451025203 -9.659258262890685 17.5
  endloop
 endfacet
 facet normal 0.18458643042887704 -0.9279786514056333 -0.323702752902887
  outer loop
   vertex 1.1933823288690402 -9.064638732560553 15.0
   vertex 2.588190451025203 -9.659258262890685 17.5
   vertex 1.3052619222005126 -9.914448613738106 17.5
  endloop
 endfacet
 facet normal 0.18458643042887707 -0.9279786514056334 -0.32370275290288664
  outer loop
   vertex 1.3052619222005126 -9.914448613738106 17.5
   vertex 2.588190451025203 -9.659258262890685 17.5
   vertex 2.8100353468273633 -10.487194685424171 20.0
  endloop
 endfacet
 facet normal 0.18458643042887682 -0.9279786514056334 -0.3237027529028865
  outer loop
   vertex 1.3052619222005126 -9.914448613738106 17.5
   vertex 2.8100353468273633 -10.487194685424171 20.0
   vertex 1.4171415155319853 -10.764258494915657 20.0
  endloop
 endfacet
 facet normal 0.18458643042887682 -0.9279786514056333 -0.3237027529028872
  outer loop
   vertex 1.4171415155319853 -10.764258494915657 20.0
   vertex 2.8100353468273633 -10.487194685424171 20.0
   vertex 3.0318802426295237 -11.31513110795766 22.5
  endloop
 endfacet
 facet normal 0.18458643042887662 -0.9279786514056333 -0.32370275290288714
  outer loop
   vertex 1.4171415155319853 -10.764258494915657 20.0
   vertex 3.0318802426295237 -11.31513110795766 22.5
   vertex 1.5290211088634578 -11.61406837609321 22.5
  endloop
 endfacet
 facet normal 0.18458643042887662 -0.9279786514056334 -0.3237027529028865
  outer loop
   vertex 1.5290211088634578 -11.61406837609321 22.5
   vertex 3.0318802426295237 -11.31513110795766 22.5
   vertex 3.2537251384316836 -12.143067530491146 25.0
  endloop
 endfacet
 facet normal 0.1845864304288765 -0.9279786514056335 -0.3237027529028866
  outer loop
   vertex 1.5290211088634578 -11.61406837609321 22.5
   vertex 3.2537251384316836 -12.143067530491146 25.0
   vertex 1.6409007021949302 -12.46387825727076 25.0
  endloop
 endfacet
 facet normal 0.18458643042887649 -0.9279786514056335 -0.32370275290288664
  outer loop
   vertex 1.6409007021949302 -12.46387825727076 25.0
   vertex 3.2537251384316836 -12.143067530491146 25.0
   vertex 3.475570034233844 -12.971003953024633 27.5
  endloop
 endfacet
 facet normal 0.18458643042887724 -0.9279786514056333 -0.32370275290288714
  outer loop
   vertex 1.6409007021949302 -12.46387825727076 25.0
   vertex 3.475570034233844 -12.971003953024633 27.5
   vertex 1.7527802955264027 -13.313688138448313 27.5
  endloop
 endfacet
 facet normal 0.18458643042887726 -0.9279786514056334 -0.32370275290288664
  outer loop
   vertex 1.7527802955264027 -13.313688138448313 27.5
   vertex 3.475570034233844 -12.971003953024633 27.5
   vertex 3.697414930036004 -13.79894037555812 30.0
  endloop
 endfacet
 facet normal 0.18458643042887626 -0.9279786514056338 -0.3237027529028859
  outer loop
   vertex 1.7527802955264027 -13.313688138448313 27.5
   vertex 3.697414930036004 -13.79894037555812 30.0
   vertex 1.8646598888578751 -14.163498019625862 30.0
  endloop
 endfacet
 facet normal 0.1845864304288762 -0.9279786514056335 -0.3237027529028866
  outer loop
   vertex 1.8646598888578751 -14.163498019625862 30.0
   vertex 3.697414930036004 -13.79894037555812 30.0
   vertex 3.9192598258381643 -14.626876798091606 32.5
  endloop
 endfacet
 facet normal 0.18458643042887687 -0.9279786514056333 -0.32370275290288714
  outer loop
   vertex 1.8646598888578751 -14.163498019625862 30.0
   vertex 3.9192598258381643 -14.626876798091606 32.5
   vertex 1.9765394821893476 -15.013307900803415 32.5
  endloop
 endfacet
 facet normal 0.18458643042887687 -0.9279786514056333 -0.3237027529028872
  outer loop
   vertex 1.9765394821893476 -15.013307900803415 32.5
   vertex 3.9192598258381643 -14.626876798091606 32.5
   vertex 4.141104721640325 -15.454813220625095 35.0
  endloop
 endfacet
 facet normal 0.18458643042887676 -0.9279786514056333 -0.32370275290288714
  outer loop
   vertex 1.9765394821893476 -15.013307900803415 32.5
   vertex 4.141104721640325 -15.454813220625095 35.0
   vertex 2.0884190755208203 -15.863117781980968 35.0
  endloop
 endfacet
 facet normal 0.30413278775752045 -0.8959463015013408 -0.3237027529028867
  outer loop
   vertex 1.0352761804100812 -3.8637033051562737 0.0
   vertex 1.53073372946036 -3.6955181300451465 0.0
   vertex 1.8587481000590085 -4.487414872197678 2.5
  endloop
 endfacet
 facet normal 0.3041327877575199 -0.8959463015013412 -0.32370275290288664
  outer loop
   vertex 1.0352761804100812 -3.8637033051562737 0.0
   vertex 1.8587481000590085 -4.487414872197678 2.5
   vertex 1.2571210762122413 -4.69163972768976 2.5
  endloop
 endfacet
 facet normal 0.30413278775751984 -0.8959463015013411 -0.3237027529028869
  outer loop
   vertex 1.2571210762122413 -4.69163972768976 2.5
   vertex 1.8587481000590085 -4.487414872197678 2.5
   vertex 2.186762470657657 -5.27931161435021 5.0
  endloop
 endfacet
 facet normal 0.3041327877575198 -0.895946301501341 -0.32370275290288686
  outer loop
   vertex 1.2571210762122413 -4.69163972768976 2.5
   vertex 2.186762470657657 -5.27931161435021 5.0
   vertex 1.4789659720144017 -5.519576150223248 5.0
  endloop
 endfacet
 facet normal 0.3041327877575198 -0.8959463015013411 -0.3237027529028866
  outer loop
   vertex 1.4789659720144017 -5.519576150223248 5.0
   vertex 2.186762470657657 -5.27931161435021 5.0
   vertex 2.514776841256306 -6.071208356502741 7.5
  endloop
 endfacet
 facet normal 0.3041327877575207 -0.8959463015013408 -0.3237027529028869
  outer loop
   vertex 1.4789659720144017 -5.519576150223248 5.0
   vertex 2.514776841256306 -6.071208356502741 7.5
   vertex 1.7008108678165619 -6.347512572756735 7.5
  endloop
 endfacet
 facet normal 0.3041327877575206 -0.8959463015013408 -0.3237027529028869
  outer loop
   vertex 1.7008108678165619 -6.347512572756735 7.5
   vertex 2.514776841256306 -6.071208356502741 7.5
   vertex 2.8427912118549545 -6.863105098655272 10.0
  endloop
 endfacet
 facet normal 0.30413278775752056 -0.8959463015013409 -0.3237027529028869
  outer loop
   vertex 1.7008108678165619 -6.347512572756735 7.5
   vertex 2.8427912118549545 -6.863105098655272 10.0
   vertex 1.9226557636187223 -7.175448995290223 10.0
  endloop
 endfacet
 facet normal 0.3041327877575206 -0.895946301501341 -0.3237027529028863
  outer loop
   vertex 1.9226557636187223 -7.175448995290223 10.0
   vertex 2.8427912118549545 -6.863105098655272 10.0
   vertex 3.1708055824536023 -7.655001840807802 12.5
  endloop
 endfacet
 facet normal 0.30413278775752134 -0.8959463015013408 -0.3237027529028865
  outer loop
   vertex 1.9226557636187223 -7.175448995290223 10.0
   vertex 3.1708055824536023 -7.655001840807802 12.5
   vertex 2.144500659420882 -8.00338541782371 12.5
  endloop
 endfacet
 facet normal 0.30413278775752123 -0.8959463015013405 -0.3237027529028873
  outer loop
   vertex 2.144500659420882 -8.00338541782371 12.5
   vertex 3.1708055824536023 -7.655001840807802 12.5
   vertex 3.4988199530522515 -8.446898582960335 15.0
  endloop
 endfacet
 facet normal 0.3041327877575198 -0.8959463015013412 -0.32370275290288664
  outer loop
   vertex 2.144500659420882 -8.00338541782371 12.5
   vertex 3.4988199530522515 -8.446898582960335 15.0
   vertex 2.3663455552230426 -8.831321840357196 15.0
  endloop
 endfacet
 facet normal 0.3041327877575198 -0.8959463015013412 -0.32370275290288664
  outer loop
   vertex 2.3663455552230426 -8.831321840357196 15.0
   vertex 3.4988199530522515 -8.446898582960335 15.0
   vertex 3.8268343236509 -9.238795325112866 17.5
  endloop
 endfacet
 facet normal 0.3041327877575209 -0.8959463015013407 -0.3237027529028872
  outer loop
   vertex 2.3663455552230426 -8.831321840357196 15.0
   vertex 3.8268343236509 -9.238795325112866 17.5
   vertex 2.588190451025203 -9.659258262890685 17.5
  endloop
 endfacet
 facet normal 0.3041327877575209 -0.8959463015013407 -0.3237027529028872
  outer loop
   vertex 2.588190451025203 -9.659258262890685 17.5
   vertex 3.8268343236509 -9.238795325112866 17.5
   vertex 4.154848694249549 -10.030692067265399 20.0
  endloop
 endfacet
 facet normal 0.3041327877575198 -0.8959463015013411 -0.3237027529028866
  outer loop
   vertex 2.588190451025203 -9.659258262890685 17.5
   vertex 4.154848694249549 -10.030692067265399 20.0
   vertex 2.8100353468273633 -10.487194685424171 20.0
  endloop
 endfacet
 facet normal 0.3041327877575198 -0.8959463015013411 -0.3237027529028867
  outer loop
   vertex 2.8100353468273633 -10.487194685424171 20.0
   vertex 4.154848694249549 -10.030692067265399 20.0
   vertex 4.482863064848198 -10.82258880941793 22.5
  endloop
 endfacet
 facet normal 0.3041327877575207 -0.8959463015013407 -0.3237027529028872
  outer loop
   vertex 2.8100353468273633 -10.487194685424171 20.0
   vertex 4.482863064848198 -10.82258880941793 22.5
   vertex 3.0318802426295237 -11.31513110795766 22.5
  endloop
 endfacet
 facet normal 0.30413278775752073 -0.8959463015013409 -0.3237027529028865
  outer loop
   vertex 3.0318802426295237 -11.31513110795766 22.5
   vertex 4.482863064848198 -10.82258880941793 22.5
   vertex 4.810877435446845 -11.61448555157046 25.0
  endloop
 endfacet
 facet normal 0.30413278775752084 -0.8959463015013408 -0.3237027529028866
  outer loop
   vertex 3.0318802426295237 -11.31513110795766 22.5
   vertex 4.810877435446845 -11.61448555157046 25.0
   vertex 3.2537251384316836 -12.143067530491146 25.0
  endloop
 endfacet
 facet normal 0.30413278775752084 -0.8959463015013408 -0.32370275290288675
  outer loop
   vertex 3.2537251384316836 -12.143067530491146 25.0
   vertex 4.810877435446845 -11.61448555157046 25.0
   vertex 5.1388918060454944 -12.406382293722992 27.5
  endloop
 endfacet
 facet normal 0.3041327877575207 -0.8959463015013409 -0.3237027529028866
  outer loop
   vertex 3.2537251384316836 -12.143067530491146 25.0
   vertex 5.1388918060454944 -12.406382293722992 27.5
   vertex 3.475570034233844 -12.971003953024633 27.5
  endloop
 endfacet
 facet normal 0.3041327877575207 -0.8959463015013409 -0.32370275290288664
  outer loop
   vertex 3.475570034233844 -12.971003953024633 27.5
   vertex 5.1388918060454944 -12.406382293722992 27.5
   vertex 5.466906176644143 -13.198279035875522 30.0
  endloop
 endfacet
 facet normal 0.3041327877575206 -0.8959463015013409 -0.3237027529028866
  outer loop
   vertex 3.475570034233844 -12.971003953024633 27.5
   vertex 5.466906176644143 -13.198279035875522 30.0
   vertex 3.697414930036004 -13.79894037555812 30.0
  endloop
 endfacet
 facet normal 0.3041327877575206 -0.8959463015013409 -0.3237027529028866
  outer loop
   vertex 3.697414930036004 -13.79894037555812 30.0
   vertex 5.466906176644143 -13.198279035875522 30.0
   vertex 5.794920547242791 -13.990175778028053 32.5
  endloop
 endfacet
 facet normal 0.3041327877575207 -0.8959463015013409 -0.3237027529028866
  outer loop
   vertex 3.697414930036004 -13.79894037555812 30.0
   vertex 5.794920547242791 -13.990175778028053 32.5
   vertex 3.9192598258381643 -14.626876798091606 32.5
  endloop
 endfacet
 facet normal 0.3041327877575206 -0.8959463015013408 -0.3237027529028873
  outer loop
   vertex 3.9192598258381643 -14.626876798091606 32.5
   vertex 5.794920547242791 -13.990175778028053 32.5
   vertex 6.12293491784144 -14.782072520180586 35.0
  endloop
 endfacet
 facet normal 0.30413278775752045 -0.8959463015013407 -0.32370275290288714
  outer loop
   vertex 3.9192598258381643 -14.626876798091606 32.5
   vertex 6.12293491784144 -14.782072520180586 35.0
   vertex 4.141104721640325 -15.454813220625095 35.0
  endloop
 endfacet
 facet normal 0.41847534876609344 -0.8485840619751169 -0.32370275290288675
  outer loop
   vertex 1.53073372946036 -3.6955181300451465 0.0
   vertex 2.0000000000000004 -3.4641016151377544 0.0
   vertex 2.428571428571429 -4.206409104095845 2.5
  endloop
 endfacet
 facet normal 0.4184753487660935 -0.8485840619751169 -0.3237027529028868
  outer loop
   vertex 1.53073372946036 -3.6955181300451465 0.0
   vertex 2.428571428571429 -4.206409104095845 2.5
   vertex 1.8587481000590085 -4.487414872197678 2.5
  endloop
 endfacet
 facet normal 0.41847534876609344 -0.8485840619751168 -0.3237027529028868
  outer loop
   vertex 1.8587481000590085 -4.487414872197678 2.5
   vertex 2.428571428571429 -4.206409104095845 2.5
   vertex 2.8571428571428577 -4.948716593053935 5.0
  endloop
 endfacet
 facet normal 0.41847534876609377 -0.8485840619751167 -0.3237027529028869
  outer loop
   vertex 1.8587481000590085 -4.487414872197678 2.5
   vertex 2.8571428571428577 -4.948716593053935 5.0
   vertex 2.186762470657657 -5.27931161435021 5.0
  endloop
 endfacet
 facet normal 0.41847534876609377 -0.8485840619751167 -0.3237027529028868
  outer loop
   vertex 2.186762470657657 -5.27931161435021 5.0
   vertex 2.8571428571428577 -4.948716593053935 5.0
   vertex 3.2857142857142865 -5.691024082012025 7.5
  endloop
 endfacet
 facet normal 0.41847534876609327 -0.8485840619751172 -0.3237027529028867
  outer loop
   vertex 2.186762470657657 -5.27931161435021 5.0
   vertex 3.2857142857142865 -5.691024082012025 7.5
   vertex 2.514776841256306 -6.071208356502741 7.5
  endloop
 endfacet
 facet normal 0.41847534876609327 -0.848584061975117 -0.32370275290288686
  outer loop
   vertex 2.514776841256306 -6.071208356502741 7.5
   vertex 3.2857142857142865 -5.691024082012025 7.5
   vertex 3.7142857142857153 -6.4333315709701155 10.0
  endloop
 endfacet
 facet normal 0.41847534876609355 -0.8485840619751167 -0.32370275290288697
  outer loop
   vertex 2.514776841256306 -6.071208356502741 7.5
   vertex 3.7142857142857153 -6.4333315709701155 10.0
   vertex 2.8427912118549545 -6.863105098655272 10.0
  endloop
 endfacet
 facet normal 0.4184753487660936 -0.8485840619751169 -0.3237027529028864
  outer loop
   vertex 2.8427912118549545 -6.863105098655272 10.0
   vertex 3.7142857142857153 -6.4333315709701155 10.0
   vertex 4.142857142857143 -7.175639059928205 12.5
  endloop
 endfacet
 facet normal 0.4184753487660932 -0.8485840619751172 -0.32370275290288625
  outer loop
   vertex 2.8427912118549545 -6.863105098655272 10.0
   vertex 4.142857142857143 -7.175639059928205 12.5
   vertex 3.1708055824536023 -7.655001840807802 12.5
  endloop
 endfacet
 facet normal 0.41847534876609316 -0.848584061975117 -0.32370275290288686
  outer loop
   vertex 3.1708055824536023 -7.655001840807802 12.5
   vertex 4.142857142857143 -7.175639059928205 12.5
   vertex 4.571428571428572 -7.917946548886295 15.0
  endloop
 endfacet
 facet normal 0.418475348766094 -0.8485840619751164 -0.3237027529028873
  outer loop
   vertex 3.1708055824536023 -7.655001840807802 12.5
   vertex 4.571428571428572 -7.917946548886295 15.0
   vertex 3.4988199530522515 -8.446898582960335 15.0
  endloop
 endfacet
 facet normal 0.41847534876609405 -0.8485840619751166 -0.32370275290288686
  outer loop
   vertex 3.4988199530522515 -8.446898582960335 15.0
   vertex 4.571428571428572 -7.917946548886295 15.0
   vertex 5.000000000000001 -8.660254037844386 17.5
  endloop
 endfacet
 facet normal 0.41847534876609377 -0.8485840619751169 -0.32370275290288675
  outer loop
   vertex 3.4988199530522515 -8.446898582960335 15.0
   vertex 5.000000000000001 -8.660254037844386 17.5
   vertex 3.8268343236509 -9.238795325112866 17.5
  endloop
 endfacet
 facet normal 0.4184753487660937 -0.8485840619751168 -0.32370275290288686
  outer loop
   vertex 3.8268343236509 -9.238795325112866 17.5
   vertex 5.000000000000001 -8.660254037844386 17.5
   vertex 5.42857142857143 -9.402561526802476 20.0
  endloop
 endfacet
 facet normal 0.41847534876609427 -0.8485840619751164 -0.3237027529028872
  outer loop
   vertex 3.8268343236509 -9.238795325112866 17.5
   vertex 5.42857142857143 -9.402561526802476 20.0
   vertex 4.154848694249549 -10.030692067265399 20.0
  endloop
 endfacet
 facet normal 0.41847534876609427 -0.8485840619751164 -0.3237027529028874
  outer loop
   vertex 4.154848694249549 -10.030692067265399 20.0
   vertex 5.42857142857143 -9.402561526802476 20.0
   vertex 5.8571428571428585 -10.144869015760568 22.5
  endloop
 endfacet
 facet normal 0.4184753487660932 -0.848584061975117 -0.3237027529028867
  outer loop
   vertex 4.154848694249549 -10.030692067265399 20.0
   vertex 5.8571428571428585 -10.144869015760568 22.5
   vertex 4.482863064848198 -10.82258880941793 22.5
  endloop
 endfacet
 facet normal 0.41847534876609327 -0.8485840619751172 -0.3237027529028863
  outer loop
   vertex 4.482863064848198 -10.82258880941793 22.5
   vertex 5.8571428571428585 -10.144869015760568 22.5
   vertex 6.285714285714287 -10.887176504718656 25.0
  endloop
 endfacet
 facet normal 0.4184753487660936 -0.848584061975117 -0.32370275290288647
  outer loop
   vertex 4.482863064848198 -10.82258880941793 22.5
   vertex 6.285714285714287 -10.887176504718656 25.0
   vertex 4.810877435446845 -11.61448555157046 25.0
  endloop
 endfacet
 facet normal 0.41847534876609344 -0.8485840619751168 -0.32370275290288675
  outer loop
   vertex 4.810877435446845 -11.61448555157046 25.0
   vertex 6.285714285714287 -10.887176504718656 25.0
   vertex 6.714285714285716 -11.629483993676747 27.5
  endloop
 endfacet
 facet normal 0.4184753487660933 -0.8485840619751169 -0.32370275290288675
  outer loop
   vertex 4.810877435446845 -11.61448555157046 25.0
   vertex 6.714285714285716 -11.629483993676747 27.5
   vertex 5.1388918060454944 -12.406382293722992 27.5
  endloop
 endfacet
 facet normal 0.4184753487660933 -0.8485840619751169 -0.32370275290288664
  outer loop
   vertex 5.1388918060454944 -12.406382293722992 27.5
   vertex 6.714285714285716 -11.629483993676747 27.5
   vertex 7.142857142857144 -12.371791482634837 30.0
  endloop
 endfacet
 facet normal 0.4184753487660932 -0.848584061975117 -0.3237027529028866
  outer loop
   vertex 5.1388918060454944 -12.406382293722992 27.5
   vertex 7.142857142857144 -12.371791482634837 30.0
   vertex 5.466906176644143 -13.198279035875522 30.0
  endloop
 endfacet
 facet normal 0.4184753487660932 -0.848584061975117 -0.32370275290288686
  outer loop
   vertex 5.466906176644143 -13.198279035875522 30.0
   vertex 7.142857142857144 -12.371791482634837 30.0
   vertex 7.571428571428573 -13.114098971592927 32.5
  endloop
 endfacet
 facet normal 0.418475348766093 -0.8485840619751173 -0.32370275290288664
  outer loop
   vertex 5.466906176644143 -13.198279035875522 30.0
   vertex 7.571428571428573 -13.114098971592927 32.5
   vertex 5.794920547242791 -13.990175778028053 32.5
  endloop
 endfacet
 facet normal 0.41847534876609294 -0.8485840619751172 -0.3237027529028868
  outer loop
   vertex 5.794920547242791 -13.990175778028053 32.5
   vertex 7.571428571428573 -13.114098971592927 32.5
   vertex 8.000000000000002 -13.856406460551018 35.0
  endloop
 endfacet
 facet normal 0.4184753487660934 -0.8485840619751168 -0.32370275290288725
  outer loop
   vertex 5.794920547242791 -13.990175778028053 32.5
   vertex 8.000000000000002 -13.856406460551018 35.0
   vertex 6.12293491784144 -14.782072520180586 35.0
  endloop
 endfacet
 facet normal 0.5256576805339933 -0.7867023138765481 -0.32370275290288664
  outer loop
   vertex 2.0000000000000004 -3.4641016151377544 0.0
   vertex 2.435045716034882 -3.1734133611649407 0.0
   vertex 2.9568412266137853 -3.853430509985999 2.5
  endloop
 endfacet
 facet normal 0.5256576805339936 -0.7867023138765479 -0.3237027529028868
  outer loop
   vertex 2.0000000000000004 -3.4641016151377544 0.0
   vertex 2.9568412266137853 -3.853430509985999 2.5
   vertex 2.428571428571429 -4.206409104095845 2.5
  endloop
 endfacet
 facet normal 0.5256576805339934 -0.7867023138765478 -0.32370275290288697
  outer loop
   vertex 2.428571428571429 -4.206409104095845 2.5
   vertex 2.9568412266137853 -3.853430509985999 2.5
   vertex 3.478636737192689 -4.5334476588070585 5.0
  endloop
 endfacet
 facet normal 0.5256576805339929 -0.7867023138765483 -0.32370275290288686
  outer loop
   vertex 2.428571428571429 -4.206409104095845 2.5
   vertex 3.478636737192689 -4.5334476588070585 5.0
   vertex 2.8571428571428577 -4.948716593053935 5.0
  endloop
 endfacet
 facet normal 0.525657680533993 -0.7867023138765484 -0.32370275290288647
  outer loop
   vertex 2.8571428571428577 -4.948716593053935 5.0
   vertex 3.478636737192689 -4.5334476588070585 5.0
   vertex 4.000432247771592 -5.2134648076281165 7.5
  endloop
 endfacet
 facet normal 0.525657680533994 -0.7867023138765478 -0.3237027529028868
  outer loop
   vertex 2.8571428571428577 -4.948716593053935 5.0
   vertex 4.000432247771592 -5.2134648076281165 7.5
   vertex 3.2857142857142865 -5.691024082012025 7.5
  endloop
 endfacet
 facet normal 0.5256576805339939 -0.7867023138765477 -0.3237027529028869
  outer loop
   vertex 3.2857142857142865 -5.691024082012025 7.5
   vertex 4.000432247771592 -5.2134648076281165 7.5
   vertex 4.522227758350495 -5.893481956449175 10.0
  endloop
 endfacet
 facet normal 0.5256576805339938 -0.7867023138765478 -0.32370275290288686
  outer loop
   vertex 3.2857142857142865 -5.691024082012025 7.5
   vertex 4.522227758350495 -5.893481956449175 10.0
   vertex 3.7142857142857153 -6.4333315709701155 10.0
  endloop
 endfacet
 facet normal 0.5256576805339939 -0.7867023138765479 -0.3237027529028865
  outer loop
   vertex 3.7142857142857153 -6.4333315709701155 10.0
   vertex 4.522227758350495 -5.893481956449175 10.0
   vertex 5.044023268929398 -6.573499105270233 12.5
  endloop
 endfacet
 facet normal 0.5256576805339936 -0.7867023138765481 -0.3237027529028864
  outer loop
   vertex 3.7142857142857153 -6.4333315709701155 10.0
   vertex 5.044023268929398 -6.573499105270233 12.5
   vertex 4.142857142857143 -7.175639059928205 12.5
  endloop
 endfacet
 facet normal 0.5256576805339935 -0.786702313876548 -0.3237027529028869
  outer loop
   vertex 4.142857142857143 -7.175639059928205 12.5
   vertex 5.044023268929398 -6.573499105270233 12.5
   vertex 5.565818779508302 -7.253516254091292 15.0
  endloop
 endfacet
 facet normal 0.5256576805339934 -0.7867023138765481 -0.32370275290288686
  outer loop
   vertex 4.142857142857143 -7.175639059928205 12.5
   vertex 5.565818779508302 -7.253516254091292 15.0
   vertex 4.571428571428572 -7.917946548886295 15.0
  endloop
 endfacet
 facet normal 0.5256576805339934 -0.7867023138765481 -0.32370275290288686
  outer loop
   vertex 4.571428571428572 -7.917946548886295 15.0
   vertex 5.565818779508302 -7.253516254091292 15.0
   vertex 6.087614290087205 -7.933533402912351 17.5
  endloop
 endfacet
 facet normal 0.5256576805339933 -0.7867023138765481 -0.3237027529028868
  outer loop
   vertex 4.571428571428572 -7.917946548886295 15.0
   vertex 6.087614290087205 -7.933533402912351 17.5
   vertex 5.000000000000001 -8.660254037844386 17.5
  endloop
 endfacet
 facet normal 0.5256576805339933 -0.7867023138765481 -0.32370275290288714
  outer loop
   vertex 5.000000000000001 -8.660254037844386 17.5
   vertex 6.087614290087205 -7.933533402912351 17.5
   vertex 6.609409800666109 -8.613550551733411 20.0
  endloop
 endfacet
 facet normal 0.5256576805339929 -0.7867023138765484 -0.3237027529028869
  outer loop
   vertex 5.000000000000001 -8.660254037844386 17.5
   vertex 6.609409800666109 -8.613550551733411 20.0
   vertex 5.42857142857143 -9.402561526802476 20.0
  endloop
 endfacet
 facet normal 0.5256576805339929 -0.7867023138765485 -0.32370275290288664
  outer loop
   vertex 5.42857142857143 -9.402561526802476 20.0
   vertex 6.609409800666109 -8.613550551733411 20.0
   vertex 7.1312053112450124 -9.293567700554469 22.5
  endloop
 endfacet
 facet normal 0.5256576805339938 -0.7867023138765475 -0.32370275290288736
  outer loop
   vertex 5.42857142857143 -9.402561526802476 20.0
   vertex 7.1312053112450124 -9.293567700554469 22.5
   vertex 5.8571428571428585 -10.144869015760568 22.5
  endloop
 endfacet
 facet normal 0.5256576805339939 -0.7867023138765478 -0.32370275290288647
  outer loop
   vertex 5.8571428571428585 -10.144869015760568 22.5
   vertex 7.1312053112450124 -9.293567700554469 22.5
   vertex 7.653000821823915 -9.973584849375527 25.0
  endloop
 endfacet
 facet normal 0.5256576805339938 -0.786702313876548 -0.3237027529028863
  outer loop
   vertex 5.8571428571428585 -10.144869015760568 22.5
   vertex 7.653000821823915 -9.973584849375527 25.0
   vertex 6.285714285714287 -10.887176504718656 25.0
  endloop
 endfacet
 facet normal 0.5256576805339936 -0.7867023138765478 -0.32370275290288714
  outer loop
   vertex 6.285714285714287 -10.887176504718656 25.0
   vertex 7.653000821823915 -9.973584849375527 25.0
   vertex 8.174796332402819 -10.653601998196587 27.5
  endloop
 endfacet
 facet normal 0.5256576805339932 -0.7867023138765481 -0.3237027529028868
  outer loop
   vertex 6.285714285714287 -10.887176504718656 25.0
   vertex 8.174796332402819 -10.653601998196587 27.5
   vertex 6.714285714285716 -11.629483993676747 27.5
  endloop
 endfacet
 facet normal 0.5256576805339933 -0.7867023138765483 -0.32370275290288647
  outer loop
   vertex 6.714285714285716 -11.629483993676747 27.5
   vertex 8.174796332402819 -10.653601998196587 27.5
   vertex 8.696591842981721 -11.333619147017645 30.0
  endloop
 endfacet
 facet normal 0.5256576805339934 -0.7867023138765481 -0.32370275290288664
  outer loop
   vertex 6.714285714285716 -11.629483993676747 27.5
   vertex 8.696591842981721 -11.333619147017645 30.0
   vertex 7.142857142857144 -12.371791482634837 30.0
  endloop
 endfacet
 facet normal 0.5256576805339935 -0.7867023138765481 -0.3237027529028864
  outer loop
   vertex 7.142857142857144 -12.371791482634837 30.0
   vertex 8.696591842981721 -11.333619147017645 30.0
   vertex 9.218387353560624 -12.013636295838703 32.5
  endloop
 endfacet
 facet normal 0.5256576805339939 -0.7867023138765478 -0.3237027529028868
  outer loop
   vertex 7.142857142857144 -12.371791482634837 30.0
   vertex 9.218387353560624 -12.013636295838703 32.5
   vertex 7.571428571428573 -13.114098971592927 32.5
  endloop
 endfacet
 facet normal 0.5256576805339939 -0.7867023138765477 -0.32370275290288736
  outer loop
   vertex 7.571428571428573 -13.114098971592927 32.5
   vertex 9.218387353560624 -12.013636295838703 32.5
   vertex 9.740182864139529 -12.693653444659763 35.0
  endloop
 endfacet
 facet normal 0.5256576805339933 -0.7867023138765481 -0.32370275290288686
  outer loop
   vertex 7.571428571428573 -13.114098971592927 32.5
   vertex 9.740182864139529 -12.693653444659763 35.0
   vertex 8.000000000000002 -13.856406460551018 35.0
  endloop
 endfacet
 facet normal 0.6238458636481127 -0.7113598710724643 -0.3237027529028866
  outer loop
   vertex 2.435045716034882 -3.1734133611649407 0.0
   vertex 2.8284271247461894 -2.8284271247461907 0.0
   vertex 3.4345186514775152 -3.434518651477517 2.5
  endloop
 endfacet
 facet normal 0.623845863648113 -0.711359871072464 -0.3237027529028867
  outer loop
   vertex 2.435045716034882 -3.1734133611649407 0.0
   vertex 3.4345186514775152 -3.434518651477517 2.5
   vertex 2.9568412266137853 -3.853430509985999 2.5
  endloop
 endfacet
 facet normal 0.6238458636481129 -0.711359871072464 -0.32370275290288714
  outer loop
   vertex 2.9568412266137853 -3.853430509985999 2.5
   vertex 3.4345186514775152 -3.434518651477517 2.5
   vertex 4.040610178208842 -4.040610178208844 5.0
  endloop
 endfacet
 facet normal 0.6238458636481126 -0.7113598710724643 -0.32370275290288697
  outer loop
   vertex 2.9568412266137853 -3.853430509985999 2.5
   vertex 4.040610178208842 -4.040610178208844 5.0
   vertex 3.478636737192689 -4.5334476588070585 5.0
  endloop
 endfacet
 facet normal 0.6238458636481127 -0.7113598710724645 -0.32370275290288647
  outer loop
   vertex 3.478636737192689 -4.5334476588070585 5.0
   vertex 4.040610178208842 -4.040610178208844 5.0
   vertex 4.646701704940168 -4.64670170494017 7.5
  endloop
 endfacet
 facet normal 0.6238458636481126 -0.7113598710724645 -0.32370275290288647
  outer loop
   vertex 3.478636737192689 -4.5334476588070585 5.0
   vertex 4.646701704940168 -4.64670170494017 7.5
   vertex 4.000432247771592 -5.2134648076281165 7.5
  endloop
 endfacet
 facet normal 0.6238458636481125 -0.7113598710724643 -0.32370275290288714
  outer loop
   vertex 4.000432247771592 -5.2134648076281165 7.5
   vertex 4.646701704940168 -4.64670170494017 7.5
   vertex 5.252793231671495 -5.252793231671498 10.0
  endloop
 endfacet
 facet normal 0.623845863648112 -0.7113598710724648 -0.3237027529028869
  outer loop
   vertex 4.000432247771592 -5.2134648076281165 7.5
   vertex 5.252793231671495 -5.252793231671498 10.0
   vertex 4.522227758350495 -5.893481956449175 10.0
  endloop
 endfacet
 facet normal 0.6238458636481122 -0.711359871072465 -0.32370275290288625
  outer loop
   vertex 4.522227758350495 -5.893481956449175 10.0
   vertex 5.252793231671495 -5.252793231671498 10.0
   vertex 5.85888475840282 -5.858884758402823 12.5
  endloop
 endfacet
 facet normal 0.6238458636481126 -0.7113598710724645 -0.32370275290288647
  outer loop
   vertex 4.522227758350495 -5.893481956449175 10.0
   vertex 5.85888475840282 -5.858884758402823 12.5
   vertex 5.044023268929398 -6.573499105270233 12.5
  endloop
 endfacet
 facet normal 0.6238458636481125 -0.7113598710724643 -0.3237027529028869
  outer loop
   vertex 5.044023268929398 -6.573499105270233 12.5
   vertex 5.85888475840282 -5.858884758402823 12.5
   vertex 6.464976285134147 -6.46497628513415 15.0
  endloop
 endfacet
 facet normal 0.6238458636481125 -0.7113598710724645 -0.32370275290288686
  outer loop
   vertex 5.044023268929398 -6.573499105270233 12.5
   vertex 6.464976285134147 -6.46497628513415 15.0
   vertex 5.565818779508302 -7.253516254091292 15.0
  endloop
 endfacet
 facet normal 0.6238458636481125 -0.7113598710724645 -0.32370275290288714
  outer loop
   vertex 5.565818779508302 -7.253516254091292 15.0
   vertex 6.464976285134147 -6.46497628513415 15.0
   vertex 7.071067811865474 -7.071067811865477 17.5
  endloop
 endfacet
 facet normal 0.6238458636481121 -0.7113598710724648 -0.32370275290288697
  outer loop
   vertex 5.565818779508302 -7.253516254091292 15.0
   vertex 7.071067811865474 -7.071067811865477 17.5
   vertex 6.087614290087205 -7.933533402912351 17.5
  endloop
 endfacet
 facet normal 0.6238458636481122 -0.7113598710724649 -0.32370275290288675
  outer loop
   vertex 6.087614290087205 -7.933533402912351 17.5
   vertex 7.071067811865474 -7.071067811865477 17.5
   vertex 7.6771593385968 -7.6771593385968036 20.0
  endloop
 endfacet
 facet normal 0.6238458636481128 -0.7113598710724641 -0.32370275290288714
  outer loop
   vertex 6.087614290087205 -7.933533402912351 17.5
   vertex 7.6771593385968 -7.6771593385968036 20.0
   vertex 6.609409800666109 -8.613550551733411 20.0
  endloop
 endfacet
 facet normal 0.6238458636481128 -0.7113598710724641 -0.32370275290288714
  outer loop
   vertex 6.609409800666109 -8.613550551733411 20.0
   vertex 7.6771593385968 -7.6771593385968036 20.0
   vertex 8.283250865328126 -8.283250865328132 22.5
  endloop
 endfacet
 facet normal 0.6238458636481122 -0.7113598710724648 -0.3237027529028867
  outer loop
   vertex 6.609409800666109 -8.613550551733411 20.0
   vertex 8.283250865328126 -8.283250865328132 22.5
   vertex 7.1312053112450124 -9.293567700554469 22.5
  endloop
 endfacet
 facet normal 0.6238458636481123 -0.711359871072465 -0.32370275290288625
  outer loop
   vertex 7.1312053112450124 -9.293567700554469 22.5
   vertex 8.283250865328126 -8.283250865328132 22.5
   vertex 8.889342392059453 -8.889342392059456 25.0
  endloop
 endfacet
 facet normal 0.6238458636481126 -0.7113598710724645 -0.32370275290288647
  outer loop
   vertex 7.1312053112450124 -9.293567700554469 22.5
   vertex 8.889342392059453 -8.889342392059456 25.0
   vertex 7.653000821823915 -9.973584849375527 25.0
  endloop
 endfacet
 facet normal 0.6238458636481125 -0.7113598710724645 -0.32370275290288714
  outer loop
   vertex 7.653000821823915 -9.973584849375527 25.0
   vertex 8.889342392059453 -8.889342392059456 25.0
   vertex 9.495433918790779 -9.495433918790784 27.5
  endloop
 endfacet
 facet normal 0.6238458636481123 -0.7113598710724645 -0.3237027529028871
  outer loop
   vertex 7.653000821823915 -9.973584849375527 25.0
   vertex 9.495433918790779 -9.495433918790784 27.5
   vertex 8.174796332402819 -10.653601998196587 27.5
  endloop
 endfacet
 facet normal 0.6238458636481125 -0.7113598710724646 -0.32370275290288614
  outer loop
   vertex 8.174796332402819 -10.653601998196587 27.5
   vertex 9.495433918790779 -9.495433918790784 27.5
   vertex 10.101525445522105 -10.101525445522109 30.0
  endloop
 endfacet
 facet normal 0.6238458636481128 -0.7113598710724643 -0.32370275290288647
  outer loop
   vertex 8.174796332402819 -10.653601998196587 27.5
   vertex 10.101525445522105 -10.101525445522109 30.0
   vertex 8.696591842981721 -11.333619147017645 30.0
  endloop
 endfacet
 facet normal 0.6238458636481127 -0.7113598710724642 -0.32370275290288714
  outer loop
   vertex 8.696591842981721 -11.333619147017645 30.0
   vertex 10.101525445522105 -10.101525445522109 30.0
   vertex 10.707616972253431 -10.707616972253437 32.5
  endloop
 endfacet
 facet normal 0.623845863648112 -0.711359871072465 -0.32370275290288647
  outer loop
   vertex 8.696591842981721 -11.333619147017645 30.0
   vertex 10.707616972253431 -10.707616972253437 32.5
   vertex 9.218387353560624 -12.013636295838703 32.5
  endloop
 endfacet
 facet normal 0.623845863648112 -0.711359871072465 -0.3237027529028867
  outer loop
   vertex 9.218387353560624 -12.013636295838703 32.5
   vertex 10.707616972253431 -10.707616972253437 32.5
   vertex 11.313708498984758 -11.313708498984763 35.0
  endloop
 endfacet
 facet normal 0.6238458636481126 -0.7113598710724641 -0.3237027529028873
  outer loop
   vertex 9.218387353560624 -12.013636295838703 32.5
   vertex 11.313708498984758 -11.313708498984763 35.0
   vertex 9.740182864139529 -12.693653444659763 35.0
  endloop
 endfacet
 facet normal 0.7113598710724636 -0.6238458636481136 -0.32370275290288664
  outer loop
   vertex 2.8284271247461894 -2.8284271247461907 0.0
   vertex 3.1734133611649398 -2.435045716034884 0.0
   vertex 3.853430509985998 -2.9568412266137876 2.5
  endloop
 endfacet
 facet normal 0.7113598710724636 -0.6238458636481137 -0.3237027529028866
  outer loop
   vertex 2.8284271247461894 -2.8284271247461907 0.0
   vertex 3.853430509985998 -2.9568412266137876 2.5
   vertex 3.4345186514775152 -3.434518651477517 2.5
  endloop
 endfacet
 facet normal 0.7113598710724633 -0.6238458636481136 -0.32370275290288697
  outer loop
   vertex 3.4345186514775152 -3.434518651477517 2.5
   vertex 3.853430509985998 -2.9568412266137876 2.5
   vertex 4.533447658807057 -3.4786367371926916 5.0
  endloop
 endfacet
 facet normal 0.7113598710724638 -0.6238458636481131 -0.32370275290288714
  outer loop
   vertex 3.4345186514775152 -3.434518651477517 2.5
   vertex 4.533447658807057 -3.4786367371926916 5.0
   vertex 4.040610178208842 -4.040610178208844 5.0
  endloop
 endfacet
 facet normal 0.7113598710724639 -0.6238458636481131 -0.3237027529028867
  outer loop
   vertex 4.040610178208842 -4.040610178208844 5.0
   vertex 4.533447658807057 -3.4786367371926916 5.0
   vertex 5.213464807628115 -4.000432247771595 7.5
  endloop
 endfacet
 facet normal 0.7113598710724637 -0.6238458636481137 -0.3237027529028865
  outer loop
   vertex 4.040610178208842 -4.040610178208844 5.0
   vertex 5.213464807628115 -4.000432247771595 7.5
   vertex 4.646701704940168 -4.64670170494017 7.5
  endloop
 endfacet
 facet normal 0.7113598710724633 -0.6238458636481135 -0.323702752902887
  outer loop
   vertex 4.646701704940168 -4.64670170494017 7.5
   vertex 5.213464807628115 -4.000432247771595 7.5
   vertex 5.8934819564491745 -4.522227758350499 10.0
  endloop
 endfacet
 facet normal 0.7113598710724636 -0.6238458636481135 -0.32370275290288714
  outer loop
   vertex 4.646701704940168 -4.64670170494017 7.5
   vertex 5.8934819564491745 -4.522227758350499 10.0
   vertex 5.252793231671495 -5.252793231671498 10.0
  endloop
 endfacet
 facet normal 0.7113598710724638 -0.6238458636481137 -0.32370275290288625
  outer loop
   vertex 5.252793231671495 -5.252793231671498 10.0
   vertex 5.8934819564491745 -4.522227758350499 10.0
   vertex 6.573499105270232 -5.044023268929402 12.5
  endloop
 endfacet
 facet normal 0.7113598710724638 -0.6238458636481135 -0.32370275290288625
  outer loop
   vertex 5.252793231671495 -5.252793231671498 10.0
   vertex 6.573499105270232 -5.044023268929402 12.5
   vertex 5.85888475840282 -5.858884758402823 12.5
  endloop
 endfacet
 facet normal 0.7113598710724637 -0.6238458636481133 -0.3237027529028871
  outer loop
   vertex 5.85888475840282 -5.858884758402823 12.5
   vertex 6.573499105270232 -5.044023268929402 12.5
   vertex 7.2535162540912905 -5.565818779508306 15.0
  endloop
 endfacet
 facet normal 0.7113598710724635 -0.6238458636481136 -0.32370275290288697
  outer loop
   vertex 5.85888475840282 -5.858884758402823 12.5
   vertex 7.2535162540912905 -5.565818779508306 15.0
   vertex 6.464976285134147 -6.46497628513415 15.0
  endloop
 endfacet
 facet normal 0.7113598710724635 -0.6238458636481136 -0.32370275290288686
  outer loop
   vertex 6.464976285134147 -6.46497628513415 15.0
   vertex 7.2535162540912905 -5.565818779508306 15.0
   vertex 7.933533402912349 -6.08761429008721 17.5
  endloop
 endfacet
 facet normal 0.7113598710724637 -0.623845863648113 -0.3237027529028871
  outer loop
   vertex 6.464976285134147 -6.46497628513415 15.0
   vertex 7.933533402912349 -6.08761429008721 17.5
   vertex 7.071067811865474 -7.071067811865477 17.5
  endloop
 endfacet
 facet normal 0.7113598710724637 -0.623845863648113 -0.3237027529028873
  outer loop
   vertex 7.071067811865474 -7.071067811865477 17.5
   vertex 7.933533402912349 -6.08761429008721 17.5
   vertex 8.61355055173341 -6.609409800666114 20.0
  endloop
 endfacet
 facet normal 0.7113598710724631 -0.6238458636481141 -0.32370275290288675
  outer loop
   vertex 7.071067811865474 -7.071067811865477 17.5
   vertex 8.61355055173341 -6.609409800666114 20.0
   vertex 7.6771593385968 -7.6771593385968036 20.0
  endloop
 endfacet
 facet normal 0.7113598710724631 -0.6238458636481141 -0.32370275290288664
  outer loop
   vertex 7.6771593385968 -7.6771593385968036 20.0
   vertex 8.61355055173341 -6.609409800666114 20.0
   vertex 9.293567700554467 -7.131205311245018 22.5
  endloop
 endfacet
 facet normal 0.7113598710724636 -0.6238458636481133 -0.3237027529028871
  outer loop
   vertex 7.6771593385968 -7.6771593385968036 20.0
   vertex 9.293567700554467 -7.131205311245018 22.5
   vertex 8.283250865328126 -8.283250865328132 22.5
  endloop
 endfacet
 facet normal 0.7113598710724638 -0.6238458636481135 -0.3237027529028864
  outer loop
   vertex 8.283250865328126 -8.283250865328132 22.5
   vertex 9.293567700554467 -7.131205311245018 22.5
   vertex 9.973584849375525 -7.6530008218239205 25.0
  endloop
 endfacet
 facet normal 0.7113598710724637 -0.6238458636481137 -0.3237027529028863
  outer loop
   vertex 8.283250865328126 -8.283250865328132 22.5
   vertex 9.973584849375525 -7.6530008218239205 25.0
   vertex 8.889342392059453 -8.889342392059456 25.0
  endloop
 endfacet
 facet normal 0.7113598710724636 -0.6238458636481136 -0.3237027529028867
  outer loop
   vertex 8.889342392059453 -8.889342392059456 25.0
   vertex 9.973584849375525 -7.6530008218239205 25.0
   vertex 10.653601998196583 -8.174796332402824 27.5
  endloop
 endfacet
 facet normal 0.711359871072464 -0.6238458636481129 -0.3237027529028871
  outer loop
   vertex 8.889342392059453 -8.889342392059456 25.0
   vertex 10.653601998196583 -8.174796332402824 27.5
   vertex 9.495433918790779 -9.495433918790784 27.5
  endloop
 endfacet
 facet normal 0.711359871072464 -0.6238458636481129 -0.3237027529028869
  outer loop
   vertex 9.495433918790779 -9.495433918790784 27.5
   vertex 10.653601998196583 -8.174796332402824 27.5
   vertex 11.333619147017641 -8.696591842981729 30.0
  endloop
 endfacet
 facet normal 0.7113598710724636 -0.6238458636481137 -0.32370275290288636
  outer loop
   vertex 9.495433918790779 -9.495433918790784 27.5
   vertex 11.333619147017641 -8.696591842981729 30.0
   vertex 10.101525445522105 -10.101525445522109 30.0
  endloop
 endfacet
 facet normal 0.7113598710724636 -0.6238458636481137 -0.32370275290288647
  outer loop
   vertex 10.101525445522105 -10.101525445522109 30.0
   vertex 11.333619147017641 -8.696591842981729 30.0
   vertex 12.0136362958387 -9.218387353560631 32.5
  endloop
 endfacet
 facet normal 0.7113598710724641 -0.6238458636481129 -0.32370275290288714
  outer loop
   vertex 10.101525445522105 -10.101525445522109 30.0
   vertex 12.0136362958387 -9.218387353560631 32.5
   vertex 10.707616972253431 -10.707616972253437 32.5
  endloop
 endfacet
 facet normal 0.711359871072464 -0.6238458636481128 -0.32370275290288736
  outer loop
   vertex 10.707616972253431 -10.707616972253437 32.5
   vertex 12.0136362958387 -9.218387353560631 32.5
   vertex 12.693653444659759 -9.740182864139536 35.0
  endloop
 endfacet
 facet normal 0.7113598710724636 -0.6238458636481136 -0.32370275290288675
  outer loop
   vertex 10.707616972253431 -10.707616972253437 32.5
   vertex 12.693653444659759 -9.740182864139536 35.0
   vertex 11.313708498984758 -11.313708498984763 35.0
  endloop
 endfacet
 facet normal 0.7867023138765484 -0.525657680533993 -0.3237027529028866
  outer loop
   vertex 3.1734133611649398 -2.435045716034884 0.0
   vertex 3.4641016151377535 -2.0000000000000018 0.0
   vertex 4.206409104095843 -2.4285714285714306 2.5
  endloop
 endfacet
 facet normal 0.7867023138765484 -0.5256576805339928 -0.3237027529028866
  outer loop
   vertex 3.1734133611649398 -2.435045716034884 0.0
   vertex 4.206409104095843 -2.4285714285714306 2.5
   vertex 3.853430509985998 -2.9568412266137876 2.5
  endloop
 endfacet
 facet normal 0.7867023138765483 -0.5256576805339928 -0.3237027529028872
  outer loop
   vertex 3.853430509985998 -2.9568412266137876 2.5
   vertex 4.206409104095843 -2.4285714285714306 2.5
   vertex 4.948716593053934 -2.85714285714286 5.0
  endloop
 endfacet
 facet normal 0.786702313876548 -0.5256576805339934 -0.32370275290288697
  outer loop
   vertex 3.853430509985998 -2.9568412266137876 2.5
   vertex 4.948716593053934 -2.85714285714286 5.0
   vertex 4.533447658807057 -3.4786367371926916 5.0
  endloop
 endfacet
 facet normal 0.7867023138765481 -0.5256576805339935 -0.3237027529028866
  outer loop
   vertex 4.533447658807057 -3.4786367371926916 5.0
   vertex 4.948716593053934 -2.85714285714286 5.0
   vertex 5.6910240820120235 -3.2857142857142887 7.5
  endloop
 endfacet
 facet normal 0.7867023138765483 -0.5256576805339934 -0.3237027529028867
  outer loop
   vertex 4.533447658807057 -3.4786367371926916 5.0
   vertex 5.6910240820120235 -3.2857142857142887 7.5
   vertex 5.213464807628115 -4.000432247771595 7.5
  endloop
 endfacet
 facet normal 0.7867023138765481 -0.5256576805339933 -0.3237027529028868
  outer loop
   vertex 5.213464807628115 -4.000432247771595 7.5
   vertex 5.6910240820120235 -3.2857142857142887 7.5
   vertex 6.433331570970114 -3.7142857142857175 10.0
  endloop
 endfacet
 facet normal 0.7867023138765484 -0.5256576805339925 -0.32370275290288714
  outer loop
   vertex 5.213464807628115 -4.000432247771595 7.5
   vertex 6.433331570970114 -3.7142857142857175 10.0
   vertex 5.8934819564491745 -4.522227758350499 10.0
  endloop
 endfacet
 facet normal 0.7867023138765488 -0.5256576805339926 -0.3237027529028865
  outer loop
   vertex 5.8934819564491745 -4.522227758350499 10.0
   vertex 6.433331570970114 -3.7142857142857175 10.0
   vertex 7.175639059928203 -4.142857142857146 12.5
  endloop
 endfacet
 facet normal 0.7867023138765483 -0.5256576805339933 -0.3237027529028862
  outer loop
   vertex 5.8934819564491745 -4.522227758350499 10.0
   vertex 7.175639059928203 -4.142857142857146 12.5
   vertex 6.573499105270232 -5.044023268929402 12.5
  endloop
 endfacet
 facet normal 0.7867023138765481 -0.5256576805339932 -0.32370275290288697
  outer loop
   vertex 6.573499105270232 -5.044023268929402 12.5
   vertex 7.175639059928203 -4.142857142857146 12.5
   vertex 7.9179465488862935 -4.571428571428576 15.0
  endloop
 endfacet
 facet normal 0.7867023138765481 -0.525657680533993 -0.323702752902887
  outer loop
   vertex 6.573499105270232 -5.044023268929402 12.5
   vertex 7.9179465488862935 -4.571428571428576 15.0
   vertex 7.2535162540912905 -5.565818779508306 15.0
  endloop
 endfacet
 facet normal 0.7867023138765483 -0.5256576805339932 -0.32370275290288686
  outer loop
   vertex 7.2535162540912905 -5.565818779508306 15.0
   vertex 7.9179465488862935 -4.571428571428576 15.0
   vertex 8.660254037844384 -5.000000000000004 17.5
  endloop
 endfacet
 facet normal 0.7867023138765482 -0.525657680533993 -0.32370275290288686
  outer loop
   vertex 7.2535162540912905 -5.565818779508306 15.0
   vertex 8.660254037844384 -5.000000000000004 17.5
   vertex 7.933533402912349 -6.08761429008721 17.5
  endloop
 endfacet
 facet normal 0.7867023138765483 -0.525657680533993 -0.3237027529028868
  outer loop
   vertex 7.933533402912349 -6.08761429008721 17.5
   vertex 8.660254037844384 -5.000000000000004 17.5
   vertex 9.402561526802474 -5.428571428571433 20.0
  endloop
 endfacet
 facet normal 0.7867023138765487 -0.5256576805339922 -0.3237027529028873
  outer loop
   vertex 7.933533402912349 -6.08761429008721 17.5
   vertex 9.402561526802474 -5.428571428571433 20.0
   vertex 8.61355055173341 -6.609409800666114 20.0
  endloop
 endfacet
 facet normal 0.7867023138765488 -0.5256576805339922 -0.323702752902887
  outer loop
   vertex 8.61355055173341 -6.609409800666114 20.0
   vertex 9.402561526802474 -5.428571428571433 20.0
   vertex 10.144869015760564 -5.857142857142863 22.5
  endloop
 endfacet
 facet normal 0.7867023138765484 -0.5256576805339929 -0.32370275290288664
  outer loop
   vertex 8.61355055173341 -6.609409800666114 20.0
   vertex 10.144869015760564 -5.857142857142863 22.5
   vertex 9.293567700554467 -7.131205311245018 22.5
  endloop
 endfacet
 facet normal 0.7867023138765487 -0.5256576805339931 -0.3237027529028862
  outer loop
   vertex 9.293567700554467 -7.131205311245018 22.5
   vertex 10.144869015760564 -5.857142857142863 22.5
   vertex 10.887176504718653 -6.285714285714291 25.0
  endloop
 endfacet
 facet normal 0.7867023138765489 -0.5256576805339925 -0.32370275290288647
  outer loop
   vertex 9.293567700554467 -7.131205311245018 22.5
   vertex 10.887176504718653 -6.285714285714291 25.0
   vertex 9.973584849375525 -7.6530008218239205 25.0
  endloop
 endfacet
 facet normal 0.7867023138765485 -0.5256576805339924 -0.3237027529028875
  outer loop
   vertex 9.973584849375525 -7.6530008218239205 25.0
   vertex 10.887176504718653 -6.285714285714291 25.0
   vertex 11.629483993676745 -6.714285714285721 27.5
  endloop
 endfacet
 facet normal 0.786702313876548 -0.5256576805339938 -0.32370275290288664
  outer loop
   vertex 9.973584849375525 -7.6530008218239205 25.0
   vertex 11.629483993676745 -6.714285714285721 27.5
   vertex 10.653601998196583 -8.174796332402824 27.5
  endloop
 endfacet
 facet normal 0.7867023138765481 -0.5256576805339938 -0.3237027529028862
  outer loop
   vertex 10.653601998196583 -8.174796332402824 27.5
   vertex 11.629483993676745 -6.714285714285721 27.5
   vertex 12.371791482634833 -7.142857142857149 30.0
  endloop
 endfacet
 facet normal 0.7867023138765483 -0.5256576805339928 -0.32370275290288675
  outer loop
   vertex 10.653601998196583 -8.174796332402824 27.5
   vertex 12.371791482634833 -7.142857142857149 30.0
   vertex 11.333619147017641 -8.696591842981729 30.0
  endloop
 endfacet
 facet normal 0.7867023138765483 -0.5256576805339928 -0.323702752902887
  outer loop
   vertex 11.333619147017641 -8.696591842981729 30.0
   vertex 12.371791482634833 -7.142857142857149 30.0
   vertex 13.114098971592924 -7.571428571428578 32.5
  endloop
 endfacet
 facet normal 0.7867023138765481 -0.5256576805339935 -0.32370275290288647
  outer loop
   vertex 11.333619147017641 -8.696591842981729 30.0
   vertex 13.114098971592924 -7.571428571428578 32.5
   vertex 12.0136362958387 -9.218387353560631 32.5
  endloop
 endfacet
 facet normal 0.7867023138765481 -0.5256576805339935 -0.3237027529028868
  outer loop
   vertex 12.0136362958387 -9.218387353560631 32.5
   vertex 13.114098971592924 -7.571428571428578 32.5
   vertex 13.856406460551014 -8.000000000000007 35.0
  endloop
 endfacet
 facet normal 0.7867023138765482 -0.5256576805339929 -0.3237027529028873
  outer loop
   vertex 12.0136362958387 -9.218387353560631 32.5
   vertex 13.856406460551014 -8.000000000000007 35.0
   vertex 12.693653444659759 -9.740182864139536 35.0
  endloop
 endfacet
 facet normal 0.8485840619751166 -0.4184753487660943 -0.32370275290288664
  outer loop
   vertex 3.4641016151377535 -2.0000000000000018 0.0
   vertex 3.695518130045146 -1.5307337294603616 0.0
   vertex 4.487414872197677 -1.8587481000590103 2.5
  endloop
 endfacet
 facet normal 0.8485840619751165 -0.41847534876609455 -0.32370275290288664
  outer loop
   vertex 3.4641016151377535 -2.0000000000000018 0.0
   vertex 4.487414872197677 -1.8587481000590103 2.5
   vertex 4.206409104095843 -2.4285714285714306 2.5
  endloop
 endfacet
 facet normal 0.8485840619751164 -0.4184753487660945 -0.32370275290288697
  outer loop
   vertex 4.206409104095843 -2.4285714285714306 2.5
   vertex 4.487414872197677 -1.8587481000590103 2.5
   vertex 5.279311614350209 -2.1867624706576594 5.0
  endloop
 endfacet
 facet normal 0.8485840619751166 -0.4184753487660937 -0.3237027529028872
  outer loop
   vertex 4.206409104095843 -2.4285714285714306 2.5
   vertex 5.279311614350209 -2.1867624706576594 5.0
   vertex 4.948716593053934 -2.85714285714286 5.0
  endloop
 endfacet
 facet normal 0.8485840619751167 -0.4184753487660938 -0.32370275290288664
  outer loop
   vertex 4.948716593053934 -2.85714285714286 5.0
   vertex 5.279311614350209 -2.1867624706576594 5.0
   vertex 6.07120835650274 -2.514776841256308 7.5
  endloop
 endfacet
 facet normal 0.8485840619751167 -0.4184753487660941 -0.3237027529028866
  outer loop
   vertex 4.948716593053934 -2.85714285714286 5.0
   vertex 6.07120835650274 -2.514776841256308 7.5
   vertex 5.6910240820120235 -3.2857142857142887 7.5
  endloop
 endfacet
 facet normal 0.8485840619751166 -0.418475348766094 -0.32370275290288697
  outer loop
   vertex 5.6910240820120235 -3.2857142857142887 7.5
   vertex 6.07120835650274 -2.514776841256308 7.5
   vertex 6.8631050986552715 -2.842791211854957 10.0
  endloop
 endfacet
 facet normal 0.8485840619751164 -0.4184753487660944 -0.32370275290288686
  outer loop
   vertex 5.6910240820120235 -3.2857142857142887 7.5
   vertex 6.8631050986552715 -2.842791211854957 10.0
   vertex 6.433331570970114 -3.7142857142857175 10.0
  endloop
 endfacet
 facet normal 0.8485840619751166 -0.41847534876609443 -0.32370275290288636
  outer loop
   vertex 6.433331570970114 -3.7142857142857175 10.0
   vertex 6.8631050986552715 -2.842791211854957 10.0
   vertex 7.6550018408078015 -3.170805582453606 12.5
  endloop
 endfacet
 facet normal 0.8485840619751167 -0.4184753487660941 -0.32370275290288647
  outer loop
   vertex 6.433331570970114 -3.7142857142857175 10.0
   vertex 7.6550018408078015 -3.170805582453606 12.5
   vertex 7.175639059928203 -4.142857142857146 12.5
  endloop
 endfacet
 facet normal 0.8485840619751166 -0.41847534876609405 -0.323702752902887
  outer loop
   vertex 7.175639059928203 -4.142857142857146 12.5
   vertex 7.6550018408078015 -3.170805582453606 12.5
   vertex 8.446898582960333 -3.498819953052255 15.0
  endloop
 endfacet
 facet normal 0.8485840619751166 -0.41847534876609405 -0.32370275290288697
  outer loop
   vertex 7.175639059928203 -4.142857142857146 12.5
   vertex 8.446898582960333 -3.498819953052255 15.0
   vertex 7.9179465488862935 -4.571428571428576 15.0
  endloop
 endfacet
 facet normal 0.8485840619751166 -0.41847534876609405 -0.3237027529028867
  outer loop
   vertex 7.9179465488862935 -4.571428571428576 15.0
   vertex 8.446898582960333 -3.498819953052255 15.0
   vertex 9.238795325112864 -3.826834323650904 17.5
  endloop
 endfacet
 facet normal 0.8485840619751167 -0.41847534876609377 -0.3237027529028868
  outer loop
   vertex 7.9179465488862935 -4.571428571428576 15.0
   vertex 9.238795325112864 -3.826834323650904 17.5
   vertex 8.660254037844384 -5.000000000000004 17.5
  endloop
 endfacet
 facet normal 0.8485840619751166 -0.4184753487660937 -0.3237027529028873
  outer loop
   vertex 8.660254037844384 -5.000000000000004 17.5
   vertex 9.238795325112864 -3.826834323650904 17.5
   vertex 10.030692067265397 -4.154848694249553 20.0
  endloop
 endfacet
 facet normal 0.8485840619751164 -0.41847534876609455 -0.3237027529028868
  outer loop
   vertex 8.660254037844384 -5.000000000000004 17.5
   vertex 10.030692067265397 -4.154848694249553 20.0
   vertex 9.402561526802474 -5.428571428571433 20.0
  endloop
 endfacet
 facet normal 0.8485840619751165 -0.4184753487660946 -0.32370275290288675
  outer loop
   vertex 9.402561526802474 -5.428571428571433 20.0
   vertex 10.030692067265397 -4.154848694249553 20.0
   vertex 10.822588809417928 -4.482863064848202 22.5
  endloop
 endfacet
 facet normal 0.8485840619751165 -0.41847534876609405 -0.3237027529028869
  outer loop
   vertex 9.402561526802474 -5.428571428571433 20.0
   vertex 10.822588809417928 -4.482863064848202 22.5
   vertex 10.144869015760564 -5.857142857142863 22.5
  endloop
 endfacet
 facet normal 0.8485840619751166 -0.4184753487660941 -0.3237027529028865
  outer loop
   vertex 10.144869015760564 -5.857142857142863 22.5
   vertex 10.822588809417928 -4.482863064848202 22.5
   vertex 11.614485551570459 -4.810877435446851 25.0
  endloop
 endfacet
 facet normal 0.8485840619751165 -0.4184753487660948 -0.32370275290288614
  outer loop
   vertex 10.144869015760564 -5.857142857142863 22.5
   vertex 11.614485551570459 -4.810877435446851 25.0
   vertex 10.887176504718653 -6.285714285714291 25.0
  endloop
 endfacet
 facet normal 0.8485840619751163 -0.4184753487660947 -0.3237027529028867
  outer loop
   vertex 10.887176504718653 -6.285714285714291 25.0
   vertex 11.614485551570459 -4.810877435446851 25.0
   vertex 12.40638229372299 -5.1388918060455 27.5
  endloop
 endfacet
 facet normal 0.8485840619751166 -0.4184753487660934 -0.3237027529028875
  outer loop
   vertex 10.887176504718653 -6.285714285714291 25.0
   vertex 12.40638229372299 -5.1388918060455 27.5
   vertex 11.629483993676745 -6.714285714285721 27.5
  endloop
 endfacet
 facet normal 0.8485840619751169 -0.41847534876609355 -0.32370275290288664
  outer loop
   vertex 11.629483993676745 -6.714285714285721 27.5
   vertex 12.40638229372299 -5.1388918060455 27.5
   vertex 13.19827903587552 -5.466906176644148 30.0
  endloop
 endfacet
 facet normal 0.8485840619751167 -0.4184753487660941 -0.32370275290288614
  outer loop
   vertex 11.629483993676745 -6.714285714285721 27.5
   vertex 13.19827903587552 -5.466906176644148 30.0
   vertex 12.371791482634833 -7.142857142857149 30.0
  endloop
 endfacet
 facet normal 0.8485840619751164 -0.418475348766094 -0.3237027529028872
  outer loop
   vertex 12.371791482634833 -7.142857142857149 30.0
   vertex 13.19827903587552 -5.466906176644148 30.0
   vertex 13.990175778028053 -5.794920547242797 32.5
  endloop
 endfacet
 facet normal 0.8485840619751164 -0.4184753487660945 -0.3237027529028871
  outer loop
   vertex 12.371791482634833 -7.142857142857149 30.0
   vertex 13.990175778028053 -5.794920547242797 32.5
   vertex 13.114098971592924 -7.571428571428578 32.5
  endloop
 endfacet
 facet normal 0.8485840619751165 -0.41847534876609455 -0.32370275290288675
  outer loop
   vertex 13.114098971592924 -7.571428571428578 32.5
   vertex 13.990175778028053 -5.794920547242797 32.5
   vertex 14.782072520180584 -6.122934917841446 35.0
  endloop
 endfacet
 facet normal 0.8485840619751165 -0.41847534876609427 -0.3237027529028868
  outer loop
   vertex 13.114098971592924 -7.571428571428578 32.5
   vertex 14.782072520180584 -6.122934917841446 35.0
   vertex 13.856406460551014 -8.000000000000007 35.0
  endloop
 endfacet
 facet normal 0.8959463015013408 -0.30413278775752045 -0.32370275290288675
  outer loop
   vertex 3.695518130045146 -1.5307337294603616 0.0
   vertex 3.8637033051562732 -1.0352761804100827 0.0
   vertex 4.69163972768976 -1.2571210762122431 2.5
  endloop
 endfacet
 facet normal 0.8959463015013408 -0.30413278775752106 -0.3237027529028867
  outer loop
   vertex 3.695518130045146 -1.5307337294603616 0.0
   vertex 4.69163972768976 -1.2571210762122431 2.5
   vertex 4.487414872197677 -1.8587481000590103 2.5
  endloop
 endfacet
 facet normal 0.8959463015013407 -0.304132787757521 -0.32370275290288697
  outer loop
   vertex 4.487414872197677 -1.8587481000590103 2.5
   vertex 4.69163972768976 -1.2571210762122431 2.5
   vertex 5.519576150223248 -1.478965972014404 5.0
  endloop
 endfacet
 facet normal 0.8959463015013408 -0.3041327877575208 -0.32370275290288697
  outer loop
   vertex 4.487414872197677 -1.8587481000590103 2.5
   vertex 5.519576150223248 -1.478965972014404 5.0
   vertex 5.279311614350209 -2.1867624706576594 5.0
  endloop
 endfacet
 facet normal 0.8959463015013408 -0.30413278775752084 -0.3237027529028866
  outer loop
   vertex 5.279311614350209 -2.1867624706576594 5.0
   vertex 5.519576150223248 -1.478965972014404 5.0
   vertex 6.3475125727567345 -1.7008108678165643 7.5
  endloop
 endfacet
 facet normal 0.8959463015013408 -0.30413278775752073 -0.32370275290288664
  outer loop
   vertex 5.279311614350209 -2.1867624706576594 5.0
   vertex 6.3475125727567345 -1.7008108678165643 7.5
   vertex 6.07120835650274 -2.514776841256308 7.5
  endloop
 endfacet
 facet normal 0.8959463015013408 -0.30413278775752073 -0.323702752902887
  outer loop
   vertex 6.07120835650274 -2.514776841256308 7.5
   vertex 6.3475125727567345 -1.7008108678165643 7.5
   vertex 7.175448995290222 -1.9226557636187251 10.0
  endloop
 endfacet
 facet normal 0.8959463015013409 -0.3041327877575206 -0.32370275290288697
  outer loop
   vertex 6.07120835650274 -2.514776841256308 7.5
   vertex 7.175448995290222 -1.9226557636187251 10.0
   vertex 6.8631050986552715 -2.842791211854957 10.0
  endloop
 endfacet
 facet normal 0.895946301501341 -0.3041327877575206 -0.32370275290288625
  outer loop
   vertex 6.8631050986552715 -2.842791211854957 10.0
   vertex 7.175448995290222 -1.9226557636187251 10.0
   vertex 8.003385417823708 -2.1445006594208853 12.5
  endloop
 endfacet
 facet normal 0.895946301501341 -0.30413278775752056 -0.3237027529028864
  outer loop
   vertex 6.8631050986552715 -2.842791211854957 10.0
   vertex 8.003385417823708 -2.1445006594208853 12.5
   vertex 7.6550018408078015 -3.170805582453606 12.5
  endloop
 endfacet
 facet normal 0.8959463015013408 -0.30413278775752045 -0.3237027529028873
  outer loop
   vertex 7.6550018408078015 -3.170805582453606 12.5
   vertex 8.003385417823708 -2.1445006594208853 12.5
   vertex 8.831321840357196 -2.366345555223046 15.0
  endloop
 endfacet
 facet normal 0.8959463015013406 -0.304132787757521 -0.32370275290288697
  outer loop
   vertex 7.6550018408078015 -3.170805582453606 12.5
   vertex 8.831321840357196 -2.366345555223046 15.0
   vertex 8.446898582960333 -3.498819953052255 15.0
  endloop
 endfacet
 facet normal 0.8959463015013407 -0.30413278775752106 -0.3237027529028866
  outer loop
   vertex 8.446898582960333 -3.498819953052255 15.0
   vertex 8.831321840357196 -2.366345555223046 15.0
   vertex 9.659258262890683 -2.588190451025207 17.5
  endloop
 endfacet
 facet normal 0.8959463015013407 -0.3041327877575209 -0.3237027529028867
  outer loop
   vertex 8.446898582960333 -3.498819953052255 15.0
   vertex 9.659258262890683 -2.588190451025207 17.5
   vertex 9.238795325112864 -3.826834323650904 17.5
  endloop
 endfacet
 facet normal 0.8959463015013407 -0.3041327877575209 -0.3237027529028872
  outer loop
   vertex 9.238795325112864 -3.826834323650904 17.5
   vertex 9.659258262890683 -2.588190451025207 17.5
   vertex 10.487194685424171 -2.8100353468273678 20.0
  endloop
 endfacet
 facet normal 0.8959463015013406 -0.3041327877575208 -0.32370275290288725
  outer loop
   vertex 9.238795325112864 -3.826834323650904 17.5
   vertex 10.487194685424171 -2.8100353468273678 20.0
   vertex 10.030692067265397 -4.154848694249553 20.0
  endloop
 endfacet
 facet normal 0.8959463015013408 -0.30413278775752084 -0.32370275290288664
  outer loop
   vertex 10.030692067265397 -4.154848694249553 20.0
   vertex 10.487194685424171 -2.8100353468273678 20.0
   vertex 11.315131107957658 -3.031880242629528 22.5
  endloop
 endfacet
 facet normal 0.8959463015013408 -0.3041327877575207 -0.3237027529028867
  outer loop
   vertex 10.030692067265397 -4.154848694249553 20.0
   vertex 11.315131107957658 -3.031880242629528 22.5
   vertex 10.822588809417928 -4.482863064848202 22.5
  endloop
 endfacet
 facet normal 0.8959463015013408 -0.3041327877575207 -0.3237027529028866
  outer loop
   vertex 10.822588809417928 -4.482863064848202 22.5
   vertex 11.315131107957658 -3.031880242629528 22.5
   vertex 12.143067530491145 -3.2537251384316885 25.0
  endloop
 endfacet
 facet normal 0.8959463015013409 -0.3041327877575208 -0.32370275290288664
  outer loop
   vertex 10.822588809417928 -4.482863064848202 22.5
   vertex 12.143067530491145 -3.2537251384316885 25.0
   vertex 11.614485551570459 -4.810877435446851 25.0
  endloop
 endfacet
 facet normal 0.8959463015013409 -0.3041327877575208 -0.3237027529028867
  outer loop
   vertex 11.614485551570459 -4.810877435446851 25.0
   vertex 12.143067530491145 -3.2537251384316885 25.0
   vertex 12.971003953024631 -3.4755700342338494 27.5
  endloop
 endfacet
 facet normal 0.8959463015013409 -0.3041327877575207 -0.3237027529028867
  outer loop
   vertex 11.614485551570459 -4.810877435446851 25.0
   vertex 12.971003953024631 -3.4755700342338494 27.5
   vertex 12.40638229372299 -5.1388918060455 27.5
  endloop
 endfacet
 facet normal 0.8959463015013409 -0.3041327877575207 -0.3237027529028866
  outer loop
   vertex 12.40638229372299 -5.1388918060455 27.5
   vertex 12.971003953024631 -3.4755700342338494 27.5
   vertex 13.798940375558118 -3.6974149300360093 30.0
  endloop
 endfacet
 facet normal 0.8959463015013409 -0.3041327877575206 -0.3237027529028866
  outer loop
   vertex 12.40638229372299 -5.1388918060455 27.5
   vertex 13.798940375558118 -3.6974149300360093 30.0
   vertex 13.19827903587552 -5.466906176644148 30.0
  endloop
 endfacet
 facet normal 0.8959463015013409 -0.3041327877575206 -0.32370275290288664
  outer loop
   vertex 13.19827903587552 -5.466906176644148 30.0
   vertex 13.798940375558118 -3.6974149300360093 30.0
   vertex 14.626876798091605 -3.91925982583817 32.5
  endloop
 endfacet
 facet normal 0.8959463015013409 -0.30413278775751973 -0.32370275290288725
  outer loop
   vertex 13.19827903587552 -5.466906176644148 30.0
   vertex 14.626876798091605 -3.91925982583817 32.5
   vertex 13.990175778028053 -5.794920547242797 32.5
  endloop
 endfacet
 facet normal 0.8959463015013409 -0.30413278775751973 -0.32370275290288725
  outer loop
   vertex 13.990175778028053 -5.794920547242797 32.5
   vertex 14.626876798091605 -3.91925982583817 32.5
   vertex 15.454813220625093 -4.141104721640331 35.0
  endloop
 endfacet
 facet normal 0.8959463015013408 -0.30413278775752045 -0.32370275290288664
  outer loop
   vertex 13.990175778028053 -5.794920547242797 32.5
   vertex 15.454813220625093 -4.141104721640331 35.0
   vertex 14.782072520180584 -6.122934917841446 35.0
  endloop
 endfacet
 facet normal 0.9279786514056335 -0.18458643042887682 -0.32370275290288675
  outer loop
   vertex 3.8637033051562732 -1.0352761804100827 0.0
   vertex 3.9657794454952415 -0.5221047688802067 0.0
   vertex 4.815589326672793 -0.6339843622116795 2.5
  endloop
 endfacet
 facet normal 0.9279786514056334 -0.18458643042887662 -0.3237027529028867
  outer loop
   vertex 3.8637033051562732 -1.0352761804100827 0.0
   vertex 4.815589326672793 -0.6339843622116795 2.5
   vertex 4.69163972768976 -1.2571210762122431 2.5
  endloop
 endfacet
 facet normal 0.9279786514056334 -0.18458643042887635 -0.3237027529028868
  outer loop
   vertex 4.69163972768976 -1.2571210762122431 2.5
   vertex 4.815589326672793 -0.6339843622116795 2.5
   vertex 5.665399207850345 -0.7458639555431525 5.0
  endloop
 endfacet
 facet normal 0.9279786514056335 -0.184586430428876 -0.3237027529028869
  outer loop
   vertex 4.69163972768976 -1.2571210762122431 2.5
   vertex 5.665399207850345 -0.7458639555431525 5.0
   vertex 5.519576150223248 -1.478965972014404 5.0
  endloop
 endfacet
 facet normal 0.9279786514056335 -0.184586430428876 -0.3237027529028868
  outer loop
   vertex 5.519576150223248 -1.478965972014404 5.0
   vertex 5.665399207850345 -0.7458639555431525 5.0
   vertex 6.515209089027897 -0.8577435488746253 7.5
  endloop
 endfacet
 facet normal 0.9279786514056333 -0.18458643042887674 -0.3237027529028865
  outer loop
   vertex 5.519576150223248 -1.478965972014404 5.0
   vertex 6.515209089027897 -0.8577435488746253 7.5
   vertex 6.3475125727567345 -1.7008108678165643 7.5
  endloop
 endfacet
 facet normal 0.9279786514056333 -0.18458643042887676 -0.32370275290288686
  outer loop
   vertex 6.3475125727567345 -1.7008108678165643 7.5
   vertex 6.515209089027897 -0.8577435488746253 7.5
   vertex 7.3650189702054485 -0.9696231422060982 10.0
  endloop
 endfacet
 facet normal 0.9279786514056333 -0.1845864304288764 -0.3237027529028869
  outer loop
   vertex 6.3475125727567345 -1.7008108678165643 7.5
   vertex 7.3650189702054485 -0.9696231422060982 10.0
   vertex 7.175448995290222 -1.9226557636187251 10.0
  endloop
 endfacet
 facet normal 0.9279786514056336 -0.18458643042887646 -0.32370275290288625
  outer loop
   vertex 7.175448995290222 -1.9226557636187251 10.0
   vertex 7.3650189702054485 -0.9696231422060982 10.0
   vertex 8.214828851382999 -1.081502735537571 12.5
  endloop
 endfacet
 facet normal 0.9279786514056337 -0.18458643042887632 -0.32370275290288636
  outer loop
   vertex 7.175448995290222 -1.9226557636187251 10.0
   vertex 8.214828851382999 -1.081502735537571 12.5
   vertex 8.003385417823708 -2.1445006594208853 12.5
  endloop
 endfacet
 facet normal 0.9279786514056334 -0.18458643042887626 -0.3237027529028872
  outer loop
   vertex 8.003385417823708 -2.1445006594208853 12.5
   vertex 8.214828851382999 -1.081502735537571 12.5
   vertex 9.064638732560551 -1.193382328869044 15.0
  endloop
 endfacet
 facet normal 0.9279786514056334 -0.184586430428876 -0.3237027529028872
  outer loop
   vertex 8.003385417823708 -2.1445006594208853 12.5
   vertex 9.064638732560551 -1.193382328869044 15.0
   vertex 8.831321840357196 -2.366345555223046 15.0
  endloop
 endfacet
 facet normal 0.9279786514056334 -0.184586430428876 -0.32370275290288714
  outer loop
   vertex 8.831321840357196 -2.366345555223046 15.0
   vertex 9.064638732560551 -1.193382328869044 15.0
   vertex 9.914448613738104 -1.3052619222005168 17.5
  endloop
 endfacet
 facet normal 0.9279786514056334 -0.1845864304288771 -0.3237027529028867
  outer loop
   vertex 8.831321840357196 -2.366345555223046 15.0
   vertex 9.914448613738104 -1.3052619222005168 17.5
   vertex 9.659258262890683 -2.588190451025207 17.5
  endloop
 endfacet
 facet normal 0.9279786514056332 -0.18458643042887707 -0.32370275290288714
  outer loop
   vertex 9.659258262890683 -2.588190451025207 17.5
   vertex 9.914448613738104 -1.3052619222005168 17.5
   vertex 10.764258494915657 -1.4171415155319897 20.0
  endloop
 endfacet
 facet normal 0.9279786514056332 -0.18458643042887682 -0.32370275290288725
  outer loop
   vertex 9.659258262890683 -2.588190451025207 17.5
   vertex 10.764258494915657 -1.4171415155319897 20.0
   vertex 10.487194685424171 -2.8100353468273678 20.0
  endloop
 endfacet
 facet normal 0.9279786514056334 -0.18458643042887682 -0.3237027529028865
  outer loop
   vertex 10.487194685424171 -2.8100353468273678 20.0
   vertex 10.764258494915657 -1.4171415155319897 20.0
   vertex 11.614068376093208 -1.5290211088634627 22.5
  endloop
 endfacet
 facet normal 0.9279786514056334 -0.18458643042887665 -0.3237027529028866
  outer loop
   vertex 10.487194685424171 -2.8100353468273678 20.0
   vertex 11.614068376093208 -1.5290211088634627 22.5
   vertex 11.315131107957658 -3.031880242629528 22.5
  endloop
 endfacet
 facet normal 0.9279786514056334 -0.18458643042887665 -0.32370275290288647
  outer loop
   vertex 11.315131107957658 -3.031880242629528 22.5
   vertex 11.614068376093208 -1.5290211088634627 22.5
   vertex 12.463878257270759 -1.6409007021949353 25.0
  endloop
 endfacet
 facet normal 0.9279786514056335 -0.1845864304288765 -0.32370275290288664
  outer loop
   vertex 11.315131107957658 -3.031880242629528 22.5
   vertex 12.463878257270759 -1.6409007021949353 25.0
   vertex 12.143067530491145 -3.2537251384316885 25.0
  endloop
 endfacet
 facet normal 0.9279786514056334 -0.18458643042887649 -0.3237027529028872
  outer loop
   vertex 12.143067530491145 -3.2537251384316885 25.0
   vertex 12.463878257270759 -1.6409007021949353 25.0
   vertex 13.313688138448311 -1.7527802955264085 27.5
  endloop
 endfacet
 facet normal 0.9279786514056334 -0.1845864304288773 -0.32370275290288664
  outer loop
   vertex 12.143067530491145 -3.2537251384316885 25.0
   vertex 13.313688138448311 -1.7527802955264085 27.5
   vertex 12.971003953024631 -3.4755700342338494 27.5
  endloop
 endfacet
 facet normal 0.9279786514056334 -0.1845864304288773 -0.32370275290288647
  outer loop
   vertex 12.971003953024631 -3.4755700342338494 27.5
   vertex 13.313688138448311 -1.7527802955264085 27.5
   vertex 14.163498019625862 -1.8646598888578811 30.0
  endloop
 endfacet
 facet normal 0.9279786514056333 -0.18458643042887715 -0.3237027529028866
  outer loop
   vertex 12.971003953024631 -3.4755700342338494 27.5
   vertex 14.163498019625862 -1.8646598888578811 30.0
   vertex 13.798940375558118 -3.6974149300360093 30.0
  endloop
 endfacet
 facet normal 0.9279786514056333 -0.18458643042887715 -0.32370275290288647
  outer loop
   vertex 13.798940375558118 -3.6974149300360093 30.0
   vertex 14.163498019625862 -1.8646598888578811 30.0
   vertex 15.013307900803413 -1.976539482189354 32.5
  endloop
 endfacet
 facet normal 0.9279786514056334 -0.18458643042887699 -0.3237027529028867
  outer loop
   vertex 13.798940375558118 -3.6974149300360093 30.0
   vertex 15.013307900803413 -1.976539482189354 32.5
   vertex 14.626876798091605 -3.91925982583817 32.5
  endloop
 endfacet
 facet normal 0.9279786514056332 -0.18458643042887693 -0.32370275290288714
  outer loop
   vertex 14.626876798091605 -3.91925982583817 32.5
   vertex 15.013307900803413 -1.976539482189354 32.5
   vertex 15.863117781980966 -2.088419075520827 35.0
  endloop
 endfacet
 facet normal 0.9279786514056332 -0.18458643042887676 -0.32370275290288725
  outer loop
   vertex 14.626876798091605 -3.91925982583817 32.5
   vertex 15.863117781980966 -2.088419075520827 35.0
   vertex 15.454813220625093 -4.141104721640331 35.0
  endloop
 endfacet
 facet normal 0.9441330293000865 -0.061881748098568605 -0.32370275290288664
  outer loop
   vertex 3.9657794454952415 -0.5221047688802067 0.0
   vertex 4.0 0.0 0.0
   vertex 4.857142857142857 0.0 2.5
  endloop
 endfacet
 facet normal 0.9441330293000866 -0.061881748098568834 -0.32370275290288664
  outer loop
   vertex 3.9657794454952415 -0.5221047688802067 0.0
   vertex 4.857142857142857 0.0 2.5
   vertex 4.815589326672793 -0.6339843622116795 2.5
  endloop
 endfacet
 facet normal 0.9441330293000864 -0.06188174809856856 -0.32370275290288697
  outer loop
   vertex 4.815589326672793 -0.6339843622116795 2.5
   vertex 4.857142857142857 0.0 2.5
   vertex 5.714285714285714 0.0 5.0
  endloop
 endfacet
 facet normal 0.9441330293000864 -0.06188174809856908 -0.32370275290288686
  outer loop
   vertex 4.815589326672793 -0.6339843622116795 2.5
   vertex 5.714285714285714 0.0 5.0
   vertex 5.665399207850345 -0.7458639555431525 5.0
  endloop
 endfacet
 facet normal 0.9441330293000865 -0.061881748098569084 -0.32370275290288664
  outer loop
   vertex 5.665399207850345 -0.7458639555431525 5.0
   vertex 5.714285714285714 0.0 5.0
   vertex 6.571428571428571 0.0 7.5
  endloop
 endfacet
 facet normal 0.9441330293000865 -0.0618817480985685 -0.3237027529028868
  outer loop
   vertex 5.665399207850345 -0.7458639555431525 5.0
   vertex 6.571428571428571 0.0 7.5
   vertex 6.515209089027897 -0.8577435488746253 7.5
  endloop
 endfacet
 facet normal 0.9441330293000865 -0.0618817480985685 -0.3237027529028869
  outer loop
   vertex 6.515209089027897 -0.8577435488746253 7.5
   vertex 6.571428571428571 0.0 7.5
   vertex 7.428571428571429 0.0 10.0
  endloop
 endfacet
 facet normal 0.9441330293000866 -0.06188174809856892 -0.32370275290288686
  outer loop
   vertex 6.515209089027897 -0.8577435488746253 7.5
   vertex 7.428571428571429 0.0 10.0
   vertex 7.3650189702054485 -0.9696231422060982 10.0
  endloop
 endfacet
 facet normal 0.9441330293000866 -0.06188174809856892 -0.32370275290288636
  outer loop
   vertex 7.3650189702054485 -0.9696231422060982 10.0
   vertex 7.428571428571429 0.0 10.0
   vertex 8.285714285714285 0.0 12.5
  endloop
 endfacet
 facet normal 0.9441330293000867 -0.061881748098569264 -0.32370275290288625
  outer loop
   vertex 7.3650189702054485 -0.9696231422060982 10.0
   vertex 8.285714285714285 0.0 12.5
   vertex 8.214828851382999 -1.081502735537571 12.5
  endloop
 endfacet
 facet normal 0.9441330293000864 -0.06188174809856924 -0.32370275290288697
  outer loop
   vertex 8.214828851382999 -1.081502735537571 12.5
   vertex 8.285714285714285 0.0 12.5
   vertex 9.142857142857142 0.0 15.0
  endloop
 endfacet
 facet normal 0.9441330293000862 -0.06188174809856879 -0.32370275290288714
  outer loop
   vertex 8.214828851382999 -1.081502735537571 12.5
   vertex 9.142857142857142 0.0 15.0
   vertex 9.064638732560551 -1.193382328869044 15.0
  endloop
 endfacet
 facet normal 0.9441330293000864 -0.061881748098568806 -0.32370275290288697
  outer loop
   vertex 9.064638732560551 -1.193382328869044 15.0
   vertex 9.142857142857142 0.0 15.0
   vertex 10.0 0.0 17.5
  endloop
 endfacet
 facet normal 0.9441330293000865 -0.061881748098568445 -0.32370275290288714
  outer loop
   vertex 9.064638732560551 -1.193382328869044 15.0
   vertex 10.0 0.0 17.5
   vertex 9.914448613738104 -1.3052619222005168 17.5
  endloop
 endfacet
 facet normal 0.9441330293000865 -0.061881748098568445 -0.32370275290288697
  outer loop
   vertex 9.914448613738104 -1.3052619222005168 17.5
   vertex 10.0 0.0 17.5
   vertex 10.857142857142858 0.0 20.0
  endloop
 endfacet
 facet normal 0.9441330293000864 -0.06188174809856814 -0.3237027529028871
  outer loop
   vertex 9.914448613738104 -1.3052619222005168 17.5
   vertex 10.857142857142858 0.0 20.0
   vertex 10.764258494915657 -1.4171415155319897 20.0
  endloop
 endfacet
 facet normal 0.9441330293000864 -0.06188174809856814 -0.32370275290288697
  outer loop
   vertex 10.764258494915657 -1.4171415155319897 20.0
   vertex 10.857142857142858 0.0 20.0
   vertex 11.714285714285715 0.0 22.5
  endloop
 endfacet
 facet normal 0.9441330293000865 -0.06188174809856898 -0.3237027529028865
  outer loop
   vertex 10.764258494915657 -1.4171415155319897 20.0
   vertex 11.714285714285715 0.0 22.5
   vertex 11.614068376093208 -1.5290211088634627 22.5
  endloop
 endfacet
 facet normal 0.9441330293000867 -0.061881748098568994 -0.3237027529028864
  outer loop
   vertex 11.614068376093208 -1.5290211088634627 22.5
   vertex 11.714285714285715 0.0 22.5
   vertex 12.571428571428571 0.0 25.0
  endloop
 endfacet
 facet normal 0.9441330293000866 -0.061881748098568695 -0.32370275290288647
  outer loop
   vertex 11.614068376093208 -1.5290211088634627 22.5
   vertex 12.571428571428571 0.0 25.0
   vertex 12.463878257270759 -1.6409007021949353 25.0
  endloop
 endfacet
 facet normal 0.9441330293000864 -0.06188174809856868 -0.3237027529028869
  outer loop
   vertex 12.463878257270759 -1.6409007021949353 25.0
   vertex 12.571428571428571 0.0 25.0
   vertex 13.428571428571429 0.0 27.5
  endloop
 endfacet
 facet normal 0.9441330293000864 -0.061881748098568404 -0.3237027529028871
  outer loop
   vertex 12.463878257270759 -1.6409007021949353 25.0
   vertex 13.428571428571429 0.0 27.5
   vertex 13.313688138448311 -1.7527802955264085 27.5
  endloop
 endfacet
 facet normal 0.9441330293000866 -0.06188174809856842 -0.3237027529028863
  outer loop
   vertex 13.313688138448311 -1.7527802955264085 27.5
   vertex 13.428571428571429 0.0 27.5
   vertex 14.285714285714285 0.0 30.0
  endloop
 endfacet
 facet normal 0.9441330293000867 -0.06188174809856821 -0.3237027529028865
  outer loop
   vertex 13.313688138448311 -1.7527802955264085 27.5
   vertex 14.285714285714285 0.0 30.0
   vertex 14.163498019625862 -1.8646598888578811 30.0
  endloop
 endfacet
 facet normal 0.9441330293000865 -0.061881748098568196 -0.323702752902887
  outer loop
   vertex 14.163498019625862 -1.8646598888578811 30.0
   vertex 14.285714285714285 0.0 30.0
   vertex 15.142857142857142 0.0 32.5
  endloop
 endfacet
 facet normal 0.9441330293000865 -0.061881748098568834 -0.32370275290288647
  outer loop
   vertex 14.163498019625862 -1.8646598888578811 30.0
   vertex 15.142857142857142 0.0 32.5
   vertex 15.013307900803413 -1.976539482189354 32.5
  endloop
 endfacet
 facet normal 0.9441330293000864 -0.06188174809856883 -0.3237027529028869
  outer loop
   vertex 15.013307900803413 -1.976539482189354 32.5
   vertex 15.142857142857142 0.0 32.5
   vertex 16.0 0.0 35.0
  endloop
 endfacet
 facet normal 0.9441330293000864 -0.0618817480985686 -0.32370275290288714
  outer loop
   vertex 15.013307900803413 -1.976539482189354 32.5
   vertex 16.0 0.0 35.0
   vertex 15.863117781980966 -2.088419075520827 35.0
  endloop
 endfacet
endsolid cone
