solid sphere
 facet normal -0.12532900487747695 -0.008214496970857665 -0.9920812278114818
  outer loop
   vertex 1.1302293515276407 0.0 17.96448111170889
   vertex 1.1205600827459334 0.14752453359024106 17.96448111170889
   vertex 3.3440083463427492 0.44024705074912035 17.681170513116395
  endloop
 endfacet
 facet normal -0.12532900487747692 -0.008214496970857856 -0.9920812278114818
  outer loop
   vertex 1.1302293515276407 0.0 17.96448111170889
   vertex 3.3440083463427492 0.44024705074912035 17.681170513116395
   vertex 3.372863662543043 0.0 17.681170513116395
  endloop
 endfacet
 facet normal -0.24865685655328063 -0.01629783143125415 -0.9684545153902064
  outer loop
   vertex 3.372863662543043 0.0 17.681170513116395
   vertex 3.3440083463427492 0.44024705074912035 17.681170513116395
   vertex 5.514719600703983 0.7260266089268457 17.119017293312762
  endloop
 endfacet
 facet normal -0.24865685655328065 -0.01629783143125402 -0.9684545153902063
  outer loop
   vertex 3.372863662543043 0.0 17.681170513116395
   vertex 5.514719600703983 0.7260266089268457 17.119017293312762
   vertex 5.562305898749053 0.0 17.119017293312762
  endloop
 endfacet
 facet normal -0.36801744428048905 -0.024121137674557282 -0.9295059609397576
  outer loop
   vertex 5.562305898749053 0.0 17.119017293312762
   vertex 5.514719600703983 0.7260266089268457 17.119017293312762
   vertex 7.598460432628307 1.000356293774521 16.286886944388353
  endloop
 endfacet
 facet normal -0.368017444280489 -0.024121137674557317 -0.9295059609397576
  outer loop
   vertex 5.562305898749053 0.0 17.119017293312762
   vertex 7.598460432628307 1.000356293774521 16.286886944388353
   vertex 7.6640272481713065 0.0 16.286886944388353
  endloop
 endfacet
 facet normal -0.4815136917692293 -0.031560074751504553 -0.8758701538016049
  outer loop
   vertex 7.6640272481713065 0.0 16.286886944388353
   vertex 7.598460432628307 1.000356293774521 16.286886944388353
   vertex 9.562369004429838 1.2589097622854881 15.197902659036274
  endloop
 endfacet
 facet normal -0.4815136917692292 -0.03156007475150463 -0.8758701538016049
  outer loop
   vertex 7.6640272481713065 0.0 16.286886944388353
   vertex 9.562369004429838 1.2589097622854881 15.197902659036274
   vertex 9.644882309621938 0.0 15.197902659036274
  endloop
 endfacet
 facet normal -0.5873495380917204 -0.03849692260946219 -0.8084172852265369
  outer loop
   vertex 9.644882309621938 0.0 15.197902659036274
   vertex 9.562369004429838 1.2589097622854881 15.197902659036274
   vertex 11.375473304749152 1.4976094718089736 13.869238369964206
  endloop
 endfacet
 facet normal -0.5873495380917202 -0.03849692260946248 -0.8084172852265368
  outer loop
   vertex 9.644882309621938 0.0 15.197902659036274
   vertex 11.375473304749152 1.4976094718089736 13.869238369964206
   vertex 11.473631815476413 0.0 13.869238369964206
  endloop
 endfacet
 facet normal -0.6838591134652219 -0.04482249437427006 -0.7282359898608618
  outer loop
   vertex 11.473631815476413 0.0 13.869238369964206
   vertex 11.375473304749152 1.4976094718089736 13.869238369964206
   vertex 13.009179595674208 1.712690985333498 12.321847906716394
  endloop
 endfacet
 facet normal -0.6838591134652222 -0.04482249437426973 -0.7282359898608616
  outer loop
   vertex 11.473631815476413 0.0 13.869238369964206
   vertex 13.009179595674208 1.712690985333498 12.321847906716394
   vertex 13.121435293585408 0.0 12.321847906716394
  endloop
 endfacet
 facet normal -0.7695325356704931 -0.050437827136835096 -0.6366126782732622
  outer loop
   vertex 13.121435293585408 0.0 12.321847906716394
   vertex 13.009179595674208 1.712690985333498 12.321847906716394
   vertex 14.437723353068277 1.9007623389073098 10.580134541264515
  endloop
 endfacet
 facet normal -0.769532535670493 -0.05043782713683524 -0.6366126782732623
  outer loop
   vertex 13.121435293585408 0.0 12.321847906716394
   vertex 14.437723353068277 1.9007623389073098 10.580134541264515
   vertex 14.562305898749054 0.0 10.580134541264515
  endloop
 endfacet
 facet normal -0.8430379956437986 -0.05525562951931259 -0.5350081805984943
  outer loop
   vertex 14.562305898749054 0.0 10.580134541264515
   vertex 14.437723353068277 1.9007623389073098 10.580134541264515
   vertex 15.638575588506582 2.05885753493617 8.671566133830876
  endloop
 endfacet
 facet normal -0.8430379956437986 -0.055255629519312566 -0.5350081805984942
  outer loop
   vertex 14.562305898749054 0.0 10.580134541264515
   vertex 15.638575588506582 2.05885753493617 8.671566133830876
   vertex 15.773520240789544 0.0 8.671566133830876
  endloop
 endfacet
 facet normal -0.9032400348950199 -0.059201479640376566 -0.4250324977825029
  outer loop
   vertex 15.773520240789544 0.0 8.671566133830876
   vertex 15.638575588506582 2.05885753493617 8.671566133830876
   vertex 16.592798144881904 2.1844833177372114 6.626241948324205
  endloop
 endfacet
 facet normal -0.9032400348950197 -0.05920147964037714 -0.4250324977825034
  outer loop
   vertex 15.773520240789544 0.0 8.671566133830876
   vertex 16.592798144881904 2.1844833177372114 6.626241948324205
   vertex 16.735976745988523 0.0 6.626241948324205
  endloop
 endfacet
 facet normal -0.9492141145573919 -0.06221478002119268 -0.308418361761976
  outer loop
   vertex 16.735976745988523 0.0 6.626241948324205
   vertex 16.592798144881904 2.1844833177372114 6.626241948324205
   vertex 17.28534236245529 2.275658493670456 4.476417968967385
  endloop
 endfacet
 facet normal -0.9492141145573922 -0.06221478002119167 -0.30841836176197507
  outer loop
   vertex 16.735976745988523 0.0 6.626241948324205
   vertex 17.28534236245529 2.275658493670456 4.476417968967385
   vertex 17.43449690031536 0.0 4.476417968967385
  endloop
 endfacet
 facet normal -0.9802577149984196 -0.06424948509234929 -0.18699415993940838
  outer loop
   vertex 17.43449690031536 0.0 4.476417968967385
   vertex 17.28534236245529 2.275658493670456 4.476417968967385
   vertex 17.70528640520973 2.3309451757460264 2.2559982041574806
  endloop
 endfacet
 facet normal -0.9802577149984195 -0.06424948509234965 -0.18699415993940877
  outer loop
   vertex 17.43449690031536 0.0 4.476417968967385
   vertex 17.70528640520973 2.3309451757460264 2.2559982041574806
   vertex 17.8580646236606 0.0 2.2559982041574806
  endloop
 endfacet
 facet normal -0.9958982745184 -0.06527462152365703 -0.06265660855980955
  outer loop
   vertex 17.8580646236606 0.0 2.2559982041574806
   vertex 17.70528640520973 2.3309451757460264 2.2559982041574806
   vertex 17.846007504728586 2.3494714599609283 1.102182119232618e-15
  endloop
 endfacet
 facet normal -0.9958982745184 -0.06527462152365716 -0.0626566085598097
  outer loop
   vertex 17.8580646236606 0.0 2.2559982041574806
   vertex 17.846007504728586 2.3494714599609283 1.102182119232618e-15
   vertex 18.0 0.0 1.102182119232618e-15
  endloop
 endfacet
 facet normal -0.9958982745183999 -0.06527462152365718 0.0626566085598082
  outer loop
   vertex 18.0 0.0 1.102182119232618e-15
   vertex 17.846007504728586 2.3494714599609283 1.102182119232618e-15
   vertex 17.705286405209733 2.330945175746027 -2.2559982041574704
  endloop
 endfacet
 facet normal -0.9958982745183999 -0.06527462152365701 0.06265660855980837
  outer loop
   vertex 18.0 0.0 1.102182119232618e-15
   vertex 17.705286405209733 2.330945175746027 -2.2559982041574704
   vertex 17.858064623660603 0.0 -2.2559982041574704
  endloop
 endfacet
 facet normal -0.9802577149984195 -0.06424948509234965 0.18699415993940882
  outer loop
   vertex 17.858064623660603 0.0 -2.2559982041574704
   vertex 17.705286405209733 2.330945175746027 -2.2559982041574704
   vertex 17.28534236245529 2.275658493670456 -4.476417968967388
  endloop
 endfacet
 facet normal -0.9802577149984194 -0.06424948509234928 0.18699415993940924
  outer loop
   vertex 17.858064623660603 0.0 -2.2559982041574704
   vertex 17.28534236245529 2.275658493670456 -4.476417968967388
   vertex 17.43449690031536 0.0 -4.476417968967388
  endloop
 endfacet
 facet normal -0.9492141145573922 -0.06221478002119167 0.3084183617619751
  outer loop
   vertex 17.43449690031536 0.0 -4.476417968967388
   vertex 17.28534236245529 2.275658493670456 -4.476417968967388
   vertex 16.592798144881908 2.184483317737212 -6.626241948324203
  endloop
 endfacet
 facet normal -0.9492141145573925 -0.06221478002119272 0.3084183617619743
  outer loop
   vertex 17.43449690031536 0.0 -4.476417968967388
   vertex 16.592798144881908 2.184483317737212 -6.626241948324203
   vertex 16.735976745988527 0.0 -6.626241948324203
  endloop
 endfacet
 facet normal -0.9032400348950193 -0.05920147964037709 0.4250324977825042
  outer loop
   vertex 16.735976745988527 0.0 -6.626241948324203
   vertex 16.592798144881908 2.184483317737212 -6.626241948324203
   vertex 15.638575588506583 2.0588575349361706 -8.67156613383087
  endloop
 endfacet
 facet normal -0.9032400348950191 -0.059201479640376475 0.4250324977825047
  outer loop
   vertex 16.735976745988527 0.0 -6.626241948324203
   vertex 15.638575588506583 2.0588575349361706 -8.67156613383087
   vertex 15.773520240789546 0.0 -8.67156613383087
  endloop
 endfacet
 facet normal -0.843037995643799 -0.05525562951931262 0.5350081805984938
  outer loop
   vertex 15.773520240789546 0.0 -8.67156613383087
   vertex 15.638575588506583 2.0588575349361706 -8.67156613383087
   vertex 14.437723353068277 1.9007623389073098 -10.580134541264515
  endloop
 endfacet
 facet normal -0.843037995643799 -0.05525562951931267 0.5350081805984938
  outer loop
   vertex 15.773520240789546 0.0 -8.67156613383087
   vertex 14.437723353068277 1.9007623389073098 -10.580134541264515
   vertex 14.562305898749054 0.0 -10.580134541264515
  endloop
 endfacet
 facet normal -0.769532535670493 -0.05043782713683522 0.6366126782732622
  outer loop
   vertex 14.562305898749054 0.0 -10.580134541264515
   vertex 14.437723353068277 1.9007623389073098 -10.580134541264515
   vertex 13.009179595674206 1.7126909853334977 -12.321847906716396
  endloop
 endfacet
 facet normal -0.7695325356704928 -0.050437827136835076 0.6366126782732624
  outer loop
   vertex 14.562305898749054 0.0 -10.580134541264515
   vertex 13.009179595674206 1.7126909853334977 -12.321847906716396
   vertex 13.121435293585407 0.0 -12.321847906716396
  endloop
 endfacet
 facet normal -0.6838591134652228 -0.04482249437426974 0.728235989860861
  outer loop
   vertex 13.121435293585407 0.0 -12.321847906716396
   vertex 13.009179595674206 1.7126909853334977 -12.321847906716396
   vertex 11.375473304749157 1.4976094718089743 -13.869238369964204
  endloop
 endfacet
 facet normal -0.6838591134652228 -0.04482249437427008 0.7282359898608609
  outer loop
   vertex 13.121435293585407 0.0 -12.321847906716396
   vertex 11.375473304749157 1.4976094718089743 -13.869238369964204
   vertex 11.473631815476418 0.0 -13.869238369964204
  endloop
 endfacet
 facet normal -0.5873495380917196 -0.03849692260946238 0.8084172852265373
  outer loop
   vertex 11.473631815476418 0.0 -13.869238369964204
   vertex 11.375473304749157 1.4976094718089743 -13.869238369964204
   vertex 9.56236900442984 1.2589097622854883 -15.197902659036272
  endloop
 endfacet
 facet normal -0.5873495380917195 -0.03849692260946226 0.8084172852265376
  outer loop
   vertex 11.473631815476418 0.0 -13.869238369964204
   vertex 9.56236900442984 1.2589097622854883 -15.197902659036272
   vertex 9.64488230962194 0.0 -15.197902659036272
  endloop
 endfacet
 facet normal -0.48151369176922937 -0.0315600747515047 0.8758701538016049
  outer loop
   vertex 9.64488230962194 0.0 -15.197902659036272
   vertex 9.56236900442984 1.2589097622854883 -15.197902659036272
   vertex 7.598460432628312 1.0003562937745216 -16.28688694438835
  endloop
 endfacet
 facet normal -0.4815136917692293 -0.03156007475150448 0.875870153801605
  outer loop
   vertex 9.64488230962194 0.0 -15.197902659036272
   vertex 7.598460432628312 1.0003562937745216 -16.28688694438835
   vertex 7.664027248171312 0.0 -16.28688694438835
  endloop
 endfacet
 facet normal -0.3680174442804911 -0.02412113767455735 0.9295059609397568
  outer loop
   vertex 7.664027248171312 0.0 -16.28688694438835
   vertex 7.598460432628312 1.0003562937745216 -16.28688694438835
   vertex 5.514719600703993 0.7260266089268469 -17.119017293312762
  endloop
 endfacet
 facet normal -0.36801744428049105 -0.02412113767455726 0.9295059609397568
  outer loop
   vertex 7.664027248171312 0.0 -16.28688694438835
   vertex 5.514719600703993 0.7260266089268469 -17.119017293312762
   vertex 5.562305898749063 0.0 -17.119017293312762
  endloop
 endfacet
 facet normal -0.24865685655327954 -0.01629783143125391 0.9684545153902067
  outer loop
   vertex 5.562305898749063 0.0 -17.119017293312762
   vertex 5.514719600703993 0.7260266089268469 -17.119017293312762
   vertex 3.344008346342749 0.4402470507491203 -17.681170513116395
  endloop
 endfacet
 facet normal -0.2486568565532796 -0.016297831431254028 0.9684545153902068
  outer loop
   vertex 5.562305898749063 0.0 -17.119017293312762
   vertex 3.344008346342749 0.4402470507491203 -17.681170513116395
   vertex 3.3728636625430424 0.0 -17.681170513116395
  endloop
 endfacet
 facet normal -0.12532900487747714 -0.008214496970857823 0.9920812278114818
  outer loop
   vertex 3.3728636625430424 0.0 -17.681170513116395
   vertex 3.344008346342749 0.4402470507491203 -17.681170513116395
   vertex 1.120560082745937 0.14752453359024156 -17.96448111170889
  endloop
 endfacet
 facet normal -0.1253290048774771 -0.008214496970857563 0.9920812278114817
  outer loop
   vertex 3.3728636625430424 0.0 -17.681170513116395
   vertex 1.120560082745937 0.14752453359024156 -17.96448111170889
   vertex 1.1302293515276445 0.0 -17.96448111170889
  endloop
 endfacet
 facet normal -0.12318459085625849 -0.02450293859191299 -0.9920812278114818
  outer loop
   vertex 1.1205600827459334 0.14752453359024106 17.96448111170889
   vertex 1.0917177202704942 0.29252488150922523 17.96448111170889
   vertex 3.257936120202262 0.8729613524003811 17.681170513116395
  endloop
 endfacet
 facet normal -0.12318459085625855 -0.02450293859191286 -0.9920812278114818
  outer loop
   vertex 1.1205600827459334 0.14752453359024106 17.96448111170889
   vertex 3.257936120202262 0.8729613524003811 17.681170513116395
   vertex 3.3440083463427492 0.44024705074912035 17.681170513116395
  endloop
 endfacet
 facet normal -0.24440226879694904 -0.04861463387936046 -0.9684545153902064
  outer loop
   vertex 3.3440083463427492 0.44024705074912035 17.681170513116395
   vertex 3.257936120202262 0.8729613524003811 17.681170513116395
   vertex 5.372774921321738 1.4396307012823484 17.119017293312762
  endloop
 endfacet
 facet normal -0.24440226879694896 -0.0486146338793606 -0.9684545153902064
  outer loop
   vertex 3.3440083463427492 0.44024705074912035 17.681170513116395
   vertex 5.372774921321738 1.4396307012823484 17.119017293312762
   vertex 5.514719600703983 0.7260266089268457 17.119017293312762
  endloop
 endfacet
 facet normal -0.3617205637751378 -0.07195069367041725 -0.9295059609397578
  outer loop
   vertex 5.514719600703983 0.7260266089268457 17.119017293312762
   vertex 5.372774921321738 1.4396307012823484 17.119017293312762
   vertex 7.402881852391804 1.9835962140113972 16.286886944388353
  endloop
 endfacet
 facet normal -0.36172056377513795 -0.07195069367041708 -0.9295059609397576
  outer loop
   vertex 5.514719600703983 0.7260266089268457 17.119017293312762
   vertex 7.402881852391804 1.9835962140113972 16.286886944388353
   vertex 7.598460432628307 1.000356293774521 16.286886944388353
  endloop
 endfacet
 facet normal -0.4732748590022413 -0.0941402226254094 -0.8758701538016048
  outer loop
   vertex 7.598460432628307 1.000356293774521 16.286886944388353
   vertex 7.402881852391804 1.9835962140113972 16.286886944388353
   vertex 9.316240914382387 2.496279229502545 15.197902659036274
  endloop
 endfacet
 facet normal -0.4732748590022412 -0.0941402226254096 -0.8758701538016049
  outer loop
   vertex 7.598460432628307 1.000356293774521 16.286886944388353
   vertex 9.316240914382387 2.496279229502545 15.197902659036274
   vertex 9.562369004429838 1.2589097622854881 15.197902659036274
  endloop
 endfacet
 facet normal -0.577299824650914 -0.11483207480917478 -0.808417285226537
  outer loop
   vertex 9.562369004429838 1.2589097622854881 15.197902659036274
   vertex 9.316240914382387 2.496279229502545 15.197902659036274
   vertex 11.082677291900596 2.9695944303395065 13.869238369964206
  endloop
 endfacet
 facet normal -0.5772998246509143 -0.11483207480917439 -0.8084172852265368
  outer loop
   vertex 9.562369004429838 1.2589097622854881 15.197902659036274
   vertex 11.082677291900596 2.9695944303395065 13.869238369964206
   vertex 11.375473304749152 1.4976094718089736 13.869238369964206
  endloop
 endfacet
 facet normal -0.6721580944322658 -0.13370055781692133 -0.7282359898608619
  outer loop
   vertex 11.375473304749152 1.4976094718089736 13.869238369964206
   vertex 11.082677291900596 2.9695944303395065 13.869238369964206
   vertex 12.67433322805503 3.3960773530602895 12.321847906716394
  endloop
 endfacet
 facet normal -0.6721580944322658 -0.13370055781692128 -0.7282359898608618
  outer loop
   vertex 11.375473304749152 1.4976094718089736 13.869238369964206
   vertex 12.67433322805503 3.3960773530602895 12.321847906716394
   vertex 13.009179595674208 1.712690985333498 12.321847906716394
  endloop
 endfacet
 facet normal -0.7563656206304448 -0.1504504762041855 -0.6366126782732622
  outer loop
   vertex 13.009179595674208 1.712690985333498 12.321847906716394
   vertex 12.67433322805503 3.3960773530602895 12.321847906716394
   vertex 14.066107357923354 3.769002107205035 10.580134541264515
  endloop
 endfacet
 facet normal -0.7563656206304448 -0.15045047620418556 -0.6366126782732622
  outer loop
   vertex 13.009179595674208 1.712690985333498 12.321847906716394
   vertex 14.066107357923354 3.769002107205035 10.580134541264515
   vertex 14.437723353068277 1.9007623389073098 10.580134541264515
  endloop
 endfacet
 facet normal -0.8286133818040432 -0.1648214494171062 -0.5350081805984944
  outer loop
   vertex 14.437723353068277 1.9007623389073098 10.580134541264515
   vertex 14.066107357923354 3.769002107205035 10.580134541264515
   vertex 15.236050572071985 4.082487446626433 8.671566133830876
  endloop
 endfacet
 facet normal -0.8286133818040433 -0.16482144941710591 -0.5350081805984942
  outer loop
   vertex 14.437723353068277 1.9007623389073098 10.580134541264515
   vertex 15.236050572071985 4.082487446626433 8.671566133830876
   vertex 15.638575588506582 2.05885753493617 8.671566133830876
  endloop
 endfacet
 facet normal -0.8877853474725174 -0.1765914851907299 -0.4250324977825033
  outer loop
   vertex 15.638575588506582 2.05885753493617 8.671566133830876
   vertex 15.236050572071985 4.082487446626433 8.671566133830876
   vertex 16.165712167123598 4.331589520254742 6.626241948324205
  endloop
 endfacet
 facet normal -0.8877853474725178 -0.1765914851907295 -0.425032497782503
  outer loop
   vertex 15.638575588506582 2.05885753493617 8.671566133830876
   vertex 16.165712167123598 4.331589520254742 6.626241948324205
   vertex 16.592798144881904 2.1844833177372114 6.626241948324205
  endloop
 endfacet
 facet normal -0.9329727978854438 -0.18557982792821548 -0.3084183617619749
  outer loop
   vertex 16.592798144881904 2.1844833177372114 6.626241948324205
   vertex 16.165712167123598 4.331589520254742 6.626241948324205
   vertex 16.840430824371314 4.512379839582479 4.476417968967385
  endloop
 endfacet
 facet normal -0.9329727978854435 -0.1855798279282166 -0.30841836176197607
  outer loop
   vertex 16.592798144881904 2.1844833177372114 6.626241948324205
   vertex 16.840430824371314 4.512379839582479 4.476417968967385
   vertex 17.28534236245529 2.275658493670456 4.476417968967385
  endloop
 endfacet
 facet normal -0.9634852337160129 -0.191649128773795 -0.18699415993940854
  outer loop
   vertex 17.28534236245529 2.275658493670456 4.476417968967385
   vertex 16.840430824371314 4.512379839582479 4.476417968967385
   vertex 17.249565827532944 4.6220072332749425 2.2559982041574806
  endloop
 endfacet
 facet normal -0.963485233716013 -0.19164912877379484 -0.18699415993940838
  outer loop
   vertex 17.28534236245529 2.275658493670456 4.476417968967385
   vertex 17.249565827532944 4.6220072332749425 2.2559982041574806
   vertex 17.70528640520973 2.3309451757460264 2.2559982041574806
  endloop
 endfacet
 facet normal -0.9788581789262241 -0.19470699769915562 -0.06265660855981006
  outer loop
   vertex 17.70528640520973 2.3309451757460264 2.2559982041574806
   vertex 17.249565827532944 4.6220072332749425 2.2559982041574806
   vertex 17.38666487320323 4.658742811845373 1.102182119232618e-15
  endloop
 endfacet
 facet normal -0.9788581789262243 -0.19470699769915514 -0.06265660855980955
  outer loop
   vertex 17.70528640520973 2.3309451757460264 2.2559982041574806
   vertex 17.38666487320323 4.658742811845373 1.102182119232618e-15
   vertex 17.846007504728586 2.3494714599609283 1.102182119232618e-15
  endloop
 endfacet
 facet normal -0.9788581789262242 -0.19470699769915517 0.06265660855980866
  outer loop
   vertex 17.846007504728586 2.3494714599609283 1.102182119232618e-15
   vertex 17.38666487320323 4.658742811845373 1.102182119232618e-15
   vertex 17.249565827532948 4.622007233274943 -2.2559982041574704
  endloop
 endfacet
 facet normal -0.9788581789262242 -0.19470699769915562 0.0626566085598082
  outer loop
   vertex 17.846007504728586 2.3494714599609283 1.102182119232618e-15
   vertex 17.249565827532948 4.622007233274943 -2.2559982041574704
   vertex 17.705286405209733 2.330945175746027 -2.2559982041574704
  endloop
 endfacet
 facet normal -0.9634852337160129 -0.19164912877379475 0.18699415993940913
  outer loop
   vertex 17.705286405209733 2.330945175746027 -2.2559982041574704
   vertex 17.249565827532948 4.622007233274943 -2.2559982041574704
   vertex 16.840430824371314 4.512379839582479 -4.476417968967388
  endloop
 endfacet
 facet normal -0.963485233716013 -0.191649128773795 0.18699415993940885
  outer loop
   vertex 17.705286405209733 2.330945175746027 -2.2559982041574704
   vertex 16.840430824371314 4.512379839582479 -4.476417968967388
   vertex 17.28534236245529 2.275658493670456 -4.476417968967388
  endloop
 endfacet
 facet normal -0.9329727978854441 -0.18557982792821667 0.3084183617619741
  outer loop
   vertex 17.28534236245529 2.275658493670456 -4.476417968967388
   vertex 16.840430824371314 4.512379839582479 -4.476417968967388
   vertex 16.1657121671236 4.3315895202547425 -6.626241948324203
  endloop
 endfacet
 facet normal -0.932972797885444 -0.18557982792821545 0.30841836176197523
  outer loop
   vertex 17.28534236245529 2.275658493670456 -4.476417968967388
   vertex 16.1657121671236 4.3315895202547425 -6.626241948324203
   vertex 16.592798144881908 2.184483317737212 -6.626241948324203
  endloop
 endfacet
 facet normal -0.8877853474725168 -0.17659148519072926 0.4250324977825046
  outer loop
   vertex 16.592798144881908 2.184483317737212 -6.626241948324203
   vertex 16.1657121671236 4.3315895202547425 -6.626241948324203
   vertex 15.236050572071987 4.082487446626433 -8.67156613383087
  endloop
 endfacet
 facet normal -0.887785347472517 -0.17659148519072987 0.4250324977825042
  outer loop
   vertex 16.592798144881908 2.184483317737212 -6.626241948324203
   vertex 15.236050572071987 4.082487446626433 -8.67156613383087
   vertex 15.638575588506583 2.0588575349361706 -8.67156613383087
  endloop
 endfacet
 facet normal -0.8286133818040435 -0.16482144941710597 0.5350081805984939
  outer loop
   vertex 15.638575588506583 2.0588575349361706 -8.67156613383087
   vertex 15.236050572071987 4.082487446626433 -8.67156613383087
   vertex 14.066107357923354 3.769002107205035 -10.580134541264515
  endloop
 endfacet
 facet normal -0.8286133818040436 -0.16482144941710627 0.5350081805984938
  outer loop
   vertex 15.638575588506583 2.0588575349361706 -8.67156613383087
   vertex 14.066107357923354 3.769002107205035 -10.580134541264515
   vertex 14.437723353068277 1.9007623389073098 -10.580134541264515
  endloop
 endfacet
 facet normal -0.7563656206304448 -0.1504504762041856 0.6366126782732623
  outer loop
   vertex 14.437723353068277 1.9007623389073098 -10.580134541264515
   vertex 14.066107357923354 3.769002107205035 -10.580134541264515
   vertex 12.674333228055028 3.396077353060289 -12.321847906716396
  endloop
 endfacet
 facet normal -0.7563656206304447 -0.1504504762041855 0.6366126782732623
  outer loop
   vertex 14.437723353068277 1.9007623389073098 -10.580134541264515
   vertex 12.674333228055028 3.396077353060289 -12.321847906716396
   vertex 13.009179595674206 1.7126909853334977 -12.321847906716396
  endloop
 endfacet
 facet normal -0.6721580944322666 -0.13370055781692142 0.728235989860861
  outer loop
   vertex 13.009179595674206 1.7126909853334977 -12.321847906716396
   vertex 12.674333228055028 3.396077353060289 -12.321847906716396
   vertex 11.082677291900602 2.969594430339508 -13.869238369964204
  endloop
 endfacet
 facet normal -0.6721580944322666 -0.13370055781692147 0.7282359898608611
  outer loop
   vertex 13.009179595674206 1.7126909853334977 -12.321847906716396
   vertex 11.082677291900602 2.969594430339508 -13.869238369964204
   vertex 11.375473304749157 1.4976094718089743 -13.869238369964204
  endloop
 endfacet
 facet normal -0.5772998246509135 -0.11483207480917425 0.8084172852265374
  outer loop
   vertex 11.375473304749157 1.4976094718089743 -13.869238369964204
   vertex 11.082677291900602 2.969594430339508 -13.869238369964204
   vertex 9.316240914382389 2.4962792295025453 -15.197902659036272
  endloop
 endfacet
 facet normal -0.5772998246509136 -0.1148320748091746 0.8084172852265373
  outer loop
   vertex 11.375473304749157 1.4976094718089743 -13.869238369964204
   vertex 9.316240914382389 2.4962792295025453 -15.197902659036272
   vertex 9.56236900442984 1.2589097622854883 -15.197902659036272
  endloop
 endfacet
 facet normal -0.47327485900224125 -0.09414022262540966 0.8758701538016049
  outer loop
   vertex 9.56236900442984 1.2589097622854883 -15.197902659036272
   vertex 9.316240914382389 2.4962792295025453 -15.197902659036272
   vertex 7.4028818523918085 1.9835962140113987 -16.28688694438835
  endloop
 endfacet
 facet normal -0.4732748590022412 -0.09414022262540973 0.8758701538016049
  outer loop
   vertex 9.56236900442984 1.2589097622854883 -15.197902659036272
   vertex 7.4028818523918085 1.9835962140113987 -16.28688694438835
   vertex 7.598460432628312 1.0003562937745216 -16.28688694438835
  endloop
 endfacet
 facet normal -0.36172056377513995 -0.07195069367041772 0.9295059609397568
  outer loop
   vertex 7.598460432628312 1.0003562937745216 -16.28688694438835
   vertex 7.4028818523918085 1.9835962140113987 -16.28688694438835
   vertex 5.3727749213217475 1.4396307012823508 -17.119017293312762
  endloop
 endfacet
 facet normal -0.3617205637751398 -0.07195069367041759 0.9295059609397568
  outer loop
   vertex 7.598460432628312 1.0003562937745216 -16.28688694438835
   vertex 5.3727749213217475 1.4396307012823508 -17.119017293312762
   vertex 5.514719600703993 0.7260266089268469 -17.119017293312762
  endloop
 endfacet
 facet normal -0.24440226879694787 -0.04861463387936035 0.9684545153902067
  outer loop
   vertex 5.514719600703993 0.7260266089268469 -17.119017293312762
   vertex 5.3727749213217475 1.4396307012823508 -17.119017293312762
   vertex 3.2579361202022614 0.872961352400381 -17.681170513116395
  endloop
 endfacet
 facet normal -0.24440226879694787 -0.0486146338793601 0.9684545153902068
  outer loop
   vertex 5.514719600703993 0.7260266089268469 -17.119017293312762
   vertex 3.2579361202022614 0.872961352400381 -17.681170513116395
   vertex 3.344008346342749 0.4402470507491203 -17.681170513116395
  endloop
 endfacet
 facet normal -0.12318459085625874 -0.0245029385919129 0.9920812278114818
  outer loop
   vertex 3.344008346342749 0.4402470507491203 -17.681170513116395
   vertex 3.2579361202022614 0.872961352400381 -17.681170513116395
   vertex 1.0917177202704977 0.2925248815092262 -17.96448111170889
  endloop
 endfacet
 facet normal -0.12318459085625873 -0.024502938591913295 0.9920812278114818
  outer loop
   vertex 3.344008346342749 0.4402470507491203 -17.681170513116395
   vertex 1.0917177202704977 0.2925248815092262 -17.96448111170889
   vertex 1.120560082745937 0.14752453359024156 -17.96448111170889
  endloop
 endfacet
 facet normal -0.11893245433226861 -0.04037212814016259 -0.9920812278114818
  outer loop
   vertex 1.0917177202704942 0.29252488150922523 17.96448111170889
   vertex 1.0441957649198914 0.4325200476023672 17.96448111170889
   vertex 3.1161197037745727 1.2907390432814596 17.681170513116395
  endloop
 endfacet
 facet normal -0.11893245433226862 -0.04037212814016257 -0.9920812278114818
  outer loop
   vertex 1.0917177202704942 0.29252488150922523 17.96448111170889
   vertex 3.1161197037745727 1.2907390432814596 17.681170513116395
   vertex 3.257936120202262 0.8729613524003811 17.681170513116395
  endloop
 endfacet
 facet normal -0.2359658904603909 -0.08009962646326858 -0.9684545153902064
  outer loop
   vertex 3.257936120202262 0.8729613524003811 17.681170513116395
   vertex 3.1161197037745727 1.2907390432814596 17.681170513116395
   vertex 5.138900573421048 2.1286023131978733 17.119017293312762
  endloop
 endfacet
 facet normal -0.23596589046039101 -0.08009962646326846 -0.9684545153902064
  outer loop
   vertex 3.257936120202262 0.8729613524003811 17.681170513116395
   vertex 5.138900573421048 2.1286023131978733 17.119017293312762
   vertex 5.372774921321738 1.4396307012823484 17.119017293312762
  endloop
 endfacet
 facet normal -0.3492345441357073 -0.11854915334907536 -0.9295059609397576
  outer loop
   vertex 5.372774921321738 1.4396307012823484 17.119017293312762
   vertex 5.138900573421048 2.1286023131978733 17.119017293312762
   vertex 7.08063791119427 2.9328962530697695 16.286886944388353
  endloop
 endfacet
 facet normal -0.34923454413570704 -0.11854915334907566 -0.9295059609397577
  outer loop
   vertex 5.372774921321738 1.4396307012823484 17.119017293312762
   vertex 7.08063791119427 2.9328962530697695 16.286886944388353
   vertex 7.402881852391804 1.9835962140113972 16.286886944388353
  endloop
 endfacet
 facet normal -0.45693816218114375 -0.1551096051895936 -0.8758701538016049
  outer loop
   vertex 7.402881852391804 1.9835962140113972 16.286886944388353
   vertex 7.08063791119427 2.9328962530697695 16.286886944388353
   vertex 8.910709359339895 3.6909366670034576 15.197902659036274
  endloop
 endfacet
 facet normal -0.4569381621811441 -0.1551096051895933 -0.8758701538016049
  outer loop
   vertex 7.402881852391804 1.9835962140113972 16.286886944388353
   vertex 8.910709359339895 3.6909366670034576 15.197902659036274
   vertex 9.316240914382387 2.496279229502545 15.197902659036274
  endloop
 endfacet
 facet normal -0.5573723511525808 -0.18920241837143645 -0.8084172852265369
  outer loop
   vertex 9.316240914382387 2.496279229502545 15.197902659036274
   vertex 8.910709359339895 3.6909366670034576 15.197902659036274
   vertex 10.600253597888974 4.39076880483981 13.869238369964206
  endloop
 endfacet
 facet normal -0.5573723511525809 -0.1892024183714365 -0.8084172852265369
  outer loop
   vertex 9.316240914382387 2.496279229502545 15.197902659036274
   vertex 10.600253597888974 4.39076880483981 13.869238369964206
   vertex 11.082677291900596 2.9695944303395065 13.869238369964206
  endloop
 endfacet
 facet normal -0.648956264046143 -0.22029096764652867 -0.7282359898608615
  outer loop
   vertex 11.082677291900596 2.9695944303395065 13.869238369964206
   vertex 10.600253597888974 4.39076880483981 13.869238369964206
   vertex 12.122625504914785 5.021355895705693 12.321847906716394
  endloop
 endfacet
 facet normal -0.6489562640461425 -0.22029096764652922 -0.7282359898608618
  outer loop
   vertex 11.082677291900596 2.9695944303395065 13.869238369964206
   vertex 12.122625504914785 5.021355895705693 12.321847906716394
   vertex 12.67433322805503 3.3960773530602895 12.321847906716394
  endloop
 endfacet
 facet normal -0.7302570801172409 -0.24788887591093167 -0.6366126782732624
  outer loop
   vertex 12.67433322805503 3.3960773530602895 12.321847906716394
   vertex 12.122625504914785 5.021355895705693 12.321847906716394
   vertex 13.453816366022629 5.572753204483682 10.580134541264515
  endloop
 endfacet
 facet normal -0.7302570801172412 -0.24788887591093134 -0.6366126782732622
  outer loop
   vertex 12.67433322805503 3.3960773530602895 12.321847906716394
   vertex 13.453816366022629 5.572753204483682 10.580134541264515
   vertex 14.066107357923354 3.769002107205035 10.580134541264515
  endloop
 endfacet
 facet normal -0.8000109632665887 -0.2715671286182356 -0.5350081805984944
  outer loop
   vertex 14.066107357923354 3.769002107205035 10.580134541264515
   vertex 13.453816366022629 5.572753204483682 10.580134541264515
   vertex 14.572832506117964 6.036264866225561 8.671566133830876
  endloop
 endfacet
 facet normal -0.8000109632665889 -0.2715671286182356 -0.5350081805984945
  outer loop
   vertex 14.066107357923354 3.769002107205035 10.580134541264515
   vertex 14.572832506117964 6.036264866225561 8.671566133830876
   vertex 15.236050572071985 4.082487446626433 8.671566133830876
  endloop
 endfacet
 facet normal -0.8571404066141604 -0.2909599614690628 -0.42503249778250296
  outer loop
   vertex 15.236050572071985 4.082487446626433 8.671566133830876
   vertex 14.572832506117964 6.036264866225561 8.671566133830876
   vertex 15.462026372203642 6.404581025137214 6.626241948324205
  endloop
 endfacet
 facet normal -0.8571404066141601 -0.29095996146906306 -0.4250324977825033
  outer loop
   vertex 15.236050572071985 4.082487446626433 8.671566133830876
   vertex 15.462026372203642 6.404581025137214 6.626241948324205
   vertex 16.165712167123598 4.331589520254742 6.626241948324205
  endloop
 endfacet
 facet normal -0.9007680579727467 -0.30576955352694185 -0.3084183617619759
  outer loop
   vertex 16.165712167123598 4.331589520254742 6.626241948324205
   vertex 15.462026372203642 6.404581025137214 6.626241948324205
   vertex 16.107374845832833 6.6718931153712004 4.476417968967385
  endloop
 endfacet
 facet normal -0.9007680579727473 -0.305769553526941 -0.308418361761975
  outer loop
   vertex 16.165712167123598 4.331589520254742 6.626241948324205
   vertex 16.107374845832833 6.6718931153712004 4.476417968967385
   vertex 16.840430824371314 4.512379839582479 4.476417968967385
  endloop
 endfacet
 facet normal -0.930227252956152 -0.31576960272674437 -0.18699415993940854
  outer loop
   vertex 16.840430824371314 4.512379839582479 4.476417968967385
   vertex 16.107374845832833 6.6718931153712004 4.476417968967385
   vertex 16.498700396063903 6.833985465580024 2.2559982041574806
  endloop
 endfacet
 facet normal -0.930227252956152 -0.3157696027267445 -0.18699415993940857
  outer loop
   vertex 16.840430824371314 4.512379839582479 4.476417968967385
   vertex 16.498700396063903 6.833985465580024 2.2559982041574806
   vertex 17.249565827532944 4.6220072332749425 2.2559982041574806
  endloop
 endfacet
 facet normal -0.9450695485018616 -0.32080788316104447 -0.06265660855980877
  outer loop
   vertex 17.249565827532944 4.6220072332749425 2.2559982041574806
   vertex 16.498700396063903 6.833985465580024 2.2559982041574806
   vertex 16.62983158520316 6.888301782571616 1.102182119232618e-15
  endloop
 endfacet
 facet normal -0.9450695485018611 -0.32080788316104564 -0.06265660855981008
  outer loop
   vertex 17.249565827532944 4.6220072332749425 2.2559982041574806
   vertex 16.62983158520316 6.888301782571616 1.102182119232618e-15
   vertex 17.38666487320323 4.658742811845373 1.102182119232618e-15
  endloop
 endfacet
 facet normal -0.9450695485018612 -0.32080788316104564 0.06265660855980741
  outer loop
   vertex 17.38666487320323 4.658742811845373 1.102182119232618e-15
   vertex 16.62983158520316 6.888301782571616 1.102182119232618e-15
   vertex 16.498700396063906 6.8339854655800245 -2.2559982041574704
  endloop
 endfacet
 facet normal -0.9450695485018618 -0.3208078831610445 0.06265660855980872
  outer loop
   vertex 17.38666487320323 4.658742811845373 1.102182119232618e-15
   vertex 16.498700396063906 6.8339854655800245 -2.2559982041574704
   vertex 17.249565827532948 4.622007233274943 -2.2559982041574704
  endloop
 endfacet
 facet normal -0.9302272529561519 -0.3157696027267444 0.18699415993940902
  outer loop
   vertex 17.249565827532948 4.622007233274943 -2.2559982041574704
   vertex 16.498700396063906 6.8339854655800245 -2.2559982041574704
   vertex 16.107374845832833 6.6718931153712004 -4.476417968967388
  endloop
 endfacet
 facet normal -0.9302272529561519 -0.31576960272674437 0.18699415993940913
  outer loop
   vertex 17.249565827532948 4.622007233274943 -2.2559982041574704
   vertex 16.107374845832833 6.6718931153712004 -4.476417968967388
   vertex 16.840430824371314 4.512379839582479 -4.476417968967388
  endloop
 endfacet
 facet normal -0.9007680579727474 -0.3057695535269411 0.30841836176197496
  outer loop
   vertex 16.840430824371314 4.512379839582479 -4.476417968967388
   vertex 16.107374845832833 6.6718931153712004 -4.476417968967388
   vertex 15.462026372203646 6.404581025137216 -6.626241948324203
  endloop
 endfacet
 facet normal -0.9007680579727473 -0.305769553526942 0.3084183617619741
  outer loop
   vertex 16.840430824371314 4.512379839582479 -4.476417968967388
   vertex 15.462026372203646 6.404581025137216 -6.626241948324203
   vertex 16.1657121671236 4.3315895202547425 -6.626241948324203
  endloop
 endfacet
 facet normal -0.8571404066141597 -0.2909599614690628 0.4250324977825044
  outer loop
   vertex 16.1657121671236 4.3315895202547425 -6.626241948324203
   vertex 15.462026372203646 6.404581025137216 -6.626241948324203
   vertex 14.572832506117965 6.036264866225561 -8.67156613383087
  endloop
 endfacet
 facet normal -0.8571404066141596 -0.2909599614690625 0.4250324977825046
  outer loop
   vertex 16.1657121671236 4.3315895202547425 -6.626241948324203
   vertex 14.572832506117965 6.036264866225561 -8.67156613383087
   vertex 15.236050572071987 4.082487446626433 -8.67156613383087
  endloop
 endfacet
 facet normal -0.8000109632665892 -0.27156712861823573 0.535008180598494
  outer loop
   vertex 15.236050572071987 4.082487446626433 -8.67156613383087
   vertex 14.572832506117965 6.036264866225561 -8.67156613383087
   vertex 13.453816366022629 5.572753204483682 -10.580134541264515
  endloop
 endfacet
 facet normal -0.8000109632665892 -0.2715671286182358 0.535008180598494
  outer loop
   vertex 15.236050572071987 4.082487446626433 -8.67156613383087
   vertex 13.453816366022629 5.572753204483682 -10.580134541264515
   vertex 14.066107357923354 3.769002107205035 -10.580134541264515
  endloop
 endfacet
 facet normal -0.730257080117241 -0.24788887591093128 0.6366126782732626
  outer loop
   vertex 14.066107357923354 3.769002107205035 -10.580134541264515
   vertex 13.453816366022629 5.572753204483682 -10.580134541264515
   vertex 12.122625504914783 5.0213558957056925 -12.321847906716396
  endloop
 endfacet
 facet normal -0.7302570801172411 -0.24788887591093178 0.6366126782732622
  outer loop
   vertex 14.066107357923354 3.769002107205035 -10.580134541264515
   vertex 12.122625504914783 5.0213558957056925 -12.321847906716396
   vertex 12.674333228055028 3.396077353060289 -12.321847906716396
  endloop
 endfacet
 facet normal -0.6489562640461435 -0.22029096764652967 0.7282359898608607
  outer loop
   vertex 12.674333228055028 3.396077353060289 -12.321847906716396
   vertex 12.122625504914783 5.0213558957056925 -12.321847906716396
   vertex 10.60025359788898 4.390768804839812 -13.869238369964204
  endloop
 endfacet
 facet normal -0.6489562640461434 -0.2202909676465287 0.7282359898608611
  outer loop
   vertex 12.674333228055028 3.396077353060289 -12.321847906716396
   vertex 10.60025359788898 4.390768804839812 -13.869238369964204
   vertex 11.082677291900602 2.969594430339508 -13.869238369964204
  endloop
 endfacet
 facet normal -0.5573723511525801 -0.18920241837143623 0.8084172852265374
  outer loop
   vertex 11.082677291900602 2.969594430339508 -13.869238369964204
   vertex 10.60025359788898 4.390768804839812 -13.869238369964204
   vertex 8.910709359339897 3.6909366670034585 -15.197902659036272
  endloop
 endfacet
 facet normal -0.5573723511525802 -0.18920241837143612 0.8084172852265376
  outer loop
   vertex 11.082677291900602 2.969594430339508 -13.869238369964204
   vertex 8.910709359339897 3.6909366670034585 -15.197902659036272
   vertex 9.316240914382389 2.4962792295025453 -15.197902659036272
  endloop
 endfacet
 facet normal -0.456938162181144 -0.1551096051895931 0.8758701538016048
  outer loop
   vertex 9.316240914382389 2.4962792295025453 -15.197902659036272
   vertex 8.910709359339897 3.6909366670034585 -15.197902659036272
   vertex 7.080637911194275 2.9328962530697713 -16.28688694438835
  endloop
 endfacet
 facet normal -0.45693816218114397 -0.15510960518959324 0.8758701538016049
  outer loop
   vertex 9.316240914382389 2.4962792295025453 -15.197902659036272
   vertex 7.080637911194275 2.9328962530697713 -16.28688694438835
   vertex 7.4028818523918085 1.9835962140113987 -16.28688694438835
  endloop
 endfacet
 facet normal -0.3492345441357091 -0.11854915334907602 0.9295059609397568
  outer loop
   vertex 7.4028818523918085 1.9835962140113987 -16.28688694438835
   vertex 7.080637911194275 2.9328962530697713 -16.28688694438835
   vertex 5.138900573421057 2.128602313197877 -17.119017293312762
  endloop
 endfacet
 facet normal -0.34923454413570915 -0.1185491533490761 0.9295059609397568
  outer loop
   vertex 7.4028818523918085 1.9835962140113987 -16.28688694438835
   vertex 5.138900573421057 2.128602313197877 -17.119017293312762
   vertex 5.3727749213217475 1.4396307012823508 -17.119017293312762
  endloop
 endfacet
 facet normal -0.23596589046038993 -0.08009962646326829 0.9684545153902068
  outer loop
   vertex 5.3727749213217475 1.4396307012823508 -17.119017293312762
   vertex 5.138900573421057 2.128602313197877 -17.119017293312762
   vertex 3.1161197037745723 1.2907390432814594 -17.681170513116395
  endloop
 endfacet
 facet normal -0.23596589046038985 -0.08009962646326839 0.9684545153902068
  outer loop
   vertex 5.3727749213217475 1.4396307012823508 -17.119017293312762
   vertex 3.1161197037745723 1.2907390432814594 -17.681170513116395
   vertex 3.2579361202022614 0.872961352400381 -17.681170513116395
  endloop
 endfacet
 facet normal -0.1189324543322688 -0.040372128140162646 0.9920812278114818
  outer loop
   vertex 3.2579361202022614 0.872961352400381 -17.681170513116395
   vertex 3.1161197037745723 1.2907390432814594 -17.681170513116395
   vertex 1.044195764919895 0.4325200476023686 -17.96448111170889
  endloop
 endfacet
 facet normal -0.11893245433226886 -0.040372128140162535 0.9920812278114818
  outer loop
   vertex 3.2579361202022614 0.872961352400381 -17.681170513116395
   vertex 1.044195764919895 0.4325200476023686 -17.96448111170889
   vertex 1.0917177202704977 0.2925248815092262 -17.96448111170889
  endloop
 endfacet
 facet normal -0.11264535054034769 -0.05555053938266533 -0.9920812278114818
  outer loop
   vertex 1.0441957649198914 0.4325200476023672 17.96448111170889
   vertex 0.9788073305257493 0.5651146757638202 17.96448111170889
   vertex 2.9209856152636995 1.6864318312715212 17.681170513116395
  endloop
 endfacet
 facet normal -0.11264535054034779 -0.05555053938266527 -0.9920812278114818
  outer loop
   vertex 1.0441957649198914 0.4325200476023672 17.96448111170889
   vertex 2.9209856152636995 1.6864318312715212 17.681170513116395
   vertex 3.1161197037745727 1.2907390432814596 17.681170513116395
  endloop
 endfacet
 facet normal -0.22349207031595122 -0.11021409223057782 -0.9684545153902064
  outer loop
   vertex 3.1161197037745727 1.2907390432814596 17.681170513116395
   vertex 2.9209856152636995 1.6864318312715212 17.681170513116395
   vertex 4.817098211936714 2.781152949374526 17.119017293312762
  endloop
 endfacet
 facet normal -0.2234920703159511 -0.11021409223057793 -0.9684545153902064
  outer loop
   vertex 3.1161197037745727 1.2907390432814596 17.681170513116395
   vertex 4.817098211936714 2.781152949374526 17.119017293312762
   vertex 5.138900573421048 2.1286023131978733 17.119017293312762
  endloop
 endfacet
 facet normal -0.3307730246200063 -0.163119204145896 -0.9295059609397577
  outer loop
   vertex 5.138900573421048 2.1286023131978733 17.119017293312762
   vertex 4.817098211936714 2.781152949374526 17.119017293312762
   vertex 6.6372422922124965 3.832013624085653 16.286886944388353
  endloop
 endfacet
 facet normal -0.3307730246200065 -0.16311920414589587 -0.9295059609397575
  outer loop
   vertex 5.138900573421048 2.1286023131978733 17.119017293312762
   vertex 6.6372422922124965 3.832013624085653 16.286886944388353
   vertex 7.08063791119427 2.9328962530697695 16.286886944388353
  endloop
 endfacet
 facet normal -0.43278312671793484 -0.2134250194044755 -0.8758701538016049
  outer loop
   vertex 7.08063791119427 2.9328962530697695 16.286886944388353
   vertex 6.6372422922124965 3.832013624085653 16.286886944388353
   vertex 8.352713096643729 4.822441154810968 15.197902659036274
  endloop
 endfacet
 facet normal -0.43278312671793484 -0.21342501940447547 -0.875870153801605
  outer loop
   vertex 7.08063791119427 2.9328962530697695 16.286886944388353
   vertex 8.352713096643729 4.822441154810968 15.197902659036274
   vertex 8.910709359339895 3.6909366670034576 15.197902659036274
  endloop
 endfacet
 facet normal -0.5279080821932169 -0.2603354560985422 -0.8084172852265369
  outer loop
   vertex 8.910709359339895 3.6909366670034576 15.197902659036274
   vertex 8.352713096643729 4.822441154810968 15.197902659036274
   vertex 9.936456625871942 5.7368159077382055 13.869238369964206
  endloop
 endfacet
 facet normal -0.5279080821932164 -0.26033545609854253 -0.8084172852265369
  outer loop
   vertex 8.910709359339895 3.6909366670034576 15.197902659036274
   vertex 9.936456625871942 5.7368159077382055 13.869238369964206
   vertex 10.600253597888974 4.39076880483981 13.869238369964206
  endloop
 endfacet
 facet normal -0.614650612057522 -0.30311213794350855 -0.7282359898608618
  outer loop
   vertex 10.600253597888974 4.39076880483981 13.869238369964206
   vertex 9.936456625871942 5.7368159077382055 13.869238369964206
   vertex 11.363496298358688 6.560717646792703 12.321847906716394
  endloop
 endfacet
 facet normal -0.6146506120575225 -0.30311213794350816 -0.7282359898608616
  outer loop
   vertex 10.600253597888974 4.39076880483981 13.869238369964206
   vertex 11.363496298358688 6.560717646792703 12.321847906716394
   vertex 12.122625504914785 5.021355895705693 12.321847906716394
  endloop
 endfacet
 facet normal -0.6916536384977194 -0.34108582822305883 -0.6366126782732622
  outer loop
   vertex 12.122625504914785 5.021355895705693 12.321847906716394
   vertex 11.363496298358688 6.560717646792703 12.321847906716394
   vertex 12.611326845996663 7.281152949374526 10.580134541264515
  endloop
 endfacet
 facet normal -0.6916536384977191 -0.34108582822305905 -0.6366126782732624
  outer loop
   vertex 12.122625504914785 5.021355895705693 12.321847906716394
   vertex 12.611326845996663 7.281152949374526 10.580134541264515
   vertex 13.453816366022629 5.572753204483682 10.580134541264515
  endloop
 endfacet
 facet normal -0.7577201353427008 -0.37366621895607327 -0.5350081805984944
  outer loop
   vertex 13.453816366022629 5.572753204483682 10.580134541264515
   vertex 12.611326845996663 7.281152949374526 10.580134541264515
   vertex 13.660269235631782 7.886760120394771 8.671566133830876
  endloop
 endfacet
 facet normal -0.7577201353427007 -0.37366621895607344 -0.5350081805984945
  outer loop
   vertex 13.453816366022629 5.572753204483682 10.580134541264515
   vertex 13.660269235631782 7.886760120394771 8.671566133830876
   vertex 14.572832506117964 6.036264866225561 8.671566133830876
  endloop
 endfacet
 facet normal -0.8118295557544183 -0.4003500321373168 -0.42503249778250296
  outer loop
   vertex 14.572832506117964 6.036264866225561 8.671566133830876
   vertex 13.660269235631782 7.886760120394771 8.671566133830876
   vertex 14.493781019171687 8.36798837299426 6.626241948324205
  endloop
 endfacet
 facet normal -0.8118295557544182 -0.40035003213731674 -0.425032497782503
  outer loop
   vertex 14.572832506117964 6.036264866225561 8.671566133830876
   vertex 14.493781019171687 8.36798837299426 6.626241948324205
   vertex 15.462026372203642 6.404581025137214 6.626241948324205
  endloop
 endfacet
 facet normal -0.8531509268480499 -0.42072747728948334 -0.30841836176197573
  outer loop
   vertex 15.462026372203642 6.404581025137214 6.626241948324205
   vertex 14.493781019171687 8.36798837299426 6.626241948324205
   vertex 15.098717217874155 8.717248450157678 4.476417968967385
  endloop
 endfacet
 facet normal -0.8531509268480497 -0.4207274772894835 -0.3084183617619759
  outer loop
   vertex 15.462026372203642 6.404581025137214 6.626241948324205
   vertex 15.098717217874155 8.717248450157678 4.476417968967385
   vertex 16.107374845832833 6.6718931153712004 4.476417968967385
  endloop
 endfacet
 facet normal -0.8810528259904922 -0.4344871712291658 -0.18699415993940852
  outer loop
   vertex 16.107374845832833 6.6718931153712004 4.476417968967385
   vertex 15.098717217874155 8.717248450157678 4.476417968967385
   vertex 15.465537626514271 8.929032311830298 2.2559982041574806
  endloop
 endfacet
 facet normal -0.8810528259904922 -0.4344871712291658 -0.18699415993940852
  outer loop
   vertex 16.107374845832833 6.6718931153712004 4.476417968967385
   vertex 15.465537626514271 8.929032311830298 2.2559982041574806
   vertex 16.498700396063903 6.833985465580024 2.2559982041574806
  endloop
 endfacet
 facet normal -0.8951105160798513 -0.44141965679729894 -0.06265660855980944
  outer loop
   vertex 16.498700396063903 6.833985465580024 2.2559982041574806
   vertex 15.465537626514271 8.929032311830298 2.2559982041574806
   vertex 15.588457268119896 8.999999999999998 1.102182119232618e-15
  endloop
 endfacet
 facet normal -0.8951105160798515 -0.4414196567972984 -0.06265660855980881
  outer loop
   vertex 16.498700396063903 6.833985465580024 2.2559982041574806
   vertex 15.588457268119896 8.999999999999998 1.102182119232618e-15
   vertex 16.62983158520316 6.888301782571616 1.102182119232618e-15
  endloop
 endfacet
 facet normal -0.8951105160798516 -0.4414196567972984 0.06265660855980792
  outer loop
   vertex 16.62983158520316 6.888301782571616 1.102182119232618e-15
   vertex 15.588457268119896 8.999999999999998 1.102182119232618e-15
   vertex 15.465537626514275 8.9290323118303 -2.2559982041574704
  endloop
 endfacet
 facet normal -0.8951105160798515 -0.4414196567972988 0.06265660855980745
  outer loop
   vertex 16.62983158520316 6.888301782571616 1.102182119232618e-15
   vertex 15.465537626514275 8.9290323118303 -2.2559982041574704
   vertex 16.498700396063906 6.8339854655800245 -2.2559982041574704
  endloop
 endfacet
 facet normal -0.8810528259904922 -0.43448717122916564 0.18699415993940913
  outer loop
   vertex 16.498700396063906 6.8339854655800245 -2.2559982041574704
   vertex 15.465537626514275 8.9290323118303 -2.2559982041574704
   vertex 15.098717217874155 8.717248450157678 -4.476417968967388
  endloop
 endfacet
 facet normal -0.8810528259904921 -0.43448717122916575 0.186994159939409
  outer loop
   vertex 16.498700396063906 6.8339854655800245 -2.2559982041574704
   vertex 15.098717217874155 8.717248450157678 -4.476417968967388
   vertex 16.107374845832833 6.6718931153712004 -4.476417968967388
  endloop
 endfacet
 facet normal -0.85315092684805 -0.4207274772894837 0.3084183617619746
  outer loop
   vertex 16.107374845832833 6.6718931153712004 -4.476417968967388
   vertex 15.098717217874155 8.717248450157678 -4.476417968967388
   vertex 14.49378101917169 8.367988372994262 -6.626241948324203
  endloop
 endfacet
 facet normal -0.8531509268480499 -0.42072747728948345 0.30841836176197485
  outer loop
   vertex 16.107374845832833 6.6718931153712004 -4.476417968967388
   vertex 14.49378101917169 8.367988372994262 -6.626241948324203
   vertex 15.462026372203646 6.404581025137216 -6.626241948324203
  endloop
 endfacet
 facet normal -0.8118295557544176 -0.40035003213731646 0.42503249778250435
  outer loop
   vertex 15.462026372203646 6.404581025137216 -6.626241948324203
   vertex 14.49378101917169 8.367988372994262 -6.626241948324203
   vertex 13.660269235631784 7.886760120394772 -8.67156613383087
  endloop
 endfacet
 facet normal -0.8118295557544177 -0.40035003213731635 0.42503249778250446
  outer loop
   vertex 15.462026372203646 6.404581025137216 -6.626241948324203
   vertex 13.660269235631784 7.886760120394772 -8.67156613383087
   vertex 14.572832506117965 6.036264866225561 -8.67156613383087
  endloop
 endfacet
 facet normal -0.7577201353427011 -0.37366621895607344 0.535008180598494
  outer loop
   vertex 14.572832506117965 6.036264866225561 -8.67156613383087
   vertex 13.660269235631784 7.886760120394772 -8.67156613383087
   vertex 12.611326845996663 7.281152949374526 -10.580134541264515
  endloop
 endfacet
 facet normal -0.757720135342701 -0.3736662189560734 0.535008180598494
  outer loop
   vertex 14.572832506117965 6.036264866225561 -8.67156613383087
   vertex 12.611326845996663 7.281152949374526 -10.580134541264515
   vertex 13.453816366022629 5.572753204483682 -10.580134541264515
  endloop
 endfacet
 facet normal -0.6916536384977191 -0.34108582822305905 0.6366126782732623
  outer loop
   vertex 13.453816366022629 5.572753204483682 -10.580134541264515
   vertex 12.611326845996663 7.281152949374526 -10.580134541264515
   vertex 11.363496298358687 6.560717646792702 -12.321847906716396
  endloop
 endfacet
 facet normal -0.6916536384977192 -0.34108582822305883 0.6366126782732625
  outer loop
   vertex 13.453816366022629 5.572753204483682 -10.580134541264515
   vertex 11.363496298358687 6.560717646792702 -12.321847906716396
   vertex 12.122625504914783 5.0213558957056925 -12.321847906716396
  endloop
 endfacet
 facet normal -0.614650612057523 -0.30311213794350844 0.7282359898608609
  outer loop
   vertex 12.122625504914783 5.0213558957056925 -12.321847906716396
   vertex 11.363496298358687 6.560717646792702 -12.321847906716396
   vertex 9.936456625871948 5.736815907738208 -13.869238369964204
  endloop
 endfacet
 facet normal -0.614650612057523 -0.3031121379435089 0.7282359898608607
  outer loop
   vertex 12.122625504914783 5.0213558957056925 -12.321847906716396
   vertex 9.936456625871948 5.736815907738208 -13.869238369964204
   vertex 10.60025359788898 4.390768804839812 -13.869238369964204
  endloop
 endfacet
 facet normal -0.5279080821932159 -0.26033545609854203 0.8084172852265374
  outer loop
   vertex 10.60025359788898 4.390768804839812 -13.869238369964204
   vertex 9.936456625871948 5.736815907738208 -13.869238369964204
   vertex 8.35271309664373 4.822441154810969 -15.197902659036272
  endloop
 endfacet
 facet normal -0.527908082193216 -0.2603354560985417 0.8084172852265374
  outer loop
   vertex 10.60025359788898 4.390768804839812 -13.869238369964204
   vertex 8.35271309664373 4.822441154810969 -15.197902659036272
   vertex 8.910709359339897 3.6909366670034585 -15.197902659036272
  endloop
 endfacet
 facet normal -0.43278312671793495 -0.2134250194044755 0.8758701538016049
  outer loop
   vertex 8.910709359339897 3.6909366670034585 -15.197902659036272
   vertex 8.35271309664373 4.822441154810969 -15.197902659036272
   vertex 6.637242292212501 3.8320136240856555 -16.28688694438835
  endloop
 endfacet
 facet normal -0.43278312671793484 -0.2134250194044758 0.8758701538016048
  outer loop
   vertex 8.910709359339897 3.6909366670034585 -15.197902659036272
   vertex 6.637242292212501 3.8320136240856555 -16.28688694438835
   vertex 7.080637911194275 2.9328962530697713 -16.28688694438835
  endloop
 endfacet
 facet normal -0.3307730246200082 -0.16311920414589687 0.9295059609397567
  outer loop
   vertex 7.080637911194275 2.9328962530697713 -16.28688694438835
   vertex 6.637242292212501 3.8320136240856555 -16.28688694438835
   vertex 4.817098211936723 2.781152949374531 -17.119017293312762
  endloop
 endfacet
 facet normal -0.33077302462000824 -0.1631192041458966 0.9295059609397568
  outer loop
   vertex 7.080637911194275 2.9328962530697713 -16.28688694438835
   vertex 4.817098211936723 2.781152949374531 -17.119017293312762
   vertex 5.138900573421057 2.128602313197877 -17.119017293312762
  endloop
 endfacet
 facet normal -0.22349207031595025 -0.1102140922305772 0.9684545153902068
  outer loop
   vertex 5.138900573421057 2.128602313197877 -17.119017293312762
   vertex 4.817098211936723 2.781152949374531 -17.119017293312762
   vertex 2.920985615263699 1.686431831271521 -17.681170513116395
  endloop
 endfacet
 facet normal -0.22349207031595025 -0.11021409223057732 0.9684545153902067
  outer loop
   vertex 5.138900573421057 2.128602313197877 -17.119017293312762
   vertex 2.920985615263699 1.686431831271521 -17.681170513116395
   vertex 3.1161197037745723 1.2907390432814594 -17.681170513116395
  endloop
 endfacet
 facet normal -0.11264535054034791 -0.0555505393826654 0.9920812278114817
  outer loop
   vertex 3.1161197037745723 1.2907390432814594 -17.681170513116395
   vertex 2.920985615263699 1.686431831271521 -17.681170513116395
   vertex 0.9788073305257526 0.5651146757638221 -17.96448111170889
  endloop
 endfacet
 facet normal -0.11264535054034797 -0.05555053938266517 0.9920812278114818
  outer loop
   vertex 3.1161197037745723 1.2907390432814594 -17.681170513116395
   vertex 0.9788073305257526 0.5651146757638221 -17.96448111170889
   vertex 1.044195764919895 0.4325200476023686 -17.96448111170889
  endloop
 endfacet
 facet normal -0.10443085356949003 -0.06977846549481148 -0.9920812278114818
  outer loop
   vertex 0.9788073305257493 0.5651146757638202 17.96448111170889
   vertex 0.8966712313296504 0.6880400351435663 17.96448111170889
   vertex 2.6758726530254524 2.05326930306129 17.681170513116395
  endloop
 endfacet
 facet normal -0.10443085356948993 -0.06977846549481158 -0.9920812278114818
  outer loop
   vertex 0.9788073305257493 0.5651146757638202 17.96448111170889
   vertex 2.6758726530254524 2.05326930306129 17.681170513116395
   vertex 2.9209856152636995 1.6864318312715212 17.681170513116395
  endloop
 endfacet
 facet normal -0.2071942388846971 -0.1384427643227028 -0.9684545153902064
  outer loop
   vertex 2.9209856152636995 1.6864318312715212 17.681170513116395
   vertex 2.6758726530254524 2.05326930306129 17.681170513116395
   vertex 4.412873964494202 3.38611728750611 17.119017293312762
  endloop
 endfacet
 facet normal -0.20719423888469712 -0.13844276432270286 -0.9684545153902065
  outer loop
   vertex 2.9209856152636995 1.6864318312715212 17.681170513116395
   vertex 4.412873964494202 3.38611728750611 17.119017293312762
   vertex 4.817098211936714 2.781152949374526 17.119017293312762
  endloop
 endfacet
 facet normal -0.30665188694544904 -0.20489824013459298 -0.9295059609397577
  outer loop
   vertex 4.817098211936714 2.781152949374526 17.119017293312762
   vertex 4.412873964494202 3.38611728750611 17.119017293312762
   vertex 6.080281617419749 4.665564179558538 16.286886944388353
  endloop
 endfacet
 facet normal -0.3066518869454489 -0.20489824013459296 -0.9295059609397577
  outer loop
   vertex 4.817098211936714 2.781152949374526 17.119017293312762
   vertex 6.080281617419749 4.665564179558538 16.286886944388353
   vertex 6.6372422922124965 3.832013624085653 16.286886944388353
  endloop
 endfacet
 facet normal -0.40122305196643027 -0.2680886723647535 -0.8758701538016048
  outer loop
   vertex 6.6372422922124965 3.832013624085653 16.286886944388353
   vertex 6.080281617419749 4.665564179558538 16.286886944388353
   vertex 7.651799597054407 5.871432337426381 15.197902659036274
  endloop
 endfacet
 facet normal -0.40122305196643004 -0.26808867236475364 -0.8758701538016049
  outer loop
   vertex 6.6372422922124965 3.832013624085653 16.286886944388353
   vertex 7.651799597054407 5.871432337426381 15.197902659036274
   vertex 8.352713096643729 4.822441154810968 15.197902659036274
  endloop
 endfacet
 facet normal -0.4894111595837542 -0.32701408199317794 -0.808417285226537
  outer loop
   vertex 8.352713096643729 4.822441154810968 15.197902659036274
   vertex 7.651799597054407 5.871432337426381 15.197902659036274
   vertex 9.102644126080001 6.984704499909343 13.869238369964206
  endloop
 endfacet
 facet normal -0.4894111595837548 -0.32701408199317755 -0.8084172852265369
  outer loop
   vertex 8.352713096643729 4.822441154810968 15.197902659036274
   vertex 9.102644126080001 6.984704499909343 13.869238369964206
   vertex 9.936456625871942 5.7368159077382055 13.869238369964206
  endloop
 endfacet
 facet normal -0.5698281176832528 -0.3807469755217133 -0.7282359898608616
  outer loop
   vertex 9.936456625871942 5.7368159077382055 13.869238369964206
   vertex 9.102644126080001 6.984704499909343 13.869238369964206
   vertex 10.409934519581288 7.987823699968515 12.321847906716394
  endloop
 endfacet
 facet normal -0.5698281176832524 -0.3807469755217135 -0.7282359898608618
  outer loop
   vertex 9.936456625871942 5.7368159077382055 13.869238369964206
   vertex 10.409934519581288 7.987823699968515 12.321847906716394
   vertex 11.363496298358688 6.560717646792703 12.321847906716394
  endloop
 endfacet
 facet normal -0.6412158113608842 -0.4284467074474338 -0.6366126782732624
  outer loop
   vertex 11.363496298358688 6.560717646792703 12.321847906716394
   vertex 10.409934519581288 7.987823699968515 12.321847906716394
   vertex 11.55305402711532 8.864970148584597 10.580134541264515
  endloop
 endfacet
 facet normal -0.6412158113608842 -0.4284467074474337 -0.6366126782732623
  outer loop
   vertex 11.363496298358688 6.560717646792703 12.321847906716394
   vertex 11.55305402711532 8.864970148584597 10.580134541264515
   vertex 12.611326845996663 7.281152949374526 10.580134541264515
  endloop
 endfacet
 facet normal -0.7024645058233884 -0.469371776687725 -0.5350081805984944
  outer loop
   vertex 12.611326845996663 7.281152949374526 10.580134541264515
   vertex 11.55305402711532 8.864970148584597 10.580134541264515
   vertex 12.513974971181794 9.602310722281022 8.671566133830876
  endloop
 endfacet
 facet normal -0.7024645058233884 -0.46937177668772495 -0.5350081805984943
  outer loop
   vertex 12.611326845996663 7.281152949374526 10.580134541264515
   vertex 12.513974971181794 9.602310722281022 8.671566133830876
   vertex 13.660269235631782 7.886760120394771 8.671566133830876
  endloop
 endfacet
 facet normal -0.7526280761140419 -0.502890002757703 -0.42503249778250324
  outer loop
   vertex 13.660269235631782 7.886760120394771 8.671566133830876
   vertex 12.513974971181794 9.602310722281022 8.671566133830876
   vertex 13.277543054466431 10.188217119744692 6.626241948324205
  endloop
 endfacet
 facet normal -0.7526280761140421 -0.5028900027577027 -0.42503249778250296
  outer loop
   vertex 13.660269235631782 7.886760120394771 8.671566133830876
   vertex 13.277543054466431 10.188217119744692 6.626241948324205
   vertex 14.493781019171687 8.36798837299426 6.626241948324205
  endloop
 endfacet
 facet normal -0.7909361468268582 -0.5284866372679086 -0.30841836176197523
  outer loop
   vertex 14.493781019171687 8.36798837299426 6.626241948324205
   vertex 13.277543054466431 10.188217119744692 6.626241948324205
   vertex 13.831716352162376 10.61344924708409 4.476417968967385
  endloop
 endfacet
 facet normal -0.790936146826858 -0.5284866372679087 -0.3084183617619756
  outer loop
   vertex 14.493781019171687 8.36798837299426 6.626241948324205
   vertex 13.831716352162376 10.61344924708409 4.476417968967385
   vertex 15.098717217874155 8.717248450157678 4.476417968967385
  endloop
 endfacet
 facet normal -0.8168033408981429 -0.545770543769254 -0.1869941599394085
  outer loop
   vertex 15.098717217874155 8.717248450157678 4.476417968967385
   vertex 13.831716352162376 10.61344924708409 4.476417968967385
   vertex 14.167755220317876 10.871300939629707 2.2559982041574806
  endloop
 endfacet
 facet normal -0.816803340898143 -0.545770543769254 -0.18699415993940852
  outer loop
   vertex 15.098717217874155 8.717248450157678 4.476417968967385
   vertex 14.167755220317876 10.871300939629707 2.2559982041574806
   vertex 15.465537626514271 8.929032311830298 2.2559982041574806
  endloop
 endfacet
 facet normal -0.8298358945561946 -0.5544786177211012 -0.0626566085598097
  outer loop
   vertex 15.465537626514271 8.929032311830298 2.2559982041574806
   vertex 14.167755220317876 10.871300939629707 2.2559982041574806
   vertex 14.280360125242233 10.957705722156971 1.102182119232618e-15
  endloop
 endfacet
 facet normal -0.8298358945561948 -0.5544786177211011 -0.06265660855980947
  outer loop
   vertex 15.465537626514271 8.929032311830298 2.2559982041574806
   vertex 14.280360125242233 10.957705722156971 1.102182119232618e-15
   vertex 15.588457268119896 8.999999999999998 1.102182119232618e-15
  endloop
 endfacet
 facet normal -0.8298358945561948 -0.5544786177211012 0.06265660855980773
  outer loop
   vertex 15.588457268119896 8.999999999999998 1.102182119232618e-15
   vertex 14.280360125242233 10.957705722156971 1.102182119232618e-15
   vertex 14.16775522031788 10.87130093962971 -2.2559982041574704
  endloop
 endfacet
 facet normal -0.8298358945561949 -0.554478617721101 0.06265660855980795
  outer loop
   vertex 15.588457268119896 8.999999999999998 1.102182119232618e-15
   vertex 14.16775522031788 10.87130093962971 -2.2559982041574704
   vertex 15.465537626514275 8.9290323118303 -2.2559982041574704
  endloop
 endfacet
 facet normal -0.816803340898143 -0.5457705437692536 0.1869941599394096
  outer loop
   vertex 15.465537626514275 8.9290323118303 -2.2559982041574704
   vertex 14.16775522031788 10.87130093962971 -2.2559982041574704
   vertex 13.831716352162376 10.61344924708409 -4.476417968967388
  endloop
 endfacet
 facet normal -0.8168033408981427 -0.5457705437692539 0.18699415993940913
  outer loop
   vertex 15.465537626514275 8.9290323118303 -2.2559982041574704
   vertex 13.831716352162376 10.61344924708409 -4.476417968967388
   vertex 15.098717217874155 8.717248450157678 -4.476417968967388
  endloop
 endfacet
 facet normal -0.7909361468268583 -0.528486637267909 0.3084183617619743
  outer loop
   vertex 15.098717217874155 8.717248450157678 -4.476417968967388
   vertex 13.831716352162376 10.61344924708409 -4.476417968967388
   vertex 13.277543054466435 10.188217119744694 -6.626241948324203
  endloop
 endfacet
 facet normal -0.7909361468268585 -0.5284866372679087 0.3084183617619747
  outer loop
   vertex 15.098717217874155 8.717248450157678 -4.476417968967388
   vertex 13.277543054466435 10.188217119744694 -6.626241948324203
   vertex 14.49378101917169 8.367988372994262 -6.626241948324203
  endloop
 endfacet
 facet normal -0.7526280761140414 -0.5028900027577023 0.42503249778250485
  outer loop
   vertex 14.49378101917169 8.367988372994262 -6.626241948324203
   vertex 13.277543054466435 10.188217119744694 -6.626241948324203
   vertex 12.513974971181794 9.602310722281024 -8.67156613383087
  endloop
 endfacet
 facet normal -0.7526280761140413 -0.502890002757703 0.42503249778250435
  outer loop
   vertex 14.49378101917169 8.367988372994262 -6.626241948324203
   vertex 12.513974971181794 9.602310722281024 -8.67156613383087
   vertex 13.660269235631784 7.886760120394772 -8.67156613383087
  endloop
 endfacet
 facet normal -0.7024645058233885 -0.4693717766877256 0.5350081805984936
  outer loop
   vertex 13.660269235631784 7.886760120394772 -8.67156613383087
   vertex 12.513974971181794 9.602310722281024 -8.67156613383087
   vertex 11.55305402711532 8.864970148584597 -10.580134541264515
  endloop
 endfacet
 facet normal -0.7024645058233886 -0.4693717766877252 0.535008180598494
  outer loop
   vertex 13.660269235631784 7.886760120394772 -8.67156613383087
   vertex 11.55305402711532 8.864970148584597 -10.580134541264515
   vertex 12.611326845996663 7.281152949374526 -10.580134541264515
  endloop
 endfacet
 facet normal -0.6412158113608841 -0.4284467074474337 0.6366126782732624
  outer loop
   vertex 12.611326845996663 7.281152949374526 -10.580134541264515
   vertex 11.55305402711532 8.864970148584597 -10.580134541264515
   vertex 10.409934519581286 7.987823699968514 -12.321847906716396
  endloop
 endfacet
 facet normal -0.6412158113608841 -0.42844670744743374 0.6366126782732624
  outer loop
   vertex 12.611326845996663 7.281152949374526 -10.580134541264515
   vertex 10.409934519581286 7.987823699968514 -12.321847906716396
   vertex 11.363496298358687 6.560717646792702 -12.321847906716396
  endloop
 endfacet
 facet normal -0.5698281176832531 -0.3807469755217141 0.7282359898608609
  outer loop
   vertex 11.363496298358687 6.560717646792702 -12.321847906716396
   vertex 10.409934519581286 7.987823699968514 -12.321847906716396
   vertex 9.102644126080005 6.984704499909347 -13.869238369964204
  endloop
 endfacet
 facet normal -0.5698281176832531 -0.3807469755217141 0.7282359898608609
  outer loop
   vertex 11.363496298358687 6.560717646792702 -12.321847906716396
   vertex 9.102644126080005 6.984704499909347 -13.869238369964204
   vertex 9.936456625871948 5.736815907738208 -13.869238369964204
  endloop
 endfacet
 facet normal -0.48941115958375386 -0.3270140819931774 0.8084172852265374
  outer loop
   vertex 9.936456625871948 5.736815907738208 -13.869238369964204
   vertex 9.102644126080005 6.984704499909347 -13.869238369964204
   vertex 7.651799597054409 5.871432337426382 -15.197902659036272
  endloop
 endfacet
 facet normal -0.4894111595837539 -0.3270140819931775 0.8084172852265374
  outer loop
   vertex 9.936456625871948 5.736815907738208 -13.869238369964204
   vertex 7.651799597054409 5.871432337426382 -15.197902659036272
   vertex 8.35271309664373 4.822441154810969 -15.197902659036272
  endloop
 endfacet
 facet normal -0.4012230519664302 -0.26808867236475353 0.8758701538016049
  outer loop
   vertex 8.35271309664373 4.822441154810969 -15.197902659036272
   vertex 7.651799597054409 5.871432337426382 -15.197902659036272
   vertex 6.080281617419754 4.665564179558541 -16.28688694438835
  endloop
 endfacet
 facet normal -0.4012230519664304 -0.2680886723647531 0.875870153801605
  outer loop
   vertex 8.35271309664373 4.822441154810969 -15.197902659036272
   vertex 6.080281617419754 4.665564179558541 -16.28688694438835
   vertex 6.637242292212501 3.8320136240856555 -16.28688694438835
  endloop
 endfacet
 facet normal -0.30665188694545076 -0.20489824013459393 0.9295059609397568
  outer loop
   vertex 6.637242292212501 3.8320136240856555 -16.28688694438835
   vertex 6.080281617419754 4.665564179558541 -16.28688694438835
   vertex 4.41287396449421 3.386117287506116 -17.119017293312762
  endloop
 endfacet
 facet normal -0.3066518869454508 -0.20489824013459426 0.9295059609397568
  outer loop
   vertex 6.637242292212501 3.8320136240856555 -16.28688694438835
   vertex 4.41287396449421 3.386117287506116 -17.119017293312762
   vertex 4.817098211936723 2.781152949374531 -17.119017293312762
  endloop
 endfacet
 facet normal -0.20719423888469618 -0.13844276432270225 0.9684545153902067
  outer loop
   vertex 4.817098211936723 2.781152949374531 -17.119017293312762
   vertex 4.41287396449421 3.386117287506116 -17.119017293312762
   vertex 2.675872653025452 2.0532693030612896 -17.681170513116395
  endloop
 endfacet
 facet normal -0.20719423888469612 -0.13844276432270236 0.9684545153902068
  outer loop
   vertex 4.817098211936723 2.781152949374531 -17.119017293312762
   vertex 2.675872653025452 2.0532693030612896 -17.681170513116395
   vertex 2.920985615263699 1.686431831271521 -17.681170513116395
  endloop
 endfacet
 facet normal -0.10443085356949013 -0.06977846549481172 0.9920812278114818
  outer loop
   vertex 2.920985615263699 1.686431831271521 -17.681170513116395
   vertex 2.675872653025452 2.0532693030612896 -17.681170513116395
   vertex 0.8966712313296534 0.6880400351435685 -17.96448111170889
  endloop
 endfacet
 facet normal -0.10443085356949013 -0.06977846549481169 0.9920812278114818
  outer loop
   vertex 2.920985615263699 1.686431831271521 -17.681170513116395
   vertex 0.8966712313296534 0.6880400351435685 -17.96448111170889
   vertex 0.9788073305257526 0.5651146757638221 -17.96448111170889
  endloop
 endfacet
 facet normal -0.09442951574035566 -0.08281246271609594 -0.9920812278114818
  outer loop
   vertex 0.8966712313296504 0.6880400351435663 17.96448111170889
   vertex 0.799192838761269 0.799192838761269 17.96448111170889
   vertex 2.384974767801881 2.384974767801881 17.681170513116395
  endloop
 endfacet
 facet normal -0.09442951574035573 -0.08281246271609588 -0.9920812278114818
  outer loop
   vertex 0.8966712313296504 0.6880400351435663 17.96448111170889
   vertex 2.384974767801881 2.384974767801881 17.681170513116395
   vertex 2.6758726530254524 2.05326930306129 17.681170513116395
  endloop
 endfacet
 facet normal -0.1873512565810304 -0.16430264233368028 -0.9684545153902064
  outer loop
   vertex 2.6758726530254524 2.05326930306129 17.681170513116395
   vertex 2.384974767801881 2.384974767801881 17.681170513116395
   vertex 3.93314422003939 3.93314422003939 17.119017293312762
  endloop
 endfacet
 facet normal -0.18735125658103047 -0.16430264233368028 -0.9684545153902064
  outer loop
   vertex 2.6758726530254524 2.05326930306129 17.681170513116395
   vertex 3.93314422003939 3.93314422003939 17.119017293312762
   vertex 4.412873964494202 3.38611728750611 17.119017293312762
  endloop
 endfacet
 facet normal -0.27728385046529014 -0.24317141042606225 -0.9295059609397576
  outer loop
   vertex 4.412873964494202 3.38611728750611 17.119017293312762
   vertex 3.93314422003939 3.93314422003939 17.119017293312762
   vertex 5.419285638380407 5.419285638380407 16.286886944388353
  endloop
 endfacet
 facet normal -0.27728385046529 -0.2431714104260623 -0.9295059609397576
  outer loop
   vertex 4.412873964494202 3.38611728750611 17.119017293312762
   vertex 5.419285638380407 5.419285638380407 16.286886944388353
   vertex 6.080281617419749 4.665564179558538 16.286886944388353
  endloop
 endfacet
 facet normal -0.3627979395557346 -0.3181652538126477 -0.8758701538016048
  outer loop
   vertex 6.080281617419749 4.665564179558538 16.286886944388353
   vertex 5.419285638380407 5.419285638380407 16.286886944388353
   vertex 6.819961684879843 6.819961684879843 15.197902659036274
  endloop
 endfacet
 facet normal -0.3627979395557344 -0.31816525381264776 -0.8758701538016049
  outer loop
   vertex 6.080281617419749 4.665564179558538 16.286886944388353
   vertex 6.819961684879843 6.819961684879843 15.197902659036274
   vertex 7.651799597054407 5.871432337426381 15.197902659036274
  endloop
 endfacet
 facet normal -0.4425402763434063 -0.38809740627947736 -0.8084172852265368
  outer loop
   vertex 7.651799597054407 5.871432337426381 15.197902659036274
   vertex 6.819961684879843 6.819961684879843 15.197902659036274
   vertex 8.11308286156109 8.11308286156109 13.869238369964206
  endloop
 endfacet
 facet normal -0.4425402763434057 -0.3880974062794777 -0.808417285226537
  outer loop
   vertex 7.651799597054407 5.871432337426381 15.197902659036274
   vertex 8.11308286156109 8.11308286156109 13.869238369964206
   vertex 9.102644126080001 6.984704499909343 13.869238369964206
  endloop
 endfacet
 facet normal -0.5152557062292207 -0.4518671267857376 -0.7282359898608618
  outer loop
   vertex 9.102644126080001 6.984704499909343 13.869238369964206
   vertex 8.11308286156109 8.11308286156109 13.869238369964206
   vertex 9.27825587499474 9.27825587499474 12.321847906716394
  endloop
 endfacet
 facet normal -0.5152557062292211 -0.45186712678573737 -0.7282359898608616
  outer loop
   vertex 9.102644126080001 6.984704499909343 13.869238369964206
   vertex 9.27825587499474 9.27825587499474 12.321847906716394
   vertex 10.409934519581288 7.987823699968515 12.321847906716394
  endloop
 endfacet
 facet normal -0.5798066039130549 -0.5084767447195132 -0.6366126782732626
  outer loop
   vertex 10.409934519581288 7.987823699968515 12.321847906716394
   vertex 9.27825587499474 9.27825587499474 12.321847906716394
   vertex 10.29710525071832 10.29710525071832 10.580134541264515
  endloop
 endfacet
 facet normal -0.5798066039130556 -0.5084767447195129 -0.6366126782732623
  outer loop
   vertex 10.409934519581288 7.987823699968515 12.321847906716394
   vertex 10.29710525071832 10.29710525071832 10.580134541264515
   vertex 11.55305402711532 8.864970148584597 10.580134541264515
  endloop
 endfacet
 facet normal -0.6351895138494832 -0.5570462531858075 -0.5350081805984936
  outer loop
   vertex 11.55305402711532 8.864970148584597 10.580134541264515
   vertex 10.29710525071832 10.29710525071832 10.580134541264515
   vertex 11.153563125445551 11.153563125445551 8.671566133830876
  endloop
 endfacet
 facet normal -0.6351895138494824 -0.5570462531858078 -0.5350081805984943
  outer loop
   vertex 11.55305402711532 8.864970148584597 10.580134541264515
   vertex 11.153563125445551 11.153563125445551 8.671566133830876
   vertex 12.513974971181794 9.602310722281022 8.671566133830876
  endloop
 endfacet
 facet normal -0.6805489214234294 -0.5968253860034547 -0.4250324977825042
  outer loop
   vertex 12.513974971181794 9.602310722281022 8.671566133830876
   vertex 11.153563125445551 11.153563125445551 8.671566133830876
   vertex 11.834122646868856 11.834122646868856 6.626241948324205
  endloop
 endfacet
 facet normal -0.6805489214234304 -0.5968253860034541 -0.42503249778250335
  outer loop
   vertex 12.513974971181794 9.602310722281022 8.671566133830876
   vertex 11.834122646868856 11.834122646868856 6.626241948324205
   vertex 13.277543054466431 10.188217119744692 6.626241948324205
  endloop
 endfacet
 facet normal -0.7151882300445311 -0.6272032443585016 -0.3084183617619746
  outer loop
   vertex 13.277543054466431 10.188217119744692 6.626241948324205
   vertex 11.834122646868856 11.834122646868856 6.626241948324205
   vertex 12.328050984788835 12.328050984788835 4.476417968967385
  endloop
 endfacet
 facet normal -0.7151882300445305 -0.6272032443585022 -0.3084183617619753
  outer loop
   vertex 13.277543054466431 10.188217119744692 6.626241948324205
   vertex 12.328050984788835 12.328050984788835 4.476417968967385
   vertex 13.831716352162376 10.61344924708409 4.476417968967385
  endloop
 endfacet
 facet normal -0.738578124182357 -0.6477156309892681 -0.18699415993940893
  outer loop
   vertex 13.831716352162376 10.61344924708409 4.476417968967385
   vertex 12.328050984788835 12.328050984788835 4.476417968967385
   vertex 12.627558594258002 12.627558594258002 2.2559982041574806
  endloop
 endfacet
 facet normal -0.7385781241823572 -0.6477156309892677 -0.18699415993940843
  outer loop
   vertex 13.831716352162376 10.61344924708409 4.476417968967385
   vertex 12.627558594258002 12.627558594258002 2.2559982041574806
   vertex 14.167755220317876 10.871300939629707 2.2559982041574806
  endloop
 endfacet
 facet normal -0.7503625508027059 -0.6580502957651788 -0.06265660855981008
  outer loop
   vertex 14.167755220317876 10.871300939629707 2.2559982041574806
   vertex 12.627558594258002 12.627558594258002 2.2559982041574806
   vertex 12.727922061357857 12.727922061357857 1.102182119232618e-15
  endloop
 endfacet
 facet normal -0.7503625508027062 -0.6580502957651786 -0.0626566085598097
  outer loop
   vertex 14.167755220317876 10.871300939629707 2.2559982041574806
   vertex 12.727922061357857 12.727922061357857 1.102182119232618e-15
   vertex 14.280360125242233 10.957705722156971 1.102182119232618e-15
  endloop
 endfacet
 facet normal -0.7503625508027062 -0.6580502957651786 0.0626566085598091
  outer loop
   vertex 14.280360125242233 10.957705722156971 1.102182119232618e-15
   vertex 12.727922061357857 12.727922061357857 1.102182119232618e-15
   vertex 12.627558594258003 12.627558594258003 -2.2559982041574704
  endloop
 endfacet
 facet normal -0.7503625508027052 -0.6580502957651797 0.0626566085598077
  outer loop
   vertex 14.280360125242233 10.957705722156971 1.102182119232618e-15
   vertex 12.627558594258003 12.627558594258003 -2.2559982041574704
   vertex 14.16775522031788 10.87130093962971 -2.2559982041574704
  endloop
 endfacet
 facet normal -0.7385781241823565 -0.6477156309892685 0.18699415993940882
  outer loop
   vertex 14.16775522031788 10.87130093962971 -2.2559982041574704
   vertex 12.627558594258003 12.627558594258003 -2.2559982041574704
   vertex 12.328050984788835 12.328050984788835 -4.476417968967388
  endloop
 endfacet
 facet normal -0.7385781241823568 -0.647715630989268 0.18699415993940957
  outer loop
   vertex 14.16775522031788 10.87130093962971 -2.2559982041574704
   vertex 12.328050984788835 12.328050984788835 -4.476417968967388
   vertex 13.831716352162376 10.61344924708409 -4.476417968967388
  endloop
 endfacet
 facet normal -0.7151882300445308 -0.6272032443585023 0.3084183617619741
  outer loop
   vertex 13.831716352162376 10.61344924708409 -4.476417968967388
   vertex 12.328050984788835 12.328050984788835 -4.476417968967388
   vertex 11.834122646868858 11.834122646868858 -6.626241948324203
  endloop
 endfacet
 facet normal -0.715188230044531 -0.6272032443585023 0.3084183617619744
  outer loop
   vertex 13.831716352162376 10.61344924708409 -4.476417968967388
   vertex 11.834122646868858 11.834122646868858 -6.626241948324203
   vertex 13.277543054466435 10.188217119744694 -6.626241948324203
  endloop
 endfacet
 facet normal -0.6805489214234294 -0.5968253860034541 0.42503249778250474
  outer loop
   vertex 13.277543054466435 10.188217119744694 -6.626241948324203
   vertex 11.834122646868858 11.834122646868858 -6.626241948324203
   vertex 11.153563125445553 11.153563125445553 -8.67156613383087
  endloop
 endfacet
 facet normal -0.6805489214234295 -0.596825386003454 0.42503249778250485
  outer loop
   vertex 13.277543054466435 10.188217119744694 -6.626241948324203
   vertex 11.153563125445553 11.153563125445553 -8.67156613383087
   vertex 12.513974971181794 9.602310722281024 -8.67156613383087
  endloop
 endfacet
 facet normal -0.6351895138494832 -0.5570462531858078 0.5350081805984934
  outer loop
   vertex 12.513974971181794 9.602310722281024 -8.67156613383087
   vertex 11.153563125445553 11.153563125445553 -8.67156613383087
   vertex 10.29710525071832 10.29710525071832 -10.580134541264515
  endloop
 endfacet
 facet normal -0.6351895138494832 -0.5570462531858074 0.5350081805984936
  outer loop
   vertex 12.513974971181794 9.602310722281024 -8.67156613383087
   vertex 10.29710525071832 10.29710525071832 -10.580134541264515
   vertex 11.55305402711532 8.864970148584597 -10.580134541264515
  endloop
 endfacet
 facet normal -0.5798066039130556 -0.5084767447195129 0.6366126782732623
  outer loop
   vertex 11.55305402711532 8.864970148584597 -10.580134541264515
   vertex 10.29710525071832 10.29710525071832 -10.580134541264515
   vertex 9.27825587499474 9.27825587499474 -12.321847906716396
  endloop
 endfacet
 facet normal -0.5798066039130557 -0.5084767447195127 0.6366126782732624
  outer loop
   vertex 11.55305402711532 8.864970148584597 -10.580134541264515
   vertex 9.27825587499474 9.27825587499474 -12.321847906716396
   vertex 10.409934519581286 7.987823699968514 -12.321847906716396
  endloop
 endfacet
 facet normal -0.5152557062292222 -0.4518671267857372 0.7282359898608609
  outer loop
   vertex 10.409934519581286 7.987823699968514 -12.321847906716396
   vertex 9.27825587499474 9.27825587499474 -12.321847906716396
   vertex 8.113082861561095 8.113082861561095 -13.869238369964204
  endloop
 endfacet
 facet normal -0.5152557062292221 -0.4518671267857374 0.7282359898608608
  outer loop
   vertex 10.409934519581286 7.987823699968514 -12.321847906716396
   vertex 8.113082861561095 8.113082861561095 -13.869238369964204
   vertex 9.102644126080005 6.984704499909347 -13.869238369964204
  endloop
 endfacet
 facet normal -0.4425402763434058 -0.3880974062794764 0.8084172852265376
  outer loop
   vertex 9.102644126080005 6.984704499909347 -13.869238369964204
   vertex 8.113082861561095 8.113082861561095 -13.869238369964204
   vertex 6.8199616848798446 6.8199616848798446 -15.197902659036272
  endloop
 endfacet
 facet normal -0.4425402763434056 -0.3880974062794769 0.8084172852265373
  outer loop
   vertex 9.102644126080005 6.984704499909347 -13.869238369964204
   vertex 6.8199616848798446 6.8199616848798446 -15.197902659036272
   vertex 7.651799597054409 5.871432337426382 -15.197902659036272
  endloop
 endfacet
 facet normal -0.3627979395557344 -0.31816525381264776 0.8758701538016049
  outer loop
   vertex 7.651799597054409 5.871432337426382 -15.197902659036272
   vertex 6.8199616848798446 6.8199616848798446 -15.197902659036272
   vertex 5.41928563838041 5.41928563838041 -16.28688694438835
  endloop
 endfacet
 facet normal -0.3627979395557343 -0.318165253812648 0.8758701538016049
  outer loop
   vertex 7.651799597054409 5.871432337426382 -15.197902659036272
   vertex 5.41928563838041 5.41928563838041 -16.28688694438835
   vertex 6.080281617419754 4.665564179558541 -16.28688694438835
  endloop
 endfacet
 facet normal -0.2772838504652914 -0.24317141042606383 0.9295059609397568
  outer loop
   vertex 6.080281617419754 4.665564179558541 -16.28688694438835
   vertex 5.41928563838041 5.41928563838041 -16.28688694438835
   vertex 3.9331442200393965 3.9331442200393965 -17.119017293312762
  endloop
 endfacet
 facet normal -0.27728385046529147 -0.24317141042606363 0.929505960939757
  outer loop
   vertex 6.080281617419754 4.665564179558541 -16.28688694438835
   vertex 3.9331442200393965 3.9331442200393965 -17.119017293312762
   vertex 4.41287396449421 3.386117287506116 -17.119017293312762
  endloop
 endfacet
 facet normal -0.18735125658102955 -0.1643026423336797 0.9684545153902068
  outer loop
   vertex 4.41287396449421 3.386117287506116 -17.119017293312762
   vertex 3.9331442200393965 3.9331442200393965 -17.119017293312762
   vertex 2.3849747678018804 2.3849747678018804 -17.681170513116395
  endloop
 endfacet
 facet normal -0.18735125658102955 -0.16430264233367953 0.9684545153902068
  outer loop
   vertex 4.41287396449421 3.386117287506116 -17.119017293312762
   vertex 2.3849747678018804 2.3849747678018804 -17.681170513116395
   vertex 2.675872653025452 2.0532693030612896 -17.681170513116395
  endloop
 endfacet
 facet normal -0.0944295157403559 -0.08281246271609606 0.9920812278114818
  outer loop
   vertex 2.675872653025452 2.0532693030612896 -17.681170513116395
   vertex 2.3849747678018804 2.3849747678018804 -17.681170513116395
   vertex 0.7991928387612717 0.7991928387612717 -17.96448111170889
  endloop
 endfacet
 facet normal -0.09442951574035581 -0.0828124627160958 0.9920812278114817
  outer loop
   vertex 2.675872653025452 2.0532693030612896 -17.681170513116395
   vertex 0.7991928387612717 0.7991928387612717 -17.96448111170889
   vertex 0.8966712313296534 0.6880400351435685 -17.96448111170889
  endloop
 endfacet
 facet normal -0.08281246271609595 -0.09442951574035569 -0.9920812278114818
  outer loop
   vertex 0.799192838761269 0.799192838761269 17.96448111170889
   vertex 0.6880400351435663 0.8966712313296504 17.96448111170889
   vertex 2.05326930306129 2.6758726530254524 17.681170513116395
  endloop
 endfacet
 facet normal -0.08281246271609581 -0.0944295157403557 -0.9920812278114818
  outer loop
   vertex 0.799192838761269 0.799192838761269 17.96448111170889
   vertex 2.05326930306129 2.6758726530254524 17.681170513116395
   vertex 2.384974767801881 2.384974767801881 17.681170513116395
  endloop
 endfacet
 facet normal -0.1643026423336803 -0.18735125658103044 -0.9684545153902064
  outer loop
   vertex 2.384974767801881 2.384974767801881 17.681170513116395
   vertex 2.05326930306129 2.6758726530254524 17.681170513116395
   vertex 3.38611728750611 4.412873964494202 17.119017293312762
  endloop
 endfacet
 facet normal -0.16430264233368033 -0.18735125658103044 -0.9684545153902064
  outer loop
   vertex 2.384974767801881 2.384974767801881 17.681170513116395
   vertex 3.38611728750611 4.412873964494202 17.119017293312762
   vertex 3.93314422003939 3.93314422003939 17.119017293312762
  endloop
 endfacet
 facet normal -0.24317141042606225 -0.27728385046529014 -0.9295059609397577
  outer loop
   vertex 3.93314422003939 3.93314422003939 17.119017293312762
   vertex 3.38611728750611 4.412873964494202 17.119017293312762
   vertex 4.665564179558538 6.080281617419749 16.286886944388353
  endloop
 endfacet
 facet normal -0.2431714104260622 -0.27728385046529 -0.9295059609397576
  outer loop
   vertex 3.93314422003939 3.93314422003939 17.119017293312762
   vertex 4.665564179558538 6.080281617419749 16.286886944388353
   vertex 5.419285638380407 5.419285638380407 16.286886944388353
  endloop
 endfacet
 facet normal -0.3181652538126477 -0.3627979395557346 -0.8758701538016049
  outer loop
   vertex 5.419285638380407 5.419285638380407 16.286886944388353
   vertex 4.665564179558538 6.080281617419749 16.286886944388353
   vertex 5.871432337426381 7.651799597054407 15.197902659036274
  endloop
 endfacet
 facet normal -0.3181652538126479 -0.36279793955573447 -0.8758701538016048
  outer loop
   vertex 5.419285638380407 5.419285638380407 16.286886944388353
   vertex 5.871432337426381 7.651799597054407 15.197902659036274
   vertex 6.819961684879843 6.819961684879843 15.197902659036274
  endloop
 endfacet
 facet normal -0.3880974062794772 -0.4425402763434061 -0.808417285226537
  outer loop
   vertex 6.819961684879843 6.819961684879843 15.197902659036274
   vertex 5.871432337426381 7.651799597054407 15.197902659036274
   vertex 6.984704499909343 9.102644126080001 13.869238369964206
  endloop
 endfacet
 facet normal -0.38809740627947775 -0.44254027634340587 -0.8084172852265368
  outer loop
   vertex 6.819961684879843 6.819961684879843 15.197902659036274
   vertex 6.984704499909343 9.102644126080001 13.869238369964206
   vertex 8.11308286156109 8.11308286156109 13.869238369964206
  endloop
 endfacet
 facet normal -0.45186712678573776 -0.5152557062292209 -0.7282359898608616
  outer loop
   vertex 8.11308286156109 8.11308286156109 13.869238369964206
   vertex 6.984704499909343 9.102644126080001 13.869238369964206
   vertex 7.987823699968515 10.409934519581288 12.321847906716394
  endloop
 endfacet
 facet normal -0.45186712678573726 -0.515255706229221 -0.7282359898608617
  outer loop
   vertex 8.11308286156109 8.11308286156109 13.869238369964206
   vertex 7.987823699968515 10.409934519581288 12.321847906716394
   vertex 9.27825587499474 9.27825587499474 12.321847906716394
  endloop
 endfacet
 facet normal -0.5084767447195135 -0.5798066039130553 -0.6366126782732623
  outer loop
   vertex 9.27825587499474 9.27825587499474 12.321847906716394
   vertex 7.987823699968515 10.409934519581288 12.321847906716394
   vertex 8.864970148584597 11.55305402711532 10.580134541264515
  endloop
 endfacet
 facet normal -0.5084767447195127 -0.5798066039130554 -0.6366126782732627
  outer loop
   vertex 9.27825587499474 9.27825587499474 12.321847906716394
   vertex 8.864970148584597 11.55305402711532 10.580134541264515
   vertex 10.29710525071832 10.29710525071832 10.580134541264515
  endloop
 endfacet
 facet normal -0.5570462531858072 -0.6351895138494829 -0.5350081805984944
  outer loop
   vertex 10.29710525071832 10.29710525071832 10.580134541264515
   vertex 8.864970148584597 11.55305402711532 10.580134541264515
   vertex 9.602310722281022 12.513974971181794 8.671566133830876
  endloop
 endfacet
 facet normal -0.557046253185808 -0.6351895138494826 -0.5350081805984936
  outer loop
   vertex 10.29710525071832 10.29710525071832 10.580134541264515
   vertex 9.602310722281022 12.513974971181794 8.671566133830876
   vertex 11.153563125445551 11.153563125445551 8.671566133830876
  endloop
 endfacet
 facet normal -0.5968253860034549 -0.6805489214234296 -0.42503249778250324
  outer loop
   vertex 11.153563125445551 11.153563125445551 8.671566133830876
   vertex 9.602310722281022 12.513974971181794 8.671566133830876
   vertex 10.188217119744692 13.277543054466431 6.626241948324205
  endloop
 endfacet
 facet normal -0.5968253860034539 -0.6805489214234299 -0.42503249778250407
  outer loop
   vertex 11.153563125445551 11.153563125445551 8.671566133830876
   vertex 10.188217119744692 13.277543054466431 6.626241948324205
   vertex 11.834122646868856 11.834122646868856 6.626241948324205
  endloop
 endfacet
 facet normal -0.6272032443585015 -0.715188230044531 -0.30841836176197535
  outer loop
   vertex 11.834122646868856 11.834122646868856 6.626241948324205
   vertex 10.188217119744692 13.277543054466431 6.626241948324205
   vertex 10.61344924708409 13.831716352162376 4.476417968967385
  endloop
 endfacet
 facet normal -0.6272032443585024 -0.7151882300445308 -0.3084183617619746
  outer loop
   vertex 11.834122646868856 11.834122646868856 6.626241948324205
   vertex 10.61344924708409 13.831716352162376 4.476417968967385
   vertex 12.328050984788835 12.328050984788835 4.476417968967385
  endloop
 endfacet
 facet normal -0.6477156309892681 -0.738578124182357 -0.1869941599394085
  outer loop
   vertex 12.328050984788835 12.328050984788835 4.476417968967385
   vertex 10.61344924708409 13.831716352162376 4.476417968967385
   vertex 10.871300939629707 14.167755220317876 2.2559982041574806
  endloop
 endfacet
 facet normal -0.6477156309892679 -0.7385781241823572 -0.18699415993940888
  outer loop
   vertex 12.328050984788835 12.328050984788835 4.476417968967385
   vertex 10.871300939629707 14.167755220317876 2.2559982041574806
   vertex 12.627558594258002 12.627558594258002 2.2559982041574806
  endloop
 endfacet
 facet normal -0.6580502957651788 -0.7503625508027059 -0.06265660855980974
  outer loop
   vertex 12.627558594258002 12.627558594258002 2.2559982041574806
   vertex 10.871300939629707 14.167755220317876 2.2559982041574806
   vertex 10.957705722156971 14.280360125242233 1.102182119232618e-15
  endloop
 endfacet
 facet normal -0.6580502957651785 -0.7503625508027061 -0.06265660855981006
  outer loop
   vertex 12.627558594258002 12.627558594258002 2.2559982041574806
   vertex 10.957705722156971 14.280360125242233 1.102182119232618e-15
   vertex 12.727922061357857 12.727922061357857 1.102182119232618e-15
  endloop
 endfacet
 facet normal -0.6580502957651786 -0.7503625508027062 0.06265660855980777
  outer loop
   vertex 12.727922061357857 12.727922061357857 1.102182119232618e-15
   vertex 10.957705722156971 14.280360125242233 1.102182119232618e-15
   vertex 10.87130093962971 14.16775522031788 -2.2559982041574704
  endloop
 endfacet
 facet normal -0.6580502957651796 -0.7503625508027052 0.06265660855980917
  outer loop
   vertex 12.727922061357857 12.727922061357857 1.102182119232618e-15
   vertex 10.87130093962971 14.16775522031788 -2.2559982041574704
   vertex 12.627558594258003 12.627558594258003 -2.2559982041574704
  endloop
 endfacet
 facet normal -0.6477156309892685 -0.7385781241823565 0.1869941599394095
  outer loop
   vertex 12.627558594258003 12.627558594258003 -2.2559982041574704
   vertex 10.87130093962971 14.16775522031788 -2.2559982041574704
   vertex 10.61344924708409 13.831716352162376 -4.476417968967388
  endloop
 endfacet
 facet normal -0.6477156309892681 -0.7385781241823569 0.1869941599394089
  outer loop
   vertex 12.627558594258003 12.627558594258003 -2.2559982041574704
   vertex 10.61344924708409 13.831716352162376 -4.476417968967388
   vertex 12.328050984788835 12.328050984788835 -4.476417968967388
  endloop
 endfacet
 facet normal -0.6272032443585023 -0.7151882300445308 0.30841836176197435
  outer loop
   vertex 12.328050984788835 12.328050984788835 -4.476417968967388
   vertex 10.61344924708409 13.831716352162376 -4.476417968967388
   vertex 10.188217119744694 13.277543054466435 -6.626241948324203
  endloop
 endfacet
 facet normal -0.6272032443585023 -0.7151882300445309 0.3084183617619742
  outer loop
   vertex 12.328050984788835 12.328050984788835 -4.476417968967388
   vertex 10.188217119744694 13.277543054466435 -6.626241948324203
   vertex 11.834122646868858 11.834122646868858 -6.626241948324203
  endloop
 endfacet
 facet normal -0.5968253860034541 -0.6805489214234294 0.42503249778250474
  outer loop
   vertex 11.834122646868858 11.834122646868858 -6.626241948324203
   vertex 10.188217119744694 13.277543054466435 -6.626241948324203
   vertex 9.602310722281024 12.513974971181794 -8.67156613383087
  endloop
 endfacet
 facet normal -0.596825386003454 -0.6805489214234295 0.42503249778250474
  outer loop
   vertex 11.834122646868858 11.834122646868858 -6.626241948324203
   vertex 9.602310722281024 12.513974971181794 -8.67156613383087
   vertex 11.153563125445553 11.153563125445553 -8.67156613383087
  endloop
 endfacet
 facet normal -0.5570462531858077 -0.6351895138494831 0.5350081805984936
  outer loop
   vertex 11.153563125445553 11.153563125445553 -8.67156613383087
   vertex 9.602310722281024 12.513974971181794 -8.67156613383087
   vertex 8.864970148584597 11.55305402711532 -10.580134541264515
  endloop
 endfacet
 facet normal -0.5570462531858076 -0.6351895138494833 0.5350081805984934
  outer loop
   vertex 11.153563125445553 11.153563125445553 -8.67156613383087
   vertex 8.864970148584597 11.55305402711532 -10.580134541264515
   vertex 10.29710525071832 10.29710525071832 -10.580134541264515
  endloop
 endfacet
 facet normal -0.5084767447195129 -0.5798066039130556 0.6366126782732624
  outer loop
   vertex 10.29710525071832 10.29710525071832 -10.580134541264515
   vertex 8.864970148584597 11.55305402711532 -10.580134541264515
   vertex 7.987823699968514 10.409934519581286 -12.321847906716396
  endloop
 endfacet
 facet normal -0.5084767447195128 -0.5798066039130558 0.6366126782732623
  outer loop
   vertex 10.29710525071832 10.29710525071832 -10.580134541264515
   vertex 7.987823699968514 10.409934519581286 -12.321847906716396
   vertex 9.27825587499474 9.27825587499474 -12.321847906716396
  endloop
 endfacet
 facet normal -0.4518671267857372 -0.5152557062292222 0.7282359898608609
  outer loop
   vertex 9.27825587499474 9.27825587499474 -12.321847906716396
   vertex 7.987823699968514 10.409934519581286 -12.321847906716396
   vertex 6.984704499909347 9.102644126080005 -13.869238369964204
  endloop
 endfacet
 facet normal -0.45186712678573726 -0.5152557062292221 0.728235989860861
  outer loop
   vertex 9.27825587499474 9.27825587499474 -12.321847906716396
   vertex 6.984704499909347 9.102644126080005 -13.869238369964204
   vertex 8.113082861561095 8.113082861561095 -13.869238369964204
  endloop
 endfacet
 facet normal -0.38809740627947653 -0.4425402763434059 0.8084172852265374
  outer loop
   vertex 8.113082861561095 8.113082861561095 -13.869238369964204
   vertex 6.984704499909347 9.102644126080005 -13.869238369964204
   vertex 5.871432337426382 7.651799597054409 -15.197902659036272
  endloop
 endfacet
 facet normal -0.3880974062794767 -0.44254027634340554 0.8084172852265376
  outer loop
   vertex 8.113082861561095 8.113082861561095 -13.869238369964204
   vertex 5.871432337426382 7.651799597054409 -15.197902659036272
   vertex 6.8199616848798446 6.8199616848798446 -15.197902659036272
  endloop
 endfacet
 facet normal -0.3181652538126478 -0.36279793955573447 0.8758701538016049
  outer loop
   vertex 6.8199616848798446 6.8199616848798446 -15.197902659036272
   vertex 5.871432337426382 7.651799597054409 -15.197902659036272
   vertex 4.665564179558541 6.080281617419754 -16.28688694438835
  endloop
 endfacet
 facet normal -0.31816525381264793 -0.36279793955573425 0.875870153801605
  outer loop
   vertex 6.8199616848798446 6.8199616848798446 -15.197902659036272
   vertex 4.665564179558541 6.080281617419754 -16.28688694438835
   vertex 5.41928563838041 5.41928563838041 -16.28688694438835
  endloop
 endfacet
 facet normal -0.24317141042606377 -0.27728385046529136 0.9295059609397568
  outer loop
   vertex 5.41928563838041 5.41928563838041 -16.28688694438835
   vertex 4.665564179558541 6.080281617419754 -16.28688694438835
   vertex 3.386117287506116 4.41287396449421 -17.119017293312762
  endloop
 endfacet
 facet normal -0.2431714104260637 -0.27728385046529147 0.9295059609397568
  outer loop
   vertex 5.41928563838041 5.41928563838041 -16.28688694438835
   vertex 3.386117287506116 4.41287396449421 -17.119017293312762
   vertex 3.9331442200393965 3.9331442200393965 -17.119017293312762
  endloop
 endfacet
 facet normal -0.1643026423336797 -0.18735125658102955 0.9684545153902068
  outer loop
   vertex 3.9331442200393965 3.9331442200393965 -17.119017293312762
   vertex 3.386117287506116 4.41287396449421 -17.119017293312762
   vertex 2.0532693030612896 2.675872653025452 -17.681170513116395
  endloop
 endfacet
 facet normal -0.16430264233367953 -0.18735125658102966 0.9684545153902068
  outer loop
   vertex 3.9331442200393965 3.9331442200393965 -17.119017293312762
   vertex 2.0532693030612896 2.675872653025452 -17.681170513116395
   vertex 2.3849747678018804 2.3849747678018804 -17.681170513116395
  endloop
 endfacet
 facet normal -0.08281246271609606 -0.0944295157403559 0.9920812278114818
  outer loop
   vertex 2.3849747678018804 2.3849747678018804 -17.681170513116395
   vertex 2.0532693030612896 2.675872653025452 -17.681170513116395
   vertex 0.6880400351435685 0.8966712313296534 -17.96448111170889
  endloop
 endfacet
 facet normal -0.08281246271609613 -0.09442951574035581 0.9920812278114817
  outer loop
   vertex 2.3849747678018804 2.3849747678018804 -17.681170513116395
   vertex 0.6880400351435685 0.8966712313296534 -17.96448111170889
   vertex 0.7991928387612717 0.7991928387612717 -17.96448111170889
  endloop
 endfacet
 facet normal -0.0697784654948115 -0.10443085356949 -0.9920812278114818
  outer loop
   vertex 0.6880400351435663 0.8966712313296504 17.96448111170889
   vertex 0.5651146757638205 0.9788073305257492 17.96448111170889
   vertex 1.6864318312715219 2.920985615263699 17.681170513116395
  endloop
 endfacet
 facet normal -0.06977846549481158 -0.10443085356948993 -0.9920812278114818
  outer loop
   vertex 0.6880400351435663 0.8966712313296504 17.96448111170889
   vertex 1.6864318312715219 2.920985615263699 17.681170513116395
   vertex 2.05326930306129 2.6758726530254524 17.681170513116395
  endloop
 endfacet
 facet normal -0.1384427643227028 -0.20719423888469715 -0.9684545153902064
  outer loop
   vertex 2.05326930306129 2.6758726530254524 17.681170513116395
   vertex 1.6864318312715219 2.920985615263699 17.681170513116395
   vertex 2.781152949374527 4.817098211936713 17.119017293312762
  endloop
 endfacet
 facet normal -0.13844276432270275 -0.20719423888469715 -0.9684545153902064
  outer loop
   vertex 2.05326930306129 2.6758726530254524 17.681170513116395
   vertex 2.781152949374527 4.817098211936713 17.119017293312762
   vertex 3.38611728750611 4.412873964494202 17.119017293312762
  endloop
 endfacet
 facet normal -0.20489824013459287 -0.30665188694544904 -0.9295059609397577
  outer loop
   vertex 3.38611728750611 4.412873964494202 17.119017293312762
   vertex 2.781152949374527 4.817098211936713 17.119017293312762
   vertex 3.832013624085654 6.637242292212496 16.286886944388353
  endloop
 endfacet
 facet normal -0.2048982401345929 -0.306651886945449 -0.9295059609397576
  outer loop
   vertex 3.38611728750611 4.412873964494202 17.119017293312762
   vertex 3.832013624085654 6.637242292212496 16.286886944388353
   vertex 4.665564179558538 6.080281617419749 16.286886944388353
  endloop
 endfacet
 facet normal -0.2680886723647534 -0.40122305196643027 -0.8758701538016049
  outer loop
   vertex 4.665564179558538 6.080281617419749 16.286886944388353
   vertex 3.832013624085654 6.637242292212496 16.286886944388353
   vertex 4.82244115481097 8.352713096643727 15.197902659036274
  endloop
 endfacet
 facet normal -0.2680886723647536 -0.4012230519664302 -0.875870153801605
  outer loop
   vertex 4.665564179558538 6.080281617419749 16.286886944388353
   vertex 4.82244115481097 8.352713096643727 15.197902659036274
   vertex 5.871432337426381 7.651799597054407 15.197902659036274
  endloop
 endfacet
 facet normal -0.3270140819931777 -0.4894111595837543 -0.808417285226537
  outer loop
   vertex 5.871432337426381 7.651799597054407 15.197902659036274
   vertex 4.82244115481097 8.352713096643727 15.197902659036274
   vertex 5.736815907738207 9.936456625871942 13.869238369964206
  endloop
 endfacet
 facet normal -0.32701408199317755 -0.4894111595837543 -0.8084172852265371
  outer loop
   vertex 5.871432337426381 7.651799597054407 15.197902659036274
   vertex 5.736815907738207 9.936456625871942 13.869238369964206
   vertex 6.984704499909343 9.102644126080001 13.869238369964206
  endloop
 endfacet
 facet normal -0.38074697552171366 -0.5698281176832526 -0.7282359898608616
  outer loop
   vertex 6.984704499909343 9.102644126080001 13.869238369964206
   vertex 5.736815907738207 9.936456625871942 13.869238369964206
   vertex 6.560717646792706 11.363496298358687 12.321847906716394
  endloop
 endfacet
 facet normal -0.3807469755217137 -0.5698281176832526 -0.7282359898608616
  outer loop
   vertex 6.984704499909343 9.102644126080001 13.869238369964206
   vertex 6.560717646792706 11.363496298358687 12.321847906716394
   vertex 7.987823699968515 10.409934519581288 12.321847906716394
  endloop
 endfacet
 facet normal -0.4284467074474338 -0.6412158113608842 -0.6366126782732623
  outer loop
   vertex 7.987823699968515 10.409934519581288 12.321847906716394
   vertex 6.560717646792706 11.363496298358687 12.321847906716394
   vertex 7.281152949374529 12.611326845996661 10.580134541264515
  endloop
 endfacet
 facet normal -0.4284467074474337 -0.6412158113608842 -0.6366126782732624
  outer loop
   vertex 7.987823699968515 10.409934519581288 12.321847906716394
   vertex 7.281152949374529 12.611326845996661 10.580134541264515
   vertex 8.864970148584597 11.55305402711532 10.580134541264515
  endloop
 endfacet
 facet normal -0.46937177668772506 -0.7024645058233884 -0.5350081805984944
  outer loop
   vertex 8.864970148584597 11.55305402711532 10.580134541264515
   vertex 7.281152949374529 12.611326845996661 10.580134541264515
   vertex 7.886760120394774 13.66026923563178 8.671566133830876
  endloop
 endfacet
 facet normal -0.469371776687725 -0.7024645058233883 -0.5350081805984942
  outer loop
   vertex 8.864970148584597 11.55305402711532 10.580134541264515
   vertex 7.886760120394774 13.66026923563178 8.671566133830876
   vertex 9.602310722281022 12.513974971181794 8.671566133830876
  endloop
 endfacet
 facet normal -0.502890002757703 -0.7526280761140419 -0.42503249778250324
  outer loop
   vertex 9.602310722281022 12.513974971181794 8.671566133830876
   vertex 7.886760120394774 13.66026923563178 8.671566133830876
   vertex 8.367988372994263 14.493781019171685 6.626241948324205
  endloop
 endfacet
 facet normal -0.5028900027577028 -0.7526280761140418 -0.4250324977825032
  outer loop
   vertex 9.602310722281022 12.513974971181794 8.671566133830876
   vertex 8.367988372994263 14.493781019171685 6.626241948324205
   vertex 10.188217119744692 13.277543054466431 6.626241948324205
  endloop
 endfacet
 facet normal -0.5284866372679087 -0.7909361468268582 -0.308418361761975
  outer loop
   vertex 10.188217119744692 13.277543054466431 6.626241948324205
   vertex 8.367988372994263 14.493781019171685 6.626241948324205
   vertex 8.717248450157681 15.098717217874151 4.476417968967385
  endloop
 endfacet
 facet normal -0.5284866372679083 -0.7909361468268583 -0.3084183617619753
  outer loop
   vertex 10.188217119744692 13.277543054466431 6.626241948324205
   vertex 8.717248450157681 15.098717217874151 4.476417968967385
   vertex 10.61344924708409 13.831716352162376 4.476417968967385
  endloop
 endfacet
 facet normal -0.5457705437692536 -0.816803340898143 -0.1869941599394091
  outer loop
   vertex 10.61344924708409 13.831716352162376 4.476417968967385
   vertex 8.717248450157681 15.098717217874151 4.476417968967385
   vertex 8.929032311830301 15.46553762651427 2.2559982041574806
  endloop
 endfacet
 facet normal -0.5457705437692542 -0.8168033408981427 -0.1869941599394085
  outer loop
   vertex 10.61344924708409 13.831716352162376 4.476417968967385
   vertex 8.929032311830301 15.46553762651427 2.2559982041574806
   vertex 10.871300939629707 14.167755220317876 2.2559982041574806
  endloop
 endfacet
 facet normal -0.5544786177211014 -0.8298358945561944 -0.06265660855980948
  outer loop
   vertex 10.871300939629707 14.167755220317876 2.2559982041574806
   vertex 8.929032311830301 15.46553762651427 2.2559982041574806
   vertex 9.000000000000002 15.588457268119894 1.102182119232618e-15
  endloop
 endfacet
 facet normal -0.5544786177211013 -0.8298358945561947 -0.06265660855980967
  outer loop
   vertex 10.871300939629707 14.167755220317876 2.2559982041574806
   vertex 9.000000000000002 15.588457268119894 1.102182119232618e-15
   vertex 10.957705722156971 14.280360125242233 1.102182119232618e-15
  endloop
 endfacet
 facet normal -0.5544786177211013 -0.8298358945561947 0.06265660855980801
  outer loop
   vertex 10.957705722156971 14.280360125242233 1.102182119232618e-15
   vertex 9.000000000000002 15.588457268119894 1.102182119232618e-15
   vertex 8.929032311830303 15.465537626514273 -2.2559982041574704
  endloop
 endfacet
 facet normal -0.5544786177211011 -0.8298358945561948 0.06265660855980774
  outer loop
   vertex 10.957705722156971 14.280360125242233 1.102182119232618e-15
   vertex 8.929032311830303 15.465537626514273 -2.2559982041574704
   vertex 10.87130093962971 14.16775522031788 -2.2559982041574704
  endloop
 endfacet
 facet normal -0.5457705437692538 -0.8168033408981427 0.18699415993940982
  outer loop
   vertex 10.87130093962971 14.16775522031788 -2.2559982041574704
   vertex 8.929032311830303 15.465537626514273 -2.2559982041574704
   vertex 8.717248450157681 15.098717217874151 -4.476417968967388
  endloop
 endfacet
 facet normal -0.5457705437692536 -0.8168033408981429 0.18699415993940957
  outer loop
   vertex 10.87130093962971 14.16775522031788 -2.2559982041574704
   vertex 8.717248450157681 15.098717217874151 -4.476417968967388
   vertex 10.61344924708409 13.831716352162376 -4.476417968967388
  endloop
 endfacet
 facet normal -0.5284866372679087 -0.7909361468268586 0.308418361761974
  outer loop
   vertex 10.61344924708409 13.831716352162376 -4.476417968967388
   vertex 8.717248450157681 15.098717217874151 -4.476417968967388
   vertex 8.367988372994265 14.493781019171688 -6.626241948324203
  endloop
 endfacet
 facet normal -0.5284866372679088 -0.7909361468268584 0.3084183617619743
  outer loop
   vertex 10.61344924708409 13.831716352162376 -4.476417968967388
   vertex 8.367988372994265 14.493781019171688 -6.626241948324203
   vertex 10.188217119744694 13.277543054466435 -6.626241948324203
  endloop
 endfacet
 facet normal -0.5028900027577025 -0.7526280761140414 0.42503249778250435
  outer loop
   vertex 10.188217119744694 13.277543054466435 -6.626241948324203
   vertex 8.367988372994265 14.493781019171688 -6.626241948324203
   vertex 7.886760120394775 13.660269235631782 -8.67156613383087
  endloop
 endfacet
 facet normal -0.5028900027577029 -0.7526280761140409 0.42503249778250485
  outer loop
   vertex 10.188217119744694 13.277543054466435 -6.626241948324203
   vertex 7.886760120394775 13.660269235631782 -8.67156613383087
   vertex 9.602310722281024 12.513974971181794 -8.67156613383087
  endloop
 endfacet
 facet normal -0.46937177668772556 -0.7024645058233884 0.535008180598494
  outer loop
   vertex 9.602310722281024 12.513974971181794 -8.67156613383087
   vertex 7.886760120394775 13.660269235631782 -8.67156613383087
   vertex 7.281152949374529 12.611326845996661 -10.580134541264515
  endloop
 endfacet
 facet normal -0.46937177668772523 -0.7024645058233888 0.5350081805984936
  outer loop
   vertex 9.602310722281024 12.513974971181794 -8.67156613383087
   vertex 7.281152949374529 12.611326845996661 -10.580134541264515
   vertex 8.864970148584597 11.55305402711532 -10.580134541264515
  endloop
 endfacet
 facet normal -0.4284467074474337 -0.6412158113608841 0.6366126782732623
  outer loop
   vertex 8.864970148584597 11.55305402711532 -10.580134541264515
   vertex 7.281152949374529 12.611326845996661 -10.580134541264515
   vertex 6.560717646792705 11.363496298358685 -12.321847906716396
  endloop
 endfacet
 facet normal -0.4284467074474337 -0.641215811360884 0.6366126782732624
  outer loop
   vertex 8.864970148584597 11.55305402711532 -10.580134541264515
   vertex 6.560717646792705 11.363496298358685 -12.321847906716396
   vertex 7.987823699968514 10.409934519581286 -12.321847906716396
  endloop
 endfacet
 facet normal -0.38074697552171405 -0.569828117683253 0.728235989860861
  outer loop
   vertex 7.987823699968514 10.409934519581286 -12.321847906716396
   vertex 6.560717646792705 11.363496298358685 -12.321847906716396
   vertex 5.73681590773821 9.936456625871946 -13.869238369964204
  endloop
 endfacet
 facet normal -0.3807469755217139 -0.5698281176832533 0.7282359898608609
  outer loop
   vertex 7.987823699968514 10.409934519581286 -12.321847906716396
   vertex 5.73681590773821 9.936456625871946 -13.869238369964204
   vertex 6.984704499909347 9.102644126080005 -13.869238369964204
  endloop
 endfacet
 facet normal -0.3270140819931772 -0.4894111595837541 0.8084172852265374
  outer loop
   vertex 6.984704499909347 9.102644126080005 -13.869238369964204
   vertex 5.73681590773821 9.936456625871946 -13.869238369964204
   vertex 4.822441154810971 8.352713096643729 -15.197902659036272
  endloop
 endfacet
 facet normal -0.3270140819931773 -0.4894111595837541 0.8084172852265374
  outer loop
   vertex 6.984704499909347 9.102644126080005 -13.869238369964204
   vertex 4.822441154810971 8.352713096643729 -15.197902659036272
   vertex 5.871432337426382 7.651799597054409 -15.197902659036272
  endloop
 endfacet
 facet normal -0.26808867236475337 -0.4012230519664303 0.875870153801605
  outer loop
   vertex 5.871432337426382 7.651799597054409 -15.197902659036272
   vertex 4.822441154810971 8.352713096643729 -15.197902659036272
   vertex 3.832013624085657 6.6372422922125 -16.28688694438835
  endloop
 endfacet
 facet normal -0.2680886723647532 -0.4012230519664304 0.8758701538016049
  outer loop
   vertex 5.871432337426382 7.651799597054409 -15.197902659036272
   vertex 3.832013624085657 6.6372422922125 -16.28688694438835
   vertex 4.665564179558541 6.080281617419754 -16.28688694438835
  endloop
 endfacet
 facet normal -0.20489824013459396 -0.3066518869454508 0.9295059609397567
  outer loop
   vertex 4.665564179558541 6.080281617419754 -16.28688694438835
   vertex 3.832013624085657 6.6372422922125 -16.28688694438835
   vertex 2.781152949374532 4.817098211936722 -17.119017293312762
  endloop
 endfacet
 facet normal -0.20489824013459415 -0.3066518869454507 0.9295059609397568
  outer loop
   vertex 4.665564179558541 6.080281617419754 -16.28688694438835
   vertex 2.781152949374532 4.817098211936722 -17.119017293312762
   vertex 3.386117287506116 4.41287396449421 -17.119017293312762
  endloop
 endfacet
 facet normal -0.13844276432270217 -0.20719423888469624 0.9684545153902068
  outer loop
   vertex 3.386117287506116 4.41287396449421 -17.119017293312762
   vertex 2.781152949374532 4.817098211936722 -17.119017293312762
   vertex 1.6864318312715216 2.9209856152636986 -17.681170513116395
  endloop
 endfacet
 facet normal -0.13844276432270228 -0.20719423888469626 0.9684545153902067
  outer loop
   vertex 3.386117287506116 4.41287396449421 -17.119017293312762
   vertex 1.6864318312715216 2.9209856152636986 -17.681170513116395
   vertex 2.0532693030612896 2.675872653025452 -17.681170513116395
  endloop
 endfacet
 facet normal -0.06977846549481172 -0.10443085356949013 0.9920812278114817
  outer loop
   vertex 2.0532693030612896 2.675872653025452 -17.681170513116395
   vertex 1.6864318312715216 2.9209856152636986 -17.681170513116395
   vertex 0.5651146757638223 0.9788073305257525 -17.96448111170889
  endloop
 endfacet
 facet normal -0.06977846549481187 -0.10443085356949021 0.9920812278114817
  outer loop
   vertex 2.0532693030612896 2.675872653025452 -17.681170513116395
   vertex 0.5651146757638223 0.9788073305257525 -17.96448111170889
   vertex 0.6880400351435685 0.8966712313296534 -17.96448111170889
  endloop
 endfacet
 facet normal -0.05555053938266536 -0.1126453505403477 -0.9920812278114818
  outer loop
   vertex 0.5651146757638205 0.9788073305257492 17.96448111170889
   vertex 0.43252004760236723 1.0441957649198914 17.96448111170889
   vertex 1.2907390432814596 3.1161197037745727 17.681170513116395
  endloop
 endfacet
 facet normal -0.05555053938266526 -0.11264535054034765 -0.9920812278114818
  outer loop
   vertex 0.5651146757638205 0.9788073305257492 17.96448111170889
   vertex 1.2907390432814596 3.1161197037745727 17.681170513116395
   vertex 1.6864318312715219 2.920985615263699 17.681170513116395
  endloop
 endfacet
 facet normal -0.11021409223057783 -0.2234920703159511 -0.9684545153902064
  outer loop
   vertex 1.6864318312715219 2.920985615263699 17.681170513116395
   vertex 1.2907390432814596 3.1161197037745727 17.681170513116395
   vertex 2.1286023131978737 5.138900573421048 17.119017293312762
  endloop
 endfacet
 facet normal -0.11021409223057818 -0.2234920703159511 -0.9684545153902064
  outer loop
   vertex 1.6864318312715219 2.920985615263699 17.681170513116395
   vertex 2.1286023131978737 5.138900573421048 17.119017293312762
   vertex 2.781152949374527 4.817098211936713 17.119017293312762
  endloop
 endfacet
 facet normal -0.16311920414589628 -0.3307730246200062 -0.9295059609397576
  outer loop
   vertex 2.781152949374527 4.817098211936713 17.119017293312762
   vertex 2.1286023131978737 5.138900573421048 17.119017293312762
   vertex 2.93289625306977 7.08063791119427 16.286886944388353
  endloop
 endfacet
 facet normal -0.16311920414589592 -0.3307730246200063 -0.9295059609397576
  outer loop
   vertex 2.781152949374527 4.817098211936713 17.119017293312762
   vertex 2.93289625306977 7.08063791119427 16.286886944388353
   vertex 3.832013624085654 6.637242292212496 16.286886944388353
  endloop
 endfacet
 facet normal -0.21342501940447567 -0.4327831267179348 -0.875870153801605
  outer loop
   vertex 3.832013624085654 6.637242292212496 16.286886944388353
   vertex 2.93289625306977 7.08063791119427 16.286886944388353
   vertex 3.6909366670034585 8.910709359339895 15.197902659036274
  endloop
 endfacet
 facet normal -0.2134250194044759 -0.43278312671793473 -0.875870153801605
  outer loop
   vertex 3.832013624085654 6.637242292212496 16.286886944388353
   vertex 3.6909366670034585 8.910709359339895 15.197902659036274
   vertex 4.82244115481097 8.352713096643727 15.197902659036274
  endloop
 endfacet
 facet normal -0.26033545609854264 -0.5279080821932165 -0.8084172852265369
  outer loop
   vertex 4.82244115481097 8.352713096643727 15.197902659036274
   vertex 3.6909366670034585 8.910709359339895 15.197902659036274
   vertex 4.39076880483981 10.600253597888974 13.869238369964206
  endloop
 endfacet
 facet normal -0.2603354560985422 -0.5279080821932166 -0.808417285226537
  outer loop
   vertex 4.82244115481097 8.352713096643727 15.197902659036274
   vertex 4.39076880483981 10.600253597888974 13.869238369964206
   vertex 5.736815907738207 9.936456625871942 13.869238369964206
  endloop
 endfacet
 facet normal -0.3031121379435083 -0.6146506120575224 -0.7282359898608616
  outer loop
   vertex 5.736815907738207 9.936456625871942 13.869238369964206
   vertex 4.39076880483981 10.600253597888974 13.869238369964206
   vertex 5.021355895705694 12.122625504914785 12.321847906716394
  endloop
 endfacet
 facet normal -0.3031121379435085 -0.6146506120575224 -0.7282359898608615
  outer loop
   vertex 5.736815907738207 9.936456625871942 13.869238369964206
   vertex 5.021355895705694 12.122625504914785 12.321847906716394
   vertex 6.560717646792706 11.363496298358687 12.321847906716394
  endloop
 endfacet
 facet normal -0.3410858282230591 -0.6916536384977192 -0.6366126782732623
  outer loop
   vertex 6.560717646792706 11.363496298358687 12.321847906716394
   vertex 5.021355895705694 12.122625504914785 12.321847906716394
   vertex 5.572753204483682 13.453816366022629 10.580134541264515
  endloop
 endfacet
 facet normal -0.3410858282230593 -0.6916536384977192 -0.6366126782732623
  outer loop
   vertex 6.560717646792706 11.363496298358687 12.321847906716394
   vertex 5.572753204483682 13.453816366022629 10.580134541264515
   vertex 7.281152949374529 12.611326845996661 10.580134541264515
  endloop
 endfacet
 facet normal -0.3736662189560733 -0.7577201353427004 -0.5350081805984946
  outer loop
   vertex 7.281152949374529 12.611326845996661 10.580134541264515
   vertex 5.572753204483682 13.453816366022629 10.580134541264515
   vertex 6.036264866225562 14.572832506117964 8.671566133830876
  endloop
 endfacet
 facet normal -0.37366621895607377 -0.7577201353427006 -0.5350081805984944
  outer loop
   vertex 7.281152949374529 12.611326845996661 10.580134541264515
   vertex 6.036264866225562 14.572832506117964 8.671566133830876
   vertex 7.886760120394774 13.66026923563178 8.671566133830876
  endloop
 endfacet
 facet normal -0.40035003213731707 -0.811829555754418 -0.42503249778250296
  outer loop
   vertex 7.886760120394774 13.66026923563178 8.671566133830876
   vertex 6.036264866225562 14.572832506117964 8.671566133830876
   vertex 6.404581025137215 15.462026372203642 6.626241948324205
  endloop
 endfacet
 facet normal -0.4003500321373169 -0.8118295557544181 -0.42503249778250307
  outer loop
   vertex 7.886760120394774 13.66026923563178 8.671566133830876
   vertex 6.404581025137215 15.462026372203642 6.626241948324205
   vertex 8.367988372994263 14.493781019171685 6.626241948324205
  endloop
 endfacet
 facet normal -0.42072747728948345 -0.8531509268480496 -0.3084183617619759
  outer loop
   vertex 8.367988372994263 14.493781019171685 6.626241948324205
   vertex 6.404581025137215 15.462026372203642 6.626241948324205
   vertex 6.671893115371201 16.107374845832833 4.476417968967385
  endloop
 endfacet
 facet normal -0.4207274772894844 -0.8531509268480494 -0.30841836176197507
  outer loop
   vertex 8.367988372994263 14.493781019171685 6.626241948324205
   vertex 6.671893115371201 16.107374845832833 4.476417968967385
   vertex 8.717248450157681 15.098717217874151 4.476417968967385
  endloop
 endfacet
 facet normal -0.4344871712291665 -0.8810528259904917 -0.18699415993940854
  outer loop
   vertex 8.717248450157681 15.098717217874151 4.476417968967385
   vertex 6.671893115371201 16.107374845832833 4.476417968967385
   vertex 6.8339854655800245 16.498700396063903 2.2559982041574806
  endloop
 endfacet
 facet normal -0.4344871712291659 -0.881052825990492 -0.18699415993940915
  outer loop
   vertex 8.717248450157681 15.098717217874151 4.476417968967385
   vertex 6.8339854655800245 16.498700396063903 2.2559982041574806
   vertex 8.929032311830301 15.46553762651427 2.2559982041574806
  endloop
 endfacet
 facet normal -0.4414196567972991 -0.8951105160798513 -0.06265660855980881
  outer loop
   vertex 8.929032311830301 15.46553762651427 2.2559982041574806
   vertex 6.8339854655800245 16.498700396063903 2.2559982041574806
   vertex 6.888301782571617 16.62983158520316 1.102182119232618e-15
  endloop
 endfacet
 facet normal -0.44141965679729855 -0.8951105160798515 -0.06265660855980945
  outer loop
   vertex 8.929032311830301 15.46553762651427 2.2559982041574806
   vertex 6.888301782571617 16.62983158520316 1.102182119232618e-15
   vertex 9.000000000000002 15.588457268119894 1.102182119232618e-15
  endloop
 endfacet
 facet normal -0.44141965679729855 -0.8951105160798516 0.06265660855980751
  outer loop
   vertex 9.000000000000002 15.588457268119894 1.102182119232618e-15
   vertex 6.888301782571617 16.62983158520316 1.102182119232618e-15
   vertex 6.833985465580025 16.498700396063906 -2.2559982041574704
  endloop
 endfacet
 facet normal -0.44141965679729894 -0.8951105160798513 0.06265660855980791
  outer loop
   vertex 9.000000000000002 15.588457268119894 1.102182119232618e-15
   vertex 6.833985465580025 16.498700396063906 -2.2559982041574704
   vertex 8.929032311830303 15.465537626514273 -2.2559982041574704
  endloop
 endfacet
 facet normal -0.4344871712291658 -0.8810528259904922 0.18699415993940904
  outer loop
   vertex 8.929032311830303 15.465537626514273 -2.2559982041574704
   vertex 6.833985465580025 16.498700396063906 -2.2559982041574704
   vertex 6.671893115371201 16.107374845832833 -4.476417968967388
  endloop
 endfacet
 facet normal -0.4344871712291666 -0.8810528259904915 0.18699415993940985
  outer loop
   vertex 8.929032311830303 15.465537626514273 -2.2559982041574704
   vertex 6.671893115371201 16.107374845832833 -4.476417968967388
   vertex 8.717248450157681 15.098717217874151 -4.476417968967388
  endloop
 endfacet
 facet normal -0.42072747728948434 -0.8531509268480495 0.30841836176197485
  outer loop
   vertex 8.717248450157681 15.098717217874151 -4.476417968967388
   vertex 6.671893115371201 16.107374845832833 -4.476417968967388
   vertex 6.404581025137217 15.462026372203646 -6.626241948324203
  endloop
 endfacet
 facet normal -0.4207274772894837 -0.8531509268480503 0.308418361761974
  outer loop
   vertex 8.717248450157681 15.098717217874151 -4.476417968967388
   vertex 6.404581025137217 15.462026372203646 -6.626241948324203
   vertex 8.367988372994265 14.493781019171688 -6.626241948324203
  endloop
 endfacet
 facet normal -0.4003500321373167 -0.8118295557544176 0.4250324977825045
  outer loop
   vertex 8.367988372994265 14.493781019171688 -6.626241948324203
   vertex 6.404581025137217 15.462026372203646 -6.626241948324203
   vertex 6.036264866225562 14.572832506117965 -8.67156613383087
  endloop
 endfacet
 facet normal -0.4003500321373167 -0.8118295557544175 0.4250324977825044
  outer loop
   vertex 8.367988372994265 14.493781019171688 -6.626241948324203
   vertex 6.036264866225562 14.572832506117965 -8.67156613383087
   vertex 7.886760120394775 13.660269235631782 -8.67156613383087
  endloop
 endfacet
 facet normal -0.37366621895607366 -0.7577201353427007 0.535008180598494
  outer loop
   vertex 7.886760120394775 13.660269235631782 -8.67156613383087
   vertex 6.036264866225562 14.572832506117965 -8.67156613383087
   vertex 5.572753204483682 13.453816366022629 -10.580134541264515
  endloop
 endfacet
 facet normal -0.3736662189560735 -0.7577201353427009 0.535008180598494
  outer loop
   vertex 7.886760120394775 13.660269235631782 -8.67156613383087
   vertex 5.572753204483682 13.453816366022629 -10.580134541264515
   vertex 7.281152949374529 12.611326845996661 -10.580134541264515
  endloop
 endfacet
 facet normal -0.3410858282230592 -0.6916536384977191 0.6366126782732624
  outer loop
   vertex 7.281152949374529 12.611326845996661 -10.580134541264515
   vertex 5.572753204483682 13.453816366022629 -10.580134541264515
   vertex 5.021355895705693 12.122625504914783 -12.321847906716396
  endloop
 endfacet
 facet normal -0.34108582822305905 -0.6916536384977191 0.6366126782732624
  outer loop
   vertex 7.281152949374529 12.611326845996661 -10.580134541264515
   vertex 5.021355895705693 12.122625504914783 -12.321847906716396
   vertex 6.560717646792705 11.363496298358685 -12.321847906716396
  endloop
 endfacet
 facet normal -0.30311213794350883 -0.614650612057523 0.7282359898608607
  outer loop
   vertex 6.560717646792705 11.363496298358685 -12.321847906716396
   vertex 5.021355895705693 12.122625504914783 -12.321847906716396
   vertex 4.390768804839813 10.60025359788898 -13.869238369964204
  endloop
 endfacet
 facet normal -0.30311213794350916 -0.6146506120575225 0.728235989860861
  outer loop
   vertex 6.560717646792705 11.363496298358685 -12.321847906716396
   vertex 4.390768804839813 10.60025359788898 -13.869238369964204
   vertex 5.73681590773821 9.936456625871946 -13.869238369964204
  endloop
 endfacet
 facet normal -0.2603354560985424 -0.5279080821932157 0.8084172852265374
  outer loop
   vertex 5.73681590773821 9.936456625871946 -13.869238369964204
   vertex 4.390768804839813 10.60025359788898 -13.869238369964204
   vertex 3.690936667003459 8.910709359339897 -15.197902659036272
  endloop
 endfacet
 facet normal -0.26033545609854214 -0.5279080821932159 0.8084172852265373
  outer loop
   vertex 5.73681590773821 9.936456625871946 -13.869238369964204
   vertex 3.690936667003459 8.910709359339897 -15.197902659036272
   vertex 4.822441154810971 8.352713096643729 -15.197902659036272
  endloop
 endfacet
 facet normal -0.2134250194044759 -0.4327831267179348 0.8758701538016049
  outer loop
   vertex 4.822441154810971 8.352713096643729 -15.197902659036272
   vertex 3.690936667003459 8.910709359339897 -15.197902659036272
   vertex 2.9328962530697718 7.080637911194275 -16.28688694438835
  endloop
 endfacet
 facet normal -0.21342501940447586 -0.4327831267179348 0.8758701538016049
  outer loop
   vertex 4.822441154810971 8.352713096643729 -15.197902659036272
   vertex 2.9328962530697718 7.080637911194275 -16.28688694438835
   vertex 3.832013624085657 6.6372422922125 -16.28688694438835
  endloop
 endfacet
 facet normal -0.163119204145897 -0.33077302462000807 0.9295059609397568
  outer loop
   vertex 3.832013624085657 6.6372422922125 -16.28688694438835
   vertex 2.9328962530697718 7.080637911194275 -16.28688694438835
   vertex 2.1286023131978773 5.138900573421057 -17.119017293312762
  endloop
 endfacet
 facet normal -0.16311920414589684 -0.3307730246200081 0.9295059609397568
  outer loop
   vertex 3.832013624085657 6.6372422922125 -16.28688694438835
   vertex 2.1286023131978773 5.138900573421057 -17.119017293312762
   vertex 2.781152949374532 4.817098211936722 -17.119017293312762
  endloop
 endfacet
 facet normal -0.1102140922305774 -0.22349207031595017 0.9684545153902068
  outer loop
   vertex 2.781152949374532 4.817098211936722 -17.119017293312762
   vertex 2.1286023131978773 5.138900573421057 -17.119017293312762
   vertex 1.2907390432814596 3.1161197037745723 -17.681170513116395
  endloop
 endfacet
 facet normal -0.11021409223057735 -0.22349207031594998 0.9684545153902068
  outer loop
   vertex 2.781152949374532 4.817098211936722 -17.119017293312762
   vertex 1.2907390432814596 3.1161197037745723 -17.681170513116395
   vertex 1.6864318312715216 2.9209856152636986 -17.681170513116395
  endloop
 endfacet
 facet normal -0.055550539382665465 -0.1126453505403479 0.9920812278114818
  outer loop
   vertex 1.6864318312715216 2.9209856152636986 -17.681170513116395
   vertex 1.2907390432814596 3.1161197037745723 -17.681170513116395
   vertex 0.4325200476023687 1.044195764919895 -17.96448111170889
  endloop
 endfacet
 facet normal -0.05555053938266538 -0.1126453505403478 0.9920812278114817
  outer loop
   vertex 1.6864318312715216 2.9209856152636986 -17.681170513116395
   vertex 0.4325200476023687 1.044195764919895 -17.96448111170889
   vertex 0.5651146757638223 0.9788073305257525 -17.96448111170889
  endloop
 endfacet
 facet normal -0.040372128140162576 -0.11893245433226861 -0.9920812278114818
  outer loop
   vertex 0.43252004760236723 1.0441957649198914 17.96448111170889
   vertex 0.29252488150922523 1.0917177202704942 17.96448111170889
   vertex 0.8729613524003811 3.257936120202262 17.681170513116395
  endloop
 endfacet
 facet normal -0.040372128140162576 -0.11893245433226861 -0.9920812278114818
  outer loop
   vertex 0.43252004760236723 1.0441957649198914 17.96448111170889
   vertex 0.8729613524003811 3.257936120202262 17.681170513116395
   vertex 1.2907390432814596 3.1161197037745727 17.681170513116395
  endloop
 endfacet
 facet normal -0.0800996264632686 -0.23596589046039093 -0.9684545153902064
  outer loop
   vertex 1.2907390432814596 3.1161197037745727 17.681170513116395
   vertex 0.8729613524003811 3.257936120202262 17.681170513116395
   vertex 1.4396307012823484 5.372774921321738 17.119017293312762
  endloop
 endfacet
 facet normal -0.08009962646326842 -0.235965890460391 -0.9684545153902064
  outer loop
   vertex 1.2907390432814596 3.1161197037745727 17.681170513116395
   vertex 1.4396307012823484 5.372774921321738 17.119017293312762
   vertex 2.1286023131978737 5.138900573421048 17.119017293312762
  endloop
 endfacet
 facet normal -0.1185491533490752 -0.3492345441357071 -0.9295059609397577
  outer loop
   vertex 2.1286023131978737 5.138900573421048 17.119017293312762
   vertex 1.4396307012823484 5.372774921321738 17.119017293312762
   vertex 1.9835962140113972 7.402881852391804 16.286886944388353
  endloop
 endfacet
 facet normal -0.11854915334907566 -0.34923454413570715 -0.9295059609397577
  outer loop
   vertex 2.1286023131978737 5.138900573421048 17.119017293312762
   vertex 1.9835962140113972 7.402881852391804 16.286886944388353
   vertex 2.93289625306977 7.08063791119427 16.286886944388353
  endloop
 endfacet
 facet normal -0.15510960518959363 -0.456938162181144 -0.8758701538016048
  outer loop
   vertex 2.93289625306977 7.08063791119427 16.286886944388353
   vertex 1.9835962140113972 7.402881852391804 16.286886944388353
   vertex 2.496279229502545 9.316240914382387 15.197902659036274
  endloop
 endfacet
 facet normal -0.15510960518959305 -0.45693816218114386 -0.8758701538016049
  outer loop
   vertex 2.93289625306977 7.08063791119427 16.286886944388353
   vertex 2.496279229502545 9.316240914382387 15.197902659036274
   vertex 3.6909366670034585 8.910709359339895 15.197902659036274
  endloop
 endfacet
 facet normal -0.18920241837143636 -0.5573723511525809 -0.8084172852265369
  outer loop
   vertex 3.6909366670034585 8.910709359339895 15.197902659036274
   vertex 2.496279229502545 9.316240914382387 15.197902659036274
   vertex 2.9695944303395065 11.082677291900596 13.869238369964206
  endloop
 endfacet
 facet normal -0.1892024183714366 -0.557372351152581 -0.8084172852265369
  outer loop
   vertex 3.6909366670034585 8.910709359339895 15.197902659036274
   vertex 2.9695944303395065 11.082677291900596 13.869238369964206
   vertex 4.39076880483981 10.600253597888974 13.869238369964206
  endloop
 endfacet
 facet normal -0.22029096764652853 -0.6489562640461426 -0.7282359898608619
  outer loop
   vertex 4.39076880483981 10.600253597888974 13.869238369964206
   vertex 2.9695944303395065 11.082677291900596 13.869238369964206
   vertex 3.3960773530602895 12.67433322805503 12.321847906716394
  endloop
 endfacet
 facet normal -0.22029096764652922 -0.6489562640461428 -0.7282359898608616
  outer loop
   vertex 4.39076880483981 10.600253597888974 13.869238369964206
   vertex 3.3960773530602895 12.67433322805503 12.321847906716394
   vertex 5.021355895705694 12.122625504914785 12.321847906716394
  endloop
 endfacet
 facet normal -0.24788887591093162 -0.7302570801172411 -0.6366126782732621
  outer loop
   vertex 5.021355895705694 12.122625504914785 12.321847906716394
   vertex 3.3960773530602895 12.67433322805503 12.321847906716394
   vertex 3.769002107205035 14.066107357923354 10.580134541264515
  endloop
 endfacet
 facet normal -0.24788887591093134 -0.7302570801172412 -0.6366126782732624
  outer loop
   vertex 5.021355895705694 12.122625504914785 12.321847906716394
   vertex 3.769002107205035 14.066107357923354 10.580134541264515
   vertex 5.572753204483682 13.453816366022629 10.580134541264515
  endloop
 endfacet
 facet normal -0.2715671286182357 -0.8000109632665888 -0.5350081805984944
  outer loop
   vertex 5.572753204483682 13.453816366022629 10.580134541264515
   vertex 3.769002107205035 14.066107357923354 10.580134541264515
   vertex 4.082487446626433 15.236050572071985 8.671566133830876
  endloop
 endfacet
 facet normal -0.27156712861823545 -0.8000109632665887 -0.5350081805984945
  outer loop
   vertex 5.572753204483682 13.453816366022629 10.580134541264515
   vertex 4.082487446626433 15.236050572071985 8.671566133830876
   vertex 6.036264866225562 14.572832506117964 8.671566133830876
  endloop
 endfacet
 facet normal -0.2909599614690626 -0.8571404066141602 -0.4250324977825034
  outer loop
   vertex 6.036264866225562 14.572832506117964 8.671566133830876
   vertex 4.082487446626433 15.236050572071985 8.671566133830876
   vertex 4.331589520254742 16.165712167123598 6.626241948324205
  endloop
 endfacet
 facet normal -0.290959961469063 -0.8571404066141601 -0.42503249778250296
  outer loop
   vertex 6.036264866225562 14.572832506117964 8.671566133830876
   vertex 4.331589520254742 16.165712167123598 6.626241948324205
   vertex 6.404581025137215 15.462026372203642 6.626241948324205
  endloop
 endfacet
 facet normal -0.30576955352694185 -0.9007680579727471 -0.30841836176197496
  outer loop
   vertex 6.404581025137215 15.462026372203642 6.626241948324205
   vertex 4.331589520254742 16.165712167123598 6.626241948324205
   vertex 4.512379839582479 16.840430824371314 4.476417968967385
  endloop
 endfacet
 facet normal -0.30576955352694085 -0.900768057972747 -0.30841836176197596
  outer loop
   vertex 6.404581025137215 15.462026372203642 6.626241948324205
   vertex 4.512379839582479 16.840430824371314 4.476417968967385
   vertex 6.671893115371201 16.107374845832833 4.476417968967385
  endloop
 endfacet
 facet normal -0.3157696027267442 -0.930227252956152 -0.18699415993940854
  outer loop
   vertex 6.671893115371201 16.107374845832833 4.476417968967385
   vertex 4.512379839582479 16.840430824371314 4.476417968967385
   vertex 4.6220072332749425 17.249565827532944 2.2559982041574806
  endloop
 endfacet
 facet normal -0.31576960272674437 -0.930227252956152 -0.18699415993940852
  outer loop
   vertex 6.671893115371201 16.107374845832833 4.476417968967385
   vertex 4.6220072332749425 17.249565827532944 2.2559982041574806
   vertex 6.8339854655800245 16.498700396063903 2.2559982041574806
  endloop
 endfacet
 facet normal -0.32080788316104436 -0.9450695485018616 -0.06265660855981009
  outer loop
   vertex 6.8339854655800245 16.498700396063903 2.2559982041574806
   vertex 4.6220072332749425 17.249565827532944 2.2559982041574806
   vertex 4.658742811845373 17.38666487320323 1.102182119232618e-15
  endloop
 endfacet
 facet normal -0.3208078831610455 -0.9450695485018613 -0.06265660855980879
  outer loop
   vertex 6.8339854655800245 16.498700396063903 2.2559982041574806
   vertex 4.658742811845373 17.38666487320323 1.102182119232618e-15
   vertex 6.888301782571617 16.62983158520316 1.102182119232618e-15
  endloop
 endfacet
 facet normal -0.3208078831610455 -0.9450695485018613 0.06265660855980872
  outer loop
   vertex 6.888301782571617 16.62983158520316 1.102182119232618e-15
   vertex 4.658742811845373 17.38666487320323 1.102182119232618e-15
   vertex 4.622007233274943 17.249565827532948 -2.2559982041574704
  endloop
 endfacet
 facet normal -0.32080788316104436 -0.9450695485018618 0.06265660855980741
  outer loop
   vertex 6.888301782571617 16.62983158520316 1.102182119232618e-15
   vertex 4.622007233274943 17.249565827532948 -2.2559982041574704
   vertex 6.833985465580025 16.498700396063906 -2.2559982041574704
  endloop
 endfacet
 facet normal -0.3157696027267443 -0.9302272529561519 0.18699415993940913
  outer loop
   vertex 6.833985465580025 16.498700396063906 -2.2559982041574704
   vertex 4.622007233274943 17.249565827532948 -2.2559982041574704
   vertex 4.512379839582479 16.840430824371314 -4.476417968967388
  endloop
 endfacet
 facet normal -0.31576960272674426 -0.9302272529561519 0.18699415993940904
  outer loop
   vertex 6.833985465580025 16.498700396063906 -2.2559982041574704
   vertex 4.512379839582479 16.840430824371314 -4.476417968967388
   vertex 6.671893115371201 16.107374845832833 -4.476417968967388
  endloop
 endfacet
 facet normal -0.3057695535269411 -0.9007680579727477 0.3084183617619742
  outer loop
   vertex 6.671893115371201 16.107374845832833 -4.476417968967388
   vertex 4.512379839582479 16.840430824371314 -4.476417968967388
   vertex 4.3315895202547425 16.1657121671236 -6.626241948324203
  endloop
 endfacet
 facet normal -0.3057695535269418 -0.9007680579727471 0.30841836176197496
  outer loop
   vertex 6.671893115371201 16.107374845832833 -4.476417968967388
   vertex 4.3315895202547425 16.1657121671236 -6.626241948324203
   vertex 6.404581025137217 15.462026372203646 -6.626241948324203
  endloop
 endfacet
 facet normal -0.29095996146906267 -0.8571404066141596 0.42503249778250474
  outer loop
   vertex 6.404581025137217 15.462026372203646 -6.626241948324203
   vertex 4.3315895202547425 16.1657121671236 -6.626241948324203
   vertex 4.082487446626433 15.236050572071987 -8.67156613383087
  endloop
 endfacet
 facet normal -0.2909599614690624 -0.8571404066141598 0.4250324977825044
  outer loop
   vertex 6.404581025137217 15.462026372203646 -6.626241948324203
   vertex 4.082487446626433 15.236050572071987 -8.67156613383087
   vertex 6.036264866225562 14.572832506117965 -8.67156613383087
  endloop
 endfacet
 facet normal -0.27156712861823556 -0.8000109632665892 0.5350081805984939
  outer loop
   vertex 6.036264866225562 14.572832506117965 -8.67156613383087
   vertex 4.082487446626433 15.236050572071987 -8.67156613383087
   vertex 3.769002107205035 14.066107357923354 -10.580134541264515
  endloop
 endfacet
 facet normal -0.2715671286182358 -0.8000109632665892 0.5350081805984941
  outer loop
   vertex 6.036264866225562 14.572832506117965 -8.67156613383087
   vertex 3.769002107205035 14.066107357923354 -10.580134541264515
   vertex 5.572753204483682 13.453816366022629 -10.580134541264515
  endloop
 endfacet
 facet normal -0.24788887591093134 -0.7302570801172412 0.6366126782732622
  outer loop
   vertex 5.572753204483682 13.453816366022629 -10.580134541264515
   vertex 3.769002107205035 14.066107357923354 -10.580134541264515
   vertex 3.396077353060289 12.674333228055028 -12.321847906716396
  endloop
 endfacet
 facet normal -0.24788887591093153 -0.7302570801172409 0.6366126782732625
  outer loop
   vertex 5.572753204483682 13.453816366022629 -10.580134541264515
   vertex 3.396077353060289 12.674333228055028 -12.321847906716396
   vertex 5.021355895705693 12.122625504914783 -12.321847906716396
  endloop
 endfacet
 facet normal -0.22029096764652945 -0.6489562640461431 0.7282359898608611
  outer loop
   vertex 5.021355895705693 12.122625504914783 -12.321847906716396
   vertex 3.396077353060289 12.674333228055028 -12.321847906716396
   vertex 2.969594430339508 11.082677291900602 -13.869238369964204
  endloop
 endfacet
 facet normal -0.22029096764652875 -0.6489562640461439 0.7282359898608606
  outer loop
   vertex 5.021355895705693 12.122625504914783 -12.321847906716396
   vertex 2.969594430339508 11.082677291900602 -13.869238369964204
   vertex 4.390768804839813 10.60025359788898 -13.869238369964204
  endloop
 endfacet
 facet normal -0.18920241837143612 -0.5573723511525801 0.8084172852265374
  outer loop
   vertex 4.390768804839813 10.60025359788898 -13.869238369964204
   vertex 2.969594430339508 11.082677291900602 -13.869238369964204
   vertex 2.4962792295025453 9.316240914382389 -15.197902659036272
  endloop
 endfacet
 facet normal -0.18920241837143617 -0.5573723511525801 0.8084172852265376
  outer loop
   vertex 4.390768804839813 10.60025359788898 -13.869238369964204
   vertex 2.4962792295025453 9.316240914382389 -15.197902659036272
   vertex 3.690936667003459 8.910709359339897 -15.197902659036272
  endloop
 endfacet
 facet normal -0.15510960518959305 -0.456938162181144 0.8758701538016048
  outer loop
   vertex 3.690936667003459 8.910709359339897 -15.197902659036272
   vertex 2.4962792295025453 9.316240914382389 -15.197902659036272
   vertex 1.9835962140113987 7.4028818523918085 -16.28688694438835
  endloop
 endfacet
 facet normal -0.15510960518959316 -0.4569381621811439 0.8758701538016049
  outer loop
   vertex 3.690936667003459 8.910709359339897 -15.197902659036272
   vertex 1.9835962140113987 7.4028818523918085 -16.28688694438835
   vertex 2.9328962530697718 7.080637911194275 -16.28688694438835
  endloop
 endfacet
 facet normal -0.118549153349076 -0.34923454413570915 0.9295059609397568
  outer loop
   vertex 2.9328962530697718 7.080637911194275 -16.28688694438835
   vertex 1.9835962140113987 7.4028818523918085 -16.28688694438835
   vertex 1.4396307012823508 5.3727749213217475 -17.119017293312762
  endloop
 endfacet
 facet normal -0.11854915334907612 -0.34923454413570904 0.9295059609397568
  outer loop
   vertex 2.9328962530697718 7.080637911194275 -16.28688694438835
   vertex 1.4396307012823508 5.3727749213217475 -17.119017293312762
   vertex 2.1286023131978773 5.138900573421057 -17.119017293312762
  endloop
 endfacet
 facet normal -0.08009962646326824 -0.2359658904603899 0.9684545153902067
  outer loop
   vertex 2.1286023131978773 5.138900573421057 -17.119017293312762
   vertex 1.4396307012823508 5.3727749213217475 -17.119017293312762
   vertex 0.872961352400381 3.2579361202022614 -17.681170513116395
  endloop
 endfacet
 facet normal -0.08009962646326814 -0.2359658904603899 0.9684545153902067
  outer loop
   vertex 2.1286023131978773 5.138900573421057 -17.119017293312762
   vertex 0.872961352400381 3.2579361202022614 -17.681170513116395
   vertex 1.2907390432814596 3.1161197037745723 -17.681170513116395
  endloop
 endfacet
 facet normal -0.040372128140162625 -0.11893245433226882 0.9920812278114818
  outer loop
   vertex 1.2907390432814596 3.1161197037745723 -17.681170513116395
   vertex 0.872961352400381 3.2579361202022614 -17.681170513116395
   vertex 0.2925248815092262 1.0917177202704977 -17.96448111170889
  endloop
 endfacet
 facet normal -0.040372128140162514 -0.11893245433226893 0.9920812278114817
  outer loop
   vertex 1.2907390432814596 3.1161197037745723 -17.681170513116395
   vertex 0.2925248815092262 1.0917177202704977 -17.96448111170889
   vertex 0.4325200476023687 1.044195764919895 -17.96448111170889
  endloop
 endfacet
 facet normal -0.02450293859191302 -0.12318459085625852 -0.9920812278114818
  outer loop
   vertex 0.29252488150922523 1.0917177202704942 17.96448111170889
   vertex 0.14752453359024123 1.1205600827459334 17.96448111170889
   vertex 0.44024705074912085 3.3440083463427492 17.681170513116395
  endloop
 endfacet
 facet normal -0.024502938591912885 -0.12318459085625853 -0.9920812278114818
  outer loop
   vertex 0.29252488150922523 1.0917177202704942 17.96448111170889
   vertex 0.44024705074912085 3.3440083463427492 17.681170513116395
   vertex 0.8729613524003811 3.257936120202262 17.681170513116395
  endloop
 endfacet
 facet normal -0.0486146338793605 -0.24440226879694896 -0.9684545153902064
  outer loop
   vertex 0.8729613524003811 3.257936120202262 17.681170513116395
   vertex 0.44024705074912085 3.3440083463427492 17.681170513116395
   vertex 0.7260266089268465 5.514719600703983 17.119017293312762
  endloop
 endfacet
 facet normal -0.04861463387936079 -0.24440226879694893 -0.9684545153902064
  outer loop
   vertex 0.8729613524003811 3.257936120202262 17.681170513116395
   vertex 0.7260266089268465 5.514719600703983 17.119017293312762
   vertex 1.4396307012823484 5.372774921321738 17.119017293312762
  endloop
 endfacet
 facet normal -0.07195069367041732 -0.3617205637751378 -0.9295059609397576
  outer loop
   vertex 1.4396307012823484 5.372774921321738 17.119017293312762
   vertex 0.7260266089268465 5.514719600703983 17.119017293312762
   vertex 1.0003562937745218 7.598460432628307 16.286886944388353
  endloop
 endfacet
 facet normal -0.07195069367041713 -0.36172056377513784 -0.9295059609397577
  outer loop
   vertex 1.4396307012823484 5.372774921321738 17.119017293312762
   vertex 1.0003562937745218 7.598460432628307 16.286886944388353
   vertex 1.9835962140113972 7.402881852391804 16.286886944388353
  endloop
 endfacet
 facet normal -0.09414022262540948 -0.47327485900224114 -0.875870153801605
  outer loop
   vertex 1.9835962140113972 7.402881852391804 16.286886944388353
   vertex 1.0003562937745218 7.598460432628307 16.286886944388353
   vertex 1.2589097622854895 9.562369004429838 15.197902659036274
  endloop
 endfacet
 facet normal -0.0941402226254097 -0.4732748590022412 -0.8758701538016048
  outer loop
   vertex 1.9835962140113972 7.402881852391804 16.286886944388353
   vertex 1.2589097622854895 9.562369004429838 15.197902659036274
   vertex 2.496279229502545 9.316240914382387 15.197902659036274
  endloop
 endfacet
 facet normal -0.11483207480917494 -0.5772998246509141 -0.8084172852265369
  outer loop
   vertex 2.496279229502545 9.316240914382387 15.197902659036274
   vertex 1.2589097622854895 9.562369004429838 15.197902659036274
   vertex 1.4976094718089752 11.375473304749152 13.869238369964206
  endloop
 endfacet
 facet normal -0.11483207480917461 -0.5772998246509141 -0.808417285226537
  outer loop
   vertex 2.496279229502545 9.316240914382387 15.197902659036274
   vertex 1.4976094718089752 11.375473304749152 13.869238369964206
   vertex 2.9695944303395065 11.082677291900596 13.869238369964206
  endloop
 endfacet
 facet normal -0.13370055781692147 -0.6721580944322659 -0.7282359898608618
  outer loop
   vertex 2.9695944303395065 11.082677291900596 13.869238369964206
   vertex 1.4976094718089752 11.375473304749152 13.869238369964206
   vertex 1.7126909853334997 13.009179595674208 12.321847906716394
  endloop
 endfacet
 facet normal -0.13370055781692142 -0.6721580944322658 -0.7282359898608618
  outer loop
   vertex 2.9695944303395065 11.082677291900596 13.869238369964206
   vertex 1.7126909853334997 13.009179595674208 12.321847906716394
   vertex 3.3960773530602895 12.67433322805503 12.321847906716394
  endloop
 endfacet
 facet normal -0.15045047620418564 -0.7563656206304447 -0.6366126782732623
  outer loop
   vertex 3.3960773530602895 12.67433322805503 12.321847906716394
   vertex 1.7126909853334997 13.009179595674208 12.321847906716394
   vertex 1.900762338907312 14.437723353068277 10.580134541264515
  endloop
 endfacet
 facet normal -0.15045047620418578 -0.7563656206304447 -0.6366126782732622
  outer loop
   vertex 3.3960773530602895 12.67433322805503 12.321847906716394
   vertex 1.900762338907312 14.437723353068277 10.580134541264515
   vertex 3.769002107205035 14.066107357923354 10.580134541264515
  endloop
 endfacet
 facet normal -0.1648214494171064 -0.8286133818040433 -0.5350081805984943
  outer loop
   vertex 3.769002107205035 14.066107357923354 10.580134541264515
   vertex 1.900762338907312 14.437723353068277 10.580134541264515
   vertex 2.0588575349361724 15.638575588506582 8.671566133830876
  endloop
 endfacet
 facet normal -0.1648214494171061 -0.8286133818040433 -0.5350081805984944
  outer loop
   vertex 3.769002107205035 14.066107357923354 10.580134541264515
   vertex 2.0588575349361724 15.638575588506582 8.671566133830876
   vertex 4.082487446626433 15.236050572071985 8.671566133830876
  endloop
 endfacet
 facet normal -0.17659148519073012 -0.8877853474725176 -0.42503249778250296
  outer loop
   vertex 4.082487446626433 15.236050572071985 8.671566133830876
   vertex 2.0588575349361724 15.638575588506582 8.671566133830876
   vertex 2.1844833177372136 16.592798144881904 6.626241948324205
  endloop
 endfacet
 facet normal -0.1765914851907297 -0.8877853474725175 -0.42503249778250335
  outer loop
   vertex 4.082487446626433 15.236050572071985 8.671566133830876
   vertex 2.1844833177372136 16.592798144881904 6.626241948324205
   vertex 4.331589520254742 16.165712167123598 6.626241948324205
  endloop
 endfacet
 facet normal -0.18557982792821565 -0.9329727978854436 -0.30841836176197607
  outer loop
   vertex 4.331589520254742 16.165712167123598 6.626241948324205
   vertex 2.1844833177372136 16.592798144881904 6.626241948324205
   vertex 2.2756584936704582 17.28534236245529 4.476417968967385
  endloop
 endfacet
 facet normal -0.18557982792821673 -0.9329727978854436 -0.30841836176197496
  outer loop
   vertex 4.331589520254742 16.165712167123598 6.626241948324205
   vertex 2.2756584936704582 17.28534236245529 4.476417968967385
   vertex 4.512379839582479 16.840430824371314 4.476417968967385
  endloop
 endfacet
 facet normal -0.19164912877379522 -0.963485233716013 -0.18699415993940838
  outer loop
   vertex 4.512379839582479 16.840430824371314 4.476417968967385
   vertex 2.2756584936704582 17.28534236245529 4.476417968967385
   vertex 2.3309451757460287 17.70528640520973 2.2559982041574806
  endloop
 endfacet
 facet normal -0.19164912877379497 -0.963485233716013 -0.18699415993940857
  outer loop
   vertex 4.512379839582479 16.840430824371314 4.476417968967385
   vertex 2.3309451757460287 17.70528640520973 2.2559982041574806
   vertex 4.6220072332749425 17.249565827532944 2.2559982041574806
  endloop
 endfacet
 facet normal -0.1947069976991558 -0.9788581789262241 -0.06265660855980958
  outer loop
   vertex 4.6220072332749425 17.249565827532944 2.2559982041574806
   vertex 2.3309451757460287 17.70528640520973 2.2559982041574806
   vertex 2.349471459960931 17.846007504728586 1.102182119232618e-15
  endloop
 endfacet
 facet normal -0.1947069976991554 -0.9788581789262241 -0.06265660855981008
  outer loop
   vertex 4.6220072332749425 17.249565827532944 2.2559982041574806
   vertex 2.349471459960931 17.846007504728586 1.102182119232618e-15
   vertex 4.658742811845373 17.38666487320323 1.102182119232618e-15
  endloop
 endfacet
 facet normal -0.19470699769915542 -0.9788581789262244 0.06265660855980824
  outer loop
   vertex 4.658742811845373 17.38666487320323 1.102182119232618e-15
   vertex 2.349471459960931 17.846007504728586 1.102182119232618e-15
   vertex 2.330945175746029 17.705286405209733 -2.2559982041574704
  endloop
 endfacet
 facet normal -0.1947069976991558 -0.9788581789262242 0.0626566085598087
  outer loop
   vertex 4.658742811845373 17.38666487320323 1.102182119232618e-15
   vertex 2.330945175746029 17.705286405209733 -2.2559982041574704
   vertex 4.622007233274943 17.249565827532948 -2.2559982041574704
  endloop
 endfacet
 facet normal -0.19164912877379492 -0.9634852337160129 0.18699415993940885
  outer loop
   vertex 4.622007233274943 17.249565827532948 -2.2559982041574704
   vertex 2.330945175746029 17.705286405209733 -2.2559982041574704
   vertex 2.2756584936704582 17.28534236245529 -4.476417968967388
  endloop
 endfacet
 facet normal -0.19164912877379517 -0.9634852337160129 0.18699415993940913
  outer loop
   vertex 4.622007233274943 17.249565827532948 -2.2559982041574704
   vertex 2.2756584936704582 17.28534236245529 -4.476417968967388
   vertex 4.512379839582479 16.840430824371314 -4.476417968967388
  endloop
 endfacet
 facet normal -0.18557982792821676 -0.9329727978854436 0.3084183617619751
  outer loop
   vertex 4.512379839582479 16.840430824371314 -4.476417968967388
   vertex 2.2756584936704582 17.28534236245529 -4.476417968967388
   vertex 2.184483317737214 16.592798144881908 -6.626241948324203
  endloop
 endfacet
 facet normal -0.18557982792821567 -0.9329727978854442 0.30841836176197407
  outer loop
   vertex 4.512379839582479 16.840430824371314 -4.476417968967388
   vertex 2.184483317737214 16.592798144881908 -6.626241948324203
   vertex 4.3315895202547425 16.1657121671236 -6.626241948324203
  endloop
 endfacet
 facet normal -0.17659148519072954 -0.887785347472517 0.42503249778250424
  outer loop
   vertex 4.3315895202547425 16.1657121671236 -6.626241948324203
   vertex 2.184483317737214 16.592798144881908 -6.626241948324203
   vertex 2.058857534936173 15.638575588506583 -8.67156613383087
  endloop
 endfacet
 facet normal -0.17659148519073004 -0.8877853474725167 0.4250324977825047
  outer loop
   vertex 4.3315895202547425 16.1657121671236 -6.626241948324203
   vertex 2.058857534936173 15.638575588506583 -8.67156613383087
   vertex 4.082487446626433 15.236050572071987 -8.67156613383087
  endloop
 endfacet
 facet normal -0.1648214494171062 -0.8286133818040436 0.5350081805984938
  outer loop
   vertex 4.082487446626433 15.236050572071987 -8.67156613383087
   vertex 2.058857534936173 15.638575588506583 -8.67156613383087
   vertex 1.900762338907312 14.437723353068277 -10.580134541264515
  endloop
 endfacet
 facet normal -0.1648214494171064 -0.8286133818040433 0.535008180598494
  outer loop
   vertex 4.082487446626433 15.236050572071987 -8.67156613383087
   vertex 1.900762338907312 14.437723353068277 -10.580134541264515
   vertex 3.769002107205035 14.066107357923354 -10.580134541264515
  endloop
 endfacet
 facet normal -0.15045047620418575 -0.7563656206304445 0.6366126782732623
  outer loop
   vertex 3.769002107205035 14.066107357923354 -10.580134541264515
   vertex 1.900762338907312 14.437723353068277 -10.580134541264515
   vertex 1.7126909853334995 13.009179595674206 -12.321847906716396
  endloop
 endfacet
 facet normal -0.1504504762041857 -0.7563656206304447 0.6366126782732623
  outer loop
   vertex 3.769002107205035 14.066107357923354 -10.580134541264515
   vertex 1.7126909853334995 13.009179595674206 -12.321847906716396
   vertex 3.396077353060289 12.674333228055028 -12.321847906716396
  endloop
 endfacet
 facet normal -0.13370055781692153 -0.6721580944322665 0.728235989860861
  outer loop
   vertex 3.396077353060289 12.674333228055028 -12.321847906716396
   vertex 1.7126909853334995 13.009179595674206 -12.321847906716396
   vertex 1.4976094718089759 11.375473304749157 -13.869238369964204
  endloop
 endfacet
 facet normal -0.13370055781692164 -0.6721580944322667 0.7282359898608611
  outer loop
   vertex 3.396077353060289 12.674333228055028 -12.321847906716396
   vertex 1.4976094718089759 11.375473304749157 -13.869238369964204
   vertex 2.969594430339508 11.082677291900602 -13.869238369964204
  endloop
 endfacet
 facet normal -0.11483207480917439 -0.5772998246509136 0.8084172852265374
  outer loop
   vertex 2.969594430339508 11.082677291900602 -13.869238369964204
   vertex 1.4976094718089759 11.375473304749157 -13.869238369964204
   vertex 1.2589097622854897 9.56236900442984 -15.197902659036272
  endloop
 endfacet
 facet normal -0.11483207480917482 -0.5772998246509132 0.8084172852265376
  outer loop
   vertex 2.969594430339508 11.082677291900602 -13.869238369964204
   vertex 1.2589097622854897 9.56236900442984 -15.197902659036272
   vertex 2.4962792295025453 9.316240914382389 -15.197902659036272
  endloop
 endfacet
 facet normal -0.09414022262540978 -0.4732748590022412 0.8758701538016049
  outer loop
   vertex 2.4962792295025453 9.316240914382389 -15.197902659036272
   vertex 1.2589097622854897 9.56236900442984 -15.197902659036272
   vertex 1.0003562937745225 7.598460432628312 -16.28688694438835
  endloop
 endfacet
 facet normal -0.0941402226254097 -0.47327485900224103 0.8758701538016049
  outer loop
   vertex 2.4962792295025453 9.316240914382389 -15.197902659036272
   vertex 1.0003562937745225 7.598460432628312 -16.28688694438835
   vertex 1.9835962140113987 7.4028818523918085 -16.28688694438835
  endloop
 endfacet
 facet normal -0.07195069367041776 -0.3617205637751398 0.9295059609397567
  outer loop
   vertex 1.9835962140113987 7.4028818523918085 -16.28688694438835
   vertex 1.0003562937745225 7.598460432628312 -16.28688694438835
   vertex 0.7260266089268477 5.514719600703993 -17.119017293312762
  endloop
 endfacet
 facet normal -0.07195069367041769 -0.3617205637751399 0.9295059609397567
  outer loop
   vertex 1.9835962140113987 7.4028818523918085 -16.28688694438835
   vertex 0.7260266089268477 5.514719600703993 -17.119017293312762
   vertex 1.4396307012823508 5.3727749213217475 -17.119017293312762
  endloop
 endfacet
 facet normal -0.04861463387936041 -0.24440226879694787 0.9684545153902068
  outer loop
   vertex 1.4396307012823508 5.3727749213217475 -17.119017293312762
   vertex 0.7260266089268477 5.514719600703993 -17.119017293312762
   vertex 0.4402470507491208 3.344008346342749 -17.681170513116395
  endloop
 endfacet
 facet normal -0.04861463387936015 -0.24440226879694787 0.9684545153902067
  outer loop
   vertex 1.4396307012823508 5.3727749213217475 -17.119017293312762
   vertex 0.4402470507491208 3.344008346342749 -17.681170513116395
   vertex 0.872961352400381 3.2579361202022614 -17.681170513116395
  endloop
 endfacet
 facet normal -0.024502938591912927 -0.12318459085625875 0.9920812278114817
  outer loop
   vertex 0.872961352400381 3.2579361202022614 -17.681170513116395
   vertex 0.4402470507491208 3.344008346342749 -17.681170513116395
   vertex 0.14752453359024173 1.120560082745937 -17.96448111170889
  endloop
 endfacet
 facet normal -0.02450293859191332 -0.12318459085625864 0.9920812278114817
  outer loop
   vertex 0.872961352400381 3.2579361202022614 -17.681170513116395
   vertex 0.14752453359024173 1.120560082745937 -17.96448111170889
   vertex 0.2925248815092262 1.0917177202704977 -17.96448111170889
  endloop
 endfacet
 facet normal -0.008214496970857658 -0.12532900487747692 -0.9920812278114818
  outer loop
   vertex 0.14752453359024123 1.1205600827459334 17.96448111170889
   vertex 6.920658788253569e-17 1.1302293515276407 17.96448111170889
   vertex 2.065283344146878e-16 3.372863662543043 17.681170513116395
  endloop
 endfacet
 facet normal -0.008214496970857738 -0.12532900487747692 -0.9920812278114818
  outer loop
   vertex 0.14752453359024123 1.1205600827459334 17.96448111170889
   vertex 2.065283344146878e-16 3.372863662543043 17.681170513116395
   vertex 0.44024705074912085 3.3440083463427492 17.681170513116395
  endloop
 endfacet
 facet normal -0.016297831431254146 -0.24865685655328068 -0.9684545153902064
  outer loop
   vertex 0.44024705074912085 3.3440083463427492 17.681170513116395
   vertex 2.065283344146878e-16 3.372863662543043 17.681170513116395
   vertex 3.405930057390735e-16 5.562305898749053 17.119017293312762
  endloop
 endfacet
 facet normal -0.016297831431254014 -0.24865685655328065 -0.9684545153902064
  outer loop
   vertex 0.44024705074912085 3.3440083463427492 17.681170513116395
   vertex 3.405930057390735e-16 5.562305898749053 17.119017293312762
   vertex 0.7260266089268465 5.514719600703983 17.119017293312762
  endloop
 endfacet
 facet normal -0.024121137674557272 -0.36801744428048905 -0.9295059609397577
  outer loop
   vertex 0.7260266089268465 5.514719600703983 17.119017293312762
   vertex 3.405930057390735e-16 5.562305898749053 17.119017293312762
   vertex 4.692863219025544e-16 7.6640272481713065 16.286886944388353
  endloop
 endfacet
 facet normal -0.02412113767455721 -0.368017444280489 -0.9295059609397576
  outer loop
   vertex 0.7260266089268465 5.514719600703983 17.119017293312762
   vertex 4.692863219025544e-16 7.6640272481713065 16.286886944388353
   vertex 1.0003562937745218 7.598460432628307 16.286886944388353
  endloop
 endfacet
 facet normal -0.03156007475150453 -0.48151369176922926 -0.8758701538016049
  outer loop
   vertex 1.0003562937745218 7.598460432628307 16.286886944388353
   vertex 4.692863219025544e-16 7.6640272481713065 16.286886944388353
   vertex 5.905787124315719e-16 9.644882309621938 15.197902659036274
  endloop
 endfacet
 facet normal -0.031560074751504776 -0.4815136917692293 -0.875870153801605
  outer loop
   vertex 1.0003562937745218 7.598460432628307 16.286886944388353
   vertex 5.905787124315719e-16 9.644882309621938 15.197902659036274
   vertex 1.2589097622854895 9.562369004429838 15.197902659036274
  endloop
 endfacet
 facet normal -0.038496922609462164 -0.5873495380917203 -0.8084172852265369
  outer loop
   vertex 1.2589097622854895 9.562369004429838 15.197902659036274
   vertex 5.905787124315719e-16 9.644882309621938 15.197902659036274
   vertex 7.025573238709212e-16 11.473631815476413 13.869238369964206
  endloop
 endfacet
 facet normal -0.03849692260946247 -0.5873495380917204 -0.8084172852265368
  outer loop
   vertex 1.2589097622854895 9.562369004429838 15.197902659036274
   vertex 7.025573238709212e-16 11.473631815476413 13.869238369964206
   vertex 1.4976094718089752 11.375473304749152 13.869238369964206
  endloop
 endfacet
 facet normal -0.044822494374270036 -0.6838591134652221 -0.7282359898608616
  outer loop
   vertex 1.4976094718089752 11.375473304749152 13.869238369964206
   vertex 7.025573238709212e-16 11.473631815476413 13.869238369964206
   vertex 8.034561866254241e-16 13.121435293585408 12.321847906716394
  endloop
 endfacet
 facet normal -0.044822494374269696 -0.683859113465222 -0.7282359898608618
  outer loop
   vertex 1.4976094718089752 11.375473304749152 13.869238369964206
   vertex 8.034561866254241e-16 13.121435293585408 12.321847906716394
   vertex 1.7126909853334997 13.009179595674208 12.321847906716394
  endloop
 endfacet
 facet normal -0.05043782713683506 -0.7695325356704931 -0.6366126782732623
  outer loop
   vertex 1.7126909853334997 13.009179595674208 12.321847906716394
   vertex 8.034561866254241e-16 13.121435293585408 12.321847906716394
   vertex 8.916840653553824e-16 14.562305898749054 10.580134541264515
  endloop
 endfacet
 facet normal -0.05043782713683521 -0.7695325356704931 -0.6366126782732622
  outer loop
   vertex 1.7126909853334997 13.009179595674208 12.321847906716394
   vertex 8.916840653553824e-16 14.562305898749054 10.580134541264515
   vertex 1.900762338907312 14.437723353068277 10.580134541264515
  endloop
 endfacet
 facet normal -0.05525562951931255 -0.8430379956437987 -0.5350081805984942
  outer loop
   vertex 1.900762338907312 14.437723353068277 10.580134541264515
   vertex 8.916840653553824e-16 14.562305898749054 10.580134541264515
   vertex 9.658495537084452e-16 15.773520240789544 8.671566133830876
  endloop
 endfacet
 facet normal -0.05525562951931253 -0.8430379956437987 -0.5350081805984942
  outer loop
   vertex 1.900762338907312 14.437723353068277 10.580134541264515
   vertex 9.658495537084452e-16 15.773520240789544 8.671566133830876
   vertex 2.0588575349361724 15.638575588506582 8.671566133830876
  endloop
 endfacet
 facet normal -0.05920147964037651 -0.9032400348950196 -0.4250324977825034
  outer loop
   vertex 2.0588575349361724 15.638575588506582 8.671566133830876
   vertex 9.658495537084452e-16 15.773520240789544 8.671566133830876
   vertex 1.024783017628969e-15 16.735976745988523 6.626241948324205
  endloop
 endfacet
 facet normal -0.05920147964037712 -0.9032400348950199 -0.425032497782503
  outer loop
   vertex 2.0588575349361724 15.638575588506582 8.671566133830876
   vertex 1.024783017628969e-15 16.735976745988523 6.626241948324205
   vertex 2.1844833177372136 16.592798144881904 6.626241948324205
  endloop
 endfacet
 facet normal -0.06221478002119266 -0.9492141145573922 -0.3084183617619751
  outer loop
   vertex 2.1844833177372136 16.592798144881904 6.626241948324205
   vertex 1.024783017628969e-15 16.735976745988523 6.626241948324205
   vertex 1.0675550411857828e-15 17.43449690031536 4.476417968967385
  endloop
 endfacet
 facet normal -0.06221478002119162 -0.949214114557392 -0.308418361761976
  outer loop
   vertex 2.1844833177372136 16.592798144881904 6.626241948324205
   vertex 1.0675550411857828e-15 17.43449690031536 4.476417968967385
   vertex 2.2756584936704582 17.28534236245529 4.476417968967385
  endloop
 endfacet
 facet normal -0.06424948509234923 -0.9802577149984195 -0.1869941599394087
  outer loop
   vertex 2.2756584936704582 17.28534236245529 4.476417968967385
   vertex 1.0675550411857828e-15 17.43449690031536 4.476417968967385
   vertex 1.0934910840166268e-15 17.8580646236606 2.2559982041574806
  endloop
 endfacet
 facet normal -0.06424948509234962 -0.9802577149984196 -0.18699415993940835
  outer loop
   vertex 2.2756584936704582 17.28534236245529 4.476417968967385
   vertex 1.0934910840166268e-15 17.8580646236606 2.2559982041574806
   vertex 2.3309451757460287 17.70528640520973 2.2559982041574806
  endloop
 endfacet
 facet normal -0.06527462152365697 -0.9958982745184 -0.06265660855980969
  outer loop
   vertex 2.3309451757460287 17.70528640520973 2.2559982041574806
   vertex 1.0934910840166268e-15 17.8580646236606 2.2559982041574806
   vertex 1.102182119232618e-15 18.0 1.102182119232618e-15
  endloop
 endfacet
 facet normal -0.06527462152365712 -0.9958982745184 -0.06265660855980955
  outer loop
   vertex 2.3309451757460287 17.70528640520973 2.2559982041574806
   vertex 1.102182119232618e-15 18.0 1.102182119232618e-15
   vertex 2.349471459960931 17.846007504728586 1.102182119232618e-15
  endloop
 endfacet
 facet normal -0.06527462152365714 -0.9958982745184001 0.06265660855980837
  outer loop
   vertex 2.349471459960931 17.846007504728586 1.102182119232618e-15
   vertex 1.102182119232618e-15 18.0 1.102182119232618e-15
   vertex 1.093491084016627e-15 17.858064623660603 -2.2559982041574704
  endloop
 endfacet
 facet normal -0.06527462152365697 -0.9958982745183999 0.06265660855980822
  outer loop
   vertex 2.349471459960931 17.846007504728586 1.102182119232618e-15
   vertex 1.093491084016627e-15 17.858064623660603 -2.2559982041574704
   vertex 2.330945175746029 17.705286405209733 -2.2559982041574704
  endloop
 endfacet
 facet normal -0.06424948509234961 -0.9802577149984195 0.18699415993940924
  outer loop
   vertex 2.330945175746029 17.705286405209733 -2.2559982041574704
   vertex 1.093491084016627e-15 17.858064623660603 -2.2559982041574704
   vertex 1.0675550411857828e-15 17.43449690031536 -4.476417968967388
  endloop
 endfacet
 facet normal -0.06424948509234923 -0.9802577149984196 0.18699415993940885
  outer loop
   vertex 2.330945175746029 17.705286405209733 -2.2559982041574704
   vertex 1.0675550411857828e-15 17.43449690031536 -4.476417968967388
   vertex 2.2756584936704582 17.28534236245529 -4.476417968967388
  endloop
 endfacet
 facet normal -0.062214780021191664 -0.9492141145573926 0.30841836176197424
  outer loop
   vertex 2.2756584936704582 17.28534236245529 -4.476417968967388
   vertex 1.0675550411857828e-15 17.43449690031536 -4.476417968967388
   vertex 1.0247830176289692e-15 16.735976745988527 -6.626241948324203
  endloop
 endfacet
 facet normal -0.06221478002119261 -0.9492141145573921 0.3084183617619752
  outer loop
   vertex 2.2756584936704582 17.28534236245529 -4.476417968967388
   vertex 1.0247830176289692e-15 16.735976745988527 -6.626241948324203
   vertex 2.184483317737214 16.592798144881908 -6.626241948324203
  endloop
 endfacet
 facet normal -0.05920147964037705 -0.9032400348950191 0.42503249778250474
  outer loop
   vertex 2.184483317737214 16.592798144881908 -6.626241948324203
   vertex 1.0247830176289692e-15 16.735976745988527 -6.626241948324203
   vertex 9.658495537084454e-16 15.773520240789546 -8.67156613383087
  endloop
 endfacet
 facet normal -0.05920147964037647 -0.9032400348950193 0.4250324977825042
  outer loop
   vertex 2.184483317737214 16.592798144881908 -6.626241948324203
   vertex 9.658495537084454e-16 15.773520240789546 -8.67156613383087
   vertex 2.058857534936173 15.638575588506583 -8.67156613383087
  endloop
 endfacet
 facet normal -0.05525562951931258 -0.8430379956437989 0.5350081805984938
  outer loop
   vertex 2.058857534936173 15.638575588506583 -8.67156613383087
   vertex 9.658495537084454e-16 15.773520240789546 -8.67156613383087
   vertex 8.916840653553824e-16 14.562305898749054 -10.580134541264515
  endloop
 endfacet
 facet normal -0.05525562951931262 -0.8430379956437989 0.5350081805984938
  outer loop
   vertex 2.058857534936173 15.638575588506583 -8.67156613383087
   vertex 8.916840653553824e-16 14.562305898749054 -10.580134541264515
   vertex 1.900762338907312 14.437723353068277 -10.580134541264515
  endloop
 endfacet
 facet normal -0.05043782713683519 -0.769532535670493 0.6366126782732624
  outer loop
   vertex 1.900762338907312 14.437723353068277 -10.580134541264515
   vertex 8.916840653553824e-16 14.562305898749054 -10.580134541264515
   vertex 8.03456186625424e-16 13.121435293585407 -12.321847906716396
  endloop
 endfacet
 facet normal -0.050437827136835055 -0.769532535670493 0.6366126782732623
  outer loop
   vertex 1.900762338907312 14.437723353068277 -10.580134541264515
   vertex 8.03456186625424e-16 13.121435293585407 -12.321847906716396
   vertex 1.7126909853334995 13.009179595674206 -12.321847906716396
  endloop
 endfacet
 facet normal -0.04482249437426972 -0.6838591134652229 0.7282359898608609
  outer loop
   vertex 1.7126909853334995 13.009179595674206 -12.321847906716396
   vertex 8.03456186625424e-16 13.121435293585407 -12.321847906716396
   vertex 7.025573238709215e-16 11.473631815476418 -13.869238369964204
  endloop
 endfacet
 facet normal -0.04482249437427005 -0.6838591134652229 0.7282359898608611
  outer loop
   vertex 1.7126909853334995 13.009179595674206 -12.321847906716396
   vertex 7.025573238709215e-16 11.473631815476418 -13.869238369964204
   vertex 1.4976094718089759 11.375473304749157 -13.869238369964204
  endloop
 endfacet
 facet normal -0.03849692260946235 -0.5873495380917195 0.8084172852265373
  outer loop
   vertex 1.4976094718089759 11.375473304749157 -13.869238369964204
   vertex 7.025573238709215e-16 11.473631815476418 -13.869238369964204
   vertex 5.90578712431572e-16 9.64488230962194 -15.197902659036272
  endloop
 endfacet
 facet normal -0.0384969226094621 -0.5873495380917197 0.8084172852265374
  outer loop
   vertex 1.4976094718089759 11.375473304749157 -13.869238369964204
   vertex 5.90578712431572e-16 9.64488230962194 -15.197902659036272
   vertex 1.2589097622854897 9.56236900442984 -15.197902659036272
  endloop
 endfacet
 facet normal -0.03156007475150468 -0.48151369176922926 0.875870153801605
  outer loop
   vertex 1.2589097622854897 9.56236900442984 -15.197902659036272
   vertex 5.90578712431572e-16 9.64488230962194 -15.197902659036272
   vertex 4.692863219025548e-16 7.664027248171312 -16.28688694438835
  endloop
 endfacet
 facet normal -0.03156007475150447 -0.4815136917692294 0.8758701538016049
  outer loop
   vertex 1.2589097622854897 9.56236900442984 -15.197902659036272
   vertex 4.692863219025548e-16 7.664027248171312 -16.28688694438835
   vertex 1.0003562937745225 7.598460432628312 -16.28688694438835
  endloop
 endfacet
 facet normal -0.02412113767455733 -0.36801744428049105 0.9295059609397568
  outer loop
   vertex 1.0003562937745225 7.598460432628312 -16.28688694438835
   vertex 4.692863219025548e-16 7.664027248171312 -16.28688694438835
   vertex 3.405930057390741e-16 5.562305898749063 -17.119017293312762
  endloop
 endfacet
 facet normal -0.024121137674557383 -0.36801744428049105 0.9295059609397569
  outer loop
   vertex 1.0003562937745225 7.598460432628312 -16.28688694438835
   vertex 3.405930057390741e-16 5.562305898749063 -17.119017293312762
   vertex 0.7260266089268477 5.514719600703993 -17.119017293312762
  endloop
 endfacet
 facet normal -0.016297831431253903 -0.24865685655327963 0.9684545153902068
  outer loop
   vertex 0.7260266089268477 5.514719600703993 -17.119017293312762
   vertex 3.405930057390741e-16 5.562305898749063 -17.119017293312762
   vertex 2.0652833441468777e-16 3.3728636625430424 -17.681170513116395
  endloop
 endfacet
 facet normal -0.016297831431254017 -0.24865685655327957 0.9684545153902068
  outer loop
   vertex 0.7260266089268477 5.514719600703993 -17.119017293312762
   vertex 2.0652833441468777e-16 3.3728636625430424 -17.681170513116395
   vertex 0.4402470507491208 3.344008346342749 -17.681170513116395
  endloop
 endfacet
 facet normal -0.008214496970857818 -0.1253290048774771 0.9920812278114818
  outer loop
   vertex 0.4402470507491208 3.344008346342749 -17.681170513116395
   vertex 2.0652833441468777e-16 3.3728636625430424 -17.681170513116395
   vertex 6.920658788253593e-17 1.1302293515276445 -17.96448111170889
  endloop
 endfacet
 facet normal -0.00821449697085756 -0.1253290048774771 0.9920812278114817
  outer loop
   vertex 0.4402470507491208 3.344008346342749 -17.681170513116395
   vertex 6.920658788253593e-17 1.1302293515276445 -17.96448111170889
   vertex 0.14752453359024173 1.120560082745937 -17.96448111170889
  endloop
 endfacet
 facet normal 0.008214496970857672 -0.12532900487747692 -0.9920812278114818
  outer loop
   vertex 6.920658788253569e-17 1.1302293515276407 17.96448111170889
   vertex -0.14752453359024084 1.1205600827459334 17.96448111170889
   vertex -0.44024705074911974 3.3440083463427497 17.681170513116395
  endloop
 endfacet
 facet normal 0.008214496970857752 -0.12532900487747692 -0.9920812278114818
  outer loop
   vertex 6.920658788253569e-17 1.1302293515276407 17.96448111170889
   vertex -0.44024705074911974 3.3440083463427497 17.681170513116395
   vertex 2.065283344146878e-16 3.372863662543043 17.681170513116395
  endloop
 endfacet
 facet normal 0.016297831431253913 -0.24865685655328063 -0.9684545153902064
  outer loop
   vertex 2.065283344146878e-16 3.372863662543043 17.681170513116395
   vertex -0.44024705074911974 3.3440083463427497 17.681170513116395
   vertex -0.7260266089268446 5.514719600703984 17.119017293312762
  endloop
 endfacet
 facet normal 0.01629783143125377 -0.2486568565532807 -0.9684545153902064
  outer loop
   vertex 2.065283344146878e-16 3.372863662543043 17.681170513116395
   vertex -0.7260266089268446 5.514719600703984 17.119017293312762
   vertex 3.405930057390735e-16 5.562305898749053 17.119017293312762
  endloop
 endfacet
 facet normal 0.024121137674556863 -0.36801744428048905 -0.9295059609397576
  outer loop
   vertex 3.405930057390735e-16 5.562305898749053 17.119017293312762
   vertex -0.7260266089268446 5.514719600703984 17.119017293312762
   vertex -1.0003562937745194 7.598460432628308 16.286886944388353
  endloop
 endfacet
 facet normal 0.02412113767455695 -0.36801744428048905 -0.9295059609397576
  outer loop
   vertex 3.405930057390735e-16 5.562305898749053 17.119017293312762
   vertex -1.0003562937745194 7.598460432628308 16.286886944388353
   vertex 4.692863219025544e-16 7.6640272481713065 16.286886944388353
  endloop
 endfacet
 facet normal 0.031560074751504144 -0.4815136917692291 -0.8758701538016049
  outer loop
   vertex 4.692863219025544e-16 7.6640272481713065 16.286886944388353
   vertex -1.0003562937745194 7.598460432628308 16.286886944388353
   vertex -1.2589097622854861 9.56236900442984 15.197902659036274
  endloop
 endfacet
 facet normal 0.03156007475150404 -0.4815136917692292 -0.875870153801605
  outer loop
   vertex 4.692863219025544e-16 7.6640272481713065 16.286886944388353
   vertex -1.2589097622854861 9.56236900442984 15.197902659036274
   vertex 5.905787124315719e-16 9.644882309621938 15.197902659036274
  endloop
 endfacet
 facet normal 0.038496922609461415 -0.5873495380917205 -0.8084172852265368
  outer loop
   vertex 5.905787124315719e-16 9.644882309621938 15.197902659036274
   vertex -1.2589097622854861 9.56236900442984 15.197902659036274
   vertex -1.4976094718089714 11.375473304749153 13.869238369964206
  endloop
 endfacet
 facet normal 0.03849692260946187 -0.5873495380917203 -0.8084172852265369
  outer loop
   vertex 5.905787124315719e-16 9.644882309621938 15.197902659036274
   vertex -1.4976094718089714 11.375473304749153 13.869238369964206
   vertex 7.025573238709212e-16 11.473631815476413 13.869238369964206
  endloop
 endfacet
 facet normal 0.044822494374269294 -0.6838591134652221 -0.7282359898608617
  outer loop
   vertex 7.025573238709212e-16 11.473631815476413 13.869238369964206
   vertex -1.4976094718089714 11.375473304749153 13.869238369964206
   vertex -1.7126909853334953 13.00917959567421 12.321847906716394
  endloop
 endfacet
 facet normal 0.044822494374269106 -0.6838591134652222 -0.7282359898608617
  outer loop
   vertex 7.025573238709212e-16 11.473631815476413 13.869238369964206
   vertex -1.7126909853334953 13.00917959567421 12.321847906716394
   vertex 8.034561866254241e-16 13.121435293585408 12.321847906716394
  endloop
 endfacet
 facet normal 0.05043782713683435 -0.7695325356704932 -0.6366126782732622
  outer loop
   vertex 8.034561866254241e-16 13.121435293585408 12.321847906716394
   vertex -1.7126909853334953 13.00917959567421 12.321847906716394
   vertex -1.9007623389073072 14.437723353068279 10.580134541264515
  endloop
 endfacet
 facet normal 0.05043782713683457 -0.769532535670493 -0.6366126782732623
  outer loop
   vertex 8.034561866254241e-16 13.121435293585408 12.321847906716394
   vertex -1.9007623389073072 14.437723353068279 10.580134541264515
   vertex 8.916840653553824e-16 14.562305898749054 10.580134541264515
  endloop
 endfacet
 facet normal 0.05525562951931186 -0.8430379956437987 -0.5350081805984942
  outer loop
   vertex 8.916840653553824e-16 14.562305898749054 10.580134541264515
   vertex -1.9007623389073072 14.437723353068279 10.580134541264515
   vertex -2.058857534936167 15.638575588506583 8.671566133830876
  endloop
 endfacet
 facet normal 0.05525562951931196 -0.8430379956437986 -0.5350081805984943
  outer loop
   vertex 8.916840653553824e-16 14.562305898749054 10.580134541264515
   vertex -2.058857534936167 15.638575588506583 8.671566133830876
   vertex 9.658495537084452e-16 15.773520240789544 8.671566133830876
  endloop
 endfacet
 facet normal 0.05920147964037584 -0.9032400348950196 -0.4250324977825035
  outer loop
   vertex 9.658495537084452e-16 15.773520240789544 8.671566133830876
   vertex -2.058857534936167 15.638575588506583 8.671566133830876
   vertex -2.184483317737208 16.592798144881908 6.626241948324205
  endloop
 endfacet
 facet normal 0.05920147964037577 -0.9032400348950196 -0.42503249778250346
  outer loop
   vertex 9.658495537084452e-16 15.773520240789544 8.671566133830876
   vertex -2.184483317737208 16.592798144881908 6.626241948324205
   vertex 1.024783017628969e-15 16.735976745988523 6.626241948324205
  endloop
 endfacet
 facet normal 0.06221478002119124 -0.9492141145573925 -0.30841836176197457
  outer loop
   vertex 1.024783017628969e-15 16.735976745988523 6.626241948324205
   vertex -2.184483317737208 16.592798144881908 6.626241948324205
   vertex -2.2756584936704525 17.28534236245529 4.476417968967385
  endloop
 endfacet
 facet normal 0.06221478002119175 -0.9492141145573922 -0.3084183617619751
  outer loop
   vertex 1.024783017628969e-15 16.735976745988523 6.626241948324205
   vertex -2.2756584936704525 17.28534236245529 4.476417968967385
   vertex 1.0675550411857828e-15 17.43449690031536 4.476417968967385
  endloop
 endfacet
 facet normal 0.06424948509234935 -0.9802577149984195 -0.1869941599394099
  outer loop
   vertex 1.0675550411857828e-15 17.43449690031536 4.476417968967385
   vertex -2.2756584936704525 17.28534236245529 4.476417968967385
   vertex -2.330945175746023 17.705286405209733 2.2559982041574806
  endloop
 endfacet
 facet normal 0.06424948509234822 -0.9802577149984195 -0.18699415993940874
  outer loop
   vertex 1.0675550411857828e-15 17.43449690031536 4.476417968967385
   vertex -2.330945175746023 17.705286405209733 2.2559982041574806
   vertex 1.0934910840166268e-15 17.8580646236606 2.2559982041574806
  endloop
 endfacet
 facet normal 0.06527462152365558 -0.9958982745184 -0.06265660855980955
  outer loop
   vertex 1.0934910840166268e-15 17.8580646236606 2.2559982041574806
   vertex -2.330945175746023 17.705286405209733 2.2559982041574806
   vertex -2.3494714599609248 17.84600750472859 1.102182119232618e-15
  endloop
 endfacet
 facet normal 0.06527462152365575 -0.9958982745183999 -0.0626566085598097
  outer loop
   vertex 1.0934910840166268e-15 17.8580646236606 2.2559982041574806
   vertex -2.3494714599609248 17.84600750472859 1.102182119232618e-15
   vertex 1.102182119232618e-15 18.0 1.102182119232618e-15
  endloop
 endfacet
 facet normal 0.06527462152365575 -0.9958982745184001 0.06265660855980819
  outer loop
   vertex 1.102182119232618e-15 18.0 1.102182119232618e-15
   vertex -2.3494714599609248 17.84600750472859 1.102182119232618e-15
   vertex -2.3309451757460233 17.705286405209737 -2.2559982041574704
  endloop
 endfacet
 facet normal 0.06527462152365558 -0.9958982745184001 0.06265660855980838
  outer loop
   vertex 1.102182119232618e-15 18.0 1.102182119232618e-15
   vertex -2.3309451757460233 17.705286405209737 -2.2559982041574704
   vertex 1.093491084016627e-15 17.858064623660603 -2.2559982041574704
  endloop
 endfacet
 facet normal 0.06424948509234821 -0.9802577149984193 0.18699415993941032
  outer loop
   vertex 1.093491084016627e-15 17.858064623660603 -2.2559982041574704
   vertex -2.3309451757460233 17.705286405209737 -2.2559982041574704
   vertex -2.2756584936704525 17.28534236245529 -4.476417968967388
  endloop
 endfacet
 facet normal 0.06424948509234935 -0.9802577149984196 0.18699415993940924
  outer loop
   vertex 1.093491084016627e-15 17.858064623660603 -2.2559982041574704
   vertex -2.2756584936704525 17.28534236245529 -4.476417968967388
   vertex 1.0675550411857828e-15 17.43449690031536 -4.476417968967388
  endloop
 endfacet
 facet normal 0.06221478002119178 -0.9492141145573926 0.30841836176197374
  outer loop
   vertex 1.0675550411857828e-15 17.43449690031536 -4.476417968967388
   vertex -2.2756584936704525 17.28534236245529 -4.476417968967388
   vertex -2.1844833177372083 16.59279814488191 -6.626241948324203
  endloop
 endfacet
 facet normal 0.06221478002119123 -0.9492141145573926 0.30841836176197424
  outer loop
   vertex 1.0675550411857828e-15 17.43449690031536 -4.476417968967388
   vertex -2.1844833177372083 16.59279814488191 -6.626241948324203
   vertex 1.0247830176289692e-15 16.735976745988527 -6.626241948324203
  endloop
 endfacet
 facet normal 0.05920147964037568 -0.9032400348950189 0.4250324977825048
  outer loop
   vertex 1.0247830176289692e-15 16.735976745988527 -6.626241948324203
   vertex -2.1844833177372083 16.59279814488191 -6.626241948324203
   vertex -2.0588575349361675 15.638575588506585 -8.67156613383087
  endloop
 endfacet
 facet normal 0.05920147964037578 -0.9032400348950191 0.4250324977825047
  outer loop
   vertex 1.0247830176289692e-15 16.735976745988527 -6.626241948324203
   vertex -2.0588575349361675 15.638575588506585 -8.67156613383087
   vertex 9.658495537084454e-16 15.773520240789546 -8.67156613383087
  endloop
 endfacet
 facet normal 0.055255629519311955 -0.843037995643799 0.5350081805984936
  outer loop
   vertex 9.658495537084454e-16 15.773520240789546 -8.67156613383087
   vertex -2.0588575349361675 15.638575588506585 -8.67156613383087
   vertex -1.9007623389073072 14.437723353068279 -10.580134541264515
  endloop
 endfacet
 facet normal 0.05525562951931189 -0.843037995643799 0.5350081805984938
  outer loop
   vertex 9.658495537084454e-16 15.773520240789546 -8.67156613383087
   vertex -1.9007623389073072 14.437723353068279 -10.580134541264515
   vertex 8.916840653553824e-16 14.562305898749054 -10.580134541264515
  endloop
 endfacet
 facet normal 0.050437827136834555 -0.7695325356704931 0.6366126782732622
  outer loop
   vertex 8.916840653553824e-16 14.562305898749054 -10.580134541264515
   vertex -1.9007623389073072 14.437723353068279 -10.580134541264515
   vertex -1.712690985333495 13.009179595674208 -12.321847906716396
  endloop
 endfacet
 facet normal 0.05043782713683433 -0.769532535670493 0.6366126782732624
  outer loop
   vertex 8.916840653553824e-16 14.562305898749054 -10.580134541264515
   vertex -1.712690985333495 13.009179595674208 -12.321847906716396
   vertex 8.03456186625424e-16 13.121435293585407 -12.321847906716396
  endloop
 endfacet
 facet normal 0.04482249437426908 -0.6838591134652228 0.728235989860861
  outer loop
   vertex 8.03456186625424e-16 13.121435293585407 -12.321847906716396
   vertex -1.712690985333495 13.009179595674208 -12.321847906716396
   vertex -1.497609471808972 11.375473304749159 -13.869238369964204
  endloop
 endfacet
 facet normal 0.04482249437426934 -0.683859113465223 0.728235989860861
  outer loop
   vertex 8.03456186625424e-16 13.121435293585407 -12.321847906716396
   vertex -1.497609471808972 11.375473304749159 -13.869238369964204
   vertex 7.025573238709215e-16 11.473631815476418 -13.869238369964204
  endloop
 endfacet
 facet normal 0.03849692260946173 -0.5873495380917196 0.8084172852265373
  outer loop
   vertex 7.025573238709215e-16 11.473631815476418 -13.869238369964204
   vertex -1.497609471808972 11.375473304749159 -13.869238369964204
   vertex -1.2589097622854863 9.562369004429842 -15.197902659036272
  endloop
 endfacet
 facet normal 0.03849692260946137 -0.5873495380917194 0.8084172852265374
  outer loop
   vertex 7.025573238709215e-16 11.473631815476418 -13.869238369964204
   vertex -1.2589097622854863 9.562369004429842 -15.197902659036272
   vertex 5.90578712431572e-16 9.64488230962194 -15.197902659036272
  endloop
 endfacet
 facet normal 0.031560074751504054 -0.4815136917692293 0.8758701538016049
  outer loop
   vertex 5.90578712431572e-16 9.64488230962194 -15.197902659036272
   vertex -1.2589097622854863 9.562369004429842 -15.197902659036272
   vertex -1.00035629377452 7.598460432628313 -16.28688694438835
  endloop
 endfacet
 facet normal 0.031560074751504116 -0.4815136917692293 0.875870153801605
  outer loop
   vertex 5.90578712431572e-16 9.64488230962194 -15.197902659036272
   vertex -1.00035629377452 7.598460432628313 -16.28688694438835
   vertex 4.692863219025548e-16 7.664027248171312 -16.28688694438835
  endloop
 endfacet
 facet normal 0.02412113767455705 -0.36801744428049116 0.9295059609397569
  outer loop
   vertex 4.692863219025548e-16 7.664027248171312 -16.28688694438835
   vertex -1.00035629377452 7.598460432628313 -16.28688694438835
   vertex -0.7260266089268459 5.514719600703994 -17.119017293312762
  endloop
 endfacet
 facet normal 0.024121137674556876 -0.368017444280491 0.9295059609397568
  outer loop
   vertex 4.692863219025548e-16 7.664027248171312 -16.28688694438835
   vertex -0.7260266089268459 5.514719600703994 -17.119017293312762
   vertex 3.405930057390741e-16 5.562305898749063 -17.119017293312762
  endloop
 endfacet
 facet normal 0.01629783143125362 -0.24865685655327954 0.9684545153902068
  outer loop
   vertex 3.405930057390741e-16 5.562305898749063 -17.119017293312762
   vertex -0.7260266089268459 5.514719600703994 -17.119017293312762
   vertex -0.4402470507491197 3.3440083463427492 -17.681170513116395
  endloop
 endfacet
 facet normal 0.016297831431253823 -0.2486568565532796 0.9684545153902067
  outer loop
   vertex 3.405930057390741e-16 5.562305898749063 -17.119017293312762
   vertex -0.4402470507491197 3.3440083463427492 -17.681170513116395
   vertex 2.0652833441468777e-16 3.3728636625430424 -17.681170513116395
  endloop
 endfacet
 facet normal 0.008214496970857705 -0.12532900487747714 0.9920812278114817
  outer loop
   vertex 2.0652833441468777e-16 3.3728636625430424 -17.681170513116395
   vertex -0.4402470507491197 3.3440083463427492 -17.681170513116395
   vertex -0.14752453359024134 1.1205600827459372 -17.96448111170889
  endloop
 endfacet
 facet normal 0.008214496970857242 -0.12532900487747714 0.9920812278114818
  outer loop
   vertex 2.0652833441468777e-16 3.3728636625430424 -17.681170513116395
   vertex -0.14752453359024134 1.1205600827459372 -17.96448111170889
   vertex 6.920658788253593e-17 1.1302293515276445 -17.96448111170889
  endloop
 endfacet
 facet normal 0.02450293859191293 -0.1231845908562585 -0.9920812278114818
  outer loop
   vertex -0.14752453359024084 1.1205600827459334 17.96448111170889
   vertex -0.29252488150922534 1.0917177202704942 17.96448111170889
   vertex -0.8729613524003814 3.257936120202262 17.681170513116395
  endloop
 endfacet
 facet normal 0.02450293859191291 -0.12318459085625852 -0.9920812278114818
  outer loop
   vertex -0.14752453359024084 1.1205600827459334 17.96448111170889
   vertex -0.8729613524003814 3.257936120202262 17.681170513116395
   vertex -0.44024705074911974 3.3440083463427497 17.681170513116395
  endloop
 endfacet
 facet normal 0.04861463387936059 -0.24440226879694898 -0.9684545153902064
  outer loop
   vertex -0.44024705074911974 3.3440083463427497 17.681170513116395
   vertex -0.8729613524003814 3.257936120202262 17.681170513116395
   vertex -1.439630701282349 5.372774921321738 17.119017293312762
  endloop
 endfacet
 facet normal 0.048614633879360734 -0.24440226879694887 -0.9684545153902064
  outer loop
   vertex -0.44024705074911974 3.3440083463427497 17.681170513116395
   vertex -1.439630701282349 5.372774921321738 17.119017293312762
   vertex -0.7260266089268446 5.514719600703984 17.119017293312762
  endloop
 endfacet
 facet normal 0.0719506936704175 -0.3617205637751377 -0.9295059609397577
  outer loop
   vertex -0.7260266089268446 5.514719600703984 17.119017293312762
   vertex -1.439630701282349 5.372774921321738 17.119017293312762
   vertex -1.983596214011398 7.402881852391804 16.286886944388353
  endloop
 endfacet
 facet normal 0.07195069367041727 -0.3617205637751378 -0.9295059609397576
  outer loop
   vertex -0.7260266089268446 5.514719600703984 17.119017293312762
   vertex -1.983596214011398 7.402881852391804 16.286886944388353
   vertex -1.0003562937745194 7.598460432628308 16.286886944388353
  endloop
 endfacet
 facet normal 0.0941402226254096 -0.47327485900224125 -0.8758701538016048
  outer loop
   vertex -1.0003562937745194 7.598460432628308 16.286886944388353
   vertex -1.983596214011398 7.402881852391804 16.286886944388353
   vertex -2.4962792295025458 9.316240914382387 15.197902659036274
  endloop
 endfacet
 facet normal 0.0941402226254101 -0.4732748590022409 -0.875870153801605
  outer loop
   vertex -1.0003562937745194 7.598460432628308 16.286886944388353
   vertex -2.4962792295025458 9.316240914382387 15.197902659036274
   vertex -1.2589097622854861 9.56236900442984 15.197902659036274
  endloop
 endfacet
 facet normal 0.11483207480917533 -0.5772998246509139 -0.808417285226537
  outer loop
   vertex -1.2589097622854861 9.56236900442984 15.197902659036274
   vertex -2.4962792295025458 9.316240914382387 15.197902659036274
   vertex -2.969594430339508 11.082677291900596 13.869238369964206
  endloop
 endfacet
 facet normal 0.11483207480917489 -0.5772998246509142 -0.8084172852265369
  outer loop
   vertex -1.2589097622854861 9.56236900442984 15.197902659036274
   vertex -2.969594430339508 11.082677291900596 13.869238369964206
   vertex -1.4976094718089714 11.375473304749153 13.869238369964206
  endloop
 endfacet
 facet normal 0.1337005578169218 -0.6721580944322657 -0.7282359898608619
  outer loop
   vertex -1.4976094718089714 11.375473304749153 13.869238369964206
   vertex -2.969594430339508 11.082677291900596 13.869238369964206
   vertex -3.396077353060291 12.67433322805503 12.321847906716394
  endloop
 endfacet
 facet normal 0.13370055781692167 -0.6721580944322658 -0.7282359898608618
  outer loop
   vertex -1.4976094718089714 11.375473304749153 13.869238369964206
   vertex -3.396077353060291 12.67433322805503 12.321847906716394
   vertex -1.7126909853334953 13.00917959567421 12.321847906716394
  endloop
 endfacet
 facet normal 0.15045047620418592 -0.7563656206304447 -0.6366126782732622
  outer loop
   vertex -1.7126909853334953 13.00917959567421 12.321847906716394
   vertex -3.396077353060291 12.67433322805503 12.321847906716394
   vertex -3.769002107205037 14.066107357923354 10.580134541264515
  endloop
 endfacet
 facet normal 0.15045047620418592 -0.7563656206304447 -0.6366126782732622
  outer loop
   vertex -1.7126909853334953 13.00917959567421 12.321847906716394
   vertex -3.769002107205037 14.066107357923354 10.580134541264515
   vertex -1.9007623389073072 14.437723353068279 10.580134541264515
  endloop
 endfacet
 facet normal 0.16482144941710655 -0.8286133818040431 -0.5350081805984945
  outer loop
   vertex -1.9007623389073072 14.437723353068279 10.580134541264515
   vertex -3.769002107205037 14.066107357923354 10.580134541264515
   vertex -4.082487446626435 15.236050572071985 8.671566133830876
  endloop
 endfacet
 facet normal 0.16482144941710625 -0.8286133818040433 -0.5350081805984942
  outer loop
   vertex -1.9007623389073072 14.437723353068279 10.580134541264515
   vertex -4.082487446626435 15.236050572071985 8.671566133830876
   vertex -2.058857534936167 15.638575588506583 8.671566133830876
  endloop
 endfacet
 facet normal 0.17659148519073023 -0.8877853474725173 -0.42503249778250335
  outer loop
   vertex -2.058857534936167 15.638575588506583 8.671566133830876
   vertex -4.082487446626435 15.236050572071985 8.671566133830876
   vertex -4.331589520254743 16.165712167123598 6.626241948324205
  endloop
 endfacet
 facet normal 0.17659148519073042 -0.8877853474725173 -0.42503249778250346
  outer loop
   vertex -2.058857534936167 15.638575588506583 8.671566133830876
   vertex -4.331589520254743 16.165712167123598 6.626241948324205
   vertex -2.184483317737208 16.592798144881908 6.626241948324205
  endloop
 endfacet
 facet normal 0.18557982792821653 -0.9329727978854437 -0.30841836176197496
  outer loop
   vertex -2.184483317737208 16.592798144881908 6.626241948324205
   vertex -4.331589520254743 16.165712167123598 6.626241948324205
   vertex -4.512379839582481 16.840430824371314 4.476417968967385
  endloop
 endfacet
 facet normal 0.18557982792821617 -0.9329727978854438 -0.3084183617619746
  outer loop
   vertex -2.184483317737208 16.592798144881908 6.626241948324205
   vertex -4.512379839582481 16.840430824371314 4.476417968967385
   vertex -2.2756584936704525 17.28534236245529 4.476417968967385
  endloop
 endfacet
 facet normal 0.19164912877379459 -0.9634852337160132 -0.1869941599394087
  outer loop
   vertex -2.2756584936704525 17.28534236245529 4.476417968967385
   vertex -4.512379839582481 16.840430824371314 4.476417968967385
   vertex -4.622007233274945 17.249565827532944 2.2559982041574806
  endloop
 endfacet
 facet normal 0.1916491287737957 -0.9634852337160127 -0.18699415993940985
  outer loop
   vertex -2.2756584936704525 17.28534236245529 4.476417968967385
   vertex -4.622007233274945 17.249565827532944 2.2559982041574806
   vertex -2.330945175746023 17.705286405209733 2.2559982041574806
  endloop
 endfacet
 facet normal 0.19470699769915664 -0.978858178926224 -0.06265660855980999
  outer loop
   vertex -2.330945175746023 17.705286405209733 2.2559982041574806
   vertex -4.622007233274945 17.249565827532944 2.2559982041574806
   vertex -4.658742811845375 17.38666487320323 1.102182119232618e-15
  endloop
 endfacet
 facet normal 0.19470699769915614 -0.9788581789262241 -0.06265660855980953
  outer loop
   vertex -2.330945175746023 17.705286405209733 2.2559982041574806
   vertex -4.658742811845375 17.38666487320323 1.102182119232618e-15
   vertex -2.3494714599609248 17.84600750472859 1.102182119232618e-15
  endloop
 endfacet
 facet normal 0.1947069976991562 -0.9788581789262241 0.06265660855980863
  outer loop
   vertex -2.3494714599609248 17.84600750472859 1.102182119232618e-15
   vertex -4.658742811845375 17.38666487320323 1.102182119232618e-15
   vertex -4.622007233274946 17.249565827532948 -2.2559982041574704
  endloop
 endfacet
 facet normal 0.19470699769915656 -0.978858178926224 0.06265660855980817
  outer loop
   vertex -2.3494714599609248 17.84600750472859 1.102182119232618e-15
   vertex -4.622007233274946 17.249565827532948 -2.2559982041574704
   vertex -2.3309451757460233 17.705286405209737 -2.2559982041574704
  endloop
 endfacet
 facet normal 0.1916491287737957 -0.9634852337160127 0.18699415993940915
  outer loop
   vertex -2.3309451757460233 17.705286405209737 -2.2559982041574704
   vertex -4.622007233274946 17.249565827532948 -2.2559982041574704
   vertex -4.512379839582481 16.840430824371314 -4.476417968967388
  endloop
 endfacet
 facet normal 0.19164912877379453 -0.9634852337160127 0.18699415993941035
  outer loop
   vertex -2.3309451757460233 17.705286405209737 -2.2559982041574704
   vertex -4.512379839582481 16.840430824371314 -4.476417968967388
   vertex -2.2756584936704525 17.28534236245529 -4.476417968967388
  endloop
 endfacet
 facet normal 0.1855798279282162 -0.9329727978854441 0.3084183617619741
  outer loop
   vertex -2.2756584936704525 17.28534236245529 -4.476417968967388
   vertex -4.512379839582481 16.840430824371314 -4.476417968967388
   vertex -4.331589520254744 16.1657121671236 -6.626241948324203
  endloop
 endfacet
 facet normal 0.18557982792821656 -0.9329727978854441 0.30841836176197374
  outer loop
   vertex -2.2756584936704525 17.28534236245529 -4.476417968967388
   vertex -4.331589520254744 16.1657121671236 -6.626241948324203
   vertex -2.1844833177372083 16.59279814488191 -6.626241948324203
  endloop
 endfacet
 facet normal 0.17659148519073029 -0.8877853474725167 0.4250324977825046
  outer loop
   vertex -2.1844833177372083 16.59279814488191 -6.626241948324203
   vertex -4.331589520254744 16.1657121671236 -6.626241948324203
   vertex -4.082487446626435 15.236050572071987 -8.67156613383087
  endloop
 endfacet
 facet normal 0.17659148519073012 -0.8877853474725168 0.4250324977825048
  outer loop
   vertex -2.1844833177372083 16.59279814488191 -6.626241948324203
   vertex -4.082487446626435 15.236050572071987 -8.67156613383087
   vertex -2.0588575349361675 15.638575588506585 -8.67156613383087
  endloop
 endfacet
 facet normal 0.16482144941710633 -0.8286133818040436 0.535008180598494
  outer loop
   vertex -2.0588575349361675 15.638575588506585 -8.67156613383087
   vertex -4.082487446626435 15.236050572071987 -8.67156613383087
   vertex -3.769002107205037 14.066107357923354 -10.580134541264515
  endloop
 endfacet
 facet normal 0.1648214494171066 -0.8286133818040435 0.5350081805984936
  outer loop
   vertex -2.0588575349361675 15.638575588506585 -8.67156613383087
   vertex -3.769002107205037 14.066107357923354 -10.580134541264515
   vertex -1.9007623389073072 14.437723353068279 -10.580134541264515
  endloop
 endfacet
 facet normal 0.15045047620418595 -0.7563656206304447 0.6366126782732623
  outer loop
   vertex -1.9007623389073072 14.437723353068279 -10.580134541264515
   vertex -3.769002107205037 14.066107357923354 -10.580134541264515
   vertex -3.3960773530602903 12.674333228055028 -12.321847906716396
  endloop
 endfacet
 facet normal 0.15045047620418592 -0.7563656206304445 0.6366126782732623
  outer loop
   vertex -1.9007623389073072 14.437723353068279 -10.580134541264515
   vertex -3.3960773530602903 12.674333228055028 -12.321847906716396
   vertex -1.712690985333495 13.009179595674208 -12.321847906716396
  endloop
 endfacet
 facet normal 0.13370055781692178 -0.6721580944322666 0.7282359898608611
  outer loop
   vertex -1.712690985333495 13.009179595674208 -12.321847906716396
   vertex -3.3960773530602903 12.674333228055028 -12.321847906716396
   vertex -2.969594430339509 11.082677291900602 -13.869238369964204
  endloop
 endfacet
 facet normal 0.13370055781692194 -0.6721580944322666 0.728235989860861
  outer loop
   vertex -1.712690985333495 13.009179595674208 -12.321847906716396
   vertex -2.969594430339509 11.082677291900602 -13.869238369964204
   vertex -1.497609471808972 11.375473304749159 -13.869238369964204
  endloop
 endfacet
 facet normal 0.11483207480917462 -0.5772998246509131 0.8084172852265376
  outer loop
   vertex -1.497609471808972 11.375473304749159 -13.869238369964204
   vertex -2.969594430339509 11.082677291900602 -13.869238369964204
   vertex -2.496279229502546 9.316240914382389 -15.197902659036272
  endloop
 endfacet
 facet normal 0.11483207480917525 -0.5772998246509133 0.8084172852265373
  outer loop
   vertex -1.497609471808972 11.375473304749159 -13.869238369964204
   vertex -2.496279229502546 9.316240914382389 -15.197902659036272
   vertex -1.2589097622854863 9.562369004429842 -15.197902659036272
  endloop
 endfacet
 facet normal 0.09414022262541008 -0.4732748590022411 0.8758701538016049
  outer loop
   vertex -1.2589097622854863 9.562369004429842 -15.197902659036272
   vertex -2.496279229502546 9.316240914382389 -15.197902659036272
   vertex -1.9835962140113996 7.4028818523918085 -16.28688694438835
  endloop
 endfacet
 facet normal 0.09414022262540987 -0.47327485900224103 0.875870153801605
  outer loop
   vertex -1.2589097622854863 9.562369004429842 -15.197902659036272
   vertex -1.9835962140113996 7.4028818523918085 -16.28688694438835
   vertex -1.00035629377452 7.598460432628313 -16.28688694438835
  endloop
 endfacet
 facet normal 0.07195069367041784 -0.36172056377513984 0.9295059609397568
  outer loop
   vertex -1.00035629377452 7.598460432628313 -16.28688694438835
   vertex -1.9835962140113996 7.4028818523918085 -16.28688694438835
   vertex -1.4396307012823515 5.3727749213217475 -17.119017293312762
  endloop
 endfacet
 facet normal 0.07195069367041784 -0.36172056377513984 0.9295059609397569
  outer loop
   vertex -1.00035629377452 7.598460432628313 -16.28688694438835
   vertex -1.4396307012823515 5.3727749213217475 -17.119017293312762
   vertex -0.7260266089268459 5.514719600703994 -17.119017293312762
  endloop
 endfacet
 facet normal 0.04861463387936053 -0.24440226879694782 0.9684545153902068
  outer loop
   vertex -0.7260266089268459 5.514719600703994 -17.119017293312762
   vertex -1.4396307012823515 5.3727749213217475 -17.119017293312762
   vertex -0.8729613524003813 3.2579361202022614 -17.681170513116395
  endloop
 endfacet
 facet normal 0.04861463387936043 -0.24440226879694785 0.9684545153902067
  outer loop
   vertex -0.7260266089268459 5.514719600703994 -17.119017293312762
   vertex -0.8729613524003813 3.2579361202022614 -17.681170513116395
   vertex -0.4402470507491197 3.3440083463427492 -17.681170513116395
  endloop
 endfacet
 facet normal 0.024502938591912972 -0.12318459085625873 0.9920812278114817
  outer loop
   vertex -0.4402470507491197 3.3440083463427492 -17.681170513116395
   vertex -0.8729613524003813 3.2579361202022614 -17.681170513116395
   vertex -0.2925248815092263 1.0917177202704977 -17.96448111170889
  endloop
 endfacet
 facet normal 0.02450293859191259 -0.12318459085625877 0.9920812278114818
  outer loop
   vertex -0.4402470507491197 3.3440083463427492 -17.681170513116395
   vertex -0.2925248815092263 1.0917177202704977 -17.96448111170889
   vertex -0.14752453359024134 1.1205600827459372 -17.96448111170889
  endloop
 endfacet
 facet normal 0.04037212814016263 -0.11893245433226858 -0.9920812278114818
  outer loop
   vertex -0.29252488150922534 1.0917177202704942 17.96448111170889
   vertex -0.4325200476023671 1.0441957649198914 17.96448111170889
   vertex -1.2907390432814594 3.1161197037745727 17.681170513116395
  endloop
 endfacet
 facet normal 0.040372128140162625 -0.11893245433226857 -0.9920812278114818
  outer loop
   vertex -0.29252488150922534 1.0917177202704942 17.96448111170889
   vertex -1.2907390432814594 3.1161197037745727 17.681170513116395
   vertex -0.8729613524003814 3.257936120202262 17.681170513116395
  endloop
 endfacet
 facet normal 0.08009962646326871 -0.23596589046039093 -0.9684545153902064
  outer loop
   vertex -0.8729613524003814 3.257936120202262 17.681170513116395
   vertex -1.2907390432814594 3.1161197037745727 17.681170513116395
   vertex -2.128602313197873 5.138900573421048 17.119017293312762
  endloop
 endfacet
 facet normal 0.08009962646326858 -0.23596589046039096 -0.9684545153902064
  outer loop
   vertex -0.8729613524003814 3.257936120202262 17.681170513116395
   vertex -2.128602313197873 5.138900573421048 17.119017293312762
   vertex -1.439630701282349 5.372774921321738 17.119017293312762
  endloop
 endfacet
 facet normal 0.11854915334907548 -0.34923454413570715 -0.9295059609397576
  outer loop
   vertex -1.439630701282349 5.372774921321738 17.119017293312762
   vertex -2.128602313197873 5.138900573421048 17.119017293312762
   vertex -2.932896253069769 7.08063791119427 16.286886944388353
  endloop
 endfacet
 facet normal 0.1185491533490758 -0.349234544135707 -0.9295059609397576
  outer loop
   vertex -1.439630701282349 5.372774921321738 17.119017293312762
   vertex -2.932896253069769 7.08063791119427 16.286886944388353
   vertex -1.983596214011398 7.402881852391804 16.286886944388353
  endloop
 endfacet
 facet normal 0.15510960518959377 -0.45693816218114364 -0.8758701538016049
  outer loop
   vertex -1.983596214011398 7.402881852391804 16.286886944388353
   vertex -2.932896253069769 7.08063791119427 16.286886944388353
   vertex -3.690936667003457 8.910709359339895 15.197902659036274
  endloop
 endfacet
 facet normal 0.15510960518959344 -0.4569381621811439 -0.8758701538016048
  outer loop
   vertex -1.983596214011398 7.402881852391804 16.286886944388353
   vertex -3.690936667003457 8.910709359339895 15.197902659036274
   vertex -2.4962792295025458 9.316240914382387 15.197902659036274
  endloop
 endfacet
 facet normal 0.1892024183714367 -0.5573723511525809 -0.8084172852265369
  outer loop
   vertex -2.4962792295025458 9.316240914382387 15.197902659036274
   vertex -3.690936667003457 8.910709359339895 15.197902659036274
   vertex -4.3907688048398095 10.600253597888974 13.869238369964206
  endloop
 endfacet
 facet normal 0.18920241837143675 -0.5573723511525807 -0.8084172852265369
  outer loop
   vertex -2.4962792295025458 9.316240914382387 15.197902659036274
   vertex -4.3907688048398095 10.600253597888974 13.869238369964206
   vertex -2.969594430339508 11.082677291900596 13.869238369964206
  endloop
 endfacet
 facet normal 0.22029096764652895 -0.6489562640461429 -0.7282359898608615
  outer loop
   vertex -2.969594430339508 11.082677291900596 13.869238369964206
   vertex -4.3907688048398095 10.600253597888974 13.869238369964206
   vertex -5.0213558957056925 12.122625504914785 12.321847906716394
  endloop
 endfacet
 facet normal 0.2202909676465295 -0.6489562640461424 -0.7282359898608618
  outer loop
   vertex -2.969594430339508 11.082677291900596 13.869238369964206
   vertex -5.0213558957056925 12.122625504914785 12.321847906716394
   vertex -3.396077353060291 12.67433322805503 12.321847906716394
  endloop
 endfacet
 facet normal 0.247888875910932 -0.7302570801172408 -0.6366126782732624
  outer loop
   vertex -3.396077353060291 12.67433322805503 12.321847906716394
   vertex -5.0213558957056925 12.122625504914785 12.321847906716394
   vertex -5.572753204483681 13.453816366022629 10.580134541264515
  endloop
 endfacet
 facet normal 0.24788887591093164 -0.7302570801172412 -0.6366126782732622
  outer loop
   vertex -3.396077353060291 12.67433322805503 12.321847906716394
   vertex -5.572753204483681 13.453816366022629 10.580134541264515
   vertex -3.769002107205037 14.066107357923354 10.580134541264515
  endloop
 endfacet
 facet normal 0.271567128618236 -0.8000109632665887 -0.5350081805984945
  outer loop
   vertex -3.769002107205037 14.066107357923354 10.580134541264515
   vertex -5.572753204483681 13.453816366022629 10.580134541264515
   vertex -6.03626486622556 14.572832506117964 8.671566133830876
  endloop
 endfacet
 facet normal 0.27156712861823595 -0.8000109632665888 -0.5350081805984945
  outer loop
   vertex -3.769002107205037 14.066107357923354 10.580134541264515
   vertex -6.03626486622556 14.572832506117964 8.671566133830876
   vertex -4.082487446626435 15.236050572071985 8.671566133830876
  endloop
 endfacet
 facet normal 0.2909599614690631 -0.8571404066141602 -0.425032497782503
  outer loop
   vertex -4.082487446626435 15.236050572071985 8.671566133830876
   vertex -6.03626486622556 14.572832506117964 8.671566133830876
   vertex -6.4045810251372135 15.462026372203642 6.626241948324205
  endloop
 endfacet
 facet normal 0.29095996146906333 -0.85714040661416 -0.4250324977825033
  outer loop
   vertex -4.082487446626435 15.236050572071985 8.671566133830876
   vertex -6.4045810251372135 15.462026372203642 6.626241948324205
   vertex -4.331589520254743 16.165712167123598 6.626241948324205
  endloop
 endfacet
 facet normal 0.30576955352694224 -0.9007680579727466 -0.30841836176197596
  outer loop
   vertex -4.331589520254743 16.165712167123598 6.626241948324205
   vertex -6.4045810251372135 15.462026372203642 6.626241948324205
   vertex -6.6718931153712 16.107374845832833 4.476417968967385
  endloop
 endfacet
 facet normal 0.30576955352694135 -0.9007680579727472 -0.30841836176197496
  outer loop
   vertex -4.331589520254743 16.165712167123598 6.626241948324205
   vertex -6.6718931153712 16.107374845832833 4.476417968967385
   vertex -4.512379839582481 16.840430824371314 4.476417968967385
  endloop
 endfacet
 facet normal 0.3157696027267447 -0.9302272529561519 -0.18699415993940852
  outer loop
   vertex -4.512379839582481 16.840430824371314 4.476417968967385
   vertex -6.6718931153712 16.107374845832833 4.476417968967385
   vertex -6.833985465580023 16.498700396063903 2.2559982041574806
  endloop
 endfacet
 facet normal 0.31576960272674487 -0.9302272529561518 -0.18699415993940866
  outer loop
   vertex -4.512379839582481 16.840430824371314 4.476417968967385
   vertex -6.833985465580023 16.498700396063903 2.2559982041574806
   vertex -4.622007233274945 17.249565827532944 2.2559982041574806
  endloop
 endfacet
 facet normal 0.3208078831610449 -0.9450695485018615 -0.06265660855980879
  outer loop
   vertex -4.622007233274945 17.249565827532944 2.2559982041574806
   vertex -6.833985465580023 16.498700396063903 2.2559982041574806
   vertex -6.888301782571615 16.62983158520316 1.102182119232618e-15
  endloop
 endfacet
 facet normal 0.32080788316104597 -0.9450695485018611 -0.06265660855980995
  outer loop
   vertex -4.622007233274945 17.249565827532944 2.2559982041574806
   vertex -6.888301782571615 16.62983158520316 1.102182119232618e-15
   vertex -4.658742811845375 17.38666487320323 1.102182119232618e-15
  endloop
 endfacet
 facet normal 0.320807883161046 -0.9450695485018612 0.06265660855980744
  outer loop
   vertex -4.658742811845375 17.38666487320323 1.102182119232618e-15
   vertex -6.888301782571615 16.62983158520316 1.102182119232618e-15
   vertex -6.833985465580024 16.498700396063906 -2.2559982041574704
  endloop
 endfacet
 facet normal 0.32080788316104497 -0.9450695485018615 0.06265660855980858
  outer loop
   vertex -4.658742811845375 17.38666487320323 1.102182119232618e-15
   vertex -6.833985465580024 16.498700396063906 -2.2559982041574704
   vertex -4.622007233274946 17.249565827532948 -2.2559982041574704
  endloop
 endfacet
 facet normal 0.31576960272674487 -0.9302272529561518 0.18699415993940904
  outer loop
   vertex -4.622007233274946 17.249565827532948 -2.2559982041574704
   vertex -6.833985465580024 16.498700396063906 -2.2559982041574704
   vertex -6.6718931153712 16.107374845832833 -4.476417968967388
  endloop
 endfacet
 facet normal 0.3157696027267447 -0.9302272529561518 0.18699415993940924
  outer loop
   vertex -4.622007233274946 17.249565827532948 -2.2559982041574704
   vertex -6.6718931153712 16.107374845832833 -4.476417968967388
   vertex -4.512379839582481 16.840430824371314 -4.476417968967388
  endloop
 endfacet
 facet normal 0.30576955352694135 -0.9007680579727472 0.30841836176197496
  outer loop
   vertex -4.512379839582481 16.840430824371314 -4.476417968967388
   vertex -6.6718931153712 16.107374845832833 -4.476417968967388
   vertex -6.404581025137215 15.462026372203646 -6.626241948324203
  endloop
 endfacet
 facet normal 0.30576955352694235 -0.9007680579727473 0.3084183617619741
  outer loop
   vertex -4.512379839582481 16.840430824371314 -4.476417968967388
   vertex -6.404581025137215 15.462026372203646 -6.626241948324203
   vertex -4.331589520254744 16.1657121671236 -6.626241948324203
  endloop
 endfacet
 facet normal 0.2909599614690631 -0.8571404066141595 0.4250324977825045
  outer loop
   vertex -4.331589520254744 16.1657121671236 -6.626241948324203
   vertex -6.404581025137215 15.462026372203646 -6.626241948324203
   vertex -6.03626486622556 14.572832506117965 -8.67156613383087
  endloop
 endfacet
 facet normal 0.2909599614690629 -0.8571404066141595 0.4250324977825047
  outer loop
   vertex -4.331589520254744 16.1657121671236 -6.626241948324203
   vertex -6.03626486622556 14.572832506117965 -8.67156613383087
   vertex -4.082487446626435 15.236050572071987 -8.67156613383087
  endloop
 endfacet
 facet normal 0.27156712861823606 -0.800010963266589 0.535008180598494
  outer loop
   vertex -4.082487446626435 15.236050572071987 -8.67156613383087
   vertex -6.03626486622556 14.572832506117965 -8.67156613383087
   vertex -5.572753204483681 13.453816366022629 -10.580134541264515
  endloop
 endfacet
 facet normal 0.2715671286182362 -0.800010963266589 0.535008180598494
  outer loop
   vertex -4.082487446626435 15.236050572071987 -8.67156613383087
   vertex -5.572753204483681 13.453816366022629 -10.580134541264515
   vertex -3.769002107205037 14.066107357923354 -10.580134541264515
  endloop
 endfacet
 facet normal 0.2478888759109316 -0.7302570801172409 0.6366126782732624
  outer loop
   vertex -3.769002107205037 14.066107357923354 -10.580134541264515
   vertex -5.572753204483681 13.453816366022629 -10.580134541264515
   vertex -5.0213558957056925 12.122625504914783 -12.321847906716396
  endloop
 endfacet
 facet normal 0.24788887591093198 -0.730257080117241 0.6366126782732623
  outer loop
   vertex -3.769002107205037 14.066107357923354 -10.580134541264515
   vertex -5.0213558957056925 12.122625504914783 -12.321847906716396
   vertex -3.3960773530602903 12.674333228055028 -12.321847906716396
  endloop
 endfacet
 facet normal 0.2202909676465298 -0.6489562640461434 0.7282359898608608
  outer loop
   vertex -3.3960773530602903 12.674333228055028 -12.321847906716396
   vertex -5.0213558957056925 12.122625504914783 -12.321847906716396
   vertex -4.390768804839811 10.60025359788898 -13.869238369964204
  endloop
 endfacet
 facet normal 0.22029096764652903 -0.6489562640461433 0.7282359898608611
  outer loop
   vertex -3.3960773530602903 12.674333228055028 -12.321847906716396
   vertex -4.390768804839811 10.60025359788898 -13.869238369964204
   vertex -2.969594430339509 11.082677291900602 -13.869238369964204
  endloop
 endfacet
 facet normal 0.1892024183714365 -0.5573723511525801 0.8084172852265374
  outer loop
   vertex -2.969594430339509 11.082677291900602 -13.869238369964204
   vertex -4.390768804839811 10.60025359788898 -13.869238369964204
   vertex -3.690936667003458 8.910709359339897 -15.197902659036272
  endloop
 endfacet
 facet normal 0.18920241837143628 -0.5573723511525801 0.8084172852265376
  outer loop
   vertex -2.969594430339509 11.082677291900602 -13.869238369964204
   vertex -3.690936667003458 8.910709359339897 -15.197902659036272
   vertex -2.496279229502546 9.316240914382389 -15.197902659036272
  endloop
 endfacet
 facet normal 0.15510960518959327 -0.45693816218114397 0.8758701538016049
  outer loop
   vertex -2.496279229502546 9.316240914382389 -15.197902659036272
   vertex -3.690936667003458 8.910709359339897 -15.197902659036272
   vertex -2.932896253069771 7.080637911194275 -16.28688694438835
  endloop
 endfacet
 facet normal 0.15510960518959346 -0.4569381621811439 0.8758701538016049
  outer loop
   vertex -2.496279229502546 9.316240914382389 -15.197902659036272
   vertex -2.932896253069771 7.080637911194275 -16.28688694438835
   vertex -1.9835962140113996 7.4028818523918085 -16.28688694438835
  endloop
 endfacet
 facet normal 0.11854915334907619 -0.3492345441357091 0.9295059609397569
  outer loop
   vertex -1.9835962140113996 7.4028818523918085 -16.28688694438835
   vertex -2.932896253069771 7.080637911194275 -16.28688694438835
   vertex -2.128602313197877 5.138900573421057 -17.119017293312762
  endloop
 endfacet
 facet normal 0.1185491533490762 -0.3492345441357091 0.9295059609397568
  outer loop
   vertex -1.9835962140113996 7.4028818523918085 -16.28688694438835
   vertex -2.128602313197877 5.138900573421057 -17.119017293312762
   vertex -1.4396307012823515 5.3727749213217475 -17.119017293312762
  endloop
 endfacet
 facet normal 0.08009962646326836 -0.23596589046038988 0.9684545153902068
  outer loop
   vertex -1.4396307012823515 5.3727749213217475 -17.119017293312762
   vertex -2.128602313197877 5.138900573421057 -17.119017293312762
   vertex -1.2907390432814592 3.1161197037745723 -17.681170513116395
  endloop
 endfacet
 facet normal 0.0800996264632685 -0.2359658904603899 0.9684545153902068
  outer loop
   vertex -1.4396307012823515 5.3727749213217475 -17.119017293312762
   vertex -1.2907390432814592 3.1161197037745723 -17.681170513116395
   vertex -0.8729613524003813 3.2579361202022614 -17.681170513116395
  endloop
 endfacet
 facet normal 0.04037212814016269 -0.11893245433226879 0.9920812278114817
  outer loop
   vertex -0.8729613524003813 3.2579361202022614 -17.681170513116395
   vertex -1.2907390432814592 3.1161197037745723 -17.681170513116395
   vertex -0.43252004760236856 1.044195764919895 -17.96448111170889
  endloop
 endfacet
 facet normal 0.040372128140162555 -0.11893245433226875 0.9920812278114817
  outer loop
   vertex -0.8729613524003813 3.2579361202022614 -17.681170513116395
   vertex -0.43252004760236856 1.044195764919895 -17.96448111170889
   vertex -0.2925248815092263 1.0917177202704977 -17.96448111170889
  endloop
 endfacet
 facet normal 0.055550539382665354 -0.11264535054034767 -0.9920812278114818
  outer loop
   vertex -0.4325200476023671 1.0441957649198914 17.96448111170889
   vertex -0.5651146757638201 0.9788073305257493 17.96448111170889
   vertex -1.6864318312715207 2.9209856152636995 17.681170513116395
  endloop
 endfacet
 facet normal 0.05555053938266529 -0.11264535054034773 -0.9920812278114818
  outer loop
   vertex -0.4325200476023671 1.0441957649198914 17.96448111170889
   vertex -1.6864318312715207 2.9209856152636995 17.681170513116395
   vertex -1.2907390432814594 3.1161197037745727 17.681170513116395
  endloop
 endfacet
 facet normal 0.11021409223057786 -0.22349207031595117 -0.9684545153902064
  outer loop
   vertex -1.2907390432814594 3.1161197037745727 17.681170513116395
   vertex -1.6864318312715207 2.9209856152636995 17.681170513116395
   vertex -2.7811529493745253 4.817098211936714 17.119017293312762
  endloop
 endfacet
 facet normal 0.110214092230578 -0.22349207031595114 -0.9684545153902064
  outer loop
   vertex -1.2907390432814594 3.1161197037745727 17.681170513116395
   vertex -2.7811529493745253 4.817098211936714 17.119017293312762
   vertex -2.128602313197873 5.138900573421048 17.119017293312762
  endloop
 endfacet
 facet normal 0.1631192041458961 -0.3307730246200063 -0.9295059609397577
  outer loop
   vertex -2.128602313197873 5.138900573421048 17.119017293312762
   vertex -2.7811529493745253 4.817098211936714 17.119017293312762
   vertex -3.8320136240856515 6.6372422922124965 16.286886944388353
  endloop
 endfacet
 facet normal 0.16311920414589604 -0.33077302462000646 -0.9295059609397576
  outer loop
   vertex -2.128602313197873 5.138900573421048 17.119017293312762
   vertex -3.8320136240856515 6.6372422922124965 16.286886944388353
   vertex -2.932896253069769 7.08063791119427 16.286886944388353
  endloop
 endfacet
 facet normal 0.2134250194044757 -0.43278312671793473 -0.875870153801605
  outer loop
   vertex -2.932896253069769 7.08063791119427 16.286886944388353
   vertex -3.8320136240856515 6.6372422922124965 16.286886944388353
   vertex -4.822441154810967 8.352713096643729 15.197902659036274
  endloop
 endfacet
 facet normal 0.21342501940447556 -0.4327831267179348 -0.8758701538016049
  outer loop
   vertex -2.932896253069769 7.08063791119427 16.286886944388353
   vertex -4.822441154810967 8.352713096643729 15.197902659036274
   vertex -3.690936667003457 8.910709359339895 15.197902659036274
  endloop
 endfacet
 facet normal 0.26033545609854236 -0.5279080821932169 -0.8084172852265368
  outer loop
   vertex -3.690936667003457 8.910709359339895 15.197902659036274
   vertex -4.822441154810967 8.352713096643729 15.197902659036274
   vertex -5.736815907738204 9.936456625871942 13.869238369964206
  endloop
 endfacet
 facet normal 0.2603354560985427 -0.5279080821932164 -0.808417285226537
  outer loop
   vertex -3.690936667003457 8.910709359339895 15.197902659036274
   vertex -5.736815907738204 9.936456625871942 13.869238369964206
   vertex -4.3907688048398095 10.600253597888974 13.869238369964206
  endloop
 endfacet
 facet normal 0.30311213794350866 -0.6146506120575219 -0.7282359898608617
  outer loop
   vertex -4.3907688048398095 10.600253597888974 13.869238369964206
   vertex -5.736815907738204 9.936456625871942 13.869238369964206
   vertex -6.5607176467927015 11.363496298358688 12.321847906716394
  endloop
 endfacet
 facet normal 0.3031121379435083 -0.6146506120575224 -0.7282359898608615
  outer loop
   vertex -4.3907688048398095 10.600253597888974 13.869238369964206
   vertex -6.5607176467927015 11.363496298358688 12.321847906716394
   vertex -5.0213558957056925 12.122625504914785 12.321847906716394
  endloop
 endfacet
 facet normal 0.341085828223059 -0.6916536384977194 -0.6366126782732621
  outer loop
   vertex -5.0213558957056925 12.122625504914785 12.321847906716394
   vertex -6.5607176467927015 11.363496298358688 12.321847906716394
   vertex -7.2811529493745235 12.611326845996663 10.580134541264515
  endloop
 endfacet
 facet normal 0.34108582822305933 -0.6916536384977191 -0.6366126782732624
  outer loop
   vertex -5.0213558957056925 12.122625504914785 12.321847906716394
   vertex -7.2811529493745235 12.611326845996663 10.580134541264515
   vertex -5.572753204483681 13.453816366022629 10.580134541264515
  endloop
 endfacet
 facet normal 0.37366621895607355 -0.7577201353427006 -0.5350081805984943
  outer loop
   vertex -5.572753204483681 13.453816366022629 10.580134541264515
   vertex -7.2811529493745235 12.611326845996663 10.580134541264515
   vertex -7.886760120394769 13.660269235631782 8.671566133830876
  endloop
 endfacet
 facet normal 0.37366621895607366 -0.7577201353427006 -0.5350081805984944
  outer loop
   vertex -5.572753204483681 13.453816366022629 10.580134541264515
   vertex -7.886760120394769 13.660269235631782 8.671566133830876
   vertex -6.03626486622556 14.572832506117964 8.671566133830876
  endloop
 endfacet
 facet normal 0.40035003213731707 -0.811829555754418 -0.4250324977825032
  outer loop
   vertex -6.03626486622556 14.572832506117964 8.671566133830876
   vertex -7.886760120394769 13.660269235631782 8.671566133830876
   vertex -8.367988372994258 14.493781019171687 6.626241948324205
  endloop
 endfacet
 facet normal 0.40035003213731696 -0.8118295557544182 -0.425032497782503
  outer loop
   vertex -6.03626486622556 14.572832506117964 8.671566133830876
   vertex -8.367988372994258 14.493781019171687 6.626241948324205
   vertex -6.4045810251372135 15.462026372203642 6.626241948324205
  endloop
 endfacet
 facet normal 0.4207274772894835 -0.8531509268480498 -0.3084183617619757
  outer loop
   vertex -6.4045810251372135 15.462026372203642 6.626241948324205
   vertex -8.367988372994258 14.493781019171687 6.626241948324205
   vertex -8.717248450157676 15.098717217874155 4.476417968967385
  endloop
 endfacet
 facet normal 0.42072747728948356 -0.8531509268480495 -0.30841836176197585
  outer loop
   vertex -6.4045810251372135 15.462026372203642 6.626241948324205
   vertex -8.717248450157676 15.098717217874155 4.476417968967385
   vertex -6.6718931153712 16.107374845832833 4.476417968967385
  endloop
 endfacet
 facet normal 0.43448717122916597 -0.8810528259904922 -0.18699415993940854
  outer loop
   vertex -6.6718931153712 16.107374845832833 4.476417968967385
   vertex -8.717248450157676 15.098717217874155 4.476417968967385
   vertex -8.929032311830296 15.465537626514271 2.2559982041574806
  endloop
 endfacet
 facet normal 0.43448717122916597 -0.8810528259904921 -0.18699415993940852
  outer loop
   vertex -6.6718931153712 16.107374845832833 4.476417968967385
   vertex -8.929032311830296 15.465537626514271 2.2559982041574806
   vertex -6.833985465580023 16.498700396063903 2.2559982041574806
  endloop
 endfacet
 facet normal 0.4414196567972991 -0.8951105160798513 -0.06265660855980947
  outer loop
   vertex -6.833985465580023 16.498700396063903 2.2559982041574806
   vertex -8.929032311830296 15.465537626514271 2.2559982041574806
   vertex -8.999999999999996 15.588457268119896 1.102182119232618e-15
  endloop
 endfacet
 facet normal 0.4414196567972985 -0.8951105160798515 -0.06265660855980881
  outer loop
   vertex -6.833985465580023 16.498700396063903 2.2559982041574806
   vertex -8.999999999999996 15.588457268119896 1.102182119232618e-15
   vertex -6.888301782571615 16.62983158520316 1.102182119232618e-15
  endloop
 endfacet
 facet normal 0.44141965679729855 -0.8951105160798516 0.06265660855980787
  outer loop
   vertex -6.888301782571615 16.62983158520316 1.102182119232618e-15
   vertex -8.999999999999996 15.588457268119896 1.102182119232618e-15
   vertex -8.929032311830298 15.465537626514275 -2.2559982041574704
  endloop
 endfacet
 facet normal 0.4414196567972989 -0.8951105160798514 0.06265660855980745
  outer loop
   vertex -6.888301782571615 16.62983158520316 1.102182119232618e-15
   vertex -8.929032311830298 15.465537626514275 -2.2559982041574704
   vertex -6.833985465580024 16.498700396063906 -2.2559982041574704
  endloop
 endfacet
 facet normal 0.4344871712291658 -0.8810528259904921 0.1869941599394091
  outer loop
   vertex -6.833985465580024 16.498700396063906 -2.2559982041574704
   vertex -8.929032311830298 15.465537626514275 -2.2559982041574704
   vertex -8.717248450157676 15.098717217874155 -4.476417968967388
  endloop
 endfacet
 facet normal 0.4344871712291659 -0.881052825990492 0.18699415993940902
  outer loop
   vertex -6.833985465580024 16.498700396063906 -2.2559982041574704
   vertex -8.717248450157676 15.098717217874155 -4.476417968967388
   vertex -6.6718931153712 16.107374845832833 -4.476417968967388
  endloop
 endfacet
 facet normal 0.4207274772894839 -0.8531509268480499 0.3084183617619747
  outer loop
   vertex -6.6718931153712 16.107374845832833 -4.476417968967388
   vertex -8.717248450157676 15.098717217874155 -4.476417968967388
   vertex -8.36798837299426 14.49378101917169 -6.626241948324203
  endloop
 endfacet
 facet normal 0.42072747728948356 -0.8531509268480499 0.30841836176197485
  outer loop
   vertex -6.6718931153712 16.107374845832833 -4.476417968967388
   vertex -8.36798837299426 14.49378101917169 -6.626241948324203
   vertex -6.404581025137215 15.462026372203646 -6.626241948324203
  endloop
 endfacet
 facet normal 0.4003500321373166 -0.8118295557544175 0.4250324977825045
  outer loop
   vertex -6.404581025137215 15.462026372203646 -6.626241948324203
   vertex -8.36798837299426 14.49378101917169 -6.626241948324203
   vertex -7.8867601203947695 13.660269235631784 -8.67156613383087
  endloop
 endfacet
 facet normal 0.4003500321373166 -0.8118295557544175 0.42503249778250446
  outer loop
   vertex -6.404581025137215 15.462026372203646 -6.626241948324203
   vertex -7.8867601203947695 13.660269235631784 -8.67156613383087
   vertex -6.03626486622556 14.572832506117965 -8.67156613383087
  endloop
 endfacet
 facet normal 0.3736662189560737 -0.7577201353427009 0.535008180598494
  outer loop
   vertex -6.03626486622556 14.572832506117965 -8.67156613383087
   vertex -7.8867601203947695 13.660269235631784 -8.67156613383087
   vertex -7.2811529493745235 12.611326845996663 -10.580134541264515
  endloop
 endfacet
 facet normal 0.37366621895607366 -0.7577201353427008 0.535008180598494
  outer loop
   vertex -6.03626486622556 14.572832506117965 -8.67156613383087
   vertex -7.2811529493745235 12.611326845996663 -10.580134541264515
   vertex -5.572753204483681 13.453816366022629 -10.580134541264515
  endloop
 endfacet
 facet normal 0.34108582822305944 -0.6916536384977191 0.6366126782732623
  outer loop
   vertex -5.572753204483681 13.453816366022629 -10.580134541264515
   vertex -7.2811529493745235 12.611326845996663 -10.580134541264515
   vertex -6.560717646792701 11.363496298358687 -12.321847906716396
  endloop
 endfacet
 facet normal 0.34108582822305916 -0.6916536384977191 0.6366126782732625
  outer loop
   vertex -5.572753204483681 13.453816366022629 -10.580134541264515
   vertex -6.560717646792701 11.363496298358687 -12.321847906716396
   vertex -5.0213558957056925 12.122625504914783 -12.321847906716396
  endloop
 endfacet
 facet normal 0.3031121379435087 -0.6146506120575229 0.7282359898608609
  outer loop
   vertex -5.0213558957056925 12.122625504914783 -12.321847906716396
   vertex -6.560717646792701 11.363496298358687 -12.321847906716396
   vertex -5.736815907738206 9.936456625871948 -13.869238369964204
  endloop
 endfacet
 facet normal 0.303112137943509 -0.6146506120575229 0.7282359898608607
  outer loop
   vertex -5.0213558957056925 12.122625504914783 -12.321847906716396
   vertex -5.736815907738206 9.936456625871948 -13.869238369964204
   vertex -4.390768804839811 10.60025359788898 -13.869238369964204
  endloop
 endfacet
 facet normal 0.2603354560985423 -0.527908082193216 0.8084172852265373
  outer loop
   vertex -4.390768804839811 10.60025359788898 -13.869238369964204
   vertex -5.736815907738206 9.936456625871948 -13.869238369964204
   vertex -4.822441154810968 8.35271309664373 -15.197902659036272
  endloop
 endfacet
 facet normal 0.26033545609854175 -0.527908082193216 0.8084172852265374
  outer loop
   vertex -4.390768804839811 10.60025359788898 -13.869238369964204
   vertex -4.822441154810968 8.35271309664373 -15.197902659036272
   vertex -3.690936667003458 8.910709359339897 -15.197902659036272
  endloop
 endfacet
 facet normal 0.21342501940447553 -0.43278312671793484 0.875870153801605
  outer loop
   vertex -3.690936667003458 8.910709359339897 -15.197902659036272
   vertex -4.822441154810968 8.35271309664373 -15.197902659036272
   vertex -3.832013624085654 6.637242292212501 -16.28688694438835
  endloop
 endfacet
 facet normal 0.21342501940447597 -0.4327831267179348 0.8758701538016048
  outer loop
   vertex -3.690936667003458 8.910709359339897 -15.197902659036272
   vertex -3.832013624085654 6.637242292212501 -16.28688694438835
   vertex -2.932896253069771 7.080637911194275 -16.28688694438835
  endloop
 endfacet
 facet normal 0.16311920414589698 -0.33077302462000807 0.9295059609397567
  outer loop
   vertex -2.932896253069771 7.080637911194275 -16.28688694438835
   vertex -3.832013624085654 6.637242292212501 -16.28688694438835
   vertex -2.78115294937453 4.817098211936723 -17.119017293312762
  endloop
 endfacet
 facet normal 0.1631192041458968 -0.33077302462000824 0.9295059609397568
  outer loop
   vertex -2.932896253069771 7.080637911194275 -16.28688694438835
   vertex -2.78115294937453 4.817098211936723 -17.119017293312762
   vertex -2.128602313197877 5.138900573421057 -17.119017293312762
  endloop
 endfacet
 facet normal 0.11021409223057733 -0.22349207031595023 0.9684545153902069
  outer loop
   vertex -2.128602313197877 5.138900573421057 -17.119017293312762
   vertex -2.78115294937453 4.817098211936723 -17.119017293312762
   vertex -1.6864318312715205 2.920985615263699 -17.681170513116395
  endloop
 endfacet
 facet normal 0.11021409223057735 -0.22349207031595014 0.9684545153902067
  outer loop
   vertex -2.128602313197877 5.138900573421057 -17.119017293312762
   vertex -1.6864318312715205 2.920985615263699 -17.681170513116395
   vertex -1.2907390432814592 3.1161197037745723 -17.681170513116395
  endloop
 endfacet
 facet normal 0.055550539382665444 -0.11264535054034791 0.9920812278114817
  outer loop
   vertex -1.2907390432814592 3.1161197037745723 -17.681170513116395
   vertex -1.6864318312715205 2.920985615263699 -17.681170513116395
   vertex -0.565114675763822 0.9788073305257526 -17.96448111170889
  endloop
 endfacet
 facet normal 0.05555053938266517 -0.11264535054034797 0.9920812278114818
  outer loop
   vertex -1.2907390432814592 3.1161197037745723 -17.681170513116395
   vertex -0.565114675763822 0.9788073305257526 -17.96448111170889
   vertex -0.43252004760236856 1.044195764919895 -17.96448111170889
  endloop
 endfacet
 facet normal 0.06977846549481143 -0.10443085356949004 -0.9920812278114817
  outer loop
   vertex -0.5651146757638201 0.9788073305257493 17.96448111170889
   vertex -0.6880400351435663 0.8966712313296504 17.96448111170889
   vertex -2.05326930306129 2.6758726530254524 17.681170513116395
  endloop
 endfacet
 facet normal 0.06977846549481152 -0.10443085356948996 -0.9920812278114818
  outer loop
   vertex -0.5651146757638201 0.9788073305257493 17.96448111170889
   vertex -2.05326930306129 2.6758726530254524 17.681170513116395
   vertex -1.6864318312715207 2.9209856152636995 17.681170513116395
  endloop
 endfacet
 facet normal 0.1384427643227027 -0.20719423888469718 -0.9684545153902064
  outer loop
   vertex -1.6864318312715207 2.9209856152636995 17.681170513116395
   vertex -2.05326930306129 2.6758726530254524 17.681170513116395
   vertex -3.38611728750611 4.412873964494202 17.119017293312762
  endloop
 endfacet
 facet normal 0.13844276432270272 -0.20719423888469723 -0.9684545153902064
  outer loop
   vertex -1.6864318312715207 2.9209856152636995 17.681170513116395
   vertex -3.38611728750611 4.412873964494202 17.119017293312762
   vertex -2.7811529493745253 4.817098211936714 17.119017293312762
  endloop
 endfacet
 facet normal 0.2048982401345928 -0.30665188694544915 -0.9295059609397576
  outer loop
   vertex -2.7811529493745253 4.817098211936714 17.119017293312762
   vertex -3.38611728750611 4.412873964494202 17.119017293312762
   vertex -4.665564179558538 6.080281617419749 16.286886944388353
  endloop
 endfacet
 facet normal 0.2048982401345928 -0.30665188694544926 -0.9295059609397577
  outer loop
   vertex -2.7811529493745253 4.817098211936714 17.119017293312762
   vertex -4.665564179558538 6.080281617419749 16.286886944388353
   vertex -3.8320136240856515 6.6372422922124965 16.286886944388353
  endloop
 endfacet
 facet normal 0.2680886723647532 -0.40122305196643054 -0.8758701538016049
  outer loop
   vertex -3.8320136240856515 6.6372422922124965 16.286886944388353
   vertex -4.665564179558538 6.080281617419749 16.286886944388353
   vertex -5.871432337426381 7.651799597054407 15.197902659036274
  endloop
 endfacet
 facet normal 0.2680886723647534 -0.40122305196643004 -0.8758701538016049
  outer loop
   vertex -3.8320136240856515 6.6372422922124965 16.286886944388353
   vertex -5.871432337426381 7.651799597054407 15.197902659036274
   vertex -4.822441154810967 8.352713096643729 15.197902659036274
  endloop
 endfacet
 facet normal 0.3270140819931777 -0.48941115958375436 -0.8084172852265371
  outer loop
   vertex -4.822441154810967 8.352713096643729 15.197902659036274
   vertex -5.871432337426381 7.651799597054407 15.197902659036274
   vertex -6.984704499909343 9.102644126080001 13.869238369964206
  endloop
 endfacet
 facet normal 0.3270140819931773 -0.48941115958375514 -0.8084172852265367
  outer loop
   vertex -4.822441154810967 8.352713096643729 15.197902659036274
   vertex -6.984704499909343 9.102644126080001 13.869238369964206
   vertex -5.736815907738204 9.936456625871942 13.869238369964206
  endloop
 endfacet
 facet normal 0.38074697552171294 -0.569828117683253 -0.7282359898608615
  outer loop
   vertex -5.736815907738204 9.936456625871942 13.869238369964206
   vertex -6.984704499909343 9.102644126080001 13.869238369964206
   vertex -7.987823699968515 10.409934519581288 12.321847906716394
  endloop
 endfacet
 facet normal 0.38074697552171316 -0.5698281176832526 -0.7282359898608618
  outer loop
   vertex -5.736815907738204 9.936456625871942 13.869238369964206
   vertex -7.987823699968515 10.409934519581288 12.321847906716394
   vertex -6.5607176467927015 11.363496298358688 12.321847906716394
  endloop
 endfacet
 facet normal 0.4284467074474334 -0.6412158113608845 -0.6366126782732623
  outer loop
   vertex -6.5607176467927015 11.363496298358688 12.321847906716394
   vertex -7.987823699968515 10.409934519581288 12.321847906716394
   vertex -8.864970148584597 11.55305402711532 10.580134541264515
  endloop
 endfacet
 facet normal 0.42844670744743324 -0.6412158113608848 -0.6366126782732621
  outer loop
   vertex -6.5607176467927015 11.363496298358688 12.321847906716394
   vertex -8.864970148584597 11.55305402711532 10.580134541264515
   vertex -7.2811529493745235 12.611326845996663 10.580134541264515
  endloop
 endfacet
 facet normal 0.46937177668772445 -0.7024645058233887 -0.5350081805984943
  outer loop
   vertex -7.2811529493745235 12.611326845996663 10.580134541264515
   vertex -8.864970148584597 11.55305402711532 10.580134541264515
   vertex -9.602310722281022 12.513974971181794 8.671566133830876
  endloop
 endfacet
 facet normal 0.4693717766877245 -0.7024645058233886 -0.5350081805984943
  outer loop
   vertex -7.2811529493745235 12.611326845996663 10.580134541264515
   vertex -9.602310722281022 12.513974971181794 8.671566133830876
   vertex -7.886760120394769 13.660269235631782 8.671566133830876
  endloop
 endfacet
 facet normal 0.5028900027577022 -0.7526280761140421 -0.4250324977825032
  outer loop
   vertex -7.886760120394769 13.660269235631782 8.671566133830876
   vertex -9.602310722281022 12.513974971181794 8.671566133830876
   vertex -10.188217119744692 13.277543054466431 6.626241948324205
  endloop
 endfacet
 facet normal 0.5028900027577023 -0.7526280761140423 -0.4250324977825032
  outer loop
   vertex -7.886760120394769 13.660269235631782 8.671566133830876
   vertex -10.188217119744692 13.277543054466431 6.626241948324205
   vertex -8.367988372994258 14.493781019171687 6.626241948324205
  endloop
 endfacet
 facet normal 0.5284866372679081 -0.7909361468268585 -0.30841836176197523
  outer loop
   vertex -8.367988372994258 14.493781019171687 6.626241948324205
   vertex -10.188217119744692 13.277543054466431 6.626241948324205
   vertex -10.61344924708409 13.831716352162376 4.476417968967385
  endloop
 endfacet
 facet normal 0.5284866372679083 -0.7909361468268582 -0.3084183617619757
  outer loop
   vertex -8.367988372994258 14.493781019171687 6.626241948324205
   vertex -10.61344924708409 13.831716352162376 4.476417968967385
   vertex -8.717248450157676 15.098717217874155 4.476417968967385
  endloop
 endfacet
 facet normal 0.5457705437692536 -0.816803340898143 -0.18699415993940846
  outer loop
   vertex -8.717248450157676 15.098717217874155 4.476417968967385
   vertex -10.61344924708409 13.831716352162376 4.476417968967385
   vertex -10.871300939629707 14.167755220317876 2.2559982041574806
  endloop
 endfacet
 facet normal 0.5457705437692536 -0.8168033408981431 -0.18699415993940852
  outer loop
   vertex -8.717248450157676 15.098717217874155 4.476417968967385
   vertex -10.871300939629707 14.167755220317876 2.2559982041574806
   vertex -8.929032311830296 15.465537626514271 2.2559982041574806
  endloop
 endfacet
 facet normal 0.5544786177211009 -0.8298358945561948 -0.06265660855980966
  outer loop
   vertex -8.929032311830296 15.465537626514271 2.2559982041574806
   vertex -10.871300939629707 14.167755220317876 2.2559982041574806
   vertex -10.957705722156971 14.280360125242233 1.102182119232618e-15
  endloop
 endfacet
 facet normal 0.5544786177211007 -0.8298358945561949 -0.06265660855980947
  outer loop
   vertex -8.929032311830296 15.465537626514271 2.2559982041574806
   vertex -10.957705722156971 14.280360125242233 1.102182119232618e-15
   vertex -8.999999999999996 15.588457268119896 1.102182119232618e-15
  endloop
 endfacet
 facet normal 0.5544786177211007 -0.829835894556195 0.06265660855980777
  outer loop
   vertex -8.999999999999996 15.588457268119896 1.102182119232618e-15
   vertex -10.957705722156971 14.280360125242233 1.102182119232618e-15
   vertex -10.87130093962971 14.16775522031788 -2.2559982041574704
  endloop
 endfacet
 facet normal 0.5544786177211005 -0.8298358945561952 0.06265660855980795
  outer loop
   vertex -8.999999999999996 15.588457268119896 1.102182119232618e-15
   vertex -10.87130093962971 14.16775522031788 -2.2559982041574704
   vertex -8.929032311830298 15.465537626514275 -2.2559982041574704
  endloop
 endfacet
 facet normal 0.5457705437692532 -0.8168033408981431 0.1869941599394096
  outer loop
   vertex -8.929032311830298 15.465537626514275 -2.2559982041574704
   vertex -10.87130093962971 14.16775522031788 -2.2559982041574704
   vertex -10.61344924708409 13.831716352162376 -4.476417968967388
  endloop
 endfacet
 facet normal 0.5457705437692535 -0.8168033408981429 0.18699415993940915
  outer loop
   vertex -8.929032311830298 15.465537626514275 -2.2559982041574704
   vertex -10.61344924708409 13.831716352162376 -4.476417968967388
   vertex -8.717248450157676 15.098717217874155 -4.476417968967388
  endloop
 endfacet
 facet normal 0.5284866372679087 -0.7909361468268585 0.30841836176197424
  outer loop
   vertex -8.717248450157676 15.098717217874155 -4.476417968967388
   vertex -10.61344924708409 13.831716352162376 -4.476417968967388
   vertex -10.188217119744694 13.277543054466435 -6.626241948324203
  endloop
 endfacet
 facet normal 0.5284866372679082 -0.7909361468268586 0.3084183617619747
  outer loop
   vertex -8.717248450157676 15.098717217874155 -4.476417968967388
   vertex -10.188217119744694 13.277543054466435 -6.626241948324203
   vertex -8.36798837299426 14.49378101917169 -6.626241948324203
  endloop
 endfacet
 facet normal 0.5028900027577019 -0.7526280761140415 0.42503249778250485
  outer loop
   vertex -8.36798837299426 14.49378101917169 -6.626241948324203
   vertex -10.188217119744694 13.277543054466435 -6.626241948324203
   vertex -9.602310722281024 12.513974971181794 -8.67156613383087
  endloop
 endfacet
 facet normal 0.5028900027577023 -0.7526280761140415 0.4250324977825045
  outer loop
   vertex -8.36798837299426 14.49378101917169 -6.626241948324203
   vertex -9.602310722281024 12.513974971181794 -8.67156613383087
   vertex -7.8867601203947695 13.660269235631784 -8.67156613383087
  endloop
 endfacet
 facet normal 0.46937177668772506 -0.7024645058233888 0.5350081805984935
  outer loop
   vertex -7.8867601203947695 13.660269235631784 -8.67156613383087
   vertex -9.602310722281024 12.513974971181794 -8.67156613383087
   vertex -8.864970148584597 11.55305402711532 -10.580134541264515
  endloop
 endfacet
 facet normal 0.4693717766877246 -0.7024645058233889 0.5350081805984939
  outer loop
   vertex -7.8867601203947695 13.660269235631784 -8.67156613383087
   vertex -8.864970148584597 11.55305402711532 -10.580134541264515
   vertex -7.2811529493745235 12.611326845996663 -10.580134541264515
  endloop
 endfacet
 facet normal 0.42844670744743313 -0.6412158113608843 0.6366126782732623
  outer loop
   vertex -7.2811529493745235 12.611326845996663 -10.580134541264515
   vertex -8.864970148584597 11.55305402711532 -10.580134541264515
   vertex -7.987823699968514 10.409934519581286 -12.321847906716396
  endloop
 endfacet
 facet normal 0.4284467074474334 -0.6412158113608845 0.6366126782732622
  outer loop
   vertex -7.2811529493745235 12.611326845996663 -10.580134541264515
   vertex -7.987823699968514 10.409934519581286 -12.321847906716396
   vertex -6.560717646792701 11.363496298358687 -12.321847906716396
  endloop
 endfacet
 facet normal 0.38074697552171377 -0.5698281176832534 0.7282359898608609
  outer loop
   vertex -6.560717646792701 11.363496298358687 -12.321847906716396
   vertex -7.987823699968514 10.409934519581286 -12.321847906716396
   vertex -6.984704499909347 9.102644126080005 -13.869238369964204
  endloop
 endfacet
 facet normal 0.38074697552171366 -0.5698281176832534 0.7282359898608609
  outer loop
   vertex -6.560717646792701 11.363496298358687 -12.321847906716396
   vertex -6.984704499909347 9.102644126080005 -13.869238369964204
   vertex -5.736815907738206 9.936456625871948 -13.869238369964204
  endloop
 endfacet
 facet normal 0.3270140819931771 -0.4894111595837542 0.8084172852265374
  outer loop
   vertex -5.736815907738206 9.936456625871948 -13.869238369964204
   vertex -6.984704499909347 9.102644126080005 -13.869238369964204
   vertex -5.871432337426382 7.651799597054409 -15.197902659036272
  endloop
 endfacet
 facet normal 0.3270140819931774 -0.48941115958375414 0.8084172852265374
  outer loop
   vertex -5.736815907738206 9.936456625871948 -13.869238369964204
   vertex -5.871432337426382 7.651799597054409 -15.197902659036272
   vertex -4.822441154810968 8.35271309664373 -15.197902659036272
  endloop
 endfacet
 facet normal 0.2680886723647534 -0.4012230519664304 0.8758701538016048
  outer loop
   vertex -4.822441154810968 8.35271309664373 -15.197902659036272
   vertex -5.871432337426382 7.651799597054409 -15.197902659036272
   vertex -4.665564179558541 6.080281617419754 -16.28688694438835
  endloop
 endfacet
 facet normal 0.26808867236475276 -0.4012230519664305 0.8758701538016052
  outer loop
   vertex -4.822441154810968 8.35271309664373 -15.197902659036272
   vertex -4.665564179558541 6.080281617419754 -16.28688694438835
   vertex -3.832013624085654 6.637242292212501 -16.28688694438835
  endloop
 endfacet
 facet normal 0.20489824013459368 -0.3066518869454509 0.9295059609397567
  outer loop
   vertex -3.832013624085654 6.637242292212501 -16.28688694438835
   vertex -4.665564179558541 6.080281617419754 -16.28688694438835
   vertex -3.386117287506116 4.41287396449421 -17.119017293312762
  endloop
 endfacet
 facet normal 0.20489824013459404 -0.3066518869454508 0.9295059609397568
  outer loop
   vertex -3.832013624085654 6.637242292212501 -16.28688694438835
   vertex -3.386117287506116 4.41287396449421 -17.119017293312762
   vertex -2.78115294937453 4.817098211936723 -17.119017293312762
  endloop
 endfacet
 facet normal 0.13844276432270208 -0.20719423888469626 0.9684545153902068
  outer loop
   vertex -2.78115294937453 4.817098211936723 -17.119017293312762
   vertex -3.386117287506116 4.41287396449421 -17.119017293312762
   vertex -2.0532693030612896 2.675872653025452 -17.681170513116395
  endloop
 endfacet
 facet normal 0.13844276432270225 -0.2071942388846962 0.9684545153902068
  outer loop
   vertex -2.78115294937453 4.817098211936723 -17.119017293312762
   vertex -2.0532693030612896 2.675872653025452 -17.681170513116395
   vertex -1.6864318312715205 2.920985615263699 -17.681170513116395
  endloop
 endfacet
 facet normal 0.06977846549481166 -0.10443085356949017 0.9920812278114818
  outer loop
   vertex -1.6864318312715205 2.920985615263699 -17.681170513116395
   vertex -2.0532693030612896 2.675872653025452 -17.681170513116395
   vertex -0.6880400351435685 0.8966712313296534 -17.96448111170889
  endloop
 endfacet
 facet normal 0.0697784654948116 -0.10443085356948999 0.9920812278114818
  outer loop
   vertex -1.6864318312715205 2.920985615263699 -17.681170513116395
   vertex -0.6880400351435685 0.8966712313296534 -17.96448111170889
   vertex -0.565114675763822 0.9788073305257526 -17.96448111170889
  endloop
 endfacet
 facet normal 0.08281246271609598 -0.09442951574035563 -0.9920812278114818
  outer loop
   vertex -0.6880400351435663 0.8966712313296504 17.96448111170889
   vertex -0.7991928387612689 0.799192838761269 17.96448111170889
   vertex -2.3849747678018804 2.384974767801881 17.681170513116395
  endloop
 endfacet
 facet normal 0.08281246271609595 -0.09442951574035564 -0.9920812278114818
  outer loop
   vertex -0.6880400351435663 0.8966712313296504 17.96448111170889
   vertex -2.3849747678018804 2.384974767801881 17.681170513116395
   vertex -2.05326930306129 2.6758726530254524 17.681170513116395
  endloop
 endfacet
 facet normal 0.16430264233368044 -0.18735125658103036 -0.9684545153902064
  outer loop
   vertex -2.05326930306129 2.6758726530254524 17.681170513116395
   vertex -2.3849747678018804 2.384974767801881 17.681170513116395
   vertex -3.933144220039389 3.93314422003939 17.119017293312762
  endloop
 endfacet
 facet normal 0.16430264233368042 -0.18735125658103033 -0.9684545153902064
  outer loop
   vertex -2.05326930306129 2.6758726530254524 17.681170513116395
   vertex -3.933144220039389 3.93314422003939 17.119017293312762
   vertex -3.38611728750611 4.412873964494202 17.119017293312762
  endloop
 endfacet
 facet normal 0.24317141042606244 -0.2772838504652899 -0.9295059609397577
  outer loop
   vertex -3.38611728750611 4.412873964494202 17.119017293312762
   vertex -3.933144220039389 3.93314422003939 17.119017293312762
   vertex -5.419285638380406 5.419285638380407 16.286886944388353
  endloop
 endfacet
 facet normal 0.2431714104260625 -0.27728385046528986 -0.9295059609397576
  outer loop
   vertex -3.38611728750611 4.412873964494202 17.119017293312762
   vertex -5.419285638380406 5.419285638380407 16.286886944388353
   vertex -4.665564179558538 6.080281617419749 16.286886944388353
  endloop
 endfacet
 facet normal 0.31816525381264793 -0.3627979395557344 -0.8758701538016049
  outer loop
   vertex -4.665564179558538 6.080281617419749 16.286886944388353
   vertex -5.419285638380406 5.419285638380407 16.286886944388353
   vertex -6.819961684879842 6.819961684879843 15.197902659036274
  endloop
 endfacet
 facet normal 0.318165253812648 -0.3627979395557343 -0.8758701538016049
  outer loop
   vertex -4.665564179558538 6.080281617419749 16.286886944388353
   vertex -6.819961684879842 6.819961684879843 15.197902659036274
   vertex -5.871432337426381 7.651799597054407 15.197902659036274
  endloop
 endfacet
 facet normal 0.3880974062794775 -0.442540276343406 -0.8084172852265369
  outer loop
   vertex -5.871432337426381 7.651799597054407 15.197902659036274
   vertex -6.819961684879842 6.819961684879843 15.197902659036274
   vertex -8.11308286156109 8.11308286156109 13.869238369964206
  endloop
 endfacet
 facet normal 0.3880974062794777 -0.4425402763434057 -0.808417285226537
  outer loop
   vertex -5.871432337426381 7.651799597054407 15.197902659036274
   vertex -8.11308286156109 8.11308286156109 13.869238369964206
   vertex -6.984704499909343 9.102644126080001 13.869238369964206
  endloop
 endfacet
 facet normal 0.45186712678573776 -0.5152557062292209 -0.7282359898608616
  outer loop
   vertex -6.984704499909343 9.102644126080001 13.869238369964206
   vertex -8.11308286156109 8.11308286156109 13.869238369964206
   vertex -9.278255874994738 9.27825587499474 12.321847906716394
  endloop
 endfacet
 facet normal 0.45186712678573776 -0.5152557062292209 -0.7282359898608616
  outer loop
   vertex -6.984704499909343 9.102644126080001 13.869238369964206
   vertex -9.278255874994738 9.27825587499474 12.321847906716394
   vertex -7.987823699968515 10.409934519581288 12.321847906716394
  endloop
 endfacet
 facet normal 0.5084767447195137 -0.5798066039130546 -0.6366126782732627
  outer loop
   vertex -7.987823699968515 10.409934519581288 12.321847906716394
   vertex -9.278255874994738 9.27825587499474 12.321847906716394
   vertex -10.297105250718317 10.29710525071832 10.580134541264515
  endloop
 endfacet
 facet normal 0.5084767447195133 -0.5798066039130555 -0.6366126782732624
  outer loop
   vertex -7.987823699968515 10.409934519581288 12.321847906716394
   vertex -10.297105250718317 10.29710525071832 10.580134541264515
   vertex -8.864970148584597 11.55305402711532 10.580134541264515
  endloop
 endfacet
 facet normal 0.5570462531858079 -0.6351895138494829 -0.5350081805984936
  outer loop
   vertex -8.864970148584597 11.55305402711532 10.580134541264515
   vertex -10.297105250718317 10.29710525071832 10.580134541264515
   vertex -11.15356312544555 11.153563125445551 8.671566133830876
  endloop
 endfacet
 facet normal 0.5570462531858081 -0.6351895138494821 -0.5350081805984942
  outer loop
   vertex -8.864970148584597 11.55305402711532 10.580134541264515
   vertex -11.15356312544555 11.153563125445551 8.671566133830876
   vertex -9.602310722281022 12.513974971181794 8.671566133830876
  endloop
 endfacet
 facet normal 0.5968253860034551 -0.6805489214234292 -0.4250324977825037
  outer loop
   vertex -9.602310722281022 12.513974971181794 8.671566133830876
   vertex -11.15356312544555 11.153563125445551 8.671566133830876
   vertex -11.834122646868853 11.834122646868856 6.626241948324205
  endloop
 endfacet
 facet normal 0.5968253860034548 -0.6805489214234296 -0.4250324977825032
  outer loop
   vertex -9.602310722281022 12.513974971181794 8.671566133830876
   vertex -11.834122646868853 11.834122646868856 6.626241948324205
   vertex -10.188217119744692 13.277543054466431 6.626241948324205
  endloop
 endfacet
 facet normal 0.6272032443585024 -0.7151882300445306 -0.3084183617619751
  outer loop
   vertex -10.188217119744692 13.277543054466431 6.626241948324205
   vertex -11.834122646868853 11.834122646868856 6.626241948324205
   vertex -12.328050984788833 12.328050984788835 4.476417968967385
  endloop
 endfacet
 facet normal 0.6272032443585026 -0.7151882300445304 -0.3084183617619753
  outer loop
   vertex -10.188217119744692 13.277543054466431 6.626241948324205
   vertex -12.328050984788833 12.328050984788835 4.476417968967385
   vertex -10.61344924708409 13.831716352162376 4.476417968967385
  endloop
 endfacet
 facet normal 0.6477156309892684 -0.7385781241823566 -0.18699415993940893
  outer loop
   vertex -10.61344924708409 13.831716352162376 4.476417968967385
   vertex -12.328050984788833 12.328050984788835 4.476417968967385
   vertex -12.627558594258 12.627558594258002 2.2559982041574806
  endloop
 endfacet
 facet normal 0.6477156309892681 -0.7385781241823569 -0.18699415993940843
  outer loop
   vertex -10.61344924708409 13.831716352162376 4.476417968967385
   vertex -12.627558594258 12.627558594258002 2.2559982041574806
   vertex -10.871300939629707 14.167755220317876 2.2559982041574806
  endloop
 endfacet
 facet normal 0.6580502957651793 -0.7503625508027055 -0.06265660855981003
  outer loop
   vertex -10.871300939629707 14.167755220317876 2.2559982041574806
   vertex -12.627558594258 12.627558594258002 2.2559982041574806
   vertex -12.727922061357855 12.727922061357857 1.102182119232618e-15
  endloop
 endfacet
 facet normal 0.6580502957651789 -0.7503625508027059 -0.0626566085598097
  outer loop
   vertex -10.871300939629707 14.167755220317876 2.2559982041574806
   vertex -12.727922061357855 12.727922061357857 1.102182119232618e-15
   vertex -10.957705722156971 14.280360125242233 1.102182119232618e-15
  endloop
 endfacet
 facet normal 0.6580502957651789 -0.7503625508027058 0.06265660855980922
  outer loop
   vertex -10.957705722156971 14.280360125242233 1.102182119232618e-15
   vertex -12.727922061357855 12.727922061357857 1.102182119232618e-15
   vertex -12.627558594258002 12.627558594258003 -2.2559982041574704
  endloop
 endfacet
 facet normal 0.6580502957651801 -0.750362550802705 0.06265660855980772
  outer loop
   vertex -10.957705722156971 14.280360125242233 1.102182119232618e-15
   vertex -12.627558594258002 12.627558594258003 -2.2559982041574704
   vertex -10.87130093962971 14.16775522031788 -2.2559982041574704
  endloop
 endfacet
 facet normal 0.647715630989269 -0.7385781241823562 0.18699415993940896
  outer loop
   vertex -10.87130093962971 14.16775522031788 -2.2559982041574704
   vertex -12.627558594258002 12.627558594258003 -2.2559982041574704
   vertex -12.328050984788833 12.328050984788835 -4.476417968967388
  endloop
 endfacet
 facet normal 0.6477156309892684 -0.7385781241823566 0.18699415993940957
  outer loop
   vertex -10.87130093962971 14.16775522031788 -2.2559982041574704
   vertex -12.328050984788833 12.328050984788835 -4.476417968967388
   vertex -10.61344924708409 13.831716352162376 -4.476417968967388
  endloop
 endfacet
 facet normal 0.6272032443585027 -0.7151882300445306 0.3084183617619742
  outer loop
   vertex -10.61344924708409 13.831716352162376 -4.476417968967388
   vertex -12.328050984788833 12.328050984788835 -4.476417968967388
   vertex -11.834122646868856 11.834122646868858 -6.626241948324203
  endloop
 endfacet
 facet normal 0.6272032443585026 -0.7151882300445306 0.30841836176197435
  outer loop
   vertex -10.61344924708409 13.831716352162376 -4.476417968967388
   vertex -11.834122646868856 11.834122646868858 -6.626241948324203
   vertex -10.188217119744694 13.277543054466435 -6.626241948324203
  endloop
 endfacet
 facet normal 0.5968253860034546 -0.680548921423429 0.4250324977825048
  outer loop
   vertex -10.188217119744694 13.277543054466435 -6.626241948324203
   vertex -11.834122646868856 11.834122646868858 -6.626241948324203
   vertex -11.153563125445551 11.153563125445553 -8.67156613383087
  endloop
 endfacet
 facet normal 0.5968253860034544 -0.6805489214234292 0.4250324977825048
  outer loop
   vertex -10.188217119744694 13.277543054466435 -6.626241948324203
   vertex -11.153563125445551 11.153563125445553 -8.67156613383087
   vertex -9.602310722281024 12.513974971181794 -8.67156613383087
  endloop
 endfacet
 facet normal 0.5570462531858082 -0.635189513849483 0.5350081805984935
  outer loop
   vertex -9.602310722281024 12.513974971181794 -8.67156613383087
   vertex -11.153563125445551 11.153563125445553 -8.67156613383087
   vertex -10.297105250718317 10.29710525071832 -10.580134541264515
  endloop
 endfacet
 facet normal 0.5570462531858078 -0.635189513849483 0.5350081805984938
  outer loop
   vertex -9.602310722281024 12.513974971181794 -8.67156613383087
   vertex -10.297105250718317 10.29710525071832 -10.580134541264515
   vertex -8.864970148584597 11.55305402711532 -10.580134541264515
  endloop
 endfacet
 facet normal 0.5084767447195132 -0.5798066039130553 0.6366126782732623
  outer loop
   vertex -8.864970148584597 11.55305402711532 -10.580134541264515
   vertex -10.297105250718317 10.29710525071832 -10.580134541264515
   vertex -9.278255874994738 9.27825587499474 -12.321847906716396
  endloop
 endfacet
 facet normal 0.5084767447195132 -0.5798066039130554 0.6366126782732624
  outer loop
   vertex -8.864970148584597 11.55305402711532 -10.580134541264515
   vertex -9.278255874994738 9.27825587499474 -12.321847906716396
   vertex -7.987823699968514 10.409934519581286 -12.321847906716396
  endloop
 endfacet
 facet normal 0.45186712678573754 -0.5152557062292219 0.7282359898608609
  outer loop
   vertex -7.987823699968514 10.409934519581286 -12.321847906716396
   vertex -9.278255874994738 9.27825587499474 -12.321847906716396
   vertex -8.113082861561093 8.113082861561095 -13.869238369964204
  endloop
 endfacet
 facet normal 0.4518671267857378 -0.5152557062292218 0.7282359898608608
  outer loop
   vertex -7.987823699968514 10.409934519581286 -12.321847906716396
   vertex -8.113082861561093 8.113082861561095 -13.869238369964204
   vertex -6.984704499909347 9.102644126080005 -13.869238369964204
  endloop
 endfacet
 facet normal 0.38809740627947686 -0.44254027634340565 0.8084172852265376
  outer loop
   vertex -6.984704499909347 9.102644126080005 -13.869238369964204
   vertex -8.113082861561093 8.113082861561095 -13.869238369964204
   vertex -6.819961684879844 6.8199616848798446 -15.197902659036272
  endloop
 endfacet
 facet normal 0.38809740627947714 -0.4425402763434055 0.8084172852265374
  outer loop
   vertex -6.984704499909347 9.102644126080005 -13.869238369964204
   vertex -6.819961684879844 6.8199616848798446 -15.197902659036272
   vertex -5.871432337426382 7.651799597054409 -15.197902659036272
  endloop
 endfacet
 facet normal 0.31816525381264793 -0.3627979395557342 0.875870153801605
  outer loop
   vertex -5.871432337426382 7.651799597054409 -15.197902659036272
   vertex -6.819961684879844 6.8199616848798446 -15.197902659036272
   vertex -5.419285638380409 5.41928563838041 -16.28688694438835
  endloop
 endfacet
 facet normal 0.3181652538126482 -0.36279793955573414 0.8758701538016048
  outer loop
   vertex -5.871432337426382 7.651799597054409 -15.197902659036272
   vertex -5.419285638380409 5.41928563838041 -16.28688694438835
   vertex -4.665564179558541 6.080281617419754 -16.28688694438835
  endloop
 endfacet
 facet normal 0.243171410426064 -0.2772838504652913 0.9295059609397569
  outer loop
   vertex -4.665564179558541 6.080281617419754 -16.28688694438835
   vertex -5.419285638380409 5.41928563838041 -16.28688694438835
   vertex -3.933144220039396 3.9331442200393965 -17.119017293312762
  endloop
 endfacet
 facet normal 0.2431714104260637 -0.27728385046529136 0.9295059609397568
  outer loop
   vertex -4.665564179558541 6.080281617419754 -16.28688694438835
   vertex -3.933144220039396 3.9331442200393965 -17.119017293312762
   vertex -3.386117287506116 4.41287396449421 -17.119017293312762
  endloop
 endfacet
 facet normal 0.16430264233367972 -0.18735125658102944 0.9684545153902067
  outer loop
   vertex -3.386117287506116 4.41287396449421 -17.119017293312762
   vertex -3.933144220039396 3.9331442200393965 -17.119017293312762
   vertex -2.38497476780188 2.3849747678018804 -17.681170513116395
  endloop
 endfacet
 facet normal 0.16430264233367964 -0.18735125658102944 0.9684545153902068
  outer loop
   vertex -3.386117287506116 4.41287396449421 -17.119017293312762
   vertex -2.38497476780188 2.3849747678018804 -17.681170513116395
   vertex -2.0532693030612896 2.675872653025452 -17.681170513116395
  endloop
 endfacet
 facet normal 0.08281246271609612 -0.09442951574035584 0.9920812278114817
  outer loop
   vertex -2.0532693030612896 2.675872653025452 -17.681170513116395
   vertex -2.38497476780188 2.3849747678018804 -17.681170513116395
   vertex -0.7991928387612716 0.7991928387612717 -17.96448111170889
  endloop
 endfacet
 facet normal 0.0828124627160958 -0.09442951574035581 0.9920812278114817
  outer loop
   vertex -2.0532693030612896 2.675872653025452 -17.681170513116395
   vertex -0.7991928387612716 0.7991928387612717 -17.96448111170889
   vertex -0.6880400351435685 0.8966712313296534 -17.96448111170889
  endloop
 endfacet
 facet normal 0.09442951574035563 -0.08281246271609599 -0.9920812278114818
  outer loop
   vertex -0.7991928387612689 0.799192838761269 17.96448111170889
   vertex -0.8966712313296502 0.6880400351435665 17.96448111170889
   vertex -2.675872653025452 2.053269303061291 17.681170513116395
  endloop
 endfacet
 facet normal 0.09442951574035564 -0.082812462716096 -0.9920812278114818
  outer loop
   vertex -0.7991928387612689 0.799192838761269 17.96448111170889
   vertex -2.675872653025452 2.053269303061291 17.681170513116395
   vertex -2.3849747678018804 2.384974767801881 17.681170513116395
  endloop
 endfacet
 facet normal 0.18735125658103022 -0.16430264233368053 -0.9684545153902064
  outer loop
   vertex -2.3849747678018804 2.384974767801881 17.681170513116395
   vertex -2.675872653025452 2.053269303061291 17.681170513116395
   vertex -4.412873964494202 3.386117287506111 17.119017293312762
  endloop
 endfacet
 facet normal 0.18735125658103013 -0.16430264233368064 -0.9684545153902064
  outer loop
   vertex -2.3849747678018804 2.384974767801881 17.681170513116395
   vertex -4.412873964494202 3.386117287506111 17.119017293312762
   vertex -3.933144220039389 3.93314422003939 17.119017293312762
  endloop
 endfacet
 facet normal 0.2772838504652897 -0.24317141042606272 -0.9295059609397576
  outer loop
   vertex -3.933144220039389 3.93314422003939 17.119017293312762
   vertex -4.412873964494202 3.386117287506111 17.119017293312762
   vertex -6.0802816174197485 4.665564179558539 16.286886944388353
  endloop
 endfacet
 facet normal 0.27728385046528975 -0.24317141042606252 -0.9295059609397577
  outer loop
   vertex -3.933144220039389 3.93314422003939 17.119017293312762
   vertex -6.0802816174197485 4.665564179558539 16.286886944388353
   vertex -5.419285638380406 5.419285638380407 16.286886944388353
  endloop
 endfacet
 facet normal 0.3627979395557341 -0.318165253812648 -0.8758701538016049
  outer loop
   vertex -5.419285638380406 5.419285638380407 16.286886944388353
   vertex -6.0802816174197485 4.665564179558539 16.286886944388353
   vertex -7.651799597054406 5.871432337426383 15.197902659036274
  endloop
 endfacet
 facet normal 0.36279793955573403 -0.3181652538126484 -0.8758701538016049
  outer loop
   vertex -5.419285638380406 5.419285638380407 16.286886944388353
   vertex -7.651799597054406 5.871432337426383 15.197902659036274
   vertex -6.819961684879842 6.819961684879843 15.197902659036274
  endloop
 endfacet
 facet normal 0.44254027634340565 -0.3880974062794779 -0.8084172852265369
  outer loop
   vertex -6.819961684879842 6.819961684879843 15.197902659036274
   vertex -7.651799597054406 5.871432337426383 15.197902659036274
   vertex -9.10264412608 6.984704499909346 13.869238369964206
  endloop
 endfacet
 facet normal 0.4425402763434057 -0.3880974062794779 -0.808417285226537
  outer loop
   vertex -6.819961684879842 6.819961684879843 15.197902659036274
   vertex -9.10264412608 6.984704499909346 13.869238369964206
   vertex -8.11308286156109 8.11308286156109 13.869238369964206
  endloop
 endfacet
 facet normal 0.5152557062292207 -0.45186712678573787 -0.7282359898608617
  outer loop
   vertex -8.11308286156109 8.11308286156109 13.869238369964206
   vertex -9.10264412608 6.984704499909346 13.869238369964206
   vertex -10.409934519581286 7.987823699968518 12.321847906716394
  endloop
 endfacet
 facet normal 0.5152557062292206 -0.451867126785738 -0.7282359898608616
  outer loop
   vertex -8.11308286156109 8.11308286156109 13.869238369964206
   vertex -10.409934519581286 7.987823699968518 12.321847906716394
   vertex -9.278255874994738 9.27825587499474 12.321847906716394
  endloop
 endfacet
 facet normal 0.5798066039130546 -0.5084767447195143 -0.6366126782732622
  outer loop
   vertex -9.278255874994738 9.27825587499474 12.321847906716394
   vertex -10.409934519581286 7.987823699968518 12.321847906716394
   vertex -11.553054027115317 8.8649701485846 10.580134541264515
  endloop
 endfacet
 facet normal 0.5798066039130548 -0.5084767447195134 -0.6366126782732628
  outer loop
   vertex -9.278255874994738 9.27825587499474 12.321847906716394
   vertex -11.553054027115317 8.8649701485846 10.580134541264515
   vertex -10.297105250718317 10.29710525071832 10.580134541264515
  endloop
 endfacet
 facet normal 0.6351895138494823 -0.557046253185808 -0.5350081805984943
  outer loop
   vertex -10.297105250718317 10.29710525071832 10.580134541264515
   vertex -11.553054027115317 8.8649701485846 10.580134541264515
   vertex -12.513974971181792 9.602310722281025 8.671566133830876
  endloop
 endfacet
 facet normal 0.635189513849482 -0.5570462531858088 -0.5350081805984936
  outer loop
   vertex -10.297105250718317 10.29710525071832 10.580134541264515
   vertex -12.513974971181792 9.602310722281025 8.671566133830876
   vertex -11.15356312544555 11.153563125445551 8.671566133830876
  endloop
 endfacet
 facet normal 0.680548921423429 -0.5968253860034557 -0.42503249778250324
  outer loop
   vertex -11.15356312544555 11.153563125445551 8.671566133830876
   vertex -12.513974971181792 9.602310722281025 8.671566133830876
   vertex -13.27754305446643 10.188217119744696 6.626241948324205
  endloop
 endfacet
 facet normal 0.6805489214234292 -0.5968253860034551 -0.4250324977825037
  outer loop
   vertex -11.15356312544555 11.153563125445551 8.671566133830876
   vertex -13.27754305446643 10.188217119744696 6.626241948324205
   vertex -11.834122646868853 11.834122646868856 6.626241948324205
  endloop
 endfacet
 facet normal 0.71518823004453 -0.6272032443585028 -0.3084183617619753
  outer loop
   vertex -11.834122646868853 11.834122646868856 6.626241948324205
   vertex -13.27754305446643 10.188217119744696 6.626241948324205
   vertex -13.831716352162374 10.613449247084093 4.476417968967385
  endloop
 endfacet
 facet normal 0.71518823004453 -0.6272032443585028 -0.3084183617619752
  outer loop
   vertex -11.834122646868853 11.834122646868856 6.626241948324205
   vertex -13.831716352162374 10.613449247084093 4.476417968967385
   vertex -12.328050984788833 12.328050984788835 4.476417968967385
  endloop
 endfacet
 facet normal 0.7385781241823561 -0.6477156309892688 -0.18699415993940893
  outer loop
   vertex -12.328050984788833 12.328050984788835 4.476417968967385
   vertex -13.831716352162374 10.613449247084093 4.476417968967385
   vertex -14.167755220317874 10.871300939629712 2.2559982041574806
  endloop
 endfacet
 facet normal 0.7385781241823561 -0.6477156309892689 -0.18699415993940888
  outer loop
   vertex -12.328050984788833 12.328050984788835 4.476417968967385
   vertex -14.167755220317874 10.871300939629712 2.2559982041574806
   vertex -12.627558594258 12.627558594258002 2.2559982041574806
  endloop
 endfacet
 facet normal 0.750362550802705 -0.65805029576518 -0.06265660855980969
  outer loop
   vertex -12.627558594258 12.627558594258002 2.2559982041574806
   vertex -14.167755220317874 10.871300939629712 2.2559982041574806
   vertex -14.28036012524223 10.957705722156977 1.102182119232618e-15
  endloop
 endfacet
 facet normal 0.7503625508027053 -0.6580502957651797 -0.06265660855981006
  outer loop
   vertex -12.627558594258 12.627558594258002 2.2559982041574806
   vertex -14.28036012524223 10.957705722156977 1.102182119232618e-15
   vertex -12.727922061357855 12.727922061357857 1.102182119232618e-15
  endloop
 endfacet
 facet normal 0.7503625508027052 -0.6580502957651797 0.06265660855980822
  outer loop
   vertex -12.727922061357855 12.727922061357857 1.102182119232618e-15
   vertex -14.28036012524223 10.957705722156977 1.102182119232618e-15
   vertex -14.167755220317877 10.871300939629714 -2.2559982041574704
  endloop
 endfacet
 facet normal 0.7503625508027045 -0.6580502957651804 0.06265660855980917
  outer loop
   vertex -12.727922061357855 12.727922061357857 1.102182119232618e-15
   vertex -14.167755220317877 10.871300939629714 -2.2559982041574704
   vertex -12.627558594258002 12.627558594258003 -2.2559982041574704
  endloop
 endfacet
 facet normal 0.7385781241823557 -0.6477156309892692 0.18699415993940952
  outer loop
   vertex -12.627558594258002 12.627558594258003 -2.2559982041574704
   vertex -14.167755220317877 10.871300939629714 -2.2559982041574704
   vertex -13.831716352162374 10.613449247084093 -4.476417968967388
  endloop
 endfacet
 facet normal 0.7385781241823562 -0.6477156309892689 0.1869941599394089
  outer loop
   vertex -12.627558594258002 12.627558594258003 -2.2559982041574704
   vertex -13.831716352162374 10.613449247084093 -4.476417968967388
   vertex -12.328050984788833 12.328050984788835 -4.476417968967388
  endloop
 endfacet
 facet normal 0.7151882300445301 -0.627203244358503 0.3084183617619743
  outer loop
   vertex -12.328050984788833 12.328050984788835 -4.476417968967388
   vertex -13.831716352162374 10.613449247084093 -4.476417968967388
   vertex -13.277543054466433 10.188217119744698 -6.626241948324203
  endloop
 endfacet
 facet normal 0.7151882300445302 -0.627203244358503 0.3084183617619742
  outer loop
   vertex -12.328050984788833 12.328050984788835 -4.476417968967388
   vertex -13.277543054466433 10.188217119744698 -6.626241948324203
   vertex -11.834122646868856 11.834122646868858 -6.626241948324203
  endloop
 endfacet
 facet normal 0.6805489214234287 -0.5968253860034548 0.42503249778250485
  outer loop
   vertex -11.834122646868856 11.834122646868858 -6.626241948324203
   vertex -13.277543054466433 10.188217119744698 -6.626241948324203
   vertex -12.513974971181792 9.602310722281027 -8.67156613383087
  endloop
 endfacet
 facet normal 0.6805489214234289 -0.5968253860034548 0.4250324977825048
  outer loop
   vertex -11.834122646868856 11.834122646868858 -6.626241948324203
   vertex -12.513974971181792 9.602310722281027 -8.67156613383087
   vertex -11.153563125445551 11.153563125445553 -8.67156613383087
  endloop
 endfacet
 facet normal 0.6351895138494825 -0.5570462531858085 0.5350081805984936
  outer loop
   vertex -11.153563125445551 11.153563125445553 -8.67156613383087
   vertex -12.513974971181792 9.602310722281027 -8.67156613383087
   vertex -11.553054027115317 8.8649701485846 -10.580134541264515
  endloop
 endfacet
 facet normal 0.6351895138494827 -0.5570462531858084 0.5350081805984934
  outer loop
   vertex -11.153563125445551 11.153563125445553 -8.67156613383087
   vertex -11.553054027115317 8.8649701485846 -10.580134541264515
   vertex -10.297105250718317 10.29710525071832 -10.580134541264515
  endloop
 endfacet
 facet normal 0.579806603913055 -0.5084767447195137 0.6366126782732624
  outer loop
   vertex -10.297105250718317 10.29710525071832 -10.580134541264515
   vertex -11.553054027115317 8.8649701485846 -10.580134541264515
   vertex -10.409934519581284 7.9878236999685175 -12.321847906716396
  endloop
 endfacet
 facet normal 0.5798066039130552 -0.5084767447195135 0.6366126782732623
  outer loop
   vertex -10.297105250718317 10.29710525071832 -10.580134541264515
   vertex -10.409934519581284 7.9878236999685175 -12.321847906716396
   vertex -9.278255874994738 9.27825587499474 -12.321847906716396
  endloop
 endfacet
 facet normal 0.5152557062292215 -0.45186712678573787 0.7282359898608611
  outer loop
   vertex -9.278255874994738 9.27825587499474 -12.321847906716396
   vertex -10.409934519581284 7.9878236999685175 -12.321847906716396
   vertex -9.102644126080003 6.984704499909348 -13.869238369964204
  endloop
 endfacet
 facet normal 0.5152557062292217 -0.4518671267857377 0.7282359898608611
  outer loop
   vertex -9.278255874994738 9.27825587499474 -12.321847906716396
   vertex -9.102644126080003 6.984704499909348 -13.869238369964204
   vertex -8.113082861561093 8.113082861561095 -13.869238369964204
  endloop
 endfacet
 facet normal 0.44254027634340576 -0.388097406279477 0.8084172852265374
  outer loop
   vertex -8.113082861561093 8.113082861561095 -13.869238369964204
   vertex -9.102644126080003 6.984704499909348 -13.869238369964204
   vertex -7.651799597054408 5.871432337426384 -15.197902659036272
  endloop
 endfacet
 facet normal 0.4425402763434052 -0.38809740627947725 0.8084172852265374
  outer loop
   vertex -8.113082861561093 8.113082861561095 -13.869238369964204
   vertex -7.651799597054408 5.871432337426384 -15.197902659036272
   vertex -6.819961684879844 6.8199616848798446 -15.197902659036272
  endloop
 endfacet
 facet normal 0.36279793955573414 -0.3181652538126481 0.8758701538016049
  outer loop
   vertex -6.819961684879844 6.8199616848798446 -15.197902659036272
   vertex -7.651799597054408 5.871432337426384 -15.197902659036272
   vertex -6.080281617419753 4.665564179558542 -16.28688694438835
  endloop
 endfacet
 facet normal 0.36279793955573403 -0.31816525381264815 0.8758701538016049
  outer loop
   vertex -6.819961684879844 6.8199616848798446 -15.197902659036272
   vertex -6.080281617419753 4.665564179558542 -16.28688694438835
   vertex -5.419285638380409 5.41928563838041 -16.28688694438835
  endloop
 endfacet
 facet normal 0.2772838504652913 -0.243171410426064 0.9295059609397569
  outer loop
   vertex -5.419285638380409 5.41928563838041 -16.28688694438835
   vertex -6.080281617419753 4.665564179558542 -16.28688694438835
   vertex -4.412873964494209 3.386117287506117 -17.119017293312762
  endloop
 endfacet
 facet normal 0.2772838504652913 -0.24317141042606388 0.9295059609397567
  outer loop
   vertex -5.419285638380409 5.41928563838041 -16.28688694438835
   vertex -4.412873964494209 3.386117287506117 -17.119017293312762
   vertex -3.933144220039396 3.9331442200393965 -17.119017293312762
  endloop
 endfacet
 facet normal 0.18735125658102939 -0.16430264233367978 0.9684545153902067
  outer loop
   vertex -3.933144220039396 3.9331442200393965 -17.119017293312762
   vertex -4.412873964494209 3.386117287506117 -17.119017293312762
   vertex -2.6758726530254515 2.0532693030612905 -17.681170513116395
  endloop
 endfacet
 facet normal 0.18735125658102955 -0.16430264233367983 0.9684545153902067
  outer loop
   vertex -3.933144220039396 3.9331442200393965 -17.119017293312762
   vertex -2.6758726530254515 2.0532693030612905 -17.681170513116395
   vertex -2.38497476780188 2.3849747678018804 -17.681170513116395
  endloop
 endfacet
 facet normal 0.09442951574035578 -0.08281246271609619 0.9920812278114817
  outer loop
   vertex -2.38497476780188 2.3849747678018804 -17.681170513116395
   vertex -2.6758726530254515 2.0532693030612905 -17.681170513116395
   vertex -0.8966712313296532 0.6880400351435688 -17.96448111170889
  endloop
 endfacet
 facet normal 0.09442951574035587 -0.08281246271609614 0.9920812278114818
  outer loop
   vertex -2.38497476780188 2.3849747678018804 -17.681170513116395
   vertex -0.8966712313296532 0.6880400351435688 -17.96448111170889
   vertex -0.7991928387612716 0.7991928387612717 -17.96448111170889
  endloop
 endfacet
 facet normal 0.10443085356948997 -0.06977846549481152 -0.9920812278114818
  outer loop
   vertex -0.8966712313296502 0.6880400351435665 17.96448111170889
   vertex -0.9788073305257493 0.5651146757638202 17.96448111170889
   vertex -2.9209856152636995 1.6864318312715212 17.681170513116395
  endloop
 endfacet
 facet normal 0.10443085356948999 -0.06977846549481154 -0.9920812278114818
  outer loop
   vertex -0.8966712313296502 0.6880400351435665 17.96448111170889
   vertex -2.9209856152636995 1.6864318312715212 17.681170513116395
   vertex -2.675872653025452 2.053269303061291 17.681170513116395
  endloop
 endfacet
 facet normal 0.20719423888469715 -0.13844276432270275 -0.9684545153902064
  outer loop
   vertex -2.675872653025452 2.053269303061291 17.681170513116395
   vertex -2.9209856152636995 1.6864318312715212 17.681170513116395
   vertex -4.817098211936714 2.781152949374526 17.119017293312762
  endloop
 endfacet
 facet normal 0.2071942388846972 -0.13844276432270258 -0.9684545153902065
  outer loop
   vertex -2.675872653025452 2.053269303061291 17.681170513116395
   vertex -4.817098211936714 2.781152949374526 17.119017293312762
   vertex -4.412873964494202 3.386117287506111 17.119017293312762
  endloop
 endfacet
 facet normal 0.30665188694544915 -0.2048982401345928 -0.9295059609397576
  outer loop
   vertex -4.412873964494202 3.386117287506111 17.119017293312762
   vertex -4.817098211936714 2.781152949374526 17.119017293312762
   vertex -6.6372422922124965 3.832013624085653 16.286886944388353
  endloop
 endfacet
 facet normal 0.3066518869454491 -0.2048982401345929 -0.9295059609397576
  outer loop
   vertex -4.412873964494202 3.386117287506111 17.119017293312762
   vertex -6.6372422922124965 3.832013624085653 16.286886944388353
   vertex -6.0802816174197485 4.665564179558539 16.286886944388353
  endloop
 endfacet
 facet normal 0.40122305196643016 -0.26808867236475326 -0.8758701538016049
  outer loop
   vertex -6.0802816174197485 4.665564179558539 16.286886944388353
   vertex -6.6372422922124965 3.832013624085653 16.286886944388353
   vertex -8.352713096643729 4.822441154810968 15.197902659036274
  endloop
 endfacet
 facet normal 0.40122305196643027 -0.2680886723647534 -0.8758701538016049
  outer loop
   vertex -6.0802816174197485 4.665564179558539 16.286886944388353
   vertex -8.352713096643729 4.822441154810968 15.197902659036274
   vertex -7.651799597054406 5.871432337426383 15.197902659036274
  endloop
 endfacet
 facet normal 0.4894111595837546 -0.32701408199317783 -0.8084172852265368
  outer loop
   vertex -7.651799597054406 5.871432337426383 15.197902659036274
   vertex -8.352713096643729 4.822441154810968 15.197902659036274
   vertex -9.936456625871942 5.7368159077382055 13.869238369964206
  endloop
 endfacet
 facet normal 0.4894111595837547 -0.32701408199317744 -0.808417285226537
  outer loop
   vertex -7.651799597054406 5.871432337426383 15.197902659036274
   vertex -9.936456625871942 5.7368159077382055 13.869238369964206
   vertex -9.10264412608 6.984704499909346 13.869238369964206
  endloop
 endfacet
 facet normal 0.5698281176832526 -0.3807469755217132 -0.7282359898608617
  outer loop
   vertex -9.10264412608 6.984704499909346 13.869238369964206
   vertex -9.936456625871942 5.7368159077382055 13.869238369964206
   vertex -11.363496298358688 6.560717646792703 12.321847906716394
  endloop
 endfacet
 facet normal 0.5698281176832526 -0.3807469755217134 -0.7282359898608617
  outer loop
   vertex -9.10264412608 6.984704499909346 13.869238369964206
   vertex -11.363496298358688 6.560717646792703 12.321847906716394
   vertex -10.409934519581286 7.987823699968518 12.321847906716394
  endloop
 endfacet
 facet normal 0.6412158113608843 -0.42844670744743363 -0.6366126782732622
  outer loop
   vertex -10.409934519581286 7.987823699968518 12.321847906716394
   vertex -11.363496298358688 6.560717646792703 12.321847906716394
   vertex -12.611326845996663 7.281152949374526 10.580134541264515
  endloop
 endfacet
 facet normal 0.6412158113608842 -0.42844670744743346 -0.6366126782732623
  outer loop
   vertex -10.409934519581286 7.987823699968518 12.321847906716394
   vertex -12.611326845996663 7.281152949374526 10.580134541264515
   vertex -11.553054027115317 8.8649701485846 10.580134541264515
  endloop
 endfacet
 facet normal 0.7024645058233886 -0.4693717766877249 -0.5350081805984944
  outer loop
   vertex -11.553054027115317 8.8649701485846 10.580134541264515
   vertex -12.611326845996663 7.281152949374526 10.580134541264515
   vertex -13.660269235631782 7.886760120394771 8.671566133830876
  endloop
 endfacet
 facet normal 0.7024645058233885 -0.469371776687725 -0.5350081805984943
  outer loop
   vertex -11.553054027115317 8.8649701485846 10.580134541264515
   vertex -13.660269235631782 7.886760120394771 8.671566133830876
   vertex -12.513974971181792 9.602310722281025 8.671566133830876
  endloop
 endfacet
 facet normal 0.7526280761140421 -0.5028900027577028 -0.425032497782503
  outer loop
   vertex -12.513974971181792 9.602310722281025 8.671566133830876
   vertex -13.660269235631782 7.886760120394771 8.671566133830876
   vertex -14.493781019171687 8.36798837299426 6.626241948324205
  endloop
 endfacet
 facet normal 0.7526280761140421 -0.5028900027577026 -0.4250324977825032
  outer loop
   vertex -12.513974971181792 9.602310722281025 8.671566133830876
   vertex -14.493781019171687 8.36798837299426 6.626241948324205
   vertex -13.27754305446643 10.188217119744696 6.626241948324205
  endloop
 endfacet
 facet normal 0.7909361468268583 -0.5284866372679082 -0.3084183617619756
  outer loop
   vertex -13.27754305446643 10.188217119744696 6.626241948324205
   vertex -14.493781019171687 8.36798837299426 6.626241948324205
   vertex -15.098717217874155 8.717248450157678 4.476417968967385
  endloop
 endfacet
 facet normal 0.7909361468268582 -0.5284866372679087 -0.30841836176197535
  outer loop
   vertex -13.27754305446643 10.188217119744696 6.626241948324205
   vertex -15.098717217874155 8.717248450157678 4.476417968967385
   vertex -13.831716352162374 10.613449247084093 4.476417968967385
  endloop
 endfacet
 facet normal 0.8168033408981429 -0.5457705437692538 -0.18699415993940857
  outer loop
   vertex -13.831716352162374 10.613449247084093 4.476417968967385
   vertex -15.098717217874155 8.717248450157678 4.476417968967385
   vertex -15.465537626514271 8.929032311830298 2.2559982041574806
  endloop
 endfacet
 facet normal 0.8168033408981432 -0.5457705437692535 -0.18699415993940893
  outer loop
   vertex -13.831716352162374 10.613449247084093 4.476417968967385
   vertex -15.465537626514271 8.929032311830298 2.2559982041574806
   vertex -14.167755220317874 10.871300939629712 2.2559982041574806
  endloop
 endfacet
 facet normal 0.829835894556195 -0.5544786177211006 -0.06265660855980947
  outer loop
   vertex -14.167755220317874 10.871300939629712 2.2559982041574806
   vertex -15.465537626514271 8.929032311830298 2.2559982041574806
   vertex -15.588457268119896 8.999999999999998 1.102182119232618e-15
  endloop
 endfacet
 facet normal 0.829835894556195 -0.5544786177211004 -0.06265660855980967
  outer loop
   vertex -14.167755220317874 10.871300939629712 2.2559982041574806
   vertex -15.588457268119896 8.999999999999998 1.102182119232618e-15
   vertex -14.28036012524223 10.957705722156977 1.102182119232618e-15
  endloop
 endfacet
 facet normal 0.8298358945561951 -0.5544786177211006 0.06265660855980791
  outer loop
   vertex -14.28036012524223 10.957705722156977 1.102182119232618e-15
   vertex -15.588457268119896 8.999999999999998 1.102182119232618e-15
   vertex -15.465537626514275 8.9290323118303 -2.2559982041574704
  endloop
 endfacet
 facet normal 0.829835894556195 -0.5544786177211007 0.06265660855980817
  outer loop
   vertex -14.28036012524223 10.957705722156977 1.102182119232618e-15
   vertex -15.465537626514275 8.9290323118303 -2.2559982041574704
   vertex -14.167755220317877 10.871300939629714 -2.2559982041574704
  endloop
 endfacet
 facet normal 0.816803340898143 -0.5457705437692534 0.18699415993940915
  outer loop
   vertex -14.167755220317877 10.871300939629714 -2.2559982041574704
   vertex -15.465537626514275 8.9290323118303 -2.2559982041574704
   vertex -15.098717217874155 8.717248450157678 -4.476417968967388
  endloop
 endfacet
 facet normal 0.8168033408981428 -0.5457705437692537 0.18699415993940954
  outer loop
   vertex -14.167755220317877 10.871300939629714 -2.2559982041574704
   vertex -15.098717217874155 8.717248450157678 -4.476417968967388
   vertex -13.831716352162374 10.613449247084093 -4.476417968967388
  endloop
 endfacet
 facet normal 0.7909361468268583 -0.5284866372679087 0.30841836176197457
  outer loop
   vertex -13.831716352162374 10.613449247084093 -4.476417968967388
   vertex -15.098717217874155 8.717248450157678 -4.476417968967388
   vertex -14.49378101917169 8.367988372994262 -6.626241948324203
  endloop
 endfacet
 facet normal 0.7909361468268588 -0.5284866372679086 0.3084183617619743
  outer loop
   vertex -13.831716352162374 10.613449247084093 -4.476417968967388
   vertex -14.49378101917169 8.367988372994262 -6.626241948324203
   vertex -13.277543054466433 10.188217119744698 -6.626241948324203
  endloop
 endfacet
 facet normal 0.7526280761140416 -0.5028900027577022 0.42503249778250435
  outer loop
   vertex -13.277543054466433 10.188217119744698 -6.626241948324203
   vertex -14.49378101917169 8.367988372994262 -6.626241948324203
   vertex -13.660269235631784 7.886760120394772 -8.67156613383087
  endloop
 endfacet
 facet normal 0.7526280761140411 -0.5028900027577027 0.4250324977825049
  outer loop
   vertex -13.277543054466433 10.188217119744698 -6.626241948324203
   vertex -13.660269235631784 7.886760120394772 -8.67156613383087
   vertex -12.513974971181792 9.602310722281027 -8.67156613383087
  endloop
 endfacet
 facet normal 0.7024645058233884 -0.4693717766877253 0.535008180598494
  outer loop
   vertex -12.513974971181792 9.602310722281027 -8.67156613383087
   vertex -13.660269235631784 7.886760120394772 -8.67156613383087
   vertex -12.611326845996663 7.281152949374526 -10.580134541264515
  endloop
 endfacet
 facet normal 0.7024645058233889 -0.4693717766877252 0.5350081805984935
  outer loop
   vertex -12.513974971181792 9.602310722281027 -8.67156613383087
   vertex -12.611326845996663 7.281152949374526 -10.580134541264515
   vertex -11.553054027115317 8.8649701485846 -10.580134541264515
  endloop
 endfacet
 facet normal 0.6412158113608842 -0.42844670744743346 0.6366126782732623
  outer loop
   vertex -11.553054027115317 8.8649701485846 -10.580134541264515
   vertex -12.611326845996663 7.281152949374526 -10.580134541264515
   vertex -11.363496298358687 6.560717646792702 -12.321847906716396
  endloop
 endfacet
 facet normal 0.6412158113608842 -0.4284467074474335 0.6366126782732623
  outer loop
   vertex -11.553054027115317 8.8649701485846 -10.580134541264515
   vertex -11.363496298358687 6.560717646792702 -12.321847906716396
   vertex -10.409934519581284 7.9878236999685175 -12.321847906716396
  endloop
 endfacet
 facet normal 0.5698281176832533 -0.3807469755217139 0.7282359898608609
  outer loop
   vertex -10.409934519581284 7.9878236999685175 -12.321847906716396
   vertex -11.363496298358687 6.560717646792702 -12.321847906716396
   vertex -9.936456625871948 5.736815907738208 -13.869238369964204
  endloop
 endfacet
 facet normal 0.5698281176832529 -0.3807469755217141 0.7282359898608611
  outer loop
   vertex -10.409934519581284 7.9878236999685175 -12.321847906716396
   vertex -9.936456625871948 5.736815907738208 -13.869238369964204
   vertex -9.102644126080003 6.984704499909348 -13.869238369964204
  endloop
 endfacet
 facet normal 0.48941115958375386 -0.3270140819931776 0.8084172852265374
  outer loop
   vertex -9.102644126080003 6.984704499909348 -13.869238369964204
   vertex -9.936456625871948 5.736815907738208 -13.869238369964204
   vertex -8.35271309664373 4.822441154810969 -15.197902659036272
  endloop
 endfacet
 facet normal 0.4894111595837541 -0.32701408199317744 0.8084172852265374
  outer loop
   vertex -9.102644126080003 6.984704499909348 -13.869238369964204
   vertex -8.35271309664373 4.822441154810969 -15.197902659036272
   vertex -7.651799597054408 5.871432337426384 -15.197902659036272
  endloop
 endfacet
 facet normal 0.4012230519664301 -0.26808867236475337 0.875870153801605
  outer loop
   vertex -7.651799597054408 5.871432337426384 -15.197902659036272
   vertex -8.35271309664373 4.822441154810969 -15.197902659036272
   vertex -6.637242292212501 3.8320136240856555 -16.28688694438835
  endloop
 endfacet
 facet normal 0.4012230519664303 -0.26808867236475326 0.8758701538016049
  outer loop
   vertex -7.651799597054408 5.871432337426384 -15.197902659036272
   vertex -6.637242292212501 3.8320136240856555 -16.28688694438835
   vertex -6.080281617419753 4.665564179558542 -16.28688694438835
  endloop
 endfacet
 facet normal 0.30665188694545076 -0.20489824013459398 0.9295059609397567
  outer loop
   vertex -6.080281617419753 4.665564179558542 -16.28688694438835
   vertex -6.637242292212501 3.8320136240856555 -16.28688694438835
   vertex -4.817098211936723 2.781152949374531 -17.119017293312762
  endloop
 endfacet
 facet normal 0.3066518869454507 -0.20489824013459415 0.9295059609397568
  outer loop
   vertex -6.080281617419753 4.665564179558542 -16.28688694438835
   vertex -4.817098211936723 2.781152949374531 -17.119017293312762
   vertex -4.412873964494209 3.386117287506117 -17.119017293312762
  endloop
 endfacet
 facet normal 0.20719423888469615 -0.13844276432270225 0.9684545153902068
  outer loop
   vertex -4.412873964494209 3.386117287506117 -17.119017293312762
   vertex -4.817098211936723 2.781152949374531 -17.119017293312762
   vertex -2.920985615263699 1.686431831271521 -17.681170513116395
  endloop
 endfacet
 facet normal 0.20719423888469624 -0.1384427643227022 0.9684545153902068
  outer loop
   vertex -4.412873964494209 3.386117287506117 -17.119017293312762
   vertex -2.920985615263699 1.686431831271521 -17.681170513116395
   vertex -2.6758726530254515 2.0532693030612905 -17.681170513116395
  endloop
 endfacet
 facet normal 0.10443085356949015 -0.06977846549481169 0.9920812278114817
  outer loop
   vertex -2.6758726530254515 2.0532693030612905 -17.681170513116395
   vertex -2.920985615263699 1.686431831271521 -17.681170513116395
   vertex -0.9788073305257526 0.5651146757638221 -17.96448111170889
  endloop
 endfacet
 facet normal 0.10443085356949029 -0.06977846549481176 0.9920812278114817
  outer loop
   vertex -2.6758726530254515 2.0532693030612905 -17.681170513116395
   vertex -0.9788073305257526 0.5651146757638221 -17.96448111170889
   vertex -0.8966712313296532 0.6880400351435688 -17.96448111170889
  endloop
 endfacet
 facet normal 0.11264535054034766 -0.05555053938266536 -0.9920812278114818
  outer loop
   vertex -0.9788073305257493 0.5651146757638202 17.96448111170889
   vertex -1.0441957649198914 0.4325200476023673 17.96448111170889
   vertex -3.1161197037745727 1.2907390432814598 17.681170513116395
  endloop
 endfacet
 facet normal 0.1126453505403477 -0.05555053938266528 -0.9920812278114818
  outer loop
   vertex -0.9788073305257493 0.5651146757638202 17.96448111170889
   vertex -3.1161197037745727 1.2907390432814598 17.681170513116395
   vertex -2.9209856152636995 1.6864318312715212 17.681170513116395
  endloop
 endfacet
 facet normal 0.2234920703159511 -0.11021409223057783 -0.9684545153902064
  outer loop
   vertex -2.9209856152636995 1.6864318312715212 17.681170513116395
   vertex -3.1161197037745727 1.2907390432814598 17.681170513116395
   vertex -5.138900573421048 2.1286023131978737 17.119017293312762
  endloop
 endfacet
 facet normal 0.22349207031595109 -0.11021409223057792 -0.9684545153902064
  outer loop
   vertex -2.9209856152636995 1.6864318312715212 17.681170513116395
   vertex -5.138900573421048 2.1286023131978737 17.119017293312762
   vertex -4.817098211936714 2.781152949374526 17.119017293312762
  endloop
 endfacet
 facet normal 0.33077302462000635 -0.16311920414589615 -0.9295059609397576
  outer loop
   vertex -4.817098211936714 2.781152949374526 17.119017293312762
   vertex -5.138900573421048 2.1286023131978737 17.119017293312762
   vertex -7.08063791119427 2.93289625306977 16.286886944388353
  endloop
 endfacet
 facet normal 0.3307730246200063 -0.16311920414589587 -0.9295059609397575
  outer loop
   vertex -4.817098211936714 2.781152949374526 17.119017293312762
   vertex -7.08063791119427 2.93289625306977 16.286886944388353
   vertex -6.6372422922124965 3.832013624085653 16.286886944388353
  endloop
 endfacet
 facet normal 0.43278312671793484 -0.21342501940447559 -0.875870153801605
  outer loop
   vertex -6.6372422922124965 3.832013624085653 16.286886944388353
   vertex -7.08063791119427 2.93289625306977 16.286886944388353
   vertex -8.910709359339895 3.690936667003459 15.197902659036274
  endloop
 endfacet
 facet normal 0.43278312671793473 -0.2134250194044757 -0.875870153801605
  outer loop
   vertex -6.6372422922124965 3.832013624085653 16.286886944388353
   vertex -8.910709359339895 3.690936667003459 15.197902659036274
   vertex -8.352713096643729 4.822441154810968 15.197902659036274
  endloop
 endfacet
 facet normal 0.5279080821932165 -0.26033545609854236 -0.8084172852265369
  outer loop
   vertex -8.352713096643729 4.822441154810968 15.197902659036274
   vertex -8.910709359339895 3.690936667003459 15.197902659036274
   vertex -10.600253597888974 4.390768804839811 13.869238369964206
  endloop
 endfacet
 facet normal 0.5279080821932166 -0.26033545609854264 -0.8084172852265368
  outer loop
   vertex -8.352713096643729 4.822441154810968 15.197902659036274
   vertex -10.600253597888974 4.390768804839811 13.869238369964206
   vertex -9.936456625871942 5.7368159077382055 13.869238369964206
  endloop
 endfacet
 facet normal 0.6146506120575221 -0.3031121379435088 -0.7282359898608616
  outer loop
   vertex -9.936456625871942 5.7368159077382055 13.869238369964206
   vertex -10.600253597888974 4.390768804839811 13.869238369964206
   vertex -12.122625504914785 5.021355895705695 12.321847906716394
  endloop
 endfacet
 facet normal 0.614650612057522 -0.3031121379435084 -0.7282359898608617
  outer loop
   vertex -9.936456625871942 5.7368159077382055 13.869238369964206
   vertex -12.122625504914785 5.021355895705695 12.321847906716394
   vertex -11.363496298358688 6.560717646792703 12.321847906716394
  endloop
 endfacet
 facet normal 0.6916536384977192 -0.3410858282230591 -0.6366126782732623
  outer loop
   vertex -11.363496298358688 6.560717646792703 12.321847906716394
   vertex -12.122625504914785 5.021355895705695 12.321847906716394
   vertex -13.453816366022629 5.572753204483683 10.580134541264515
  endloop
 endfacet
 facet normal 0.6916536384977192 -0.3410858282230593 -0.6366126782732623
  outer loop
   vertex -11.363496298358688 6.560717646792703 12.321847906716394
   vertex -13.453816366022629 5.572753204483683 10.580134541264515
   vertex -12.611326845996663 7.281152949374526 10.580134541264515
  endloop
 endfacet
 facet normal 0.7577201353427007 -0.3736662189560734 -0.5350081805984945
  outer loop
   vertex -12.611326845996663 7.281152949374526 10.580134541264515
   vertex -13.453816366022629 5.572753204483683 10.580134541264515
   vertex -14.572832506117964 6.036264866225562 8.671566133830876
  endloop
 endfacet
 facet normal 0.7577201353427006 -0.3736662189560736 -0.5350081805984943
  outer loop
   vertex -12.611326845996663 7.281152949374526 10.580134541264515
   vertex -14.572832506117964 6.036264866225562 8.671566133830876
   vertex -13.660269235631782 7.886760120394771 8.671566133830876
  endloop
 endfacet
 facet normal 0.8118295557544181 -0.4003500321373169 -0.4250324977825031
  outer loop
   vertex -13.660269235631782 7.886760120394771 8.671566133830876
   vertex -14.572832506117964 6.036264866225562 8.671566133830876
   vertex -15.462026372203642 6.404581025137216 6.626241948324205
  endloop
 endfacet
 facet normal 0.8118295557544182 -0.4003500321373171 -0.425032497782503
  outer loop
   vertex -13.660269235631782 7.886760120394771 8.671566133830876
   vertex -15.462026372203642 6.404581025137216 6.626241948324205
   vertex -14.493781019171687 8.36798837299426 6.626241948324205
  endloop
 endfacet
 facet normal 0.8531509268480496 -0.42072747728948356 -0.3084183617619759
  outer loop
   vertex -14.493781019171687 8.36798837299426 6.626241948324205
   vertex -15.462026372203642 6.404581025137216 6.626241948324205
   vertex -16.107374845832833 6.671893115371202 4.476417968967385
  endloop
 endfacet
 facet normal 0.8531509268480496 -0.4207274772894838 -0.3084183617619757
  outer loop
   vertex -14.493781019171687 8.36798837299426 6.626241948324205
   vertex -16.107374845832833 6.671893115371202 4.476417968967385
   vertex -15.098717217874155 8.717248450157678 4.476417968967385
  endloop
 endfacet
 facet normal 0.881052825990492 -0.434487171229166 -0.1869941599394085
  outer loop
   vertex -15.098717217874155 8.717248450157678 4.476417968967385
   vertex -16.107374845832833 6.671893115371202 4.476417968967385
   vertex -16.498700396063903 6.833985465580025 2.2559982041574806
  endloop
 endfacet
 facet normal 0.881052825990492 -0.4344871712291661 -0.1869941599394085
  outer loop
   vertex -15.098717217874155 8.717248450157678 4.476417968967385
   vertex -16.498700396063903 6.833985465580025 2.2559982041574806
   vertex -15.465537626514271 8.929032311830298 2.2559982041574806
  endloop
 endfacet
 facet normal 0.8951105160798513 -0.4414196567972993 -0.06265660855980894
  outer loop
   vertex -15.465537626514271 8.929032311830298 2.2559982041574806
   vertex -16.498700396063903 6.833985465580025 2.2559982041574806
   vertex -16.62983158520316 6.888301782571618 1.102182119232618e-15
  endloop
 endfacet
 facet normal 0.8951105160798513 -0.44141965679729883 -0.06265660855980944
  outer loop
   vertex -15.465537626514271 8.929032311830298 2.2559982041574806
   vertex -16.62983158520316 6.888301782571618 1.102182119232618e-15
   vertex -15.588457268119896 8.999999999999998 1.102182119232618e-15
  endloop
 endfacet
 facet normal 0.8951105160798515 -0.44141965679729883 0.0626566085598075
  outer loop
   vertex -15.588457268119896 8.999999999999998 1.102182119232618e-15
   vertex -16.62983158520316 6.888301782571618 1.102182119232618e-15
   vertex -16.498700396063906 6.833985465580027 -2.2559982041574704
  endloop
 endfacet
 facet normal 0.8951105160798511 -0.4414196567972992 0.06265660855980791
  outer loop
   vertex -15.588457268119896 8.999999999999998 1.102182119232618e-15
   vertex -16.498700396063906 6.833985465580027 -2.2559982041574704
   vertex -15.465537626514275 8.9290323118303 -2.2559982041574704
  endloop
 endfacet
 facet normal 0.8810528259904918 -0.4344871712291661 0.18699415993940915
  outer loop
   vertex -15.465537626514275 8.9290323118303 -2.2559982041574704
   vertex -16.498700396063906 6.833985465580027 -2.2559982041574704
   vertex -16.107374845832833 6.671893115371202 -4.476417968967388
  endloop
 endfacet
 facet normal 0.881052825990492 -0.43448717122916614 0.18699415993940915
  outer loop
   vertex -15.465537626514275 8.9290323118303 -2.2559982041574704
   vertex -16.107374845832833 6.671893115371202 -4.476417968967388
   vertex -15.098717217874155 8.717248450157678 -4.476417968967388
  endloop
 endfacet
 facet normal 0.8531509268480498 -0.42072747728948395 0.3084183617619749
  outer loop
   vertex -15.098717217874155 8.717248450157678 -4.476417968967388
   vertex -16.107374845832833 6.671893115371202 -4.476417968967388
   vertex -15.462026372203646 6.404581025137218 -6.626241948324203
  endloop
 endfacet
 facet normal 0.8531509268480498 -0.42072747728948373 0.30841836176197457
  outer loop
   vertex -15.098717217874155 8.717248450157678 -4.476417968967388
   vertex -15.462026372203646 6.404581025137218 -6.626241948324203
   vertex -14.49378101917169 8.367988372994262 -6.626241948324203
  endloop
 endfacet
 facet normal 0.8118295557544174 -0.40035003213731674 0.42503249778250446
  outer loop
   vertex -14.49378101917169 8.367988372994262 -6.626241948324203
   vertex -15.462026372203646 6.404581025137218 -6.626241948324203
   vertex -14.572832506117965 6.0362648662255625 -8.67156613383087
  endloop
 endfacet
 facet normal 0.8118295557544176 -0.4003500321373167 0.4250324977825043
  outer loop
   vertex -14.49378101917169 8.367988372994262 -6.626241948324203
   vertex -14.572832506117965 6.0362648662255625 -8.67156613383087
   vertex -13.660269235631784 7.886760120394772 -8.67156613383087
  endloop
 endfacet
 facet normal 0.7577201353427009 -0.3736662189560737 0.5350081805984941
  outer loop
   vertex -13.660269235631784 7.886760120394772 -8.67156613383087
   vertex -14.572832506117965 6.0362648662255625 -8.67156613383087
   vertex -13.453816366022629 5.572753204483683 -10.580134541264515
  endloop
 endfacet
 facet normal 0.7577201353427009 -0.3736662189560735 0.535008180598494
  outer loop
   vertex -13.660269235631784 7.886760120394772 -8.67156613383087
   vertex -13.453816366022629 5.572753204483683 -10.580134541264515
   vertex -12.611326845996663 7.281152949374526 -10.580134541264515
  endloop
 endfacet
 facet normal 0.691653638497719 -0.3410858282230591 0.6366126782732624
  outer loop
   vertex -12.611326845996663 7.281152949374526 -10.580134541264515
   vertex -13.453816366022629 5.572753204483683 -10.580134541264515
   vertex -12.122625504914783 5.021355895705694 -12.321847906716396
  endloop
 endfacet
 facet normal 0.6916536384977191 -0.34108582822305905 0.6366126782732624
  outer loop
   vertex -12.611326845996663 7.281152949374526 -10.580134541264515
   vertex -12.122625504914783 5.021355895705694 -12.321847906716396
   vertex -11.363496298358687 6.560717646792702 -12.321847906716396
  endloop
 endfacet
 facet normal 0.6146506120575229 -0.3031121379435087 0.7282359898608607
  outer loop
   vertex -11.363496298358687 6.560717646792702 -12.321847906716396
   vertex -12.122625504914783 5.021355895705694 -12.321847906716396
   vertex -10.60025359788898 4.390768804839813 -13.869238369964204
  endloop
 endfacet
 facet normal 0.6146506120575228 -0.30311213794350894 0.7282359898608609
  outer loop
   vertex -11.363496298358687 6.560717646792702 -12.321847906716396
   vertex -10.60025359788898 4.390768804839813 -13.869238369964204
   vertex -9.936456625871948 5.736815907738208 -13.869238369964204
  endloop
 endfacet
 facet normal 0.5279080821932158 -0.2603354560985422 0.8084172852265376
  outer loop
   vertex -9.936456625871948 5.736815907738208 -13.869238369964204
   vertex -10.60025359788898 4.390768804839813 -13.869238369964204
   vertex -8.910709359339897 3.6909366670034593 -15.197902659036272
  endloop
 endfacet
 facet normal 0.5279080821932162 -0.2603354560985419 0.8084172852265374
  outer loop
   vertex -9.936456625871948 5.736815907738208 -13.869238369964204
   vertex -8.910709359339897 3.6909366670034593 -15.197902659036272
   vertex -8.35271309664373 4.822441154810969 -15.197902659036272
  endloop
 endfacet
 facet normal 0.43278312671793484 -0.21342501940447564 0.8758701538016049
  outer loop
   vertex -8.35271309664373 4.822441154810969 -15.197902659036272
   vertex -8.910709359339897 3.6909366670034593 -15.197902659036272
   vertex -7.080637911194275 2.932896253069772 -16.28688694438835
  endloop
 endfacet
 facet normal 0.4327831267179347 -0.2134250194044759 0.875870153801605
  outer loop
   vertex -8.35271309664373 4.822441154810969 -15.197902659036272
   vertex -7.080637911194275 2.932896253069772 -16.28688694438835
   vertex -6.637242292212501 3.8320136240856555 -16.28688694438835
  endloop
 endfacet
 facet normal 0.33077302462000807 -0.16311920414589698 0.9295059609397569
  outer loop
   vertex -6.637242292212501 3.8320136240856555 -16.28688694438835
   vertex -7.080637911194275 2.932896253069772 -16.28688694438835
   vertex -5.138900573421057 2.1286023131978777 -17.119017293312762
  endloop
 endfacet
 facet normal 0.3307730246200082 -0.16311920414589684 0.9295059609397568
  outer loop
   vertex -6.637242292212501 3.8320136240856555 -16.28688694438835
   vertex -5.138900573421057 2.1286023131978777 -17.119017293312762
   vertex -4.817098211936723 2.781152949374531 -17.119017293312762
  endloop
 endfacet
 facet normal 0.22349207031595017 -0.1102140922305773 0.9684545153902068
  outer loop
   vertex -4.817098211936723 2.781152949374531 -17.119017293312762
   vertex -5.138900573421057 2.1286023131978777 -17.119017293312762
   vertex -3.1161197037745723 1.2907390432814598 -17.681170513116395
  endloop
 endfacet
 facet normal 0.2234920703159502 -0.11021409223057739 0.9684545153902067
  outer loop
   vertex -4.817098211936723 2.781152949374531 -17.119017293312762
   vertex -3.1161197037745723 1.2907390432814598 -17.681170513116395
   vertex -2.920985615263699 1.686431831271521 -17.681170513116395
  endloop
 endfacet
 facet normal 0.11264535054034788 -0.05555053938266545 0.9920812278114817
  outer loop
   vertex -2.920985615263699 1.686431831271521 -17.681170513116395
   vertex -3.1161197037745723 1.2907390432814598 -17.681170513116395
   vertex -1.044195764919895 0.43252004760236873 -17.96448111170889
  endloop
 endfacet
 facet normal 0.11264535054034779 -0.05555053938266546 0.9920812278114817
  outer loop
   vertex -2.920985615263699 1.686431831271521 -17.681170513116395
   vertex -1.044195764919895 0.43252004760236873 -17.96448111170889
   vertex -0.9788073305257526 0.5651146757638221 -17.96448111170889
  endloop
 endfacet
 facet normal 0.11893245433226862 -0.04037212814016246 -0.9920812278114818
  outer loop
   vertex -1.0441957649198914 0.4325200476023673 17.96448111170889
   vertex -1.091717720270494 0.2925248815092255 17.96448111170889
   vertex -3.2579361202022614 0.872961352400382 17.681170513116395
  endloop
 endfacet
 facet normal 0.11893245433226861 -0.04037212814016264 -0.9920812278114818
  outer loop
   vertex -1.0441957649198914 0.4325200476023673 17.96448111170889
   vertex -3.2579361202022614 0.872961352400382 17.681170513116395
   vertex -3.1161197037745727 1.2907390432814598 17.681170513116395
  endloop
 endfacet
 facet normal 0.23596589046039093 -0.08009962646326847 -0.9684545153902064
  outer loop
   vertex -3.1161197037745727 1.2907390432814598 17.681170513116395
   vertex -3.2579361202022614 0.872961352400382 17.681170513116395
   vertex -5.372774921321738 1.43963070128235 17.119017293312762
  endloop
 endfacet
 facet normal 0.2359658904603909 -0.08009962646326857 -0.9684545153902064
  outer loop
   vertex -3.1161197037745727 1.2907390432814598 17.681170513116395
   vertex -5.372774921321738 1.43963070128235 17.119017293312762
   vertex -5.138900573421048 2.1286023131978737 17.119017293312762
  endloop
 endfacet
 facet normal 0.34923454413570715 -0.11854915334907548 -0.9295059609397576
  outer loop
   vertex -5.138900573421048 2.1286023131978737 17.119017293312762
   vertex -5.372774921321738 1.43963070128235 17.119017293312762
   vertex -7.402881852391803 1.9835962140113994 16.286886944388353
  endloop
 endfacet
 facet normal 0.3492345441357071 -0.11854915334907562 -0.9295059609397575
  outer loop
   vertex -5.138900573421048 2.1286023131978737 17.119017293312762
   vertex -7.402881852391803 1.9835962140113994 16.286886944388353
   vertex -7.08063791119427 2.93289625306977 16.286886944388353
  endloop
 endfacet
 facet normal 0.45693816218114386 -0.15510960518959352 -0.875870153801605
  outer loop
   vertex -7.08063791119427 2.93289625306977 16.286886944388353
   vertex -7.402881852391803 1.9835962140113994 16.286886944388353
   vertex -9.316240914382387 2.4962792295025475 15.197902659036274
  endloop
 endfacet
 facet normal 0.45693816218114375 -0.1551096051895933 -0.875870153801605
  outer loop
   vertex -7.08063791119427 2.93289625306977 16.286886944388353
   vertex -9.316240914382387 2.4962792295025475 15.197902659036274
   vertex -8.910709359339895 3.690936667003459 15.197902659036274
  endloop
 endfacet
 facet normal 0.5573723511525809 -0.1892024183714367 -0.8084172852265371
  outer loop
   vertex -8.910709359339895 3.690936667003459 15.197902659036274
   vertex -9.316240914382387 2.4962792295025475 15.197902659036274
   vertex -11.082677291900596 2.9695944303395096 13.869238369964206
  endloop
 endfacet
 facet normal 0.5573723511525807 -0.1892024183714368 -0.8084172852265369
  outer loop
   vertex -8.910709359339895 3.690936667003459 15.197902659036274
   vertex -11.082677291900596 2.9695944303395096 13.869238369964206
   vertex -10.600253597888974 4.390768804839811 13.869238369964206
  endloop
 endfacet
 facet normal 0.6489562640461429 -0.22029096764652895 -0.7282359898608616
  outer loop
   vertex -10.600253597888974 4.390768804839811 13.869238369964206
   vertex -11.082677291900596 2.9695944303395096 13.869238369964206
   vertex -12.674333228055028 3.396077353060293 12.321847906716394
  endloop
 endfacet
 facet normal 0.6489562640461428 -0.22029096764652892 -0.7282359898608616
  outer loop
   vertex -10.600253597888974 4.390768804839811 13.869238369964206
   vertex -12.674333228055028 3.396077353060293 12.321847906716394
   vertex -12.122625504914785 5.021355895705695 12.321847906716394
  endloop
 endfacet
 facet normal 0.7302570801172412 -0.24788887591093128 -0.6366126782732622
  outer loop
   vertex -12.122625504914785 5.021355895705695 12.321847906716394
   vertex -12.674333228055028 3.396077353060293 12.321847906716394
   vertex -14.066107357923352 3.7690021072050395 10.580134541264515
  endloop
 endfacet
 facet normal 0.7302570801172412 -0.24788887591093112 -0.6366126782732623
  outer loop
   vertex -12.122625504914785 5.021355895705695 12.321847906716394
   vertex -14.066107357923352 3.7690021072050395 10.580134541264515
   vertex -13.453816366022629 5.572753204483683 10.580134541264515
  endloop
 endfacet
 facet normal 0.8000109632665889 -0.27156712861823545 -0.5350081805984945
  outer loop
   vertex -13.453816366022629 5.572753204483683 10.580134541264515
   vertex -14.066107357923352 3.7690021072050395 10.580134541264515
   vertex -15.236050572071983 4.082487446626438 8.671566133830876
  endloop
 endfacet
 facet normal 0.8000109632665888 -0.27156712861823534 -0.5350081805984944
  outer loop
   vertex -13.453816366022629 5.572753204483683 10.580134541264515
   vertex -15.236050572071983 4.082487446626438 8.671566133830876
   vertex -14.572832506117964 6.036264866225562 8.671566133830876
  endloop
 endfacet
 facet normal 0.8571404066141605 -0.2909599614690625 -0.4250324977825028
  outer loop
   vertex -14.572832506117964 6.036264866225562 8.671566133830876
   vertex -15.236050572071983 4.082487446626438 8.671566133830876
   vertex -16.165712167123594 4.331589520254747 6.626241948324205
  endloop
 endfacet
 facet normal 0.8571404066141606 -0.2909599614690623 -0.4250324977825031
  outer loop
   vertex -14.572832506117964 6.036264866225562 8.671566133830876
   vertex -16.165712167123594 4.331589520254747 6.626241948324205
   vertex -15.462026372203642 6.404581025137216 6.626241948324205
  endloop
 endfacet
 facet normal 0.9007680579727473 -0.3057695535269411 -0.3084183617619749
  outer loop
   vertex -15.462026372203642 6.404581025137216 6.626241948324205
   vertex -16.165712167123594 4.331589520254747 6.626241948324205
   vertex -16.84043082437131 4.512379839582484 4.476417968967385
  endloop
 endfacet
 facet normal 0.9007680579727473 -0.30576955352693996 -0.3084183617619759
  outer loop
   vertex -15.462026372203642 6.404581025137216 6.626241948324205
   vertex -16.84043082437131 4.512379839582484 4.476417968967385
   vertex -16.107374845832833 6.671893115371202 4.476417968967385
  endloop
 endfacet
 facet normal 0.9302272529561523 -0.3157696027267433 -0.18699415993940874
  outer loop
   vertex -16.107374845832833 6.671893115371202 4.476417968967385
   vertex -16.84043082437131 4.512379839582484 4.476417968967385
   vertex -17.24956582753294 4.622007233274948 2.2559982041574806
  endloop
 endfacet
 facet normal 0.9302272529561524 -0.3157696027267436 -0.18699415993940852
  outer loop
   vertex -16.107374845832833 6.671893115371202 4.476417968967385
   vertex -17.24956582753294 4.622007233274948 2.2559982041574806
   vertex -16.498700396063903 6.833985465580025 2.2559982041574806
  endloop
 endfacet
 facet normal 0.9450695485018619 -0.3208078831610435 -0.0626566085598101
  outer loop
   vertex -16.498700396063903 6.833985465580025 2.2559982041574806
   vertex -17.24956582753294 4.622007233274948 2.2559982041574806
   vertex -17.386664873203227 4.658742811845379 1.102182119232618e-15
  endloop
 endfacet
 facet normal 0.9450695485018615 -0.32080788316104464 -0.06265660855980892
  outer loop
   vertex -16.498700396063903 6.833985465580025 2.2559982041574806
   vertex -17.386664873203227 4.658742811845379 1.102182119232618e-15
   vertex -16.62983158520316 6.888301782571618 1.102182119232618e-15
  endloop
 endfacet
 facet normal 0.9450695485018615 -0.32080788316104464 0.06265660855980867
  outer loop
   vertex -16.62983158520316 6.888301782571618 1.102182119232618e-15
   vertex -17.386664873203227 4.658742811845379 1.102182119232618e-15
   vertex -17.249565827532944 4.622007233274949 -2.2559982041574704
  endloop
 endfacet
 facet normal 0.945069548501862 -0.32080788316104347 0.06265660855980741
  outer loop
   vertex -16.62983158520316 6.888301782571618 1.102182119232618e-15
   vertex -17.249565827532944 4.622007233274949 -2.2559982041574704
   vertex -16.498700396063906 6.833985465580027 -2.2559982041574704
  endloop
 endfacet
 facet normal 0.9302272529561522 -0.3157696027267434 0.18699415993940924
  outer loop
   vertex -16.498700396063906 6.833985465580027 -2.2559982041574704
   vertex -17.249565827532944 4.622007233274949 -2.2559982041574704
   vertex -16.84043082437131 4.512379839582484 -4.476417968967388
  endloop
 endfacet
 facet normal 0.9302272529561522 -0.3157696027267433 0.18699415993940913
  outer loop
   vertex -16.498700396063906 6.833985465580027 -2.2559982041574704
   vertex -16.84043082437131 4.512379839582484 -4.476417968967388
   vertex -16.107374845832833 6.671893115371202 -4.476417968967388
  endloop
 endfacet
 facet normal 0.900768057972748 -0.3057695535269402 0.30841836176197407
  outer loop
   vertex -16.107374845832833 6.671893115371202 -4.476417968967388
   vertex -16.84043082437131 4.512379839582484 -4.476417968967388
   vertex -16.165712167123598 4.331589520254748 -6.626241948324203
  endloop
 endfacet
 facet normal 0.9007680579727474 -0.30576955352694096 0.3084183617619749
  outer loop
   vertex -16.107374845832833 6.671893115371202 -4.476417968967388
   vertex -16.165712167123598 4.331589520254748 -6.626241948324203
   vertex -15.462026372203646 6.404581025137218 -6.626241948324203
  endloop
 endfacet
 facet normal 0.8571404066141599 -0.29095996146906195 0.4250324977825042
  outer loop
   vertex -15.462026372203646 6.404581025137218 -6.626241948324203
   vertex -16.165712167123598 4.331589520254748 -6.626241948324203
   vertex -15.236050572071985 4.082487446626438 -8.67156613383087
  endloop
 endfacet
 facet normal 0.8571404066141599 -0.29095996146906217 0.4250324977825044
  outer loop
   vertex -15.462026372203646 6.404581025137218 -6.626241948324203
   vertex -15.236050572071985 4.082487446626438 -8.67156613383087
   vertex -14.572832506117965 6.0362648662255625 -8.67156613383087
  endloop
 endfacet
 facet normal 0.8000109632665894 -0.27156712861823545 0.535008180598494
  outer loop
   vertex -14.572832506117965 6.0362648662255625 -8.67156613383087
   vertex -15.236050572071985 4.082487446626438 -8.67156613383087
   vertex -14.066107357923352 3.7690021072050395 -10.580134541264515
  endloop
 endfacet
 facet normal 0.8000109632665892 -0.2715671286182355 0.5350081805984941
  outer loop
   vertex -14.572832506117965 6.0362648662255625 -8.67156613383087
   vertex -14.066107357923352 3.7690021072050395 -10.580134541264515
   vertex -13.453816366022629 5.572753204483683 -10.580134541264515
  endloop
 endfacet
 facet normal 0.7302570801172412 -0.24788887591093112 0.6366126782732624
  outer loop
   vertex -13.453816366022629 5.572753204483683 -10.580134541264515
   vertex -14.066107357923352 3.7690021072050395 -10.580134541264515
   vertex -12.674333228055026 3.3960773530602926 -12.321847906716396
  endloop
 endfacet
 facet normal 0.730257080117241 -0.24788887591093123 0.6366126782732625
  outer loop
   vertex -13.453816366022629 5.572753204483683 -10.580134541264515
   vertex -12.674333228055026 3.3960773530602926 -12.321847906716396
   vertex -12.122625504914783 5.021355895705694 -12.321847906716396
  endloop
 endfacet
 facet normal 0.6489562640461431 -0.22029096764652908 0.728235989860861
  outer loop
   vertex -12.122625504914783 5.021355895705694 -12.321847906716396
   vertex -12.674333228055026 3.3960773530602926 -12.321847906716396
   vertex -11.0826772919006 2.969594430339511 -13.869238369964204
  endloop
 endfacet
 facet normal 0.6489562640461439 -0.22029096764652836 0.7282359898608607
  outer loop
   vertex -12.122625504914783 5.021355895705694 -12.321847906716396
   vertex -11.0826772919006 2.969594430339511 -13.869238369964204
   vertex -10.60025359788898 4.390768804839813 -13.869238369964204
  endloop
 endfacet
 facet normal 0.5573723511525807 -0.18920241837143598 0.8084172852265373
  outer loop
   vertex -10.60025359788898 4.390768804839813 -13.869238369964204
   vertex -11.0826772919006 2.969594430339511 -13.869238369964204
   vertex -9.316240914382389 2.496279229502548 -15.197902659036272
  endloop
 endfacet
 facet normal 0.5573723511525801 -0.1892024183714365 0.8084172852265374
  outer loop
   vertex -10.60025359788898 4.390768804839813 -13.869238369964204
   vertex -9.316240914382389 2.496279229502548 -15.197902659036272
   vertex -8.910709359339897 3.6909366670034593 -15.197902659036272
  endloop
 endfacet
 facet normal 0.4569381621811438 -0.15510960518959327 0.8758701538016049
  outer loop
   vertex -8.910709359339897 3.6909366670034593 -15.197902659036272
   vertex -9.316240914382389 2.496279229502548 -15.197902659036272
   vertex -7.402881852391808 1.9835962140114007 -16.28688694438835
  endloop
 endfacet
 facet normal 0.45693816218114414 -0.15510960518959296 0.8758701538016049
  outer loop
   vertex -8.910709359339897 3.6909366670034593 -15.197902659036272
   vertex -7.402881852391808 1.9835962140114007 -16.28688694438835
   vertex -7.080637911194275 2.932896253069772 -16.28688694438835
  endloop
 endfacet
 facet normal 0.3492345441357092 -0.11854915334907587 0.9295059609397569
  outer loop
   vertex -7.080637911194275 2.932896253069772 -16.28688694438835
   vertex -7.402881852391808 1.9835962140114007 -16.28688694438835
   vertex -5.372774921321747 1.4396307012823524 -17.119017293312762
  endloop
 endfacet
 facet normal 0.34923454413570915 -0.11854915334907594 0.9295059609397568
  outer loop
   vertex -7.080637911194275 2.932896253069772 -16.28688694438835
   vertex -5.372774921321747 1.4396307012823524 -17.119017293312762
   vertex -5.138900573421057 2.1286023131978777 -17.119017293312762
  endloop
 endfacet
 facet normal 0.23596589046039002 -0.0800996264632681 0.9684545153902068
  outer loop
   vertex -5.138900573421057 2.1286023131978777 -17.119017293312762
   vertex -5.372774921321747 1.4396307012823524 -17.119017293312762
   vertex -3.257936120202261 0.8729613524003819 -17.681170513116395
  endloop
 endfacet
 facet normal 0.23596589046038996 -0.08009962646326806 0.9684545153902068
  outer loop
   vertex -5.138900573421057 2.1286023131978777 -17.119017293312762
   vertex -3.257936120202261 0.8729613524003819 -17.681170513116395
   vertex -3.1161197037745723 1.2907390432814598 -17.681170513116395
  endloop
 endfacet
 facet normal 0.11893245433226883 -0.04037212814016257 0.9920812278114817
  outer loop
   vertex -3.1161197037745723 1.2907390432814598 -17.681170513116395
   vertex -3.257936120202261 0.8729613524003819 -17.681170513116395
   vertex -1.0917177202704977 0.2925248815092265 -17.96448111170889
  endloop
 endfacet
 facet normal 0.11893245433226875 -0.04037212814016257 0.9920812278114817
  outer loop
   vertex -3.1161197037745723 1.2907390432814598 -17.681170513116395
   vertex -1.0917177202704977 0.2925248815092265 -17.96448111170889
   vertex -1.044195764919895 0.43252004760236873 -17.96448111170889
  endloop
 endfacet
 facet normal 0.1231845908562585 -0.024502938591913135 -0.9920812278114818
  outer loop
   vertex -1.091717720270494 0.2925248815092255 17.96448111170889
   vertex -1.1205600827459334 0.14752453359024106 17.96448111170889
   vertex -3.3440083463427492 0.44024705074912035 17.681170513116395
  endloop
 endfacet
 facet normal 0.12318459085625849 -0.02450293859191291 -0.9920812278114818
  outer loop
   vertex -1.091717720270494 0.2925248815092255 17.96448111170889
   vertex -3.3440083463427492 0.44024705074912035 17.681170513116395
   vertex -3.2579361202022614 0.872961352400382 17.681170513116395
  endloop
 endfacet
 facet normal 0.24440226879694896 -0.04861463387936059 -0.9684545153902064
  outer loop
   vertex -3.2579361202022614 0.872961352400382 17.681170513116395
   vertex -3.3440083463427492 0.44024705074912035 17.681170513116395
   vertex -5.514719600703983 0.7260266089268457 17.119017293312762
  endloop
 endfacet
 facet normal 0.2444022687969489 -0.04861463387936062 -0.9684545153902064
  outer loop
   vertex -3.2579361202022614 0.872961352400382 17.681170513116395
   vertex -5.514719600703983 0.7260266089268457 17.119017293312762
   vertex -5.372774921321738 1.43963070128235 17.119017293312762
  endloop
 endfacet
 facet normal 0.3617205637751379 -0.07195069367041709 -0.9295059609397576
  outer loop
   vertex -5.372774921321738 1.43963070128235 17.119017293312762
   vertex -5.514719600703983 0.7260266089268457 17.119017293312762
   vertex -7.598460432628307 1.000356293774521 16.286886944388353
  endloop
 endfacet
 facet normal 0.36172056377513795 -0.07195069367041722 -0.9295059609397577
  outer loop
   vertex -5.372774921321738 1.43963070128235 17.119017293312762
   vertex -7.598460432628307 1.000356293774521 16.286886944388353
   vertex -7.402881852391803 1.9835962140113994 16.286886944388353
  endloop
 endfacet
 facet normal 0.47327485900224114 -0.09414022262540961 -0.8758701538016049
  outer loop
   vertex -7.402881852391803 1.9835962140113994 16.286886944388353
   vertex -7.598460432628307 1.000356293774521 16.286886944388353
   vertex -9.562369004429838 1.2589097622854881 15.197902659036274
  endloop
 endfacet
 facet normal 0.47327485900224103 -0.09414022262540937 -0.8758701538016049
  outer loop
   vertex -7.402881852391803 1.9835962140113994 16.286886944388353
   vertex -9.562369004429838 1.2589097622854881 15.197902659036274
   vertex -9.316240914382387 2.4962792295025475 15.197902659036274
  endloop
 endfacet
 facet normal 0.5772998246509142 -0.11483207480917458 -0.8084172852265369
  outer loop
   vertex -9.316240914382387 2.4962792295025475 15.197902659036274
   vertex -9.562369004429838 1.2589097622854881 15.197902659036274
   vertex -11.375473304749152 1.4976094718089736 13.869238369964206
  endloop
 endfacet
 facet normal 0.5772998246509142 -0.11483207480917426 -0.8084172852265369
  outer loop
   vertex -9.316240914382387 2.4962792295025475 15.197902659036274
   vertex -11.375473304749152 1.4976094718089736 13.869238369964206
   vertex -11.082677291900596 2.9695944303395096 13.869238369964206
  endloop
 endfacet
 facet normal 0.6721580944322658 -0.13370055781692106 -0.7282359898608618
  outer loop
   vertex -11.082677291900596 2.9695944303395096 13.869238369964206
   vertex -11.375473304749152 1.4976094718089736 13.869238369964206
   vertex -13.009179595674208 1.712690985333498 12.321847906716394
  endloop
 endfacet
 facet normal 0.6721580944322662 -0.13370055781692175 -0.7282359898608615
  outer loop
   vertex -11.082677291900596 2.9695944303395096 13.869238369964206
   vertex -13.009179595674208 1.712690985333498 12.321847906716394
   vertex -12.674333228055028 3.396077353060293 12.321847906716394
  endloop
 endfacet
 facet normal 0.7563656206304447 -0.15045047620418597 -0.6366126782732622
  outer loop
   vertex -12.674333228055028 3.396077353060293 12.321847906716394
   vertex -13.009179595674208 1.712690985333498 12.321847906716394
   vertex -14.437723353068277 1.9007623389073098 10.580134541264515
  endloop
 endfacet
 facet normal 0.7563656206304445 -0.15045047620418595 -0.6366126782732623
  outer loop
   vertex -12.674333228055028 3.396077353060293 12.321847906716394
   vertex -14.437723353068277 1.9007623389073098 10.580134541264515
   vertex -14.066107357923352 3.7690021072050395 10.580134541264515
  endloop
 endfacet
 facet normal 0.8286133818040431 -0.16482144941710655 -0.5350081805984942
  outer loop
   vertex -14.066107357923352 3.7690021072050395 10.580134541264515
   vertex -14.437723353068277 1.9007623389073098 10.580134541264515
   vertex -15.638575588506582 2.05885753493617 8.671566133830876
  endloop
 endfacet
 facet normal 0.8286133818040432 -0.1648214494171063 -0.5350081805984944
  outer loop
   vertex -14.066107357923352 3.7690021072050395 10.580134541264515
   vertex -15.638575588506582 2.05885753493617 8.671566133830876
   vertex -15.236050572071983 4.082487446626438 8.671566133830876
  endloop
 endfacet
 facet normal 0.8877853474725176 -0.17659148519073034 -0.42503249778250296
  outer loop
   vertex -15.236050572071983 4.082487446626438 8.671566133830876
   vertex -15.638575588506582 2.05885753493617 8.671566133830876
   vertex -16.592798144881904 2.1844833177372114 6.626241948324205
  endloop
 endfacet
 facet normal 0.8877853474725175 -0.17659148519073053 -0.4250324977825028
  outer loop
   vertex -15.236050572071983 4.082487446626438 8.671566133830876
   vertex -16.592798144881904 2.1844833177372114 6.626241948324205
   vertex -16.165712167123594 4.331589520254747 6.626241948324205
  endloop
 endfacet
 facet normal 0.9329727978854435 -0.18557982792821648 -0.30841836176197596
  outer loop
   vertex -16.165712167123594 4.331589520254747 6.626241948324205
   vertex -16.592798144881904 2.1844833177372114 6.626241948324205
   vertex -17.28534236245529 2.275658493670456 4.476417968967385
  endloop
 endfacet
 facet normal 0.9329727978854435 -0.1855798279282177 -0.3084183617619749
  outer loop
   vertex -16.165712167123594 4.331589520254747 6.626241948324205
   vertex -17.28534236245529 2.275658493670456 4.476417968967385
   vertex -16.84043082437131 4.512379839582484 4.476417968967385
  endloop
 endfacet
 facet normal 0.9634852337160128 -0.1916491287737961 -0.18699415993940835
  outer loop
   vertex -16.84043082437131 4.512379839582484 4.476417968967385
   vertex -17.28534236245529 2.275658493670456 4.476417968967385
   vertex -17.70528640520973 2.3309451757460264 2.2559982041574806
  endloop
 endfacet
 facet normal 0.9634852337160128 -0.19164912877379578 -0.18699415993940866
  outer loop
   vertex -16.84043082437131 4.512379839582484 4.476417968967385
   vertex -17.70528640520973 2.3309451757460264 2.2559982041574806
   vertex -17.24956582753294 4.622007233274948 2.2559982041574806
  endloop
 endfacet
 facet normal 0.978858178926224 -0.19470699769915673 -0.06265660855980953
  outer loop
   vertex -17.24956582753294 4.622007233274948 2.2559982041574806
   vertex -17.70528640520973 2.3309451757460264 2.2559982041574806
   vertex -17.846007504728586 2.3494714599609283 1.102182119232618e-15
  endloop
 endfacet
 facet normal 0.9788581789262241 -0.19470699769915617 -0.06265660855981008
  outer loop
   vertex -17.24956582753294 4.622007233274948 2.2559982041574806
   vertex -17.846007504728586 2.3494714599609283 1.102182119232618e-15
   vertex -17.386664873203227 4.658742811845379 1.102182119232618e-15
  endloop
 endfacet
 facet normal 0.9788581789262241 -0.1947069976991562 0.0626566085598082
  outer loop
   vertex -17.386664873203227 4.658742811845379 1.102182119232618e-15
   vertex -17.846007504728586 2.3494714599609283 1.102182119232618e-15
   vertex -17.705286405209733 2.330945175746027 -2.2559982041574704
  endloop
 endfacet
 facet normal 0.9788581789262241 -0.19470699769915664 0.0626566085598087
  outer loop
   vertex -17.386664873203227 4.658742811845379 1.102182119232618e-15
   vertex -17.705286405209733 2.330945175746027 -2.2559982041574704
   vertex -17.249565827532944 4.622007233274949 -2.2559982041574704
  endloop
 endfacet
 facet normal 0.9634852337160128 -0.19164912877379578 0.18699415993940885
  outer loop
   vertex -17.249565827532944 4.622007233274949 -2.2559982041574704
   vertex -17.705286405209733 2.330945175746027 -2.2559982041574704
   vertex -17.28534236245529 2.275658493670456 -4.476417968967388
  endloop
 endfacet
 facet normal 0.9634852337160127 -0.1916491287737961 0.1869941599394092
  outer loop
   vertex -17.249565827532944 4.622007233274949 -2.2559982041574704
   vertex -17.28534236245529 2.275658493670456 -4.476417968967388
   vertex -16.84043082437131 4.512379839582484 -4.476417968967388
  endloop
 endfacet
 facet normal 0.9329727978854435 -0.18557982792821767 0.3084183617619751
  outer loop
   vertex -16.84043082437131 4.512379839582484 -4.476417968967388
   vertex -17.28534236245529 2.275658493670456 -4.476417968967388
   vertex -16.592798144881908 2.184483317737212 -6.626241948324203
  endloop
 endfacet
 facet normal 0.9329727978854441 -0.18557982792821656 0.308418361761974
  outer loop
   vertex -16.84043082437131 4.512379839582484 -4.476417968967388
   vertex -16.592798144881908 2.184483317737212 -6.626241948324203
   vertex -16.165712167123598 4.331589520254748 -6.626241948324203
  endloop
 endfacet
 facet normal 0.8877853474725169 -0.1765914851907303 0.4250324977825041
  outer loop
   vertex -16.165712167123598 4.331589520254748 -6.626241948324203
   vertex -16.592798144881908 2.184483317737212 -6.626241948324203
   vertex -15.638575588506583 2.0588575349361706 -8.67156613383087
  endloop
 endfacet
 facet normal 0.8877853474725169 -0.17659148519073023 0.42503249778250407
  outer loop
   vertex -16.165712167123598 4.331589520254748 -6.626241948324203
   vertex -15.638575588506583 2.0588575349361706 -8.67156613383087
   vertex -15.236050572071985 4.082487446626438 -8.67156613383087
  endloop
 endfacet
 facet normal 0.8286133818040435 -0.16482144941710636 0.5350081805984936
  outer loop
   vertex -15.236050572071985 4.082487446626438 -8.67156613383087
   vertex -15.638575588506583 2.0588575349361706 -8.67156613383087
   vertex -14.437723353068277 1.9007623389073098 -10.580134541264515
  endloop
 endfacet
 facet normal 0.8286133818040433 -0.1648214494171066 0.535008180598494
  outer loop
   vertex -15.236050572071985 4.082487446626438 -8.67156613383087
   vertex -14.437723353068277 1.9007623389073098 -10.580134541264515
   vertex -14.066107357923352 3.7690021072050395 -10.580134541264515
  endloop
 endfacet
 facet normal 0.7563656206304447 -0.15045047620418595 0.6366126782732622
  outer loop
   vertex -14.066107357923352 3.7690021072050395 -10.580134541264515
   vertex -14.437723353068277 1.9007623389073098 -10.580134541264515
   vertex -13.009179595674206 1.7126909853334977 -12.321847906716396
  endloop
 endfacet
 facet normal 0.7563656206304445 -0.150450476204186 0.6366126782732623
  outer loop
   vertex -14.066107357923352 3.7690021072050395 -10.580134541264515
   vertex -13.009179595674206 1.7126909853334977 -12.321847906716396
   vertex -12.674333228055026 3.3960773530602926 -12.321847906716396
  endloop
 endfacet
 facet normal 0.6721580944322666 -0.13370055781692183 0.7282359898608611
  outer loop
   vertex -12.674333228055026 3.3960773530602926 -12.321847906716396
   vertex -13.009179595674206 1.7126909853334977 -12.321847906716396
   vertex -11.375473304749157 1.4976094718089743 -13.869238369964204
  endloop
 endfacet
 facet normal 0.6721580944322665 -0.13370055781692197 0.7282359898608611
  outer loop
   vertex -12.674333228055026 3.3960773530602926 -12.321847906716396
   vertex -11.375473304749157 1.4976094718089743 -13.869238369964204
   vertex -11.0826772919006 2.969594430339511 -13.869238369964204
  endloop
 endfacet
 facet normal 0.5772998246509135 -0.1148320748091747 0.8084172852265373
  outer loop
   vertex -11.0826772919006 2.969594430339511 -13.869238369964204
   vertex -11.375473304749157 1.4976094718089743 -13.869238369964204
   vertex -9.56236900442984 1.2589097622854883 -15.197902659036272
  endloop
 endfacet
 facet normal 0.5772998246509137 -0.1148320748091744 0.8084172852265372
  outer loop
   vertex -11.0826772919006 2.969594430339511 -13.869238369964204
   vertex -9.56236900442984 1.2589097622854883 -15.197902659036272
   vertex -9.316240914382389 2.496279229502548 -15.197902659036272
  endloop
 endfacet
 facet normal 0.47327485900224125 -0.09414022262540946 0.8758701538016048
  outer loop
   vertex -9.316240914382389 2.496279229502548 -15.197902659036272
   vertex -9.56236900442984 1.2589097622854883 -15.197902659036272
   vertex -7.598460432628312 1.0003562937745216 -16.28688694438835
  endloop
 endfacet
 facet normal 0.473274859002241 -0.09414022262540998 0.875870153801605
  outer loop
   vertex -9.316240914382389 2.496279229502548 -15.197902659036272
   vertex -7.598460432628312 1.0003562937745216 -16.28688694438835
   vertex -7.402881852391808 1.9835962140114007 -16.28688694438835
  endloop
 endfacet
 facet normal 0.36172056377513984 -0.07195069367041787 0.9295059609397567
  outer loop
   vertex -7.402881852391808 1.9835962140114007 -16.28688694438835
   vertex -7.598460432628312 1.0003562937745216 -16.28688694438835
   vertex -5.514719600703993 0.7260266089268469 -17.119017293312762
  endloop
 endfacet
 facet normal 0.36172056377513984 -0.07195069367041786 0.9295059609397568
  outer loop
   vertex -7.402881852391808 1.9835962140114007 -16.28688694438835
   vertex -5.514719600703993 0.7260266089268469 -17.119017293312762
   vertex -5.372774921321747 1.4396307012823524 -17.119017293312762
  endloop
 endfacet
 facet normal 0.24440226879694785 -0.04861463387936055 0.9684545153902068
  outer loop
   vertex -5.372774921321747 1.4396307012823524 -17.119017293312762
   vertex -5.514719600703993 0.7260266089268469 -17.119017293312762
   vertex -3.344008346342749 0.4402470507491203 -17.681170513116395
  endloop
 endfacet
 facet normal 0.24440226879694793 -0.04861463387936044 0.9684545153902067
  outer loop
   vertex -5.372774921321747 1.4396307012823524 -17.119017293312762
   vertex -3.344008346342749 0.4402470507491203 -17.681170513116395
   vertex -3.257936120202261 0.8729613524003819 -17.681170513116395
  endloop
 endfacet
 facet normal 0.12318459085625873 -0.024502938591912975 0.9920812278114817
  outer loop
   vertex -3.257936120202261 0.8729613524003819 -17.681170513116395
   vertex -3.344008346342749 0.4402470507491203 -17.681170513116395
   vertex -1.120560082745937 0.14752453359024156 -17.96448111170889
  endloop
 endfacet
 facet normal 0.12318459085625875 -0.024502938591912923 0.9920812278114818
  outer loop
   vertex -3.257936120202261 0.8729613524003819 -17.681170513116395
   vertex -1.120560082745937 0.14752453359024156 -17.96448111170889
   vertex -1.0917177202704977 0.2925248815092265 -17.96448111170889
  endloop
 endfacet
 facet normal 0.12532900487747692 -0.00821449697085767 -0.9920812278114818
  outer loop
   vertex -1.1205600827459334 0.14752453359024106 17.96448111170889
   vertex -1.1302293515276407 1.3841317576507138e-16 17.96448111170889
   vertex -3.372863662543043 4.130566688293756e-16 17.681170513116395
  endloop
 endfacet
 facet normal 0.12532900487747692 -0.008214496970857752 -0.9920812278114818
  outer loop
   vertex -1.1205600827459334 0.14752453359024106 17.96448111170889
   vertex -3.372863662543043 4.130566688293756e-16 17.681170513116395
   vertex -3.3440083463427492 0.44024705074912035 17.681170513116395
  endloop
 endfacet
 facet normal 0.24865685655328068 -0.016297831431254167 -0.9684545153902064
  outer loop
   vertex -3.3440083463427492 0.44024705074912035 17.681170513116395
   vertex -3.372863662543043 4.130566688293756e-16 17.681170513116395
   vertex -5.562305898749053 6.81186011478147e-16 17.119017293312762
  endloop
 endfacet
 facet normal 0.24865685655328063 -0.016297831431254038 -0.9684545153902064
  outer loop
   vertex -3.3440083463427492 0.44024705074912035 17.681170513116395
   vertex -5.562305898749053 6.81186011478147e-16 17.119017293312762
   vertex -5.514719600703983 0.7260266089268457 17.119017293312762
  endloop
 endfacet
 facet normal 0.3680174442804891 -0.02412113767455731 -0.9295059609397577
  outer loop
   vertex -5.514719600703983 0.7260266089268457 17.119017293312762
   vertex -5.562305898749053 6.81186011478147e-16 17.119017293312762
   vertex -7.6640272481713065 9.385726438051087e-16 16.286886944388353
  endloop
 endfacet
 facet normal 0.36801744428048894 -0.02412113767455724 -0.9295059609397576
  outer loop
   vertex -5.514719600703983 0.7260266089268457 17.119017293312762
   vertex -7.6640272481713065 9.385726438051087e-16 16.286886944388353
   vertex -7.598460432628307 1.000356293774521 16.286886944388353
  endloop
 endfacet
 facet normal 0.4815136917692292 -0.03156007475150457 -0.8758701538016048
  outer loop
   vertex -7.598460432628307 1.000356293774521 16.286886944388353
   vertex -7.6640272481713065 9.385726438051087e-16 16.286886944388353
   vertex -9.644882309621938 1.1811574248631438e-15 15.197902659036274
  endloop
 endfacet
 facet normal 0.48151369176922926 -0.03156007475150482 -0.875870153801605
  outer loop
   vertex -7.598460432628307 1.000356293774521 16.286886944388353
   vertex -9.644882309621938 1.1811574248631438e-15 15.197902659036274
   vertex -9.562369004429838 1.2589097622854881 15.197902659036274
  endloop
 endfacet
 facet normal 0.5873495380917202 -0.03849692260946222 -0.8084172852265369
  outer loop
   vertex -9.562369004429838 1.2589097622854881 15.197902659036274
   vertex -9.644882309621938 1.1811574248631438e-15 15.197902659036274
   vertex -11.473631815476413 1.4051146477418425e-15 13.869238369964206
  endloop
 endfacet
 facet normal 0.5873495380917204 -0.03849692260946253 -0.8084172852265369
  outer loop
   vertex -9.562369004429838 1.2589097622854881 15.197902659036274
   vertex -11.473631815476413 1.4051146477418425e-15 13.869238369964206
   vertex -11.375473304749152 1.4976094718089736 13.869238369964206
  endloop
 endfacet
 facet normal 0.6838591134652222 -0.04482249437427011 -0.7282359898608617
  outer loop
   vertex -11.375473304749152 1.4976094718089736 13.869238369964206
   vertex -11.473631815476413 1.4051146477418425e-15 13.869238369964206
   vertex -13.121435293585408 1.6069123732508481e-15 12.321847906716394
  endloop
 endfacet
 facet normal 0.6838591134652221 -0.044822494374269765 -0.7282359898608618
  outer loop
   vertex -11.375473304749152 1.4976094718089736 13.869238369964206
   vertex -13.121435293585408 1.6069123732508481e-15 12.321847906716394
   vertex -13.009179595674208 1.712690985333498 12.321847906716394
  endloop
 endfacet
 facet normal 0.769532535670493 -0.05043782713683513 -0.6366126782732623
  outer loop
   vertex -13.009179595674208 1.712690985333498 12.321847906716394
   vertex -13.121435293585408 1.6069123732508481e-15 12.321847906716394
   vertex -14.562305898749054 1.783368130710765e-15 10.580134541264515
  endloop
 endfacet
 facet normal 0.7695325356704932 -0.050437827136835305 -0.6366126782732622
  outer loop
   vertex -13.009179595674208 1.712690985333498 12.321847906716394
   vertex -14.562305898749054 1.783368130710765e-15 10.580134541264515
   vertex -14.437723353068277 1.9007623389073098 10.580134541264515
  endloop
 endfacet
 facet normal 0.8430379956437987 -0.05525562951931265 -0.5350081805984943
  outer loop
   vertex -14.437723353068277 1.9007623389073098 10.580134541264515
   vertex -14.562305898749054 1.783368130710765e-15 10.580134541264515
   vertex -15.773520240789544 1.9316991074168903e-15 8.671566133830876
  endloop
 endfacet
 facet normal 0.8430379956437986 -0.055255629519312614 -0.5350081805984942
  outer loop
   vertex -14.437723353068277 1.9007623389073098 10.580134541264515
   vertex -15.773520240789544 1.9316991074168903e-15 8.671566133830876
   vertex -15.638575588506582 2.05885753493617 8.671566133830876
  endloop
 endfacet
 facet normal 0.9032400348950197 -0.0592014796403766 -0.42503249778250335
  outer loop
   vertex -15.638575588506582 2.05885753493617 8.671566133830876
   vertex -15.773520240789544 1.9316991074168903e-15 8.671566133830876
   vertex -16.735976745988523 2.049566035257938e-15 6.626241948324205
  endloop
 endfacet
 facet normal 0.9032400348950198 -0.059201479640377204 -0.4250324977825029
  outer loop
   vertex -15.638575588506582 2.05885753493617 8.671566133830876
   vertex -16.735976745988523 2.049566035257938e-15 6.626241948324205
   vertex -16.592798144881904 2.1844833177372114 6.626241948324205
  endloop
 endfacet
 facet normal 0.9492141145573921 -0.06221478002119275 -0.30841836176197507
  outer loop
   vertex -16.592798144881904 2.1844833177372114 6.626241948324205
   vertex -16.735976745988523 2.049566035257938e-15 6.626241948324205
   vertex -17.43449690031536 2.1351100823715656e-15 4.476417968967385
  endloop
 endfacet
 facet normal 0.9492141145573921 -0.06221478002119172 -0.308418361761976
  outer loop
   vertex -16.592798144881904 2.1844833177372114 6.626241948324205
   vertex -17.43449690031536 2.1351100823715656e-15 4.476417968967385
   vertex -17.28534236245529 2.275658493670456 4.476417968967385
  endloop
 endfacet
 facet normal 0.9802577149984196 -0.06424948509234935 -0.1869941599394088
  outer loop
   vertex -17.28534236245529 2.275658493670456 4.476417968967385
   vertex -17.43449690031536 2.1351100823715656e-15 4.476417968967385
   vertex -17.8580646236606 2.1869821680332537e-15 2.2559982041574806
  endloop
 endfacet
 facet normal 0.9802577149984197 -0.06424948509234973 -0.18699415993940838
  outer loop
   vertex -17.28534236245529 2.275658493670456 4.476417968967385
   vertex -17.8580646236606 2.1869821680332537e-15 2.2559982041574806
   vertex -17.70528640520973 2.3309451757460264 2.2559982041574806
  endloop
 endfacet
 facet normal 0.9958982745184 -0.06527462152365708 -0.0626566085598097
  outer loop
   vertex -17.70528640520973 2.3309451757460264 2.2559982041574806
   vertex -17.8580646236606 2.1869821680332537e-15 2.2559982041574806
   vertex -18.0 2.204364238465236e-15 1.102182119232618e-15
  endloop
 endfacet
 facet normal 0.9958982745183999 -0.06527462152365725 -0.06265660855980955
  outer loop
   vertex -17.70528640520973 2.3309451757460264 2.2559982041574806
   vertex -18.0 2.204364238465236e-15 1.102182119232618e-15
   vertex -17.846007504728586 2.3494714599609283 1.102182119232618e-15
  endloop
 endfacet
 facet normal 0.9958982745183999 -0.06527462152365723 0.06265660855980835
  outer loop
   vertex -17.846007504728586 2.3494714599609283 1.102182119232618e-15
   vertex -18.0 2.204364238465236e-15 1.102182119232618e-15
   vertex -17.858064623660603 2.186982168033254e-15 -2.2559982041574704
  endloop
 endfacet
 facet normal 0.9958982745183999 -0.06527462152365707 0.06265660855980819
  outer loop
   vertex -17.846007504728586 2.3494714599609283 1.102182119232618e-15
   vertex -17.858064623660603 2.186982168033254e-15 -2.2559982041574704
   vertex -17.705286405209733 2.330945175746027 -2.2559982041574704
  endloop
 endfacet
 facet normal 0.9802577149984195 -0.0642494850923497 0.18699415993940924
  outer loop
   vertex -17.705286405209733 2.330945175746027 -2.2559982041574704
   vertex -17.858064623660603 2.186982168033254e-15 -2.2559982041574704
   vertex -17.43449690031536 2.1351100823715656e-15 -4.476417968967388
  endloop
 endfacet
 facet normal 0.9802577149984196 -0.06424948509234935 0.18699415993940885
  outer loop
   vertex -17.705286405209733 2.330945175746027 -2.2559982041574704
   vertex -17.43449690031536 2.1351100823715656e-15 -4.476417968967388
   vertex -17.28534236245529 2.275658493670456 -4.476417968967388
  endloop
 endfacet
 facet normal 0.9492141145573925 -0.06221478002119176 0.3084183617619742
  outer loop
   vertex -17.28534236245529 2.275658493670456 -4.476417968967388
   vertex -17.43449690031536 2.1351100823715656e-15 -4.476417968967388
   vertex -16.735976745988527 2.0495660352579384e-15 -6.626241948324203
  endloop
 endfacet
 facet normal 0.9492141145573921 -0.06221478002119271 0.3084183617619752
  outer loop
   vertex -17.28534236245529 2.275658493670456 -4.476417968967388
   vertex -16.735976745988527 2.0495660352579384e-15 -6.626241948324203
   vertex -16.592798144881908 2.184483317737212 -6.626241948324203
  endloop
 endfacet
 facet normal 0.903240034895019 -0.059201479640377135 0.4250324977825046
  outer loop
   vertex -16.592798144881908 2.184483317737212 -6.626241948324203
   vertex -16.735976745988527 2.0495660352579384e-15 -6.626241948324203
   vertex -15.773520240789546 1.9316991074168907e-15 -8.67156613383087
  endloop
 endfacet
 facet normal 0.9032400348950191 -0.059201479640376545 0.4250324977825042
  outer loop
   vertex -16.592798144881908 2.184483317737212 -6.626241948324203
   vertex -15.773520240789546 1.9316991074168907e-15 -8.67156613383087
   vertex -15.638575588506583 2.0588575349361706 -8.67156613383087
  endloop
 endfacet
 facet normal 0.8430379956437989 -0.05525562951931266 0.5350081805984936
  outer loop
   vertex -15.638575588506583 2.0588575349361706 -8.67156613383087
   vertex -15.773520240789546 1.9316991074168907e-15 -8.67156613383087
   vertex -14.562305898749054 1.783368130710765e-15 -10.580134541264515
  endloop
 endfacet
 facet normal 0.843037995643799 -0.05525562951931272 0.5350081805984938
  outer loop
   vertex -15.638575588506583 2.0588575349361706 -8.67156613383087
   vertex -14.562305898749054 1.783368130710765e-15 -10.580134541264515
   vertex -14.437723353068277 1.9007623389073098 -10.580134541264515
  endloop
 endfacet
 facet normal 0.7695325356704928 -0.05043782713683526 0.6366126782732623
  outer loop
   vertex -14.437723353068277 1.9007623389073098 -10.580134541264515
   vertex -14.562305898749054 1.783368130710765e-15 -10.580134541264515
   vertex -13.121435293585407 1.606912373250848e-15 -12.321847906716396
  endloop
 endfacet
 facet normal 0.7695325356704931 -0.05043782713683513 0.6366126782732622
  outer loop
   vertex -14.437723353068277 1.9007623389073098 -10.580134541264515
   vertex -13.121435293585407 1.606912373250848e-15 -12.321847906716396
   vertex -13.009179595674206 1.7126909853334977 -12.321847906716396
  endloop
 endfacet
 facet normal 0.6838591134652229 -0.04482249437426979 0.7282359898608609
  outer loop
   vertex -13.009179595674206 1.7126909853334977 -12.321847906716396
   vertex -13.121435293585407 1.606912373250848e-15 -12.321847906716396
   vertex -11.473631815476418 1.405114647741843e-15 -13.869238369964204
  endloop
 endfacet
 facet normal 0.6838591134652228 -0.04482249437427011 0.7282359898608611
  outer loop
   vertex -13.009179595674206 1.7126909853334977 -12.321847906716396
   vertex -11.473631815476418 1.405114647741843e-15 -13.869238369964204
   vertex -11.375473304749157 1.4976094718089743 -13.869238369964204
  endloop
 endfacet
 facet normal 0.5873495380917195 -0.03849692260946241 0.8084172852265376
  outer loop
   vertex -11.375473304749157 1.4976094718089743 -13.869238369964204
   vertex -11.473631815476418 1.405114647741843e-15 -13.869238369964204
   vertex -9.64488230962194 1.181157424863144e-15 -15.197902659036272
  endloop
 endfacet
 facet normal 0.5873495380917196 -0.03849692260946215 0.8084172852265373
  outer loop
   vertex -11.375473304749157 1.4976094718089743 -13.869238369964204
   vertex -9.64488230962194 1.181157424863144e-15 -15.197902659036272
   vertex -9.56236900442984 1.2589097622854883 -15.197902659036272
  endloop
 endfacet
 facet normal 0.4815136917692293 -0.03156007475150472 0.8758701538016048
  outer loop
   vertex -9.56236900442984 1.2589097622854883 -15.197902659036272
   vertex -9.64488230962194 1.181157424863144e-15 -15.197902659036272
   vertex -7.664027248171312 9.385726438051095e-16 -16.28688694438835
  endloop
 endfacet
 facet normal 0.4815136917692295 -0.03156007475150451 0.8758701538016049
  outer loop
   vertex -9.56236900442984 1.2589097622854883 -15.197902659036272
   vertex -7.664027248171312 9.385726438051095e-16 -16.28688694438835
   vertex -7.598460432628312 1.0003562937745216 -16.28688694438835
  endloop
 endfacet
 facet normal 0.36801744428049105 -0.024121137674557366 0.9295059609397569
  outer loop
   vertex -7.598460432628312 1.0003562937745216 -16.28688694438835
   vertex -7.664027248171312 9.385726438051095e-16 -16.28688694438835
   vertex -5.562305898749063 6.811860114781482e-16 -17.119017293312762
  endloop
 endfacet
 facet normal 0.36801744428049105 -0.024121137674557418 0.9295059609397568
  outer loop
   vertex -7.598460432628312 1.0003562937745216 -16.28688694438835
   vertex -5.562305898749063 6.811860114781482e-16 -17.119017293312762
   vertex -5.514719600703993 0.7260266089268469 -17.119017293312762
  endloop
 endfacet
 facet normal 0.2486568565532796 -0.016297831431253927 0.9684545153902068
  outer loop
   vertex -5.514719600703993 0.7260266089268469 -17.119017293312762
   vertex -5.562305898749063 6.811860114781482e-16 -17.119017293312762
   vertex -3.3728636625430424 4.1305666882937554e-16 -17.681170513116395
  endloop
 endfacet
 facet normal 0.24865685655327954 -0.01629783143125404 0.9684545153902067
  outer loop
   vertex -5.514719600703993 0.7260266089268469 -17.119017293312762
   vertex -3.3728636625430424 4.1305666882937554e-16 -17.681170513116395
   vertex -3.344008346342749 0.4402470507491203 -17.681170513116395
  endloop
 endfacet
 facet normal 0.1253290048774771 -0.008214496970857828 0.9920812278114817
  outer loop
   vertex -3.344008346342749 0.4402470507491203 -17.681170513116395
   vertex -3.3728636625430424 4.1305666882937554e-16 -17.681170513116395
   vertex -1.1302293515276445 1.3841317576507185e-16 -17.96448111170889
  endloop
 endfacet
 facet normal 0.12532900487747714 -0.008214496970857575 0.9920812278114818
  outer loop
   vertex -3.344008346342749 0.4402470507491203 -17.681170513116395
   vertex -1.1302293515276445 1.3841317576507185e-16 -17.96448111170889
   vertex -1.120560082745937 0.14752453359024156 -17.96448111170889
  endloop
 endfacet
 facet normal 0.12532900487747692 0.008214496970857644 -0.9920812278114818
  outer loop
   vertex -1.1302293515276407 1.3841317576507138e-16 17.96448111170889
   vertex -1.1205600827459334 -0.14752453359024129 17.96448111170889
   vertex -3.3440083463427492 -0.440247050749121 17.681170513116395
  endloop
 endfacet
 facet normal 0.12532900487747692 0.008214496970857837 -0.9920812278114818
  outer loop
   vertex -1.1302293515276407 1.3841317576507138e-16 17.96448111170889
   vertex -3.3440083463427492 -0.440247050749121 17.681170513116395
   vertex -3.372863662543043 4.130566688293756e-16 17.681170513116395
  endloop
 endfacet
 facet normal 0.24865685655328065 0.016297831431254114 -0.9684545153902064
  outer loop
   vertex -3.372863662543043 4.130566688293756e-16 17.681170513116395
   vertex -3.3440083463427492 -0.440247050749121 17.681170513116395
   vertex -5.514719600703983 -0.7260266089268467 17.119017293312762
  endloop
 endfacet
 facet normal 0.24865685655328065 0.016297831431253986 -0.9684545153902064
  outer loop
   vertex -3.372863662543043 4.130566688293756e-16 17.681170513116395
   vertex -5.514719600703983 -0.7260266089268467 17.119017293312762
   vertex -5.562305898749053 6.81186011478147e-16 17.119017293312762
  endloop
 endfacet
 facet normal 0.368017444280489 0.024121137674557227 -0.9295059609397576
  outer loop
   vertex -5.562305898749053 6.81186011478147e-16 17.119017293312762
   vertex -5.514719600703983 -0.7260266089268467 17.119017293312762
   vertex -7.598460432628307 -1.0003562937745223 16.286886944388353
  endloop
 endfacet
 facet normal 0.36801744428048905 0.024121137674557265 -0.9295059609397576
  outer loop
   vertex -5.562305898749053 6.81186011478147e-16 17.119017293312762
   vertex -7.598460432628307 -1.0003562937745223 16.286886944388353
   vertex -7.6640272481713065 9.385726438051087e-16 16.286886944388353
  endloop
 endfacet
 facet normal 0.48151369176922926 0.03156007475150448 -0.8758701538016048
  outer loop
   vertex -7.6640272481713065 9.385726438051087e-16 16.286886944388353
   vertex -7.598460432628307 -1.0003562937745223 16.286886944388353
   vertex -9.562369004429838 -1.25890976228549 15.197902659036274
  endloop
 endfacet
 facet normal 0.48151369176922926 0.03156007475150456 -0.875870153801605
  outer loop
   vertex -7.6640272481713065 9.385726438051087e-16 16.286886944388353
   vertex -9.562369004429838 -1.25890976228549 15.197902659036274
   vertex -9.644882309621938 1.1811574248631438e-15 15.197902659036274
  endloop
 endfacet
 facet normal 0.5873495380917204 0.03849692260946211 -0.8084172852265369
  outer loop
   vertex -9.644882309621938 1.1811574248631438e-15 15.197902659036274
   vertex -9.562369004429838 -1.25890976228549 15.197902659036274
   vertex -11.375473304749152 -1.4976094718089759 13.869238369964206
  endloop
 endfacet
 facet normal 0.5873495380917202 0.03849692260946239 -0.8084172852265369
  outer loop
   vertex -9.644882309621938 1.1811574248631438e-15 15.197902659036274
   vertex -11.375473304749152 -1.4976094718089759 13.869238369964206
   vertex -11.473631815476413 1.4051146477418425e-15 13.869238369964206
  endloop
 endfacet
 facet normal 0.6838591134652219 0.044822494374269946 -0.7282359898608618
  outer loop
   vertex -11.473631815476413 1.4051146477418425e-15 13.869238369964206
   vertex -11.375473304749152 -1.4976094718089759 13.869238369964206
   vertex -13.009179595674208 -1.7126909853335004 12.321847906716394
  endloop
 endfacet
 facet normal 0.6838591134652222 0.044822494374269634 -0.7282359898608616
  outer loop
   vertex -11.473631815476413 1.4051146477418425e-15 13.869238369964206
   vertex -13.009179595674208 -1.7126909853335004 12.321847906716394
   vertex -13.121435293585408 1.6069123732508481e-15 12.321847906716394
  endloop
 endfacet
 facet normal 0.7695325356704931 0.05043782713683497 -0.6366126782732622
  outer loop
   vertex -13.121435293585408 1.6069123732508481e-15 12.321847906716394
   vertex -13.009179595674208 -1.7126909853335004 12.321847906716394
   vertex -14.437723353068277 -1.9007623389073127 10.580134541264515
  endloop
 endfacet
 facet normal 0.769532535670493 0.05043782713683512 -0.6366126782732622
  outer loop
   vertex -13.121435293585408 1.6069123732508481e-15 12.321847906716394
   vertex -14.437723353068277 -1.9007623389073127 10.580134541264515
   vertex -14.562305898749054 1.783368130710765e-15 10.580134541264515
  endloop
 endfacet
 facet normal 0.8430379956437987 0.055255629519312455 -0.5350081805984942
  outer loop
   vertex -14.562305898749054 1.783368130710765e-15 10.580134541264515
   vertex -14.437723353068277 -1.9007623389073127 10.580134541264515
   vertex -15.638575588506582 -2.0588575349361733 8.671566133830876
  endloop
 endfacet
 facet normal 0.8430379956437986 0.05525562951931243 -0.5350081805984941
  outer loop
   vertex -14.562305898749054 1.783368130710765e-15 10.580134541264515
   vertex -15.638575588506582 -2.0588575349361733 8.671566133830876
   vertex -15.773520240789544 1.9316991074168903e-15 8.671566133830876
  endloop
 endfacet
 facet normal 0.9032400348950199 0.05920147964037643 -0.4250324977825029
  outer loop
   vertex -15.773520240789544 1.9316991074168903e-15 8.671566133830876
   vertex -15.638575588506582 -2.0588575349361733 8.671566133830876
   vertex -16.592798144881904 -2.1844833177372145 6.626241948324205
  endloop
 endfacet
 facet normal 0.9032400348950196 0.059201479640377 -0.4250324977825034
  outer loop
   vertex -15.773520240789544 1.9316991074168903e-15 8.671566133830876
   vertex -16.592798144881904 -2.1844833177372145 6.626241948324205
   vertex -16.735976745988523 2.049566035257938e-15 6.626241948324205
  endloop
 endfacet
 facet normal 0.9492141145573918 0.062214780021192524 -0.30841836176197607
  outer loop
   vertex -16.735976745988523 2.049566035257938e-15 6.626241948324205
   vertex -16.592798144881904 -2.1844833177372145 6.626241948324205
   vertex -17.28534236245529 -2.275658493670459 4.476417968967385
  endloop
 endfacet
 facet normal 0.9492141145573922 0.062214780021191525 -0.30841836176197507
  outer loop
   vertex -16.735976745988523 2.049566035257938e-15 6.626241948324205
   vertex -17.28534236245529 -2.275658493670459 4.476417968967385
   vertex -17.43449690031536 2.1351100823715656e-15 4.476417968967385
  endloop
 endfacet
 facet normal 0.9802577149984197 0.06424948509234912 -0.18699415993940838
  outer loop
   vertex -17.43449690031536 2.1351100823715656e-15 4.476417968967385
   vertex -17.28534236245529 -2.275658493670459 4.476417968967385
   vertex -17.70528640520973 -2.33094517574603 2.2559982041574806
  endloop
 endfacet
 facet normal 0.9802577149984196 0.06424948509234948 -0.18699415993940877
  outer loop
   vertex -17.43449690031536 2.1351100823715656e-15 4.476417968967385
   vertex -17.70528640520973 -2.33094517574603 2.2559982041574806
   vertex -17.8580646236606 2.1869821680332537e-15 2.2559982041574806
  endloop
 endfacet
 facet normal 0.9958982745184 0.06527462152365686 -0.06265660855980955
  outer loop
   vertex -17.8580646236606 2.1869821680332537e-15 2.2559982041574806
   vertex -17.70528640520973 -2.33094517574603 2.2559982041574806
   vertex -17.846007504728586 -2.349471459960932 1.102182119232618e-15
  endloop
 endfacet
 facet normal 0.9958982745184 0.06527462152365701 -0.0626566085598097
  outer loop
   vertex -17.8580646236606 2.1869821680332537e-15 2.2559982041574806
   vertex -17.846007504728586 -2.349471459960932 1.102182119232618e-15
   vertex -18.0 2.204364238465236e-15 1.102182119232618e-15
  endloop
 endfacet
 facet normal 0.9958982745183999 0.06527462152365701 0.06265660855980822
  outer loop
   vertex -18.0 2.204364238465236e-15 1.102182119232618e-15
   vertex -17.846007504728586 -2.349471459960932 1.102182119232618e-15
   vertex -17.705286405209733 -2.3309451757460304 -2.2559982041574704
  endloop
 endfacet
 facet normal 0.9958982745184 0.06527462152365685 0.06265660855980837
  outer loop
   vertex -18.0 2.204364238465236e-15 1.102182119232618e-15
   vertex -17.705286405209733 -2.3309451757460304 -2.2559982041574704
   vertex -17.858064623660603 2.186982168033254e-15 -2.2559982041574704
  endloop
 endfacet
 facet normal 0.9802577149984195 0.06424948509234948 0.18699415993940885
  outer loop
   vertex -17.858064623660603 2.186982168033254e-15 -2.2559982041574704
   vertex -17.705286405209733 -2.3309451757460304 -2.2559982041574704
   vertex -17.28534236245529 -2.275658493670459 -4.476417968967388
  endloop
 endfacet
 facet normal 0.9802577149984195 0.06424948509234912 0.1869941599394092
  outer loop
   vertex -17.858064623660603 2.186982168033254e-15 -2.2559982041574704
   vertex -17.28534236245529 -2.275658493670459 -4.476417968967388
   vertex -17.43449690031536 2.1351100823715656e-15 -4.476417968967388
  endloop
 endfacet
 facet normal 0.9492141145573922 0.062214780021191546 0.30841836176197523
  outer loop
   vertex -17.43449690031536 2.1351100823715656e-15 -4.476417968967388
   vertex -17.28534236245529 -2.275658493670459 -4.476417968967388
   vertex -16.592798144881908 -2.184483317737215 -6.626241948324203
  endloop
 endfacet
 facet normal 0.9492141145573925 0.062214780021192566 0.30841836176197424
  outer loop
   vertex -17.43449690031536 2.1351100823715656e-15 -4.476417968967388
   vertex -16.592798144881908 -2.184483317737215 -6.626241948324203
   vertex -16.735976745988527 2.0495660352579384e-15 -6.626241948324203
  endloop
 endfacet
 facet normal 0.9032400348950193 0.05920147964037695 0.42503249778250407
  outer loop
   vertex -16.735976745988527 2.0495660352579384e-15 -6.626241948324203
   vertex -16.592798144881908 -2.184483317737215 -6.626241948324203
   vertex -15.638575588506583 -2.0588575349361737 -8.67156613383087
  endloop
 endfacet
 facet normal 0.9032400348950191 0.05920147964037633 0.4250324977825047
  outer loop
   vertex -16.735976745988527 2.0495660352579384e-15 -6.626241948324203
   vertex -15.638575588506583 -2.0588575349361737 -8.67156613383087
   vertex -15.773520240789546 1.9316991074168907e-15 -8.67156613383087
  endloop
 endfacet
 facet normal 0.843037995643799 0.05525562951931248 0.5350081805984938
  outer loop
   vertex -15.773520240789546 1.9316991074168907e-15 -8.67156613383087
   vertex -15.638575588506583 -2.0588575349361737 -8.67156613383087
   vertex -14.437723353068277 -1.9007623389073127 -10.580134541264515
  endloop
 endfacet
 facet normal 0.8430379956437988 0.055255629519312524 0.5350081805984938
  outer loop
   vertex -15.773520240789546 1.9316991074168907e-15 -8.67156613383087
   vertex -14.437723353068277 -1.9007623389073127 -10.580134541264515
   vertex -14.562305898749054 1.783368130710765e-15 -10.580134541264515
  endloop
 endfacet
 facet normal 0.7695325356704931 0.0504378271368351 0.6366126782732623
  outer loop
   vertex -14.562305898749054 1.783368130710765e-15 -10.580134541264515
   vertex -14.437723353068277 -1.9007623389073127 -10.580134541264515
   vertex -13.009179595674206 -1.7126909853335002 -12.321847906716396
  endloop
 endfacet
 facet normal 0.7695325356704931 0.05043782713683497 0.6366126782732624
  outer loop
   vertex -14.562305898749054 1.783368130710765e-15 -10.580134541264515
   vertex -13.009179595674206 -1.7126909853335002 -12.321847906716396
   vertex -13.121435293585407 1.606912373250848e-15 -12.321847906716396
  endloop
 endfacet
 facet normal 0.6838591134652228 0.044822494374269634 0.7282359898608611
  outer loop
   vertex -13.121435293585407 1.606912373250848e-15 -12.321847906716396
   vertex -13.009179595674206 -1.7126909853335002 -12.321847906716396
   vertex -11.375473304749157 -1.4976094718089765 -13.869238369964204
  endloop
 endfacet
 facet normal 0.6838591134652229 0.044822494374269974 0.7282359898608609
  outer loop
   vertex -13.121435293585407 1.606912373250848e-15 -12.321847906716396
   vertex -11.375473304749157 -1.4976094718089765 -13.869238369964204
   vertex -11.473631815476418 1.405114647741843e-15 -13.869238369964204
  endloop
 endfacet
 facet normal 0.5873495380917196 0.03849692260946229 0.8084172852265374
  outer loop
   vertex -11.473631815476418 1.405114647741843e-15 -13.869238369964204
   vertex -11.375473304749157 -1.4976094718089765 -13.869238369964204
   vertex -9.56236900442984 -1.2589097622854901 -15.197902659036272
  endloop
 endfacet
 facet normal 0.5873495380917195 0.03849692260946217 0.8084172852265373
  outer loop
   vertex -11.473631815476418 1.405114647741843e-15 -13.869238369964204
   vertex -9.56236900442984 -1.2589097622854901 -15.197902659036272
   vertex -9.64488230962194 1.181157424863144e-15 -15.197902659036272
  endloop
 endfacet
 facet normal 0.48151369176922937 0.03156007475150463 0.8758701538016048
  outer loop
   vertex -9.64488230962194 1.181157424863144e-15 -15.197902659036272
   vertex -9.56236900442984 -1.2589097622854901 -15.197902659036272
   vertex -7.598460432628312 -1.000356293774523 -16.28688694438835
  endloop
 endfacet
 facet normal 0.48151369176922926 0.0315600747515044 0.8758701538016049
  outer loop
   vertex -9.64488230962194 1.181157424863144e-15 -15.197902659036272
   vertex -7.598460432628312 -1.000356293774523 -16.28688694438835
   vertex -7.664027248171312 9.385726438051095e-16 -16.28688694438835
  endloop
 endfacet
 facet normal 0.3680174442804911 0.02412113767455729 0.9295059609397567
  outer loop
   vertex -7.664027248171312 9.385726438051095e-16 -16.28688694438835
   vertex -7.598460432628312 -1.000356293774523 -16.28688694438835
   vertex -5.514719600703993 -0.726026608926848 -17.119017293312762
  endloop
 endfacet
 facet normal 0.36801744428049105 0.024121137674557203 0.9295059609397569
  outer loop
   vertex -7.664027248171312 9.385726438051095e-16 -16.28688694438835
   vertex -5.514719600703993 -0.726026608926848 -17.119017293312762
   vertex -5.562305898749063 6.811860114781482e-16 -17.119017293312762
  endloop
 endfacet
 facet normal 0.24865685655327957 0.016297831431253868 0.9684545153902068
  outer loop
   vertex -5.562305898749063 6.811860114781482e-16 -17.119017293312762
   vertex -5.514719600703993 -0.726026608926848 -17.119017293312762
   vertex -3.344008346342749 -0.44024705074912096 -17.681170513116395
  endloop
 endfacet
 facet normal 0.2486568565532796 0.01629783143125399 0.9684545153902067
  outer loop
   vertex -5.562305898749063 6.811860114781482e-16 -17.119017293312762
   vertex -3.344008346342749 -0.44024705074912096 -17.681170513116395
   vertex -3.3728636625430424 4.1305666882937554e-16 -17.681170513116395
  endloop
 endfacet
 facet normal 0.1253290048774771 0.008214496970857802 0.9920812278114817
  outer loop
   vertex -3.3728636625430424 4.1305666882937554e-16 -17.681170513116395
   vertex -3.344008346342749 -0.44024705074912096 -17.681170513116395
   vertex -1.120560082745937 -0.14752453359024179 -17.96448111170889
  endloop
 endfacet
 facet normal 0.1253290048774771 0.008214496970857544 0.9920812278114817
  outer loop
   vertex -3.3728636625430424 4.1305666882937554e-16 -17.681170513116395
   vertex -1.120560082745937 -0.14752453359024179 -17.96448111170889
   vertex -1.1302293515276445 1.3841317576507185e-16 -17.96448111170889
  endloop
 endfacet
 facet normal 0.1231845908562585 0.024502938591912916 -0.9920812278114818
  outer loop
   vertex -1.1205600827459334 -0.14752453359024129 17.96448111170889
   vertex -1.0917177202704944 -0.2925248815092248 17.96448111170889
   vertex -3.2579361202022623 -0.8729613524003798 17.681170513116395
  endloop
 endfacet
 facet normal 0.1231845908562585 0.024502938591912854 -0.9920812278114817
  outer loop
   vertex -1.1205600827459334 -0.14752453359024129 17.96448111170889
   vertex -3.2579361202022623 -0.8729613524003798 17.681170513116395
   vertex -3.3440083463427492 -0.440247050749121 17.681170513116395
  endloop
 endfacet
 facet normal 0.24440226879694904 0.04861463387936043 -0.9684545153902064
  outer loop
   vertex -3.3440083463427492 -0.440247050749121 17.681170513116395
   vertex -3.2579361202022623 -0.8729613524003798 17.681170513116395
   vertex -5.372774921321739 -1.4396307012823462 17.119017293312762
  endloop
 endfacet
 facet normal 0.24440226879694898 0.04861463387936055 -0.9684545153902064
  outer loop
   vertex -3.3440083463427492 -0.440247050749121 17.681170513116395
   vertex -5.372774921321739 -1.4396307012823462 17.119017293312762
   vertex -5.514719600703983 -0.7260266089268467 17.119017293312762
  endloop
 endfacet
 facet normal 0.36172056377513784 0.07195069367041712 -0.9295059609397577
  outer loop
   vertex -5.514719600703983 -0.7260266089268467 17.119017293312762
   vertex -5.372774921321739 -1.4396307012823462 17.119017293312762
   vertex -7.402881852391805 -1.9835962140113943 16.286886944388353
  endloop
 endfacet
 facet normal 0.3617205637751378 0.07195069367041708 -0.9295059609397577
  outer loop
   vertex -5.514719600703983 -0.7260266089268467 17.119017293312762
   vertex -7.402881852391805 -1.9835962140113943 16.286886944388353
   vertex -7.598460432628307 -1.0003562937745223 16.286886944388353
  endloop
 endfacet
 facet normal 0.4732748590022412 0.09414022262540937 -0.8758701538016048
  outer loop
   vertex -7.598460432628307 -1.0003562937745223 16.286886944388353
   vertex -7.402881852391805 -1.9835962140113943 16.286886944388353
   vertex -9.316240914382389 -2.496279229502541 15.197902659036274
  endloop
 endfacet
 facet normal 0.47327485900224114 0.09414022262540933 -0.8758701538016048
  outer loop
   vertex -7.598460432628307 -1.0003562937745223 16.286886944388353
   vertex -9.316240914382389 -2.496279229502541 15.197902659036274
   vertex -9.562369004429838 -1.25890976228549 15.197902659036274
  endloop
 endfacet
 facet normal 0.5772998246509141 0.11483207480917451 -0.8084172852265369
  outer loop
   vertex -9.562369004429838 -1.25890976228549 15.197902659036274
   vertex -9.316240914382389 -2.496279229502541 15.197902659036274
   vertex -11.082677291900598 -2.969594430339502 13.869238369964206
  endloop
 endfacet
 facet normal 0.5772998246509142 0.11483207480917426 -0.8084172852265369
  outer loop
   vertex -9.562369004429838 -1.25890976228549 15.197902659036274
   vertex -11.082677291900598 -2.969594430339502 13.869238369964206
   vertex -11.375473304749152 -1.4976094718089759 13.869238369964206
  endloop
 endfacet
 facet normal 0.6721580944322659 0.13370055781692114 -0.7282359898608618
  outer loop
   vertex -11.375473304749152 -1.4976094718089759 13.869238369964206
   vertex -11.082677291900598 -2.969594430339502 13.869238369964206
   vertex -12.674333228055032 -3.396077353060284 12.321847906716394
  endloop
 endfacet
 facet normal 0.6721580944322658 0.1337005578169211 -0.7282359898608619
  outer loop
   vertex -11.375473304749152 -1.4976094718089759 13.869238369964206
   vertex -12.674333228055032 -3.396077353060284 12.321847906716394
   vertex -13.009179595674208 -1.7126909853335004 12.321847906716394
  endloop
 endfacet
 facet normal 0.7563656206304448 0.15045047620418542 -0.6366126782732621
  outer loop
   vertex -13.009179595674208 -1.7126909853335004 12.321847906716394
   vertex -12.674333228055032 -3.396077353060284 12.321847906716394
   vertex -14.066107357923356 -3.7690021072050297 10.580134541264515
  endloop
 endfacet
 facet normal 0.7563656206304447 0.1504504762041855 -0.6366126782732623
  outer loop
   vertex -13.009179595674208 -1.7126909853335004 12.321847906716394
   vertex -14.066107357923356 -3.7690021072050297 10.580134541264515
   vertex -14.437723353068277 -1.9007623389073127 10.580134541264515
  endloop
 endfacet
 facet normal 0.8286133818040432 0.1648214494171061 -0.5350081805984943
  outer loop
   vertex -14.437723353068277 -1.9007623389073127 10.580134541264515
   vertex -14.066107357923356 -3.7690021072050297 10.580134541264515
   vertex -15.236050572071987 -4.082487446626427 8.671566133830876
  endloop
 endfacet
 facet normal 0.8286133818040434 0.164821449417106 -0.5350081805984943
  outer loop
   vertex -14.437723353068277 -1.9007623389073127 10.580134541264515
   vertex -15.236050572071987 -4.082487446626427 8.671566133830876
   vertex -15.638575588506582 -2.0588575349361733 8.671566133830876
  endloop
 endfacet
 facet normal 0.8877853474725176 0.17659148519072998 -0.4250324977825027
  outer loop
   vertex -15.638575588506582 -2.0588575349361733 8.671566133830876
   vertex -15.236050572071987 -4.082487446626427 8.671566133830876
   vertex -16.165712167123598 -4.331589520254735 6.626241948324205
  endloop
 endfacet
 facet normal 0.8877853474725177 0.17659148519073026 -0.42503249778250296
  outer loop
   vertex -15.638575588506582 -2.0588575349361733 8.671566133830876
   vertex -16.165712167123598 -4.331589520254735 6.626241948324205
   vertex -16.592798144881904 -2.1844833177372145 6.626241948324205
  endloop
 endfacet
 facet normal 0.9329727978854434 0.1855798279282162 -0.30841836176197635
  outer loop
   vertex -16.592798144881904 -2.1844833177372145 6.626241948324205
   vertex -16.165712167123598 -4.331589520254735 6.626241948324205
   vertex -16.840430824371317 -4.512379839582472 4.476417968967385
  endloop
 endfacet
 facet normal 0.9329727978854434 0.1855798279282159 -0.30841836176197596
  outer loop
   vertex -16.592798144881904 -2.1844833177372145 6.626241948324205
   vertex -16.840430824371317 -4.512379839582472 4.476417968967385
   vertex -17.28534236245529 -2.275658493670459 4.476417968967385
  endloop
 endfacet
 facet normal 0.9634852337160131 0.1916491287737944 -0.18699415993940857
  outer loop
   vertex -17.28534236245529 -2.275658493670459 4.476417968967385
   vertex -16.840430824371317 -4.512379839582472 4.476417968967385
   vertex -17.249565827532948 -4.622007233274935 2.2559982041574806
  endloop
 endfacet
 facet normal 0.9634852337160132 0.19164912877379425 -0.18699415993940843
  outer loop
   vertex -17.28534236245529 -2.275658493670459 4.476417968967385
   vertex -17.249565827532948 -4.622007233274935 2.2559982041574806
   vertex -17.70528640520973 -2.33094517574603 2.2559982041574806
  endloop
 endfacet
 facet normal 0.9788581789262243 0.1947069976991551 -0.06265660855980855
  outer loop
   vertex -17.70528640520973 -2.33094517574603 2.2559982041574806
   vertex -17.249565827532948 -4.622007233274935 2.2559982041574806
   vertex -17.38666487320323 -4.658742811845366 1.102182119232618e-15
  endloop
 endfacet
 facet normal 0.9788581789262241 0.194706997699156 -0.06265660855980953
  outer loop
   vertex -17.70528640520973 -2.33094517574603 2.2559982041574806
   vertex -17.38666487320323 -4.658742811845366 1.102182119232618e-15
   vertex -17.846007504728586 -2.349471459960932 1.102182119232618e-15
  endloop
 endfacet
 facet normal 0.9788581789262243 0.19470699769915606 0.06265660855980712
  outer loop
   vertex -17.846007504728586 -2.349471459960932 1.102182119232618e-15
   vertex -17.38666487320323 -4.658742811845366 1.102182119232618e-15
   vertex -17.24956582753295 -4.622007233274937 -2.2559982041574704
  endloop
 endfacet
 facet normal 0.9788581789262243 0.19470699769915495 0.0626566085598082
  outer loop
   vertex -17.846007504728586 -2.349471459960932 1.102182119232618e-15
   vertex -17.24956582753295 -4.622007233274937 -2.2559982041574704
   vertex -17.705286405209733 -2.3309451757460304 -2.2559982041574704
  endloop
 endfacet
 facet normal 0.9634852337160131 0.19164912877379411 0.18699415993940918
  outer loop
   vertex -17.705286405209733 -2.3309451757460304 -2.2559982041574704
   vertex -17.24956582753295 -4.622007233274937 -2.2559982041574704
   vertex -16.840430824371317 -4.512379839582472 -4.476417968967388
  endloop
 endfacet
 facet normal 0.9634852337160131 0.19164912877379442 0.18699415993940893
  outer loop
   vertex -17.705286405209733 -2.3309451757460304 -2.2559982041574704
   vertex -16.840430824371317 -4.512379839582472 -4.476417968967388
   vertex -17.28534236245529 -2.275658493670459 -4.476417968967388
  endloop
 endfacet
 facet normal 0.9329727978854437 0.18557982792821595 0.30841836176197546
  outer loop
   vertex -17.28534236245529 -2.275658493670459 -4.476417968967388
   vertex -16.840430824371317 -4.512379839582472 -4.476417968967388
   vertex -16.1657121671236 -4.331589520254736 -6.626241948324203
  endloop
 endfacet
 facet normal 0.9329727978854436 0.18557982792821623 0.3084183617619752
  outer loop
   vertex -17.28534236245529 -2.275658493670459 -4.476417968967388
   vertex -16.1657121671236 -4.331589520254736 -6.626241948324203
   vertex -16.592798144881908 -2.184483317737215 -6.626241948324203
  endloop
 endfacet
 facet normal 0.887785347472517 0.1765914851907301 0.42503249778250407
  outer loop
   vertex -16.592798144881908 -2.184483317737215 -6.626241948324203
   vertex -16.1657121671236 -4.331589520254736 -6.626241948324203
   vertex -15.236050572071989 -4.082487446626427 -8.67156613383087
  endloop
 endfacet
 facet normal 0.8877853474725169 0.17659148519072992 0.4250324977825041
  outer loop
   vertex -16.592798144881908 -2.184483317737215 -6.626241948324203
   vertex -15.236050572071989 -4.082487446626427 -8.67156613383087
   vertex -15.638575588506583 -2.0588575349361737 -8.67156613383087
  endloop
 endfacet
 facet normal 0.8286133818040435 0.16482144941710605 0.5350081805984939
  outer loop
   vertex -15.638575588506583 -2.0588575349361737 -8.67156613383087
   vertex -15.236050572071989 -4.082487446626427 -8.67156613383087
   vertex -14.066107357923356 -3.7690021072050297 -10.580134541264515
  endloop
 endfacet
 facet normal 0.8286133818040436 0.16482144941710616 0.5350081805984938
  outer loop
   vertex -15.638575588506583 -2.0588575349361737 -8.67156613383087
   vertex -14.066107357923356 -3.7690021072050297 -10.580134541264515
   vertex -14.437723353068277 -1.9007623389073127 -10.580134541264515
  endloop
 endfacet
 facet normal 0.7563656206304448 0.15045047620418556 0.6366126782732623
  outer loop
   vertex -14.437723353068277 -1.9007623389073127 -10.580134541264515
   vertex -14.066107357923356 -3.7690021072050297 -10.580134541264515
   vertex -12.67433322805503 -3.3960773530602837 -12.321847906716396
  endloop
 endfacet
 facet normal 0.7563656206304447 0.1504504762041854 0.6366126782732623
  outer loop
   vertex -14.437723353068277 -1.9007623389073127 -10.580134541264515
   vertex -12.67433322805503 -3.3960773530602837 -12.321847906716396
   vertex -13.009179595674206 -1.7126909853335002 -12.321847906716396
  endloop
 endfacet
 facet normal 0.6721580944322667 0.13370055781692133 0.7282359898608611
  outer loop
   vertex -13.009179595674206 -1.7126909853335002 -12.321847906716396
   vertex -12.67433322805503 -3.3960773530602837 -12.321847906716396
   vertex -11.082677291900604 -2.9695944303395034 -13.869238369964204
  endloop
 endfacet
 facet normal 0.6721580944322666 0.1337005578169213 0.7282359898608611
  outer loop
   vertex -13.009179595674206 -1.7126909853335002 -12.321847906716396
   vertex -11.082677291900604 -2.9695944303395034 -13.869238369964204
   vertex -11.375473304749157 -1.4976094718089765 -13.869238369964204
  endloop
 endfacet
 facet normal 0.5772998246509133 0.11483207480917407 0.8084172852265376
  outer loop
   vertex -11.375473304749157 -1.4976094718089765 -13.869238369964204
   vertex -11.082677291900604 -2.9695944303395034 -13.869238369964204
   vertex -9.31624091438239 -2.4962792295025413 -15.197902659036272
  endloop
 endfacet
 facet normal 0.5772998246509135 0.11483207480917437 0.8084172852265376
  outer loop
   vertex -11.375473304749157 -1.4976094718089765 -13.869238369964204
   vertex -9.31624091438239 -2.4962792295025413 -15.197902659036272
   vertex -9.56236900442984 -1.2589097622854901 -15.197902659036272
  endloop
 endfacet
 facet normal 0.47327485900224103 0.0941402226254094 0.875870153801605
  outer loop
   vertex -9.56236900442984 -1.2589097622854901 -15.197902659036272
   vertex -9.31624091438239 -2.4962792295025413 -15.197902659036272
   vertex -7.402881852391809 -1.9835962140113956 -16.28688694438835
  endloop
 endfacet
 facet normal 0.47327485900224114 0.09414022262540976 0.8758701538016049
  outer loop
   vertex -9.56236900442984 -1.2589097622854901 -15.197902659036272
   vertex -7.402881852391809 -1.9835962140113956 -16.28688694438835
   vertex -7.598460432628312 -1.000356293774523 -16.28688694438835
  endloop
 endfacet
 facet normal 0.3617205637751399 0.07195069367041772 0.9295059609397568
  outer loop
   vertex -7.598460432628312 -1.000356293774523 -16.28688694438835
   vertex -7.402881852391809 -1.9835962140113956 -16.28688694438835
   vertex -5.372774921321748 -1.4396307012823488 -17.119017293312762
  endloop
 endfacet
 facet normal 0.3617205637751399 0.07195069367041737 0.9295059609397568
  outer loop
   vertex -7.598460432628312 -1.000356293774523 -16.28688694438835
   vertex -5.372774921321748 -1.4396307012823488 -17.119017293312762
   vertex -5.514719600703993 -0.726026608926848 -17.119017293312762
  endloop
 endfacet
 facet normal 0.2444022687969479 0.04861463387936027 0.9684545153902068
  outer loop
   vertex -5.514719600703993 -0.726026608926848 -17.119017293312762
   vertex -5.372774921321748 -1.4396307012823488 -17.119017293312762
   vertex -3.257936120202262 -0.8729613524003796 -17.681170513116395
  endloop
 endfacet
 facet normal 0.2444022687969479 0.0486146338793601 0.9684545153902068
  outer loop
   vertex -5.514719600703993 -0.726026608926848 -17.119017293312762
   vertex -3.257936120202262 -0.8729613524003796 -17.681170513116395
   vertex -3.344008346342749 -0.44024705074912096 -17.681170513116395
  endloop
 endfacet
 facet normal 0.12318459085625874 0.024502938591912885 0.9920812278114817
  outer loop
   vertex -3.344008346342749 -0.44024705074912096 -17.681170513116395
   vertex -3.257936120202262 -0.8729613524003796 -17.681170513116395
   vertex -1.091717720270498 -0.29252488150922573 -17.96448111170889
  endloop
 endfacet
 facet normal 0.12318459085625874 0.02450293859191308 0.9920812278114818
  outer loop
   vertex -3.344008346342749 -0.44024705074912096 -17.681170513116395
   vertex -1.091717720270498 -0.29252488150922573 -17.96448111170889
   vertex -1.120560082745937 -0.14752453359024179 -17.96448111170889
  endloop
 endfacet
 facet normal 0.1189324543322686 0.04037212814016249 -0.9920812278114817
  outer loop
   vertex -1.0917177202704944 -0.2925248815092248 17.96448111170889
   vertex -1.0441957649198916 -0.43252004760236706 17.96448111170889
   vertex -3.116119703774573 -1.2907390432814592 17.681170513116395
  endloop
 endfacet
 facet normal 0.11893245433226864 0.040372128140162486 -0.9920812278114818
  outer loop
   vertex -1.0917177202704944 -0.2925248815092248 17.96448111170889
   vertex -3.116119703774573 -1.2907390432814592 17.681170513116395
   vertex -3.2579361202022623 -0.8729613524003798 17.681170513116395
  endloop
 endfacet
 facet normal 0.23596589046039096 0.08009962646326843 -0.9684545153902064
  outer loop
   vertex -3.2579361202022623 -0.8729613524003798 17.681170513116395
   vertex -3.116119703774573 -1.2907390432814592 17.681170513116395
   vertex -5.138900573421049 -2.1286023131978724 17.119017293312762
  endloop
 endfacet
 facet normal 0.23596589046039107 0.08009962646326833 -0.9684545153902065
  outer loop
   vertex -3.2579361202022623 -0.8729613524003798 17.681170513116395
   vertex -5.138900573421049 -2.1286023131978724 17.119017293312762
   vertex -5.372774921321739 -1.4396307012823462 17.119017293312762
  endloop
 endfacet
 facet normal 0.34923454413570737 0.11854915334907515 -0.9295059609397576
  outer loop
   vertex -5.372774921321739 -1.4396307012823462 17.119017293312762
   vertex -5.138900573421049 -2.1286023131978724 17.119017293312762
   vertex -7.0806379111942706 -2.9328962530697686 16.286886944388353
  endloop
 endfacet
 facet normal 0.3492345441357071 0.11854915334907543 -0.9295059609397576
  outer loop
   vertex -5.372774921321739 -1.4396307012823462 17.119017293312762
   vertex -7.0806379111942706 -2.9328962530697686 16.286886944388353
   vertex -7.402881852391805 -1.9835962140113943 16.286886944388353
  endloop
 endfacet
 facet normal 0.45693816218114364 0.15510960518959327 -0.875870153801605
  outer loop
   vertex -7.402881852391805 -1.9835962140113943 16.286886944388353
   vertex -7.0806379111942706 -2.9328962530697686 16.286886944388353
   vertex -8.910709359339897 -3.6909366670034567 15.197902659036274
  endloop
 endfacet
 facet normal 0.45693816218114414 0.15510960518959283 -0.8758701538016049
  outer loop
   vertex -7.402881852391805 -1.9835962140113943 16.286886944388353
   vertex -8.910709359339897 -3.6909366670034567 15.197902659036274
   vertex -9.316240914382389 -2.496279229502541 15.197902659036274
  endloop
 endfacet
 facet normal 0.5573723511525811 0.18920241837143606 -0.8084172852265369
  outer loop
   vertex -9.316240914382389 -2.496279229502541 15.197902659036274
   vertex -8.910709359339897 -3.6909366670034567 15.197902659036274
   vertex -10.600253597888976 -4.390768804839809 13.869238369964206
  endloop
 endfacet
 facet normal 0.557372351152581 0.18920241837143617 -0.8084172852265369
  outer loop
   vertex -9.316240914382389 -2.496279229502541 15.197902659036274
   vertex -10.600253597888976 -4.390768804839809 13.869238369964206
   vertex -11.082677291900598 -2.969594430339502 13.869238369964206
  endloop
 endfacet
 facet normal 0.6489562640461431 0.22029096764652828 -0.7282359898608616
  outer loop
   vertex -11.082677291900598 -2.969594430339502 13.869238369964206
   vertex -10.600253597888976 -4.390768804839809 13.869238369964206
   vertex -12.122625504914787 -5.0213558957056925 12.321847906716394
  endloop
 endfacet
 facet normal 0.6489562640461426 0.2202909676465287 -0.7282359898608618
  outer loop
   vertex -11.082677291900598 -2.969594430339502 13.869238369964206
   vertex -12.122625504914787 -5.0213558957056925 12.321847906716394
   vertex -12.674333228055032 -3.396077353060284 12.321847906716394
  endloop
 endfacet
 facet normal 0.7302570801172412 0.24788887591093112 -0.6366126782732623
  outer loop
   vertex -12.674333228055032 -3.396077353060284 12.321847906716394
   vertex -12.122625504914787 -5.0213558957056925 12.321847906716394
   vertex -13.45381636602263 -5.57275320448368 10.580134541264515
  endloop
 endfacet
 facet normal 0.7302570801172413 0.24788887591093087 -0.6366126782732622
  outer loop
   vertex -12.674333228055032 -3.396077353060284 12.321847906716394
   vertex -13.45381636602263 -5.57275320448368 10.580134541264515
   vertex -14.066107357923356 -3.7690021072050297 10.580134541264515
  endloop
 endfacet
 facet normal 0.800010963266589 0.2715671286182352 -0.5350081805984944
  outer loop
   vertex -14.066107357923356 -3.7690021072050297 10.580134541264515
   vertex -13.45381636602263 -5.57275320448368 10.580134541264515
   vertex -14.572832506117965 -6.036264866225559 8.671566133830876
  endloop
 endfacet
 facet normal 0.8000109632665893 0.27156712861823507 -0.5350081805984944
  outer loop
   vertex -14.066107357923356 -3.7690021072050297 10.580134541264515
   vertex -14.572832506117965 -6.036264866225559 8.671566133830876
   vertex -15.236050572071987 -4.082487446626427 8.671566133830876
  endloop
 endfacet
 facet normal 0.8571404066141602 0.29095996146906206 -0.42503249778250357
  outer loop
   vertex -15.236050572071987 -4.082487446626427 8.671566133830876
   vertex -14.572832506117965 -6.036264866225559 8.671566133830876
   vertex -15.462026372203646 -6.404581025137213 6.626241948324205
  endloop
 endfacet
 facet normal 0.857140406614161 0.2909599614690613 -0.42503249778250274
  outer loop
   vertex -15.236050572071987 -4.082487446626427 8.671566133830876
   vertex -15.462026372203646 -6.404581025137213 6.626241948324205
   vertex -16.165712167123598 -4.331589520254735 6.626241948324205
  endloop
 endfacet
 facet normal 0.9007680579727478 0.3057695535269401 -0.30841836176197457
  outer loop
   vertex -16.165712167123598 -4.331589520254735 6.626241948324205
   vertex -15.462026372203646 -6.404581025137213 6.626241948324205
   vertex -16.107374845832833 -6.671893115371199 4.476417968967385
  endloop
 endfacet
 facet normal 0.9007680579727467 0.3057695535269416 -0.30841836176197623
  outer loop
   vertex -16.165712167123598 -4.331589520254735 6.626241948324205
   vertex -16.107374845832833 -6.671893115371199 4.476417968967385
   vertex -16.840430824371317 -4.512379839582472 4.476417968967385
  endloop
 endfacet
 facet normal 0.9302272529561519 0.3157696027267451 -0.18699415993940854
  outer loop
   vertex -16.840430824371317 -4.512379839582472 4.476417968967385
   vertex -16.107374845832833 -6.671893115371199 4.476417968967385
   vertex -16.498700396063903 -6.833985465580022 2.2559982041574806
  endloop
 endfacet
 facet normal 0.9302272529561519 0.3157696027267451 -0.18699415993940857
  outer loop
   vertex -16.840430824371317 -4.512379839582472 4.476417968967385
   vertex -16.498700396063903 -6.833985465580022 2.2559982041574806
   vertex -17.249565827532948 -4.622007233274935 2.2559982041574806
  endloop
 endfacet
 facet normal 0.9450695485018613 0.320807883161045 -0.06265660855981023
  outer loop
   vertex -17.249565827532948 -4.622007233274935 2.2559982041574806
   vertex -16.498700396063903 -6.833985465580022 2.2559982041574806
   vertex -16.629831585203164 -6.888301782571614 1.102182119232618e-15
  endloop
 endfacet
 facet normal 0.9450695485018619 0.32080788316104364 -0.0626566085598086
  outer loop
   vertex -17.249565827532948 -4.622007233274935 2.2559982041574806
   vertex -16.629831585203164 -6.888301782571614 1.102182119232618e-15
   vertex -17.38666487320323 -4.658742811845366 1.102182119232618e-15
  endloop
 endfacet
 facet normal 0.945069548501862 0.32080788316104364 0.0626566085598089
  outer loop
   vertex -17.38666487320323 -4.658742811845366 1.102182119232618e-15
   vertex -16.629831585203164 -6.888301782571614 1.102182119232618e-15
   vertex -16.498700396063906 -6.833985465580023 -2.2559982041574704
  endloop
 endfacet
 facet normal 0.9450695485018613 0.3208078831610453 0.06265660855980709
  outer loop
   vertex -17.38666487320323 -4.658742811845366 1.102182119232618e-15
   vertex -16.498700396063906 -6.833985465580023 -2.2559982041574704
   vertex -17.24956582753295 -4.622007233274937 -2.2559982041574704
  endloop
 endfacet
 facet normal 0.9302272529561516 0.3157696027267452 0.186994159939409
  outer loop
   vertex -17.24956582753295 -4.622007233274937 -2.2559982041574704
   vertex -16.498700396063906 -6.833985465580023 -2.2559982041574704
   vertex -16.107374845832833 -6.671893115371199 -4.476417968967388
  endloop
 endfacet
 facet normal 0.9302272529561518 0.3157696027267451 0.18699415993940924
  outer loop
   vertex -17.24956582753295 -4.622007233274937 -2.2559982041574704
   vertex -16.107374845832833 -6.671893115371199 -4.476417968967388
   vertex -16.840430824371317 -4.512379839582472 -4.476417968967388
  endloop
 endfacet
 facet normal 0.9007680579727473 0.30576955352694174 0.30841836176197424
  outer loop
   vertex -16.840430824371317 -4.512379839582472 -4.476417968967388
   vertex -16.107374845832833 -6.671893115371199 -4.476417968967388
   vertex -15.462026372203647 -6.404581025137214 -6.626241948324203
  endloop
 endfacet
 facet normal 0.9007680579727474 0.3057695535269406 0.3084183617619754
  outer loop
   vertex -16.840430824371317 -4.512379839582472 -4.476417968967388
   vertex -15.462026372203647 -6.404581025137214 -6.626241948324203
   vertex -16.1657121671236 -4.331589520254736 -6.626241948324203
  endloop
 endfacet
 facet normal 0.85714040661416 0.2909599614690616 0.42503249778250446
  outer loop
   vertex -16.1657121671236 -4.331589520254736 -6.626241948324203
   vertex -15.462026372203647 -6.404581025137214 -6.626241948324203
   vertex -14.572832506117967 -6.036264866225559 -8.67156613383087
  endloop
 endfacet
 facet normal 0.85714040661416 0.2909599614690619 0.42503249778250407
  outer loop
   vertex -16.1657121671236 -4.331589520254736 -6.626241948324203
   vertex -14.572832506117967 -6.036264866225559 -8.67156613383087
   vertex -15.236050572071989 -4.082487446626427 -8.67156613383087
  endloop
 endfacet
 facet normal 0.8000109632665893 0.2715671286182352 0.5350081805984941
  outer loop
   vertex -15.236050572071989 -4.082487446626427 -8.67156613383087
   vertex -14.572832506117967 -6.036264866225559 -8.67156613383087
   vertex -13.45381636602263 -5.57275320448368 -10.580134541264515
  endloop
 endfacet
 facet normal 0.8000109632665895 0.27156712861823534 0.5350081805984939
  outer loop
   vertex -15.236050572071989 -4.082487446626427 -8.67156613383087
   vertex -13.45381636602263 -5.57275320448368 -10.580134541264515
   vertex -14.066107357923356 -3.7690021072050297 -10.580134541264515
  endloop
 endfacet
 facet normal 0.7302570801172412 0.24788887591093087 0.6366126782732625
  outer loop
   vertex -14.066107357923356 -3.7690021072050297 -10.580134541264515
   vertex -13.45381636602263 -5.57275320448368 -10.580134541264515
   vertex -12.122625504914785 -5.021355895705692 -12.321847906716396
  endloop
 endfacet
 facet normal 0.7302570801172413 0.2478888759109312 0.6366126782732623
  outer loop
   vertex -14.066107357923356 -3.7690021072050297 -10.580134541264515
   vertex -12.122625504914785 -5.021355895705692 -12.321847906716396
   vertex -12.67433322805503 -3.3960773530602837 -12.321847906716396
  endloop
 endfacet
 facet normal 0.6489562640461437 0.22029096764652917 0.7282359898608607
  outer loop
   vertex -12.67433322805503 -3.3960773530602837 -12.321847906716396
   vertex -12.122625504914785 -5.021355895705692 -12.321847906716396
   vertex -10.600253597888981 -4.390768804839811 -13.869238369964204
  endloop
 endfacet
 facet normal 0.6489562640461436 0.22029096764652825 0.7282359898608611
  outer loop
   vertex -12.67433322805503 -3.3960773530602837 -12.321847906716396
   vertex -10.600253597888981 -4.390768804839811 -13.869238369964204
   vertex -11.082677291900604 -2.9695944303395034 -13.869238369964204
  endloop
 endfacet
 facet normal 0.5573723511525803 0.1892024183714358 0.8084172852265374
  outer loop
   vertex -11.082677291900604 -2.9695944303395034 -13.869238369964204
   vertex -10.600253597888981 -4.390768804839811 -13.869238369964204
   vertex -8.910709359339899 -3.6909366670034576 -15.197902659036272
  endloop
 endfacet
 facet normal 0.5573723511525802 0.18920241837143564 0.8084172852265376
  outer loop
   vertex -11.082677291900604 -2.9695944303395034 -13.869238369964204
   vertex -8.910709359339899 -3.6909366670034576 -15.197902659036272
   vertex -9.31624091438239 -2.4962792295025413 -15.197902659036272
  endloop
 endfacet
 facet normal 0.456938162181144 0.15510960518959271 0.8758701538016049
  outer loop
   vertex -9.31624091438239 -2.4962792295025413 -15.197902659036272
   vertex -8.910709359339899 -3.6909366670034576 -15.197902659036272
   vertex -7.080637911194276 -2.9328962530697704 -16.28688694438835
  endloop
 endfacet
 facet normal 0.45693816218114397 0.15510960518959288 0.875870153801605
  outer loop
   vertex -9.31624091438239 -2.4962792295025413 -15.197902659036272
   vertex -7.080637911194276 -2.9328962530697704 -16.28688694438835
   vertex -7.402881852391809 -1.9835962140113956 -16.28688694438835
  endloop
 endfacet
 facet normal 0.3492345441357092 0.11854915334907579 0.9295059609397567
  outer loop
   vertex -7.402881852391809 -1.9835962140113956 -16.28688694438835
   vertex -7.080637911194276 -2.9328962530697704 -16.28688694438835
   vertex -5.138900573421058 -2.1286023131978764 -17.119017293312762
  endloop
 endfacet
 facet normal 0.34923454413570926 0.11854915334907587 0.9295059609397568
  outer loop
   vertex -7.402881852391809 -1.9835962140113956 -16.28688694438835
   vertex -5.138900573421058 -2.1286023131978764 -17.119017293312762
   vertex -5.372774921321748 -1.4396307012823488 -17.119017293312762
  endloop
 endfacet
 facet normal 0.23596589046038988 0.08009962646326811 0.9684545153902068
  outer loop
   vertex -5.372774921321748 -1.4396307012823488 -17.119017293312762
   vertex -5.138900573421058 -2.1286023131978764 -17.119017293312762
   vertex -3.1161197037745727 -1.290739043281459 -17.681170513116395
  endloop
 endfacet
 facet normal 0.23596589046038996 0.08009962646326824 0.9684545153902067
  outer loop
   vertex -5.372774921321748 -1.4396307012823488 -17.119017293312762
   vertex -3.1161197037745727 -1.290739043281459 -17.681170513116395
   vertex -3.257936120202262 -0.8729613524003796 -17.681170513116395
  endloop
 endfacet
 facet normal 0.11893245433226882 0.04037212814016256 0.9920812278114817
  outer loop
   vertex -3.257936120202262 -0.8729613524003796 -17.681170513116395
   vertex -3.1161197037745727 -1.290739043281459 -17.681170513116395
   vertex -1.044195764919895 -0.4325200476023685 -17.96448111170889
  endloop
 endfacet
 facet normal 0.11893245433226886 0.04037212814016244 0.9920812278114817
  outer loop
   vertex -3.257936120202262 -0.8729613524003796 -17.681170513116395
   vertex -1.044195764919895 -0.4325200476023685 -17.96448111170889
   vertex -1.091717720270498 -0.29252488150922573 -17.96448111170889
  endloop
 endfacet
 facet normal 0.11264535054034762 0.05555053938266544 -0.9920812278114818
  outer loop
   vertex -1.0441957649198916 -0.43252004760236706 17.96448111170889
   vertex -0.9788073305257492 -0.5651146757638205 17.96448111170889
   vertex -2.920985615263699 -1.6864318312715219 17.681170513116395
  endloop
 endfacet
 facet normal 0.11264535054034765 0.05555053938266538 -0.9920812278114818
  outer loop
   vertex -1.0441957649198916 -0.43252004760236706 17.96448111170889
   vertex -2.920985615263699 -1.6864318312715219 17.681170513116395
   vertex -3.116119703774573 -1.2907390432814592 17.681170513116395
  endloop
 endfacet
 facet normal 0.2234920703159511 0.11021409223057796 -0.9684545153902064
  outer loop
   vertex -3.116119703774573 -1.2907390432814592 17.681170513116395
   vertex -2.920985615263699 -1.6864318312715219 17.681170513116395
   vertex -4.817098211936713 -2.781152949374527 17.119017293312762
  endloop
 endfacet
 facet normal 0.22349207031595103 0.1102140922305782 -0.9684545153902064
  outer loop
   vertex -3.116119703774573 -1.2907390432814592 17.681170513116395
   vertex -4.817098211936713 -2.781152949374527 17.119017293312762
   vertex -5.138900573421049 -2.1286023131978724 17.119017293312762
  endloop
 endfacet
 facet normal 0.3307730246200061 0.16311920414589637 -0.9295059609397577
  outer loop
   vertex -5.138900573421049 -2.1286023131978724 17.119017293312762
   vertex -4.817098211936713 -2.781152949374527 17.119017293312762
   vertex -6.637242292212496 -3.832013624085654 16.286886944388353
  endloop
 endfacet
 facet normal 0.33077302462000635 0.1631192041458961 -0.9295059609397575
  outer loop
   vertex -5.138900573421049 -2.1286023131978724 17.119017293312762
   vertex -6.637242292212496 -3.832013624085654 16.286886944388353
   vertex -7.0806379111942706 -2.9328962530697686 16.286886944388353
  endloop
 endfacet
 facet normal 0.4327831267179349 0.21342501940447584 -0.875870153801605
  outer loop
   vertex -7.0806379111942706 -2.9328962530697686 16.286886944388353
   vertex -6.637242292212496 -3.832013624085654 16.286886944388353
   vertex -8.352713096643727 -4.82244115481097 15.197902659036274
  endloop
 endfacet
 facet normal 0.43278312671793445 0.21342501940447617 -0.8758701538016049
  outer loop
   vertex -7.0806379111942706 -2.9328962530697686 16.286886944388353
   vertex -8.352713096643727 -4.82244115481097 15.197902659036274
   vertex -8.910709359339897 -3.6909366670034567 15.197902659036274
  endloop
 endfacet
 facet normal 0.5279080821932162 0.2603354560985429 -0.8084172852265371
  outer loop
   vertex -8.910709359339897 -3.6909366670034567 15.197902659036274
   vertex -8.352713096643727 -4.82244115481097 15.197902659036274
   vertex -9.936456625871942 -5.736815907738207 13.869238369964206
  endloop
 endfacet
 facet normal 0.5279080821932166 0.2603354560985426 -0.8084172852265369
  outer loop
   vertex -8.910709359339897 -3.6909366670034567 15.197902659036274
   vertex -9.936456625871942 -5.736815907738207 13.869238369964206
   vertex -10.600253597888976 -4.390768804839809 13.869238369964206
  endloop
 endfacet
 facet normal 0.6146506120575221 0.30311213794350866 -0.7282359898608615
  outer loop
   vertex -10.600253597888976 -4.390768804839809 13.869238369964206
   vertex -9.936456625871942 -5.736815907738207 13.869238369964206
   vertex -11.363496298358687 -6.560717646792706 12.321847906716394
  endloop
 endfacet
 facet normal 0.6146506120575221 0.3031121379435087 -0.7282359898608615
  outer loop
   vertex -10.600253597888976 -4.390768804839809 13.869238369964206
   vertex -11.363496298358687 -6.560717646792706 12.321847906716394
   vertex -12.122625504914787 -5.0213558957056925 12.321847906716394
  endloop
 endfacet
 facet normal 0.6916536384977191 0.34108582822305944 -0.6366126782732623
  outer loop
   vertex -12.122625504914787 -5.0213558957056925 12.321847906716394
   vertex -11.363496298358687 -6.560717646792706 12.321847906716394
   vertex -12.611326845996661 -7.281152949374529 10.580134541264515
  endloop
 endfacet
 facet normal 0.6916536384977191 0.3410858282230596 -0.6366126782732623
  outer loop
   vertex -12.122625504914787 -5.0213558957056925 12.321847906716394
   vertex -12.611326845996661 -7.281152949374529 10.580134541264515
   vertex -13.45381636602263 -5.57275320448368 10.580134541264515
  endloop
 endfacet
 facet normal 0.7577201353427006 0.37366621895607377 -0.5350081805984944
  outer loop
   vertex -13.45381636602263 -5.57275320448368 10.580134541264515
   vertex -12.611326845996661 -7.281152949374529 10.580134541264515
   vertex -13.66026923563178 -7.886760120394774 8.671566133830876
  endloop
 endfacet
 facet normal 0.7577201353427004 0.3736662189560738 -0.5350081805984944
  outer loop
   vertex -13.45381636602263 -5.57275320448368 10.580134541264515
   vertex -13.66026923563178 -7.886760120394774 8.671566133830876
   vertex -14.572832506117965 -6.036264866225559 8.671566133830876
  endloop
 endfacet
 facet normal 0.8118295557544178 0.40035003213731724 -0.4250324977825031
  outer loop
   vertex -14.572832506117965 -6.036264866225559 8.671566133830876
   vertex -13.66026923563178 -7.886760120394774 8.671566133830876
   vertex -14.493781019171685 -8.367988372994263 6.626241948324205
  endloop
 endfacet
 facet normal 0.8118295557544175 0.40035003213731757 -0.4250324977825035
  outer loop
   vertex -14.572832506117965 -6.036264866225559 8.671566133830876
   vertex -14.493781019171685 -8.367988372994263 6.626241948324205
   vertex -15.462026372203646 -6.404581025137213 6.626241948324205
  endloop
 endfacet
 facet normal 0.8531509268480495 0.4207274772894843 -0.308418361761975
  outer loop
   vertex -15.462026372203646 -6.404581025137213 6.626241948324205
   vertex -14.493781019171685 -8.367988372994263 6.626241948324205
   vertex -15.098717217874151 -8.717248450157681 4.476417968967385
  endloop
 endfacet
 facet normal 0.8531509268480499 0.42072747728948406 -0.3084183617619746
  outer loop
   vertex -15.462026372203646 -6.404581025137213 6.626241948324205
   vertex -15.098717217874151 -8.717248450157681 4.476417968967385
   vertex -16.107374845832833 -6.671893115371199 4.476417968967385
  endloop
 endfacet
 facet normal 0.8810528259904918 0.434487171229166 -0.18699415993940915
  outer loop
   vertex -16.107374845832833 -6.671893115371199 4.476417968967385
   vertex -15.098717217874151 -8.717248450157681 4.476417968967385
   vertex -15.46553762651427 -8.929032311830301 2.2559982041574806
  endloop
 endfacet
 facet normal 0.8810528259904923 0.4344871712291655 -0.18699415993940854
  outer loop
   vertex -16.107374845832833 -6.671893115371199 4.476417968967385
   vertex -15.46553762651427 -8.929032311830301 2.2559982041574806
   vertex -16.498700396063903 -6.833985465580022 2.2559982041574806
  endloop
 endfacet
 facet normal 0.8951105160798514 0.4414196567972986 -0.06265660855980941
  outer loop
   vertex -16.498700396063903 -6.833985465580022 2.2559982041574806
   vertex -15.46553762651427 -8.929032311830301 2.2559982041574806
   vertex -15.588457268119894 -9.000000000000002 1.102182119232618e-15
  endloop
 endfacet
 facet normal 0.895110516079851 0.4414196567972992 -0.06265660855981021
  outer loop
   vertex -16.498700396063903 -6.833985465580022 2.2559982041574806
   vertex -15.588457268119894 -9.000000000000002 1.102182119232618e-15
   vertex -16.629831585203164 -6.888301782571614 1.102182119232618e-15
  endloop
 endfacet
 facet normal 0.8951105160798511 0.4414196567972993 0.0626566085598079
  outer loop
   vertex -16.629831585203164 -6.888301782571614 1.102182119232618e-15
   vertex -15.588457268119894 -9.000000000000002 1.102182119232618e-15
   vertex -15.465537626514273 -8.929032311830303 -2.2559982041574704
  endloop
 endfacet
 facet normal 0.8951105160798515 0.4414196567972985 0.06265660855980887
  outer loop
   vertex -16.629831585203164 -6.888301782571614 1.102182119232618e-15
   vertex -15.465537626514273 -8.929032311830303 -2.2559982041574704
   vertex -16.498700396063906 -6.833985465580023 -2.2559982041574704
  endloop
 endfacet
 facet normal 0.8810528259904921 0.4344871712291653 0.18699415993940982
  outer loop
   vertex -16.498700396063906 -6.833985465580023 -2.2559982041574704
   vertex -15.465537626514273 -8.929032311830303 -2.2559982041574704
   vertex -15.098717217874151 -8.717248450157681 -4.476417968967388
  endloop
 endfacet
 facet normal 0.8810528259904918 0.434487171229166 0.186994159939409
  outer loop
   vertex -16.498700396063906 -6.833985465580023 -2.2559982041574704
   vertex -15.098717217874151 -8.717248450157681 -4.476417968967388
   vertex -16.107374845832833 -6.671893115371199 -4.476417968967388
  endloop
 endfacet
 facet normal 0.85315092684805 0.42072747728948406 0.30841836176197407
  outer loop
   vertex -16.107374845832833 -6.671893115371199 -4.476417968967388
   vertex -15.098717217874151 -8.717248450157681 -4.476417968967388
   vertex -14.493781019171688 -8.367988372994265 -6.626241948324203
  endloop
 endfacet
 facet normal 0.8531509268480499 0.42072747728948384 0.30841836176197424
  outer loop
   vertex -16.107374845832833 -6.671893115371199 -4.476417968967388
   vertex -14.493781019171688 -8.367988372994265 -6.626241948324203
   vertex -15.462026372203647 -6.404581025137214 -6.626241948324203
  endloop
 endfacet
 facet normal 0.8118295557544174 0.40035003213731674 0.42503249778250446
  outer loop
   vertex -15.462026372203647 -6.404581025137214 -6.626241948324203
   vertex -14.493781019171688 -8.367988372994265 -6.626241948324203
   vertex -13.660269235631782 -7.886760120394775 -8.67156613383087
  endloop
 endfacet
 facet normal 0.8118295557544174 0.4003500321373168 0.4250324977825044
  outer loop
   vertex -15.462026372203647 -6.404581025137214 -6.626241948324203
   vertex -13.660269235631782 -7.886760120394775 -8.67156613383087
   vertex -14.572832506117967 -6.036264866225559 -8.67156613383087
  endloop
 endfacet
 facet normal 0.7577201353427009 0.3736662189560739 0.5350081805984941
  outer loop
   vertex -14.572832506117967 -6.036264866225559 -8.67156613383087
   vertex -13.660269235631782 -7.886760120394775 -8.67156613383087
   vertex -12.611326845996661 -7.281152949374529 -10.580134541264515
  endloop
 endfacet
 facet normal 0.7577201353427008 0.37366621895607394 0.5350081805984939
  outer loop
   vertex -14.572832506117967 -6.036264866225559 -8.67156613383087
   vertex -12.611326845996661 -7.281152949374529 -10.580134541264515
   vertex -13.45381636602263 -5.57275320448368 -10.580134541264515
  endloop
 endfacet
 facet normal 0.691653638497719 0.3410858282230595 0.6366126782732624
  outer loop
   vertex -13.45381636602263 -5.57275320448368 -10.580134541264515
   vertex -12.611326845996661 -7.281152949374529 -10.580134541264515
   vertex -11.363496298358685 -6.560717646792705 -12.321847906716396
  endloop
 endfacet
 facet normal 0.691653638497719 0.3410858282230594 0.6366126782732624
  outer loop
   vertex -13.45381636602263 -5.57275320448368 -10.580134541264515
   vertex -11.363496298358685 -6.560717646792705 -12.321847906716396
   vertex -12.122625504914785 -5.021355895705692 -12.321847906716396
  endloop
 endfacet
 facet normal 0.6146506120575226 0.303112137943509 0.728235989860861
  outer loop
   vertex -12.122625504914785 -5.021355895705692 -12.321847906716396
   vertex -11.363496298358685 -6.560717646792705 -12.321847906716396
   vertex -9.936456625871946 -5.73681590773821 -13.869238369964204
  endloop
 endfacet
 facet normal 0.6146506120575226 0.30311213794350966 0.7282359898608606
  outer loop
   vertex -12.122625504914785 -5.021355895705692 -12.321847906716396
   vertex -9.936456625871946 -5.73681590773821 -13.869238369964204
   vertex -10.600253597888981 -4.390768804839811 -13.869238369964204
  endloop
 endfacet
 facet normal 0.5279080821932156 0.26033545609854275 0.8084172852265374
  outer loop
   vertex -10.600253597888981 -4.390768804839811 -13.869238369964204
   vertex -9.936456625871946 -5.73681590773821 -13.869238369964204
   vertex -8.352713096643729 -4.822441154810971 -15.197902659036272
  endloop
 endfacet
 facet normal 0.5279080821932156 0.2603354560985426 0.8084172852265374
  outer loop
   vertex -10.600253597888981 -4.390768804839811 -13.869238369964204
   vertex -8.352713096643729 -4.822441154810971 -15.197902659036272
   vertex -8.910709359339899 -3.6909366670034576 -15.197902659036272
  endloop
 endfacet
 facet normal 0.4327831267179346 0.2134250194044762 0.875870153801605
  outer loop
   vertex -8.910709359339899 -3.6909366670034576 -15.197902659036272
   vertex -8.352713096643729 -4.822441154810971 -15.197902659036272
   vertex -6.6372422922125 -3.832013624085657 -16.28688694438835
  endloop
 endfacet
 facet normal 0.4327831267179346 0.21342501940447586 0.875870153801605
  outer loop
   vertex -8.910709359339899 -3.6909366670034576 -15.197902659036272
   vertex -6.6372422922125 -3.832013624085657 -16.28688694438835
   vertex -7.080637911194276 -2.9328962530697704 -16.28688694438835
  endloop
 endfacet
 facet normal 0.330773024620008 0.16311920414589706 0.9295059609397567
  outer loop
   vertex -7.080637911194276 -2.9328962530697704 -16.28688694438835
   vertex -6.6372422922125 -3.832013624085657 -16.28688694438835
   vertex -4.817098211936722 -2.781152949374532 -17.119017293312762
  endloop
 endfacet
 facet normal 0.33077302462000807 0.163119204145897 0.9295059609397568
  outer loop
   vertex -7.080637911194276 -2.9328962530697704 -16.28688694438835
   vertex -4.817098211936722 -2.781152949374532 -17.119017293312762
   vertex -5.138900573421058 -2.1286023131978764 -17.119017293312762
  endloop
 endfacet
 facet normal 0.22349207031595011 0.11021409223057753 0.9684545153902069
  outer loop
   vertex -5.138900573421058 -2.1286023131978764 -17.119017293312762
   vertex -4.817098211936722 -2.781152949374532 -17.119017293312762
   vertex -2.9209856152636986 -1.6864318312715216 -17.681170513116395
  endloop
 endfacet
 facet normal 0.22349207031595014 0.11021409223057763 0.9684545153902067
  outer loop
   vertex -5.138900573421058 -2.1286023131978764 -17.119017293312762
   vertex -2.9209856152636986 -1.6864318312715216 -17.681170513116395
   vertex -3.1161197037745727 -1.290739043281459 -17.681170513116395
  endloop
 endfacet
 facet normal 0.11264535054034787 0.055550539382665486 0.9920812278114817
  outer loop
   vertex -3.1161197037745727 -1.290739043281459 -17.681170513116395
   vertex -2.9209856152636986 -1.6864318312715216 -17.681170513116395
   vertex -0.9788073305257525 -0.5651146757638223 -17.96448111170889
  endloop
 endfacet
 facet normal 0.11264535054034791 0.055550539382665354 0.9920812278114818
  outer loop
   vertex -3.1161197037745727 -1.290739043281459 -17.681170513116395
   vertex -0.9788073305257525 -0.5651146757638223 -17.96448111170889
   vertex -1.044195764919895 -0.4325200476023685 -17.96448111170889
  endloop
 endfacet
 facet normal 0.10443085356948996 0.06977846549481152 -0.9920812278114818
  outer loop
   vertex -0.9788073305257492 -0.5651146757638205 17.96448111170889
   vertex -0.8966712313296507 -0.6880400351435658 17.96448111170889
   vertex -2.6758726530254533 -2.053269303061289 17.681170513116395
  endloop
 endfacet
 facet normal 0.10443085356949003 0.06977846549481152 -0.9920812278114817
  outer loop
   vertex -0.9788073305257492 -0.5651146757638205 17.96448111170889
   vertex -2.6758726530254533 -2.053269303061289 17.681170513116395
   vertex -2.920985615263699 -1.6864318312715219 17.681170513116395
  endloop
 endfacet
 facet normal 0.20719423888469723 0.1384427643227027 -0.9684545153902064
  outer loop
   vertex -2.920985615263699 -1.6864318312715219 17.681170513116395
   vertex -2.6758726530254533 -2.053269303061289 17.681170513116395
   vertex -4.412873964494204 -3.386117287506108 17.119017293312762
  endloop
 endfacet
 facet normal 0.20719423888469723 0.13844276432270256 -0.9684545153902064
  outer loop
   vertex -2.920985615263699 -1.6864318312715219 17.681170513116395
   vertex -4.412873964494204 -3.386117287506108 17.119017293312762
   vertex -4.817098211936713 -2.781152949374527 17.119017293312762
  endloop
 endfacet
 facet normal 0.3066518869454492 0.20489824013459282 -0.9295059609397577
  outer loop
   vertex -4.817098211936713 -2.781152949374527 17.119017293312762
   vertex -4.412873964494204 -3.386117287506108 17.119017293312762
   vertex -6.080281617419751 -4.665564179558535 16.286886944388353
  endloop
 endfacet
 facet normal 0.30665188694544904 0.20489824013459298 -0.9295059609397577
  outer loop
   vertex -4.817098211936713 -2.781152949374527 17.119017293312762
   vertex -6.080281617419751 -4.665564179558535 16.286886944388353
   vertex -6.637242292212496 -3.832013624085654 16.286886944388353
  endloop
 endfacet
 facet normal 0.4012230519664302 0.26808867236475337 -0.8758701538016049
  outer loop
   vertex -6.637242292212496 -3.832013624085654 16.286886944388353
   vertex -6.080281617419751 -4.665564179558535 16.286886944388353
   vertex -7.65179959705441 -5.871432337426378 15.197902659036274
  endloop
 endfacet
 facet normal 0.4012230519664303 0.26808867236475326 -0.8758701538016049
  outer loop
   vertex -6.637242292212496 -3.832013624085654 16.286886944388353
   vertex -7.65179959705441 -5.871432337426378 15.197902659036274
   vertex -8.352713096643727 -4.82244115481097 15.197902659036274
  endloop
 endfacet
 facet normal 0.48941115958375475 0.3270140819931776 -0.8084172852265368
  outer loop
   vertex -8.352713096643727 -4.82244115481097 15.197902659036274
   vertex -7.65179959705441 -5.871432337426378 15.197902659036274
   vertex -9.102644126080003 -6.9847044999093395 13.869238369964206
  endloop
 endfacet
 facet normal 0.4894111595837543 0.32701408199317794 -0.8084172852265371
  outer loop
   vertex -8.352713096643727 -4.82244115481097 15.197902659036274
   vertex -9.102644126080003 -6.9847044999093395 13.869238369964206
   vertex -9.936456625871942 -5.736815907738207 13.869238369964206
  endloop
 endfacet
 facet normal 0.5698281176832524 0.3807469755217139 -0.7282359898608615
  outer loop
   vertex -9.936456625871942 -5.736815907738207 13.869238369964206
   vertex -9.102644126080003 -6.9847044999093395 13.869238369964206
   vertex -10.40993451958129 -7.987823699968511 12.321847906716394
  endloop
 endfacet
 facet normal 0.5698281176832524 0.3807469755217138 -0.7282359898608615
  outer loop
   vertex -9.936456625871942 -5.736815907738207 13.869238369964206
   vertex -10.40993451958129 -7.987823699968511 12.321847906716394
   vertex -11.363496298358687 -6.560717646792706 12.321847906716394
  endloop
 endfacet
 facet normal 0.6412158113608839 0.42844670744743385 -0.6366126782732624
  outer loop
   vertex -11.363496298358687 -6.560717646792706 12.321847906716394
   vertex -10.40993451958129 -7.987823699968511 12.321847906716394
   vertex -11.553054027115323 -8.864970148584591 10.580134541264515
  endloop
 endfacet
 facet normal 0.6412158113608843 0.4284467074474337 -0.6366126782732622
  outer loop
   vertex -11.363496298358687 -6.560717646792706 12.321847906716394
   vertex -11.553054027115323 -8.864970148584591 10.580134541264515
   vertex -12.611326845996661 -7.281152949374529 10.580134541264515
  endloop
 endfacet
 facet normal 0.7024645058233884 0.46937177668772495 -0.5350081805984944
  outer loop
   vertex -12.611326845996661 -7.281152949374529 10.580134541264515
   vertex -11.553054027115323 -8.864970148584591 10.580134541264515
   vertex -12.513974971181797 -9.602310722281016 8.671566133830876
  endloop
 endfacet
 facet normal 0.7024645058233883 0.469371776687725 -0.5350081805984944
  outer loop
   vertex -12.611326845996661 -7.281152949374529 10.580134541264515
   vertex -12.513974971181797 -9.602310722281016 8.671566133830876
   vertex -13.66026923563178 -7.886760120394774 8.671566133830876
  endloop
 endfacet
 facet normal 0.7526280761140418 0.502890002757703 -0.4250324977825031
  outer loop
   vertex -13.66026923563178 -7.886760120394774 8.671566133830876
   vertex -12.513974971181797 -9.602310722281016 8.671566133830876
   vertex -13.277543054466435 -10.188217119744687 6.626241948324205
  endloop
 endfacet
 facet normal 0.7526280761140418 0.5028900027577029 -0.4250324977825031
  outer loop
   vertex -13.66026923563178 -7.886760120394774 8.671566133830876
   vertex -13.277543054466435 -10.188217119744687 6.626241948324205
   vertex -14.493781019171685 -8.367988372994263 6.626241948324205
  endloop
 endfacet
 facet normal 0.7909361468268581 0.5284866372679087 -0.3084183617619753
  outer loop
   vertex -14.493781019171685 -8.367988372994263 6.626241948324205
   vertex -13.277543054466435 -10.188217119744687 6.626241948324205
   vertex -13.83171635216238 -10.613449247084084 4.476417968967385
  endloop
 endfacet
 facet normal 0.7909361468268584 0.5284866372679086 -0.30841836176197507
  outer loop
   vertex -14.493781019171685 -8.367988372994263 6.626241948324205
   vertex -13.83171635216238 -10.613449247084084 4.476417968967385
   vertex -15.098717217874151 -8.717248450157681 4.476417968967385
  endloop
 endfacet
 facet normal 0.816803340898143 0.5457705437692537 -0.1869941599394085
  outer loop
   vertex -15.098717217874151 -8.717248450157681 4.476417968967385
   vertex -13.83171635216238 -10.613449247084084 4.476417968967385
   vertex -14.16775522031788 -10.871300939629702 2.2559982041574806
  endloop
 endfacet
 facet normal 0.8168033408981427 0.5457705437692542 -0.18699415993940913
  outer loop
   vertex -15.098717217874151 -8.717248450157681 4.476417968967385
   vertex -14.16775522031788 -10.871300939629702 2.2559982041574806
   vertex -15.46553762651427 -8.929032311830301 2.2559982041574806
  endloop
 endfacet
 facet normal 0.8298358945561946 0.5544786177211014 -0.06265660855980973
  outer loop
   vertex -15.46553762651427 -8.929032311830301 2.2559982041574806
   vertex -14.16775522031788 -10.871300939629702 2.2559982041574806
   vertex -14.280360125242236 -10.957705722156966 1.102182119232618e-15
  endloop
 endfacet
 facet normal 0.8298358945561947 0.5544786177211013 -0.06265660855980947
  outer loop
   vertex -15.46553762651427 -8.929032311830301 2.2559982041574806
   vertex -14.280360125242236 -10.957705722156966 1.102182119232618e-15
   vertex -15.588457268119894 -9.000000000000002 1.102182119232618e-15
  endloop
 endfacet
 facet normal 0.8298358945561947 0.5544786177211013 0.06265660855980817
  outer loop
   vertex -15.588457268119894 -9.000000000000002 1.102182119232618e-15
   vertex -14.280360125242236 -10.957705722156966 1.102182119232618e-15
   vertex -14.167755220317883 -10.871300939629704 -2.2559982041574704
  endloop
 endfacet
 facet normal 0.8298358945561946 0.5544786177211015 0.06265660855980795
  outer loop
   vertex -15.588457268119894 -9.000000000000002 1.102182119232618e-15
   vertex -14.167755220317883 -10.871300939629704 -2.2559982041574704
   vertex -15.465537626514273 -8.929032311830303 -2.2559982041574704
  endloop
 endfacet
 facet normal 0.8168033408981425 0.545770543769254 0.18699415993940915
  outer loop
   vertex -15.465537626514273 -8.929032311830303 -2.2559982041574704
   vertex -14.167755220317883 -10.871300939629704 -2.2559982041574704
   vertex -13.83171635216238 -10.613449247084084 -4.476417968967388
  endloop
 endfacet
 facet normal 0.8168033408981429 0.5457705437692535 0.18699415993940977
  outer loop
   vertex -15.465537626514273 -8.929032311830303 -2.2559982041574704
   vertex -13.83171635216238 -10.613449247084084 -4.476417968967388
   vertex -15.098717217874151 -8.717248450157681 -4.476417968967388
  endloop
 endfacet
 facet normal 0.7909361468268586 0.5284866372679086 0.3084183617619743
  outer loop
   vertex -15.098717217874151 -8.717248450157681 -4.476417968967388
   vertex -13.83171635216238 -10.613449247084084 -4.476417968967388
   vertex -13.277543054466438 -10.188217119744689 -6.626241948324203
  endloop
 endfacet
 facet normal 0.7909361468268584 0.5284866372679089 0.30841836176197407
  outer loop
   vertex -15.098717217874151 -8.717248450157681 -4.476417968967388
   vertex -13.277543054466438 -10.188217119744689 -6.626241948324203
   vertex -14.493781019171688 -8.367988372994265 -6.626241948324203
  endloop
 endfacet
 facet normal 0.7526280761140413 0.5028900027577025 0.4250324977825049
  outer loop
   vertex -14.493781019171688 -8.367988372994265 -6.626241948324203
   vertex -13.277543054466438 -10.188217119744689 -6.626241948324203
   vertex -12.513974971181797 -9.602310722281018 -8.67156613383087
  endloop
 endfacet
 facet normal 0.752628076114041 0.502890002757703 0.4250324977825045
  outer loop
   vertex -14.493781019171688 -8.367988372994265 -6.626241948324203
   vertex -12.513974971181797 -9.602310722281018 -8.67156613383087
   vertex -13.660269235631782 -7.886760120394775 -8.67156613383087
  endloop
 endfacet
 facet normal 0.7024645058233885 0.4693717766877257 0.5350081805984936
  outer loop
   vertex -13.660269235631782 -7.886760120394775 -8.67156613383087
   vertex -12.513974971181797 -9.602310722281018 -8.67156613383087
   vertex -11.553054027115323 -8.864970148584591 -10.580134541264515
  endloop
 endfacet
 facet normal 0.7024645058233886 0.46937177668772523 0.5350081805984939
  outer loop
   vertex -13.660269235631782 -7.886760120394775 -8.67156613383087
   vertex -11.553054027115323 -8.864970148584591 -10.580134541264515
   vertex -12.611326845996661 -7.281152949374529 -10.580134541264515
  endloop
 endfacet
 facet normal 0.6412158113608842 0.42844670744743374 0.6366126782732623
  outer loop
   vertex -12.611326845996661 -7.281152949374529 -10.580134541264515
   vertex -11.553054027115323 -8.864970148584591 -10.580134541264515
   vertex -10.40993451958129 -7.9878236999685095 -12.321847906716396
  endloop
 endfacet
 facet normal 0.6412158113608842 0.4284467074474336 0.6366126782732624
  outer loop
   vertex -12.611326845996661 -7.281152949374529 -10.580134541264515
   vertex -10.40993451958129 -7.9878236999685095 -12.321847906716396
   vertex -11.363496298358685 -6.560717646792705 -12.321847906716396
  endloop
 endfacet
 facet normal 0.5698281176832533 0.380746975521714 0.728235989860861
  outer loop
   vertex -11.363496298358685 -6.560717646792705 -12.321847906716396
   vertex -10.40993451958129 -7.9878236999685095 -12.321847906716396
   vertex -9.102644126080008 -6.984704499909342 -13.869238369964204
  endloop
 endfacet
 facet normal 0.5698281176832533 0.3807469755217137 0.728235989860861
  outer loop
   vertex -11.363496298358685 -6.560717646792705 -12.321847906716396
   vertex -9.102644126080008 -6.984704499909342 -13.869238369964204
   vertex -9.936456625871946 -5.73681590773821 -13.869238369964204
  endloop
 endfacet
 facet normal 0.48941115958375403 0.327014081993177 0.8084172852265376
  outer loop
   vertex -9.936456625871946 -5.73681590773821 -13.869238369964204
   vertex -9.102644126080008 -6.984704499909342 -13.869238369964204
   vertex -7.651799597054411 -5.871432337426379 -15.197902659036272
  endloop
 endfacet
 facet normal 0.4894111595837539 0.32701408199317744 0.8084172852265374
  outer loop
   vertex -9.936456625871946 -5.73681590773821 -13.869238369964204
   vertex -7.651799597054411 -5.871432337426379 -15.197902659036272
   vertex -8.352713096643729 -4.822441154810971 -15.197902659036272
  endloop
 endfacet
 facet normal 0.4012230519664302 0.26808867236475353 0.8758701538016048
  outer loop
   vertex -8.352713096643729 -4.822441154810971 -15.197902659036272
   vertex -7.651799597054411 -5.871432337426379 -15.197902659036272
   vertex -6.080281617419755 -4.6655641795585385 -16.28688694438835
  endloop
 endfacet
 facet normal 0.4012230519664302 0.2680886723647536 0.875870153801605
  outer loop
   vertex -8.352713096643729 -4.822441154810971 -15.197902659036272
   vertex -6.080281617419755 -4.6655641795585385 -16.28688694438835
   vertex -6.6372422922125 -3.832013624085657 -16.28688694438835
  endloop
 endfacet
 facet normal 0.30665188694545065 0.20489824013459415 0.9295059609397567
  outer loop
   vertex -6.6372422922125 -3.832013624085657 -16.28688694438835
   vertex -6.080281617419755 -4.6655641795585385 -16.28688694438835
   vertex -4.412873964494211 -3.386117287506114 -17.119017293312762
  endloop
 endfacet
 facet normal 0.30665188694545065 0.20489824013459432 0.9295059609397567
  outer loop
   vertex -6.6372422922125 -3.832013624085657 -16.28688694438835
   vertex -4.412873964494211 -3.386117287506114 -17.119017293312762
   vertex -4.817098211936722 -2.781152949374532 -17.119017293312762
  endloop
 endfacet
 facet normal 0.2071942388846962 0.13844276432270228 0.9684545153902067
  outer loop
   vertex -4.817098211936722 -2.781152949374532 -17.119017293312762
   vertex -4.412873964494211 -3.386117287506114 -17.119017293312762
   vertex -2.675872653025453 -2.0532693030612887 -17.681170513116395
  endloop
 endfacet
 facet normal 0.20719423888469624 0.13844276432270208 0.9684545153902068
  outer loop
   vertex -4.817098211936722 -2.781152949374532 -17.119017293312762
   vertex -2.675872653025453 -2.0532693030612887 -17.681170513116395
   vertex -2.9209856152636986 -1.6864318312715216 -17.681170513116395
  endloop
 endfacet
 facet normal 0.10443085356949017 0.06977846549481166 0.9920812278114817
  outer loop
   vertex -2.9209856152636986 -1.6864318312715216 -17.681170513116395
   vertex -2.675872653025453 -2.0532693030612887 -17.681170513116395
   vertex -0.8966712313296537 -0.6880400351435682 -17.96448111170889
  endloop
 endfacet
 facet normal 0.10443085356949018 0.06977846549481173 0.9920812278114818
  outer loop
   vertex -2.9209856152636986 -1.6864318312715216 -17.681170513116395
   vertex -0.8966712313296537 -0.6880400351435682 -17.96448111170889
   vertex -0.9788073305257525 -0.5651146757638223 -17.96448111170889
  endloop
 endfacet
 facet normal 0.09442951574035575 0.08281246271609585 -0.9920812278114818
  outer loop
   vertex -0.8966712313296507 -0.6880400351435658 17.96448111170889
   vertex -0.7991928387612691 -0.7991928387612689 17.96448111170889
   vertex -2.3849747678018813 -2.3849747678018804 17.681170513116395
  endloop
 endfacet
 facet normal 0.09442951574035571 0.08281246271609588 -0.9920812278114818
  outer loop
   vertex -0.8966712313296507 -0.6880400351435658 17.96448111170889
   vertex -2.3849747678018813 -2.3849747678018804 17.681170513116395
   vertex -2.6758726530254533 -2.053269303061289 17.681170513116395
  endloop
 endfacet
 facet normal 0.18735125658103044 0.16430264233368033 -0.9684545153902064
  outer loop
   vertex -2.6758726530254533 -2.053269303061289 17.681170513116395
   vertex -2.3849747678018813 -2.3849747678018804 17.681170513116395
   vertex -3.9331442200393902 -3.933144220039389 17.119017293312762
  endloop
 endfacet
 facet normal 0.18735125658103047 0.16430264233368036 -0.9684545153902065
  outer loop
   vertex -2.6758726530254533 -2.053269303061289 17.681170513116395
   vertex -3.9331442200393902 -3.933144220039389 17.119017293312762
   vertex -4.412873964494204 -3.386117287506108 17.119017293312762
  endloop
 endfacet
 facet normal 0.27728385046529 0.24317141042606222 -0.9295059609397577
  outer loop
   vertex -4.412873964494204 -3.386117287506108 17.119017293312762
   vertex -3.9331442200393902 -3.933144220039389 17.119017293312762
   vertex -5.4192856383804076 -5.419285638380406 16.286886944388353
  endloop
 endfacet
 facet normal 0.2772838504652903 0.24317141042606222 -0.9295059609397577
  outer loop
   vertex -4.412873964494204 -3.386117287506108 17.119017293312762
   vertex -5.4192856383804076 -5.419285638380406 16.286886944388353
   vertex -6.080281617419751 -4.665564179558535 16.286886944388353
  endloop
 endfacet
 facet normal 0.36279793955573464 0.31816525381264743 -0.8758701538016049
  outer loop
   vertex -6.080281617419751 -4.665564179558535 16.286886944388353
   vertex -5.4192856383804076 -5.419285638380406 16.286886944388353
   vertex -6.8199616848798446 -6.819961684879842 15.197902659036274
  endloop
 endfacet
 facet normal 0.3627979395557345 0.3181652538126475 -0.8758701538016049
  outer loop
   vertex -6.080281617419751 -4.665564179558535 16.286886944388353
   vertex -6.8199616848798446 -6.819961684879842 15.197902659036274
   vertex -7.65179959705441 -5.871432337426378 15.197902659036274
  endloop
 endfacet
 facet normal 0.44254027634340637 0.3880974062794772 -0.808417285226537
  outer loop
   vertex -7.65179959705441 -5.871432337426378 15.197902659036274
   vertex -6.8199616848798446 -6.819961684879842 15.197902659036274
   vertex -8.113082861561091 -8.11308286156109 13.869238369964206
  endloop
 endfacet
 facet normal 0.4425402763434065 0.38809740627947714 -0.8084172852265369
  outer loop
   vertex -7.65179959705441 -5.871432337426378 15.197902659036274
   vertex -8.113082861561091 -8.11308286156109 13.869238369964206
   vertex -9.102644126080003 -6.9847044999093395 13.869238369964206
  endloop
 endfacet
 facet normal 0.5152557062292217 0.451867126785737 -0.7282359898608615
  outer loop
   vertex -9.102644126080003 -6.9847044999093395 13.869238369964206
   vertex -8.113082861561091 -8.11308286156109 13.869238369964206
   vertex -9.278255874994741 -9.278255874994738 12.321847906716394
  endloop
 endfacet
 facet normal 0.5152557062292215 0.4518671267857371 -0.7282359898608616
  outer loop
   vertex -9.102644126080003 -6.9847044999093395 13.869238369964206
   vertex -9.278255874994741 -9.278255874994738 12.321847906716394
   vertex -10.40993451958129 -7.987823699968511 12.321847906716394
  endloop
 endfacet
 facet normal 0.5798066039130555 0.5084767447195131 -0.6366126782732623
  outer loop
   vertex -10.40993451958129 -7.987823699968511 12.321847906716394
   vertex -9.278255874994741 -9.278255874994738 12.321847906716394
   vertex -10.29710525071832 -10.297105250718317 10.580134541264515
  endloop
 endfacet
 facet normal 0.5798066039130556 0.508476744719513 -0.6366126782732623
  outer loop
   vertex -10.40993451958129 -7.987823699968511 12.321847906716394
   vertex -10.29710525071832 -10.297105250718317 10.580134541264515
   vertex -11.553054027115323 -8.864970148584591 10.580134541264515
  endloop
 endfacet
 facet normal 0.6351895138494829 0.5570462531858074 -0.5350081805984942
  outer loop
   vertex -11.553054027115323 -8.864970148584591 10.580134541264515
   vertex -10.29710525071832 -10.297105250718317 10.580134541264515
   vertex -11.153563125445553 -11.15356312544555 8.671566133830876
  endloop
 endfacet
 facet normal 0.6351895138494825 0.5570462531858075 -0.5350081805984942
  outer loop
   vertex -11.553054027115323 -8.864970148584591 10.580134541264515
   vertex -11.153563125445553 -11.15356312544555 8.671566133830876
   vertex -12.513974971181797 -9.602310722281016 8.671566133830876
  endloop
 endfacet
 facet normal 0.6805489214234297 0.5968253860034545 -0.42503249778250374
  outer loop
   vertex -12.513974971181797 -9.602310722281016 8.671566133830876
   vertex -11.153563125445553 -11.15356312544555 8.671566133830876
   vertex -11.834122646868858 -11.834122646868853 6.626241948324205
  endloop
 endfacet
 facet normal 0.6805489214234302 0.5968253860034541 -0.42503249778250324
  outer loop
   vertex -12.513974971181797 -9.602310722281016 8.671566133830876
   vertex -11.834122646868858 -11.834122646868853 6.626241948324205
   vertex -13.277543054466435 -10.188217119744687 6.626241948324205
  endloop
 endfacet
 facet normal 0.715188230044531 0.6272032443585016 -0.30841836176197507
  outer loop
   vertex -13.277543054466435 -10.188217119744687 6.626241948324205
   vertex -11.834122646868858 -11.834122646868853 6.626241948324205
   vertex -12.328050984788836 -12.328050984788833 4.476417968967385
  endloop
 endfacet
 facet normal 0.7151882300445308 0.6272032443585018 -0.30841836176197523
  outer loop
   vertex -13.277543054466435 -10.188217119744687 6.626241948324205
   vertex -12.328050984788836 -12.328050984788833 4.476417968967385
   vertex -13.83171635216238 -10.613449247084084 4.476417968967385
  endloop
 endfacet
 facet normal 0.7385781241823572 0.6477156309892678 -0.18699415993940885
  outer loop
   vertex -13.83171635216238 -10.613449247084084 4.476417968967385
   vertex -12.328050984788836 -12.328050984788833 4.476417968967385
   vertex -12.627558594258003 -12.627558594258 2.2559982041574806
  endloop
 endfacet
 facet normal 0.7385781241823576 0.6477156309892675 -0.18699415993940852
  outer loop
   vertex -13.83171635216238 -10.613449247084084 4.476417968967385
   vertex -12.627558594258003 -12.627558594258 2.2559982041574806
   vertex -14.16775522031788 -10.871300939629702 2.2559982041574806
  endloop
 endfacet
 facet normal 0.7503625508027062 0.6580502957651786 -0.06265660855981008
  outer loop
   vertex -14.16775522031788 -10.871300939629702 2.2559982041574806
   vertex -12.627558594258003 -12.627558594258 2.2559982041574806
   vertex -12.727922061357859 -12.727922061357855 1.102182119232618e-15
  endloop
 endfacet
 facet normal 0.7503625508027064 0.6580502957651783 -0.0626566085598097
  outer loop
   vertex -14.16775522031788 -10.871300939629702 2.2559982041574806
   vertex -12.727922061357859 -12.727922061357855 1.102182119232618e-15
   vertex -14.280360125242236 -10.957705722156966 1.102182119232618e-15
  endloop
 endfacet
 facet normal 0.7503625508027064 0.6580502957651783 0.06265660855980917
  outer loop
   vertex -14.280360125242236 -10.957705722156966 1.102182119232618e-15
   vertex -12.727922061357859 -12.727922061357855 1.102182119232618e-15
   vertex -12.627558594258005 -12.627558594258002 -2.2559982041574704
  endloop
 endfacet
 facet normal 0.7503625508027059 0.658050295765179 0.06265660855980824
  outer loop
   vertex -14.280360125242236 -10.957705722156966 1.102182119232618e-15
   vertex -12.627558594258005 -12.627558594258002 -2.2559982041574704
   vertex -14.167755220317883 -10.871300939629704 -2.2559982041574704
  endloop
 endfacet
 facet normal 0.7385781241823571 0.6477156309892679 0.18699415993940888
  outer loop
   vertex -14.167755220317883 -10.871300939629704 -2.2559982041574704
   vertex -12.627558594258005 -12.627558594258002 -2.2559982041574704
   vertex -12.328050984788836 -12.328050984788833 -4.476417968967388
  endloop
 endfacet
 facet normal 0.7385781241823572 0.6477156309892677 0.18699415993940904
  outer loop
   vertex -14.167755220317883 -10.871300939629704 -2.2559982041574704
   vertex -12.328050984788836 -12.328050984788833 -4.476417968967388
   vertex -13.83171635216238 -10.613449247084084 -4.476417968967388
  endloop
 endfacet
 facet normal 0.7151882300445311 0.627203244358502 0.3084183617619741
  outer loop
   vertex -13.83171635216238 -10.613449247084084 -4.476417968967388
   vertex -12.328050984788836 -12.328050984788833 -4.476417968967388
   vertex -11.83412264686886 -11.834122646868856 -6.626241948324203
  endloop
 endfacet
 facet normal 0.7151882300445311 0.6272032443585019 0.3084183617619743
  outer loop
   vertex -13.83171635216238 -10.613449247084084 -4.476417968967388
   vertex -11.83412264686886 -11.834122646868856 -6.626241948324203
   vertex -13.277543054466438 -10.188217119744689 -6.626241948324203
  endloop
 endfacet
 facet normal 0.6805489214234296 0.5968253860034538 0.4250324977825047
  outer loop
   vertex -13.277543054466438 -10.188217119744689 -6.626241948324203
   vertex -11.83412264686886 -11.834122646868856 -6.626241948324203
   vertex -11.153563125445555 -11.153563125445551 -8.67156613383087
  endloop
 endfacet
 facet normal 0.6805489214234298 0.5968253860034536 0.42503249778250485
  outer loop
   vertex -13.277543054466438 -10.188217119744689 -6.626241948324203
   vertex -11.153563125445555 -11.153563125445551 -8.67156613383087
   vertex -12.513974971181797 -9.602310722281018 -8.67156613383087
  endloop
 endfacet
 facet normal 0.6351895138494833 0.5570462531858074 0.5350081805984939
  outer loop
   vertex -12.513974971181797 -9.602310722281018 -8.67156613383087
   vertex -11.153563125445555 -11.153563125445551 -8.67156613383087
   vertex -10.29710525071832 -10.297105250718317 -10.580134541264515
  endloop
 endfacet
 facet normal 0.6351895138494832 0.5570462531858076 0.5350081805984935
  outer loop
   vertex -12.513974971181797 -9.602310722281018 -8.67156613383087
   vertex -10.29710525071832 -10.297105250718317 -10.580134541264515
   vertex -11.553054027115323 -8.864970148584591 -10.580134541264515
  endloop
 endfacet
 facet normal 0.5798066039130556 0.5084767447195131 0.6366126782732625
  outer loop
   vertex -11.553054027115323 -8.864970148584591 -10.580134541264515
   vertex -10.29710525071832 -10.297105250718317 -10.580134541264515
   vertex -9.27825587499474 -9.278255874994738 -12.321847906716396
  endloop
 endfacet
 facet normal 0.5798066039130556 0.5084767447195131 0.6366126782732624
  outer loop
   vertex -11.553054027115323 -8.864970148584591 -10.580134541264515
   vertex -9.27825587499474 -9.278255874994738 -12.321847906716396
   vertex -10.40993451958129 -7.9878236999685095 -12.321847906716396
  endloop
 endfacet
 facet normal 0.515255706229222 0.45186712678573754 0.7282359898608609
  outer loop
   vertex -10.40993451958129 -7.9878236999685095 -12.321847906716396
   vertex -9.27825587499474 -9.278255874994738 -12.321847906716396
   vertex -8.113082861561095 -8.113082861561093 -13.869238369964204
  endloop
 endfacet
 facet normal 0.5152557062292219 0.4518671267857377 0.7282359898608608
  outer loop
   vertex -10.40993451958129 -7.9878236999685095 -12.321847906716396
   vertex -8.113082861561095 -8.113082861561093 -13.869238369964204
   vertex -9.102644126080008 -6.984704499909342 -13.869238369964204
  endloop
 endfacet
 facet normal 0.44254027634340565 0.38809740627947686 0.8084172852265374
  outer loop
   vertex -9.102644126080008 -6.984704499909342 -13.869238369964204
   vertex -8.113082861561095 -8.113082861561093 -13.869238369964204
   vertex -6.819961684879845 -6.819961684879844 -15.197902659036272
  endloop
 endfacet
 facet normal 0.44254027634340587 0.38809740627947636 0.8084172852265376
  outer loop
   vertex -9.102644126080008 -6.984704499909342 -13.869238369964204
   vertex -6.819961684879845 -6.819961684879844 -15.197902659036272
   vertex -7.651799597054411 -5.871432337426379 -15.197902659036272
  endloop
 endfacet
 facet normal 0.36279793955573475 0.3181652538126475 0.875870153801605
  outer loop
   vertex -7.651799597054411 -5.871432337426379 -15.197902659036272
   vertex -6.819961684879845 -6.819961684879844 -15.197902659036272
   vertex -5.419285638380411 -5.419285638380409 -16.28688694438835
  endloop
 endfacet
 facet normal 0.3627979395557347 0.3181652538126475 0.8758701538016049
  outer loop
   vertex -7.651799597054411 -5.871432337426379 -15.197902659036272
   vertex -5.419285638380411 -5.419285638380409 -16.28688694438835
   vertex -6.080281617419755 -4.6655641795585385 -16.28688694438835
  endloop
 endfacet
 facet normal 0.27728385046529175 0.24317141042606352 0.9295059609397568
  outer loop
   vertex -6.080281617419755 -4.6655641795585385 -16.28688694438835
   vertex -5.419285638380411 -5.419285638380409 -16.28688694438835
   vertex -3.9331442200393973 -3.933144220039396 -17.119017293312762
  endloop
 endfacet
 facet normal 0.27728385046529186 0.24317141042606333 0.9295059609397568
  outer loop
   vertex -6.080281617419755 -4.6655641795585385 -16.28688694438835
   vertex -3.9331442200393973 -3.933144220039396 -17.119017293312762
   vertex -4.412873964494211 -3.386117287506114 -17.119017293312762
  endloop
 endfacet
 facet normal 0.18735125658102972 0.16430264233367944 0.9684545153902067
  outer loop
   vertex -4.412873964494211 -3.386117287506114 -17.119017293312762
   vertex -3.9331442200393973 -3.933144220039396 -17.119017293312762
   vertex -2.384974767801881 -2.38497476780188 -17.681170513116395
  endloop
 endfacet
 facet normal 0.18735125658102966 0.16430264233367955 0.9684545153902067
  outer loop
   vertex -4.412873964494211 -3.386117287506114 -17.119017293312762
   vertex -2.384974767801881 -2.38497476780188 -17.681170513116395
   vertex -2.675872653025453 -2.0532693030612887 -17.681170513116395
  endloop
 endfacet
 facet normal 0.09442951574035587 0.08281246271609605 0.9920812278114817
  outer loop
   vertex -2.675872653025453 -2.0532693030612887 -17.681170513116395
   vertex -2.384974767801881 -2.38497476780188 -17.681170513116395
   vertex -0.7991928387612718 -0.7991928387612716 -17.96448111170889
  endloop
 endfacet
 facet normal 0.09442951574035593 0.08281246271609613 0.9920812278114817
  outer loop
   vertex -2.675872653025453 -2.0532693030612887 -17.681170513116395
   vertex -0.7991928387612718 -0.7991928387612716 -17.96448111170889
   vertex -0.8966712313296537 -0.6880400351435682 -17.96448111170889
  endloop
 endfacet
 facet normal 0.08281246271609588 0.09442951574035573 -0.9920812278114818
  outer loop
   vertex -0.7991928387612691 -0.7991928387612689 17.96448111170889
   vertex -0.6880400351435665 -0.8966712313296501 17.96448111170889
   vertex -2.053269303061291 -2.6758726530254515 17.681170513116395
  endloop
 endfacet
 facet normal 0.0828124627160959 0.09442951574035575 -0.9920812278114818
  outer loop
   vertex -0.7991928387612691 -0.7991928387612689 17.96448111170889
   vertex -2.053269303061291 -2.6758726530254515 17.681170513116395
   vertex -2.3849747678018813 -2.3849747678018804 17.681170513116395
  endloop
 endfacet
 facet normal 0.16430264233368028 0.18735125658103047 -0.9684545153902064
  outer loop
   vertex -2.3849747678018813 -2.3849747678018804 17.681170513116395
   vertex -2.053269303061291 -2.6758726530254515 17.681170513116395
   vertex -3.386117287506111 -4.412873964494201 17.119017293312762
  endloop
 endfacet
 facet normal 0.16430264233368044 0.18735125658103036 -0.9684545153902064
  outer loop
   vertex -2.3849747678018813 -2.3849747678018804 17.681170513116395
   vertex -3.386117287506111 -4.412873964494201 17.119017293312762
   vertex -3.9331442200393902 -3.933144220039389 17.119017293312762
  endloop
 endfacet
 facet normal 0.24317141042606233 0.27728385046529 -0.9295059609397577
  outer loop
   vertex -3.9331442200393902 -3.933144220039389 17.119017293312762
   vertex -3.386117287506111 -4.412873964494201 17.119017293312762
   vertex -4.665564179558539 -6.080281617419748 16.286886944388353
  endloop
 endfacet
 facet normal 0.24317141042606225 0.27728385046529014 -0.9295059609397577
  outer loop
   vertex -3.9331442200393902 -3.933144220039389 17.119017293312762
   vertex -4.665564179558539 -6.080281617419748 16.286886944388353
   vertex -5.4192856383804076 -5.419285638380406 16.286886944388353
  endloop
 endfacet
 facet normal 0.31816525381264754 0.36279793955573447 -0.875870153801605
  outer loop
   vertex -5.4192856383804076 -5.419285638380406 16.286886944388353
   vertex -4.665564179558539 -6.080281617419748 16.286886944388353
   vertex -5.871432337426383 -7.6517995970544055 15.197902659036274
  endloop
 endfacet
 facet normal 0.31816525381264776 0.36279793955573436 -0.8758701538016048
  outer loop
   vertex -5.4192856383804076 -5.419285638380406 16.286886944388353
   vertex -5.871432337426383 -7.6517995970544055 15.197902659036274
   vertex -6.8199616848798446 -6.819961684879842 15.197902659036274
  endloop
 endfacet
 facet normal 0.3880974062794774 0.4425402763434063 -0.8084172852265369
  outer loop
   vertex -6.8199616848798446 -6.819961684879842 15.197902659036274
   vertex -5.871432337426383 -7.6517995970544055 15.197902659036274
   vertex -6.984704499909346 -9.102644126079998 13.869238369964206
  endloop
 endfacet
 facet normal 0.38809740627947714 0.4425402763434064 -0.808417285226537
  outer loop
   vertex -6.8199616848798446 -6.819961684879842 15.197902659036274
   vertex -6.984704499909346 -9.102644126079998 13.869238369964206
   vertex -8.113082861561091 -8.11308286156109 13.869238369964206
  endloop
 endfacet
 facet normal 0.45186712678573704 0.5152557062292215 -0.7282359898608617
  outer loop
   vertex -8.113082861561091 -8.11308286156109 13.869238369964206
   vertex -6.984704499909346 -9.102644126079998 13.869238369964206
   vertex -7.987823699968518 -10.409934519581284 12.321847906716394
  endloop
 endfacet
 facet normal 0.4518671267857373 0.5152557062292213 -0.7282359898608616
  outer loop
   vertex -8.113082861561091 -8.11308286156109 13.869238369964206
   vertex -7.987823699968518 -10.409934519581284 12.321847906716394
   vertex -9.278255874994741 -9.278255874994738 12.321847906716394
  endloop
 endfacet
 facet normal 0.5084767447195134 0.5798066039130554 -0.6366126782732623
  outer loop
   vertex -9.278255874994741 -9.278255874994738 12.321847906716394
   vertex -7.987823699968518 -10.409934519581284 12.321847906716394
   vertex -8.8649701485846 -11.553054027115316 10.580134541264515
  endloop
 endfacet
 facet normal 0.5084767447195132 0.5798066039130554 -0.6366126782732625
  outer loop
   vertex -9.278255874994741 -9.278255874994738 12.321847906716394
   vertex -8.8649701485846 -11.553054027115316 10.580134541264515
   vertex -10.29710525071832 -10.297105250718317 10.580134541264515
  endloop
 endfacet
 facet normal 0.5570462531858076 0.6351895138494826 -0.5350081805984943
  outer loop
   vertex -10.29710525071832 -10.297105250718317 10.580134541264515
   vertex -8.8649701485846 -11.553054027115316 10.580134541264515
   vertex -9.602310722281025 -12.51397497118179 8.671566133830876
  endloop
 endfacet
 facet normal 0.5570462531858079 0.6351895138494826 -0.5350081805984941
  outer loop
   vertex -10.29710525071832 -10.297105250718317 10.580134541264515
   vertex -9.602310722281025 -12.51397497118179 8.671566133830876
   vertex -11.153563125445553 -11.15356312544555 8.671566133830876
  endloop
 endfacet
 facet normal 0.5968253860034548 0.6805489214234297 -0.42503249778250324
  outer loop
   vertex -11.153563125445553 -11.15356312544555 8.671566133830876
   vertex -9.602310722281025 -12.51397497118179 8.671566133830876
   vertex -10.188217119744696 -13.277543054466427 6.626241948324205
  endloop
 endfacet
 facet normal 0.5968253860034543 0.6805489214234298 -0.4250324977825037
  outer loop
   vertex -11.153563125445553 -11.15356312544555 8.671566133830876
   vertex -10.188217119744696 -13.277543054466427 6.626241948324205
   vertex -11.834122646868858 -11.834122646868853 6.626241948324205
  endloop
 endfacet
 facet normal 0.6272032443585019 0.7151882300445308 -0.30841836176197535
  outer loop
   vertex -11.834122646868858 -11.834122646868853 6.626241948324205
   vertex -10.188217119744696 -13.277543054466427 6.626241948324205
   vertex -10.613449247084093 -13.831716352162372 4.476417968967385
  endloop
 endfacet
 facet normal 0.6272032443585022 0.7151882300445307 -0.3084183617619751
  outer loop
   vertex -11.834122646868858 -11.834122646868853 6.626241948324205
   vertex -10.613449247084093 -13.831716352162372 4.476417968967385
   vertex -12.328050984788836 -12.328050984788833 4.476417968967385
  endloop
 endfacet
 facet normal 0.647715630989268 0.7385781241823569 -0.18699415993940893
  outer loop
   vertex -12.328050984788836 -12.328050984788833 4.476417968967385
   vertex -10.613449247084093 -13.831716352162372 4.476417968967385
   vertex -10.871300939629712 -14.167755220317872 2.2559982041574806
  endloop
 endfacet
 facet normal 0.647715630989268 0.7385781241823569 -0.18699415993940888
  outer loop
   vertex -12.328050984788836 -12.328050984788833 4.476417968967385
   vertex -10.871300939629712 -14.167755220317872 2.2559982041574806
   vertex -12.627558594258003 -12.627558594258 2.2559982041574806
  endloop
 endfacet
 facet normal 0.6580502957651793 0.7503625508027058 -0.06265660855980969
  outer loop
   vertex -12.627558594258003 -12.627558594258 2.2559982041574806
   vertex -10.871300939629712 -14.167755220317872 2.2559982041574806
   vertex -10.957705722156977 -14.280360125242229 1.102182119232618e-15
  endloop
 endfacet
 facet normal 0.6580502957651789 0.7503625508027059 -0.06265660855981006
  outer loop
   vertex -12.627558594258003 -12.627558594258 2.2559982041574806
   vertex -10.957705722156977 -14.280360125242229 1.102182119232618e-15
   vertex -12.727922061357859 -12.727922061357855 1.102182119232618e-15
  endloop
 endfacet
 facet normal 0.6580502957651789 0.750362550802706 0.06265660855980822
  outer loop
   vertex -12.727922061357859 -12.727922061357855 1.102182119232618e-15
   vertex -10.957705722156977 -14.280360125242229 1.102182119232618e-15
   vertex -10.871300939629714 -14.167755220317876 -2.2559982041574704
  endloop
 endfacet
 facet normal 0.6580502957651797 0.7503625508027052 0.06265660855980917
  outer loop
   vertex -12.727922061357859 -12.727922061357855 1.102182119232618e-15
   vertex -10.871300939629714 -14.167755220317876 -2.2559982041574704
   vertex -12.627558594258005 -12.627558594258002 -2.2559982041574704
  endloop
 endfacet
 facet normal 0.6477156309892684 0.7385781241823565 0.18699415993940952
  outer loop
   vertex -12.627558594258005 -12.627558594258002 -2.2559982041574704
   vertex -10.871300939629714 -14.167755220317876 -2.2559982041574704
   vertex -10.613449247084093 -13.831716352162372 -4.476417968967388
  endloop
 endfacet
 facet normal 0.6477156309892679 0.738578124182357 0.18699415993940888
  outer loop
   vertex -12.627558594258005 -12.627558594258002 -2.2559982041574704
   vertex -10.613449247084093 -13.831716352162372 -4.476417968967388
   vertex -12.328050984788836 -12.328050984788833 -4.476417968967388
  endloop
 endfacet
 facet normal 0.6272032443585023 0.7151882300445309 0.30841836176197435
  outer loop
   vertex -12.328050984788836 -12.328050984788833 -4.476417968967388
   vertex -10.613449247084093 -13.831716352162372 -4.476417968967388
   vertex -10.188217119744698 -13.277543054466431 -6.626241948324203
  endloop
 endfacet
 facet normal 0.6272032443585022 0.715188230044531 0.3084183617619741
  outer loop
   vertex -12.328050984788836 -12.328050984788833 -4.476417968967388
   vertex -10.188217119744698 -13.277543054466431 -6.626241948324203
   vertex -11.83412264686886 -11.834122646868856 -6.626241948324203
  endloop
 endfacet
 facet normal 0.5968253860034541 0.6805489214234295 0.4250324977825049
  outer loop
   vertex -11.83412264686886 -11.834122646868856 -6.626241948324203
   vertex -10.188217119744698 -13.277543054466431 -6.626241948324203
   vertex -9.602310722281027 -12.51397497118179 -8.67156613383087
  endloop
 endfacet
 facet normal 0.5968253860034539 0.6805489214234296 0.4250324977825047
  outer loop
   vertex -11.83412264686886 -11.834122646868856 -6.626241948324203
   vertex -9.602310722281027 -12.51397497118179 -8.67156613383087
   vertex -11.153563125445555 -11.153563125445551 -8.67156613383087
  endloop
 endfacet
 facet normal 0.5570462531858077 0.6351895138494832 0.5350081805984936
  outer loop
   vertex -11.153563125445555 -11.153563125445551 -8.67156613383087
   vertex -9.602310722281027 -12.51397497118179 -8.67156613383087
   vertex -8.8649701485846 -11.553054027115316 -10.580134541264515
  endloop
 endfacet
 facet normal 0.5570462531858078 0.6351895138494829 0.5350081805984939
  outer loop
   vertex -11.153563125445555 -11.153563125445551 -8.67156613383087
   vertex -8.8649701485846 -11.553054027115316 -10.580134541264515
   vertex -10.29710525071832 -10.297105250718317 -10.580134541264515
  endloop
 endfacet
 facet normal 0.5084767447195132 0.5798066039130554 0.6366126782732625
  outer loop
   vertex -10.29710525071832 -10.297105250718317 -10.580134541264515
   vertex -8.8649701485846 -11.553054027115316 -10.580134541264515
   vertex -7.9878236999685175 -10.409934519581283 -12.321847906716396
  endloop
 endfacet
 facet normal 0.5084767447195131 0.5798066039130555 0.6366126782732623
  outer loop
   vertex -10.29710525071832 -10.297105250718317 -10.580134541264515
   vertex -7.9878236999685175 -10.409934519581283 -12.321847906716396
   vertex -9.27825587499474 -9.278255874994738 -12.321847906716396
  endloop
 endfacet
 facet normal 0.4518671267857376 0.515255706229222 0.7282359898608608
  outer loop
   vertex -9.27825587499474 -9.278255874994738 -12.321847906716396
   vertex -7.9878236999685175 -10.409934519581283 -12.321847906716396
   vertex -6.984704499909348 -9.102644126080003 -13.869238369964204
  endloop
 endfacet
 facet normal 0.4518671267857377 0.5152557062292217 0.7282359898608611
  outer loop
   vertex -9.27825587499474 -9.278255874994738 -12.321847906716396
   vertex -6.984704499909348 -9.102644126080003 -13.869238369964204
   vertex -8.113082861561095 -8.113082861561093 -13.869238369964204
  endloop
 endfacet
 facet normal 0.3880974062794768 0.4425402763434056 0.8084172852265376
  outer loop
   vertex -8.113082861561095 -8.113082861561093 -13.869238369964204
   vertex -6.984704499909348 -9.102644126080003 -13.869238369964204
   vertex -5.871432337426384 -7.651799597054406 -15.197902659036272
  endloop
 endfacet
 facet normal 0.3880974062794767 0.44254027634340587 0.8084172852265373
  outer loop
   vertex -8.113082861561095 -8.113082861561093 -13.869238369964204
   vertex -5.871432337426384 -7.651799597054406 -15.197902659036272
   vertex -6.819961684879845 -6.819961684879844 -15.197902659036272
  endloop
 endfacet
 facet normal 0.31816525381264754 0.3627979395557346 0.8758701538016049
  outer loop
   vertex -6.819961684879845 -6.819961684879844 -15.197902659036272
   vertex -5.871432337426384 -7.651799597054406 -15.197902659036272
   vertex -4.665564179558542 -6.080281617419752 -16.28688694438835
  endloop
 endfacet
 facet normal 0.31816525381264765 0.36279793955573436 0.8758701538016048
  outer loop
   vertex -6.819961684879845 -6.819961684879844 -15.197902659036272
   vertex -4.665564179558542 -6.080281617419752 -16.28688694438835
   vertex -5.419285638380411 -5.419285638380409 -16.28688694438835
  endloop
 endfacet
 facet normal 0.24317141042606366 0.27728385046529164 0.9295059609397567
  outer loop
   vertex -5.419285638380411 -5.419285638380409 -16.28688694438835
   vertex -4.665564179558542 -6.080281617419752 -16.28688694438835
   vertex -3.386117287506117 -4.412873964494209 -17.119017293312762
  endloop
 endfacet
 facet normal 0.2431714104260637 0.27728385046529147 0.9295059609397568
  outer loop
   vertex -5.419285638380411 -5.419285638380409 -16.28688694438835
   vertex -3.386117287506117 -4.412873964494209 -17.119017293312762
   vertex -3.9331442200393973 -3.933144220039396 -17.119017293312762
  endloop
 endfacet
 facet normal 0.16430264233367964 0.18735125658102952 0.9684545153902068
  outer loop
   vertex -3.9331442200393973 -3.933144220039396 -17.119017293312762
   vertex -3.386117287506117 -4.412873964494209 -17.119017293312762
   vertex -2.0532693030612905 -2.6758726530254515 -17.681170513116395
  endloop
 endfacet
 facet normal 0.1643026423336796 0.1873512565810294 0.9684545153902068
  outer loop
   vertex -3.9331442200393973 -3.933144220039396 -17.119017293312762
   vertex -2.0532693030612905 -2.6758726530254515 -17.681170513116395
   vertex -2.384974767801881 -2.38497476780188 -17.681170513116395
  endloop
 endfacet
 facet normal 0.08281246271609612 0.09442951574035584 0.9920812278114817
  outer loop
   vertex -2.384974767801881 -2.38497476780188 -17.681170513116395
   vertex -2.0532693030612905 -2.6758726530254515 -17.681170513116395
   vertex -0.6880400351435688 -0.8966712313296531 -17.96448111170889
  endloop
 endfacet
 facet normal 0.08281246271609603 0.09442951574035574 0.9920812278114818
  outer loop
   vertex -2.384974767801881 -2.38497476780188 -17.681170513116395
   vertex -0.6880400351435688 -0.8966712313296531 -17.96448111170889
   vertex -0.7991928387612718 -0.7991928387612716 -17.96448111170889
  endloop
 endfacet
 facet normal 0.06977846549481173 0.10443085356948986 -0.9920812278114818
  outer loop
   vertex -0.6880400351435665 -0.8966712313296501 17.96448111170889
   vertex -0.5651146757638209 -0.9788073305257491 17.96448111170889
   vertex -1.686431831271523 -2.9209856152636986 17.681170513116395
  endloop
 endfacet
 facet normal 0.06977846549481168 0.10443085356948985 -0.9920812278114818
  outer loop
   vertex -0.6880400351435665 -0.8966712313296501 17.96448111170889
   vertex -1.686431831271523 -2.9209856152636986 17.681170513116395
   vertex -2.053269303061291 -2.6758726530254515 17.681170513116395
  endloop
 endfacet
 facet normal 0.138442764322703 0.20719423888469693 -0.9684545153902064
  outer loop
   vertex -2.053269303061291 -2.6758726530254515 17.681170513116395
   vertex -1.686431831271523 -2.9209856152636986 17.681170513116395
   vertex -2.7811529493745293 -4.817098211936713 17.119017293312762
  endloop
 endfacet
 facet normal 0.13844276432270314 0.20719423888469693 -0.9684545153902064
  outer loop
   vertex -2.053269303061291 -2.6758726530254515 17.681170513116395
   vertex -2.7811529493745293 -4.817098211936713 17.119017293312762
   vertex -3.386117287506111 -4.412873964494201 17.119017293312762
  endloop
 endfacet
 facet normal 0.20489824013459354 0.3066518869454487 -0.9295059609397577
  outer loop
   vertex -3.386117287506111 -4.412873964494201 17.119017293312762
   vertex -2.7811529493745293 -4.817098211936713 17.119017293312762
   vertex -3.832013624085657 -6.637242292212495 16.286886944388353
  endloop
 endfacet
 facet normal 0.20489824013459337 0.30665188694544876 -0.9295059609397576
  outer loop
   vertex -3.386117287506111 -4.412873964494201 17.119017293312762
   vertex -3.832013624085657 -6.637242292212495 16.286886944388353
   vertex -4.665564179558539 -6.080281617419748 16.286886944388353
  endloop
 endfacet
 facet normal 0.268088672364754 0.40122305196643 -0.875870153801605
  outer loop
   vertex -4.665564179558539 -6.080281617419748 16.286886944388353
   vertex -3.832013624085657 -6.637242292212495 16.286886944388353
   vertex -4.822441154810973 -8.352713096643726 15.197902659036274
  endloop
 endfacet
 facet normal 0.2680886723647537 0.4012230519664301 -0.8758701538016049
  outer loop
   vertex -4.665564179558539 -6.080281617419748 16.286886944388353
   vertex -4.822441154810973 -8.352713096643726 15.197902659036274
   vertex -5.871432337426383 -7.6517995970544055 15.197902659036274
  endloop
 endfacet
 facet normal 0.3270140819931779 0.4894111595837542 -0.8084172852265371
  outer loop
   vertex -5.871432337426383 -7.6517995970544055 15.197902659036274
   vertex -4.822441154810973 -8.352713096643726 15.197902659036274
   vertex -5.736815907738212 -9.93645662587194 13.869238369964206
  endloop
 endfacet
 facet normal 0.3270140819931786 0.48941115958375403 -0.8084172852265369
  outer loop
   vertex -5.871432337426383 -7.6517995970544055 15.197902659036274
   vertex -5.736815907738212 -9.93645662587194 13.869238369964206
   vertex -6.984704499909346 -9.102644126079998 13.869238369964206
  endloop
 endfacet
 facet normal 0.3807469755217147 0.5698281176832519 -0.7282359898608616
  outer loop
   vertex -6.984704499909346 -9.102644126079998 13.869238369964206
   vertex -5.736815907738212 -9.93645662587194 13.869238369964206
   vertex -6.56071764679271 -11.363496298358685 12.321847906716394
  endloop
 endfacet
 facet normal 0.38074697552171427 0.569828117683252 -0.7282359898608617
  outer loop
   vertex -6.984704499909346 -9.102644126079998 13.869238369964206
   vertex -6.56071764679271 -11.363496298358685 12.321847906716394
   vertex -7.987823699968518 -10.409934519581284 12.321847906716394
  endloop
 endfacet
 facet normal 0.4284467074474345 0.6412158113608837 -0.6366126782732622
  outer loop
   vertex -7.987823699968518 -10.409934519581284 12.321847906716394
   vertex -6.56071764679271 -11.363496298358685 12.321847906716394
   vertex -7.281152949374533 -12.61132684599666 10.580134541264515
  endloop
 endfacet
 facet normal 0.4284467074474343 0.6412158113608837 -0.6366126782732624
  outer loop
   vertex -7.987823699968518 -10.409934519581284 12.321847906716394
   vertex -7.281152949374533 -12.61132684599666 10.580134541264515
   vertex -8.8649701485846 -11.553054027115316 10.580134541264515
  endloop
 endfacet
 facet normal 0.4693717766877257 0.7024645058233878 -0.5350081805984945
  outer loop
   vertex -8.8649701485846 -11.553054027115316 10.580134541264515
   vertex -7.281152949374533 -12.61132684599666 10.580134541264515
   vertex -7.886760120394779 -13.660269235631779 8.671566133830876
  endloop
 endfacet
 facet normal 0.46937177668772595 0.7024645058233878 -0.5350081805984943
  outer loop
   vertex -8.8649701485846 -11.553054027115316 10.580134541264515
   vertex -7.886760120394779 -13.660269235631779 8.671566133830876
   vertex -9.602310722281025 -12.51397497118179 8.671566133830876
  endloop
 endfacet
 facet normal 0.5028900027577038 0.7526280761140414 -0.4250324977825032
  outer loop
   vertex -9.602310722281025 -12.51397497118179 8.671566133830876
   vertex -7.886760120394779 -13.660269235631779 8.671566133830876
   vertex -8.367988372994269 -14.493781019171683 6.626241948324205
  endloop
 endfacet
 facet normal 0.5028900027577037 0.7526280761140414 -0.4250324977825032
  outer loop
   vertex -9.602310722281025 -12.51397497118179 8.671566133830876
   vertex -8.367988372994269 -14.493781019171683 6.626241948324205
   vertex -10.188217119744696 -13.277543054466427 6.626241948324205
  endloop
 endfacet
 facet normal 0.5284866372679096 0.7909361468268575 -0.30841836176197496
  outer loop
   vertex -10.188217119744696 -13.277543054466427 6.626241948324205
   vertex -8.367988372994269 -14.493781019171683 6.626241948324205
   vertex -8.717248450157687 -15.09871721787415 4.476417968967385
  endloop
 endfacet
 facet normal 0.5284866372679093 0.7909361468268578 -0.3084183617619753
  outer loop
   vertex -10.188217119744696 -13.277543054466427 6.626241948324205
   vertex -8.717248450157687 -15.09871721787415 4.476417968967385
   vertex -10.613449247084093 -13.831716352162372 4.476417968967385
  endloop
 endfacet
 facet normal 0.5457705437692545 0.8168033408981423 -0.18699415993940913
  outer loop
   vertex -10.613449247084093 -13.831716352162372 4.476417968967385
   vertex -8.717248450157687 -15.09871721787415 4.476417968967385
   vertex -8.929032311830307 -15.465537626514267 2.2559982041574806
  endloop
 endfacet
 facet normal 0.5457705437692546 0.8168033408981422 -0.18699415993940893
  outer loop
   vertex -10.613449247084093 -13.831716352162372 4.476417968967385
   vertex -8.929032311830307 -15.465537626514267 2.2559982041574806
   vertex -10.871300939629712 -14.167755220317872 2.2559982041574806
  endloop
 endfacet
 facet normal 0.554478617721102 0.8298358945561942 -0.06265660855980945
  outer loop
   vertex -10.871300939629712 -14.167755220317872 2.2559982041574806
   vertex -8.929032311830307 -15.465537626514267 2.2559982041574806
   vertex -9.000000000000007 -15.588457268119893 1.102182119232618e-15
  endloop
 endfacet
 facet normal 0.5544786177211017 0.8298358945561942 -0.06265660855980967
  outer loop
   vertex -10.871300939629712 -14.167755220317872 2.2559982041574806
   vertex -9.000000000000007 -15.588457268119893 1.102182119232618e-15
   vertex -10.957705722156977 -14.280360125242229 1.102182119232618e-15
  endloop
 endfacet
 facet normal 0.5544786177211017 0.8298358945561942 0.06265660855980797
  outer loop
   vertex -10.957705722156977 -14.280360125242229 1.102182119232618e-15
   vertex -9.000000000000007 -15.588457268119893 1.102182119232618e-15
   vertex -8.929032311830309 -15.465537626514271 -2.2559982041574704
  endloop
 endfacet
 facet normal 0.554478617721102 0.8298358945561941 0.06265660855980817
  outer loop
   vertex -10.957705722156977 -14.280360125242229 1.102182119232618e-15
   vertex -8.929032311830309 -15.465537626514271 -2.2559982041574704
   vertex -10.871300939629714 -14.167755220317876 -2.2559982041574704
  endloop
 endfacet
 facet normal 0.5457705437692545 0.8168033408981422 0.18699415993940974
  outer loop
   vertex -10.871300939629714 -14.167755220317876 -2.2559982041574704
   vertex -8.929032311830309 -15.465537626514271 -2.2559982041574704
   vertex -8.717248450157687 -15.09871721787415 -4.476417968967388
  endloop
 endfacet
 facet normal 0.5457705437692544 0.8168033408981423 0.18699415993940957
  outer loop
   vertex -10.871300939629714 -14.167755220317876 -2.2559982041574704
   vertex -8.717248450157687 -15.09871721787415 -4.476417968967388
   vertex -10.613449247084093 -13.831716352162372 -4.476417968967388
  endloop
 endfacet
 facet normal 0.5284866372679096 0.7909361468268581 0.30841836176197407
  outer loop
   vertex -10.613449247084093 -13.831716352162372 -4.476417968967388
   vertex -8.717248450157687 -15.09871721787415 -4.476417968967388
   vertex -8.36798837299427 -14.493781019171687 -6.626241948324203
  endloop
 endfacet
 facet normal 0.5284866372679097 0.7909361468268578 0.3084183617619743
  outer loop
   vertex -10.613449247084093 -13.831716352162372 -4.476417968967388
   vertex -8.36798837299427 -14.493781019171687 -6.626241948324203
   vertex -10.188217119744698 -13.277543054466431 -6.626241948324203
  endloop
 endfacet
 facet normal 0.5028900027577033 0.7526280761140407 0.42503249778250446
  outer loop
   vertex -10.188217119744698 -13.277543054466431 -6.626241948324203
   vertex -8.36798837299427 -14.493781019171687 -6.626241948324203
   vertex -7.88676012039478 -13.66026923563178 -8.67156613383087
  endloop
 endfacet
 facet normal 0.5028900027577037 0.7526280761140403 0.4250324977825049
  outer loop
   vertex -10.188217119744698 -13.277543054466431 -6.626241948324203
   vertex -7.88676012039478 -13.66026923563178 -8.67156613383087
   vertex -9.602310722281027 -12.51397497118179 -8.67156613383087
  endloop
 endfacet
 facet normal 0.46937177668772634 0.7024645058233878 0.5350081805984941
  outer loop
   vertex -9.602310722281027 -12.51397497118179 -8.67156613383087
   vertex -7.88676012039478 -13.66026923563178 -8.67156613383087
   vertex -7.281152949374533 -12.61132684599666 -10.580134541264515
  endloop
 endfacet
 facet normal 0.46937177668772595 0.7024645058233883 0.5350081805984935
  outer loop
   vertex -9.602310722281027 -12.51397497118179 -8.67156613383087
   vertex -7.281152949374533 -12.61132684599666 -10.580134541264515
   vertex -8.8649701485846 -11.553054027115316 -10.580134541264515
  endloop
 endfacet
 facet normal 0.4284467074474344 0.6412158113608838 0.6366126782732623
  outer loop
   vertex -8.8649701485846 -11.553054027115316 -10.580134541264515
   vertex -7.281152949374533 -12.61132684599666 -10.580134541264515
   vertex -6.5607176467927095 -11.363496298358683 -12.321847906716396
  endloop
 endfacet
 facet normal 0.4284467074474344 0.6412158113608836 0.6366126782732625
  outer loop
   vertex -8.8649701485846 -11.553054027115316 -10.580134541264515
   vertex -6.5607176467927095 -11.363496298358683 -12.321847906716396
   vertex -7.9878236999685175 -10.409934519581283 -12.321847906716396
  endloop
 endfacet
 facet normal 0.38074697552171477 0.5698281176832527 0.728235989860861
  outer loop
   vertex -7.9878236999685175 -10.409934519581283 -12.321847906716396
   vertex -6.5607176467927095 -11.363496298358683 -12.321847906716396
   vertex -5.736815907738214 -9.936456625871944 -13.869238369964204
  endloop
 endfacet
 facet normal 0.38074697552171455 0.5698281176832529 0.7282359898608607
  outer loop
   vertex -7.9878236999685175 -10.409934519581283 -12.321847906716396
   vertex -5.736815907738214 -9.936456625871944 -13.869238369964204
   vertex -6.984704499909348 -9.102644126080003 -13.869238369964204
  endloop
 endfacet
 facet normal 0.32701408199317766 0.4894111595837537 0.8084172852265374
  outer loop
   vertex -6.984704499909348 -9.102644126080003 -13.869238369964204
   vertex -5.736815907738214 -9.936456625871944 -13.869238369964204
   vertex -4.822441154810974 -8.352713096643727 -15.197902659036272
  endloop
 endfacet
 facet normal 0.3270140819931778 0.4894111595837533 0.8084172852265376
  outer loop
   vertex -6.984704499909348 -9.102644126080003 -13.869238369964204
   vertex -4.822441154810974 -8.352713096643727 -15.197902659036272
   vertex -5.871432337426384 -7.651799597054406 -15.197902659036272
  endloop
 endfacet
 facet normal 0.268088672364754 0.40122305196643004 0.8758701538016049
  outer loop
   vertex -5.871432337426384 -7.651799597054406 -15.197902659036272
   vertex -4.822441154810974 -8.352713096643727 -15.197902659036272
   vertex -3.8320136240856595 -6.637242292212499 -16.28688694438835
  endloop
 endfacet
 facet normal 0.268088672364754 0.40122305196643 0.875870153801605
  outer loop
   vertex -5.871432337426384 -7.651799597054406 -15.197902659036272
   vertex -3.8320136240856595 -6.637242292212499 -16.28688694438835
   vertex -4.665564179558542 -6.080281617419752 -16.28688694438835
  endloop
 endfacet
 facet normal 0.20489824013459448 0.3066518869454505 0.9295059609397568
  outer loop
   vertex -4.665564179558542 -6.080281617419752 -16.28688694438835
   vertex -3.8320136240856595 -6.637242292212499 -16.28688694438835
   vertex -2.781152949374534 -4.817098211936721 -17.119017293312762
  endloop
 endfacet
 facet normal 0.2048982401345944 0.30665188694545065 0.9295059609397568
  outer loop
   vertex -4.665564179558542 -6.080281617419752 -16.28688694438835
   vertex -2.781152949374534 -4.817098211936721 -17.119017293312762
   vertex -3.386117287506117 -4.412873964494209 -17.119017293312762
  endloop
 endfacet
 facet normal 0.1384427643227023 0.20719423888469612 0.9684545153902068
  outer loop
   vertex -3.386117287506117 -4.412873964494209 -17.119017293312762
   vertex -2.781152949374534 -4.817098211936721 -17.119017293312762
   vertex -1.6864318312715227 -2.920985615263698 -17.681170513116395
  endloop
 endfacet
 facet normal 0.1384427643227023 0.2071942388846961 0.9684545153902067
  outer loop
   vertex -3.386117287506117 -4.412873964494209 -17.119017293312762
   vertex -1.6864318312715227 -2.920985615263698 -17.681170513116395
   vertex -2.0532693030612905 -2.6758726530254515 -17.681170513116395
  endloop
 endfacet
 facet normal 0.06977846549481174 0.1044308535694901 0.9920812278114817
  outer loop
   vertex -2.0532693030612905 -2.6758726530254515 -17.681170513116395
   vertex -1.6864318312715227 -2.920985615263698 -17.681170513116395
   vertex -0.5651146757638228 -0.9788073305257524 -17.96448111170889
  endloop
 endfacet
 facet normal 0.0697784654948117 0.10443085356949021 0.9920812278114817
  outer loop
   vertex -2.0532693030612905 -2.6758726530254515 -17.681170513116395
   vertex -0.5651146757638228 -0.9788073305257524 -17.96448111170889
   vertex -0.6880400351435688 -0.8966712313296531 -17.96448111170889
  endloop
 endfacet
 facet normal 0.055550539382665305 0.11264535054034766 -0.9920812278114818
  outer loop
   vertex -0.5651146757638209 -0.9788073305257491 17.96448111170889
   vertex -0.4325200476023678 -1.0441957649198912 17.96448111170889
   vertex -1.2907390432814614 -3.1161197037745723 17.681170513116395
  endloop
 endfacet
 facet normal 0.055550539382665416 0.11264535054034766 -0.9920812278114818
  outer loop
   vertex -0.5651146757638209 -0.9788073305257491 17.96448111170889
   vertex -1.2907390432814614 -3.1161197037745723 17.681170513116395
   vertex -1.686431831271523 -2.9209856152636986 17.681170513116395
  endloop
 endfacet
 facet normal 0.11021409223057799 0.22349207031595106 -0.9684545153902064
  outer loop
   vertex -1.686431831271523 -2.9209856152636986 17.681170513116395
   vertex -1.2907390432814614 -3.1161197037745723 17.681170513116395
   vertex -2.1286023131978764 -5.138900573421047 17.119017293312762
  endloop
 endfacet
 facet normal 0.11021409223057786 0.2234920703159511 -0.9684545153902064
  outer loop
   vertex -1.686431831271523 -2.9209856152636986 17.681170513116395
   vertex -2.1286023131978764 -5.138900573421047 17.119017293312762
   vertex -2.7811529493745293 -4.817098211936713 17.119017293312762
  endloop
 endfacet
 facet normal 0.163119204145896 0.3307730246200063 -0.9295059609397576
  outer loop
   vertex -2.7811529493745293 -4.817098211936713 17.119017293312762
   vertex -2.1286023131978764 -5.138900573421047 17.119017293312762
   vertex -2.9328962530697735 -7.080637911194269 16.286886944388353
  endloop
 endfacet
 facet normal 0.16311920414589606 0.3307730246200063 -0.9295059609397576
  outer loop
   vertex -2.7811529493745293 -4.817098211936713 17.119017293312762
   vertex -2.9328962530697735 -7.080637911194269 16.286886944388353
   vertex -3.832013624085657 -6.637242292212495 16.286886944388353
  endloop
 endfacet
 facet normal 0.21342501940447584 0.4327831267179347 -0.8758701538016049
  outer loop
   vertex -3.832013624085657 -6.637242292212495 16.286886944388353
   vertex -2.9328962530697735 -7.080637911194269 16.286886944388353
   vertex -3.690936667003463 -8.910709359339894 15.197902659036274
  endloop
 endfacet
 facet normal 0.21342501940447606 0.4327831267179348 -0.8758701538016049
  outer loop
   vertex -3.832013624085657 -6.637242292212495 16.286886944388353
   vertex -3.690936667003463 -8.910709359339894 15.197902659036274
   vertex -4.822441154810973 -8.352713096643726 15.197902659036274
  endloop
 endfacet
 facet normal 0.26033545609854275 0.5279080821932164 -0.8084172852265371
  outer loop
   vertex -4.822441154810973 -8.352713096643726 15.197902659036274
   vertex -3.690936667003463 -8.910709359339894 15.197902659036274
   vertex -4.390768804839817 -10.600253597888972 13.869238369964206
  endloop
 endfacet
 facet normal 0.2603354560985425 0.5279080821932164 -0.8084172852265371
  outer loop
   vertex -4.822441154810973 -8.352713096643726 15.197902659036274
   vertex -4.390768804839817 -10.600253597888972 13.869238369964206
   vertex -5.736815907738212 -9.93645662587194 13.869238369964206
  endloop
 endfacet
 facet normal 0.3031121379435086 0.6146506120575221 -0.7282359898608616
  outer loop
   vertex -5.736815907738212 -9.93645662587194 13.869238369964206
   vertex -4.390768804839817 -10.600253597888972 13.869238369964206
   vertex -5.0213558957057005 -12.122625504914783 12.321847906716394
  endloop
 endfacet
 facet normal 0.3031121379435087 0.614650612057522 -0.7282359898608615
  outer loop
   vertex -5.736815907738212 -9.93645662587194 13.869238369964206
   vertex -5.0213558957057005 -12.122625504914783 12.321847906716394
   vertex -6.56071764679271 -11.363496298358685 12.321847906716394
  endloop
 endfacet
 facet normal 0.34108582822305955 0.6916536384977193 -0.6366126782732621
  outer loop
   vertex -6.56071764679271 -11.363496298358685 12.321847906716394
   vertex -5.0213558957057005 -12.122625504914783 12.321847906716394
   vertex -5.57275320448369 -13.453816366022625 10.580134541264515
  endloop
 endfacet
 facet normal 0.3410858282230593 0.6916536384977192 -0.6366126782732623
  outer loop
   vertex -6.56071764679271 -11.363496298358685 12.321847906716394
   vertex -5.57275320448369 -13.453816366022625 10.580134541264515
   vertex -7.281152949374533 -12.61132684599666 10.580134541264515
  endloop
 endfacet
 facet normal 0.3736662189560734 0.7577201353427007 -0.5350081805984945
  outer loop
   vertex -7.281152949374533 -12.61132684599666 10.580134541264515
   vertex -5.57275320448369 -13.453816366022625 10.580134541264515
   vertex -6.036264866225569 -14.57283250611796 8.671566133830876
  endloop
 endfacet
 facet normal 0.37366621895607344 0.7577201353427007 -0.5350081805984945
  outer loop
   vertex -7.281152949374533 -12.61132684599666 10.580134541264515
   vertex -6.036264866225569 -14.57283250611796 8.671566133830876
   vertex -7.886760120394779 -13.660269235631779 8.671566133830876
  endloop
 endfacet
 facet normal 0.40035003213731674 0.8118295557544182 -0.42503249778250324
  outer loop
   vertex -7.886760120394779 -13.660269235631779 8.671566133830876
   vertex -6.036264866225569 -14.57283250611796 8.671566133830876
   vertex -6.404581025137224 -15.462026372203638 6.626241948324205
  endloop
 endfacet
 facet normal 0.4003500321373169 0.8118295557544181 -0.4250324977825031
  outer loop
   vertex -7.886760120394779 -13.660269235631779 8.671566133830876
   vertex -6.404581025137224 -15.462026372203638 6.626241948324205
   vertex -8.367988372994269 -14.493781019171683 6.626241948324205
  endloop
 endfacet
 facet normal 0.4207274772894834 0.8531509268480497 -0.30841836176197596
  outer loop
   vertex -8.367988372994269 -14.493781019171683 6.626241948324205
   vertex -6.404581025137224 -15.462026372203638 6.626241948324205
   vertex -6.67189311537121 -16.10737484583283 4.476417968967385
  endloop
 endfacet
 facet normal 0.42072747728948434 0.8531509268480495 -0.308418361761975
  outer loop
   vertex -8.367988372994269 -14.493781019171683 6.626241948324205
   vertex -6.67189311537121 -16.10737484583283 4.476417968967385
   vertex -8.717248450157687 -15.09871721787415 4.476417968967385
  endloop
 endfacet
 facet normal 0.4344871712291666 0.8810528259904918 -0.18699415993940852
  outer loop
   vertex -8.717248450157687 -15.09871721787415 4.476417968967385
   vertex -6.67189311537121 -16.10737484583283 4.476417968967385
   vertex -6.833985465580033 -16.4987003960639 2.2559982041574806
  endloop
 endfacet
 facet normal 0.43448717122916597 0.8810528259904918 -0.18699415993940915
  outer loop
   vertex -8.717248450157687 -15.09871721787415 4.476417968967385
   vertex -6.833985465580033 -16.4987003960639 2.2559982041574806
   vertex -8.929032311830307 -15.465537626514267 2.2559982041574806
  endloop
 endfacet
 facet normal 0.4414196567972991 0.8951105160798513 -0.062656608559809
  outer loop
   vertex -8.929032311830307 -15.465537626514267 2.2559982041574806
   vertex -6.833985465580033 -16.4987003960639 2.2559982041574806
   vertex -6.888301782571626 -16.629831585203156 1.102182119232618e-15
  endloop
 endfacet
 facet normal 0.44141965679729867 0.8951105160798514 -0.06265660855980944
  outer loop
   vertex -8.929032311830307 -15.465537626514267 2.2559982041574806
   vertex -6.888301782571626 -16.629831585203156 1.102182119232618e-15
   vertex -9.000000000000007 -15.588457268119893 1.102182119232618e-15
  endloop
 endfacet
 facet normal 0.4414196567972987 0.8951105160798516 0.06265660855980751
  outer loop
   vertex -9.000000000000007 -15.588457268119893 1.102182119232618e-15
   vertex -6.888301782571626 -16.629831585203156 1.102182119232618e-15
   vertex -6.833985465580035 -16.498700396063903 -2.2559982041574704
  endloop
 endfacet
 facet normal 0.4414196567972991 0.8951105160798514 0.06265660855980792
  outer loop
   vertex -9.000000000000007 -15.588457268119893 1.102182119232618e-15
   vertex -6.833985465580035 -16.498700396063903 -2.2559982041574704
   vertex -8.929032311830309 -15.465537626514271 -2.2559982041574704
  endloop
 endfacet
 facet normal 0.43448717122916586 0.881052825990492 0.18699415993940913
  outer loop
   vertex -8.929032311830309 -15.465537626514271 -2.2559982041574704
   vertex -6.833985465580035 -16.498700396063903 -2.2559982041574704
   vertex -6.67189311537121 -16.10737484583283 -4.476417968967388
  endloop
 endfacet
 facet normal 0.4344871712291665 0.8810528259904915 0.18699415993940982
  outer loop
   vertex -8.929032311830309 -15.465537626514271 -2.2559982041574704
   vertex -6.67189311537121 -16.10737484583283 -4.476417968967388
   vertex -8.717248450157687 -15.09871721787415 -4.476417968967388
  endloop
 endfacet
 facet normal 0.42072747728948445 0.8531509268480495 0.3084183617619751
  outer loop
   vertex -8.717248450157687 -15.09871721787415 -4.476417968967388
   vertex -6.67189311537121 -16.10737484583283 -4.476417968967388
   vertex -6.404581025137225 -15.462026372203642 -6.626241948324203
  endloop
 endfacet
 facet normal 0.42072747728948356 0.8531509268480503 0.308418361761974
  outer loop
   vertex -8.717248450157687 -15.09871721787415 -4.476417968967388
   vertex -6.404581025137225 -15.462026372203642 -6.626241948324203
   vertex -8.36798837299427 -14.493781019171687 -6.626241948324203
  endloop
 endfacet
 facet normal 0.40035003213731646 0.8118295557544176 0.42503249778250446
  outer loop
   vertex -8.36798837299427 -14.493781019171687 -6.626241948324203
   vertex -6.404581025137225 -15.462026372203642 -6.626241948324203
   vertex -6.03626486622557 -14.572832506117962 -8.67156613383087
  endloop
 endfacet
 facet normal 0.40035003213731646 0.8118295557544176 0.42503249778250446
  outer loop
   vertex -8.36798837299427 -14.493781019171687 -6.626241948324203
   vertex -6.03626486622557 -14.572832506117962 -8.67156613383087
   vertex -7.88676012039478 -13.66026923563178 -8.67156613383087
  endloop
 endfacet
 facet normal 0.3736662189560735 0.7577201353427008 0.5350081805984941
  outer loop
   vertex -7.88676012039478 -13.66026923563178 -8.67156613383087
   vertex -6.03626486622557 -14.572832506117962 -8.67156613383087
   vertex -5.57275320448369 -13.453816366022625 -10.580134541264515
  endloop
 endfacet
 facet normal 0.3736662189560735 0.7577201353427009 0.5350081805984941
  outer loop
   vertex -7.88676012039478 -13.66026923563178 -8.67156613383087
   vertex -5.57275320448369 -13.453816366022625 -10.580134541264515
   vertex -7.281152949374533 -12.61132684599666 -10.580134541264515
  endloop
 endfacet
 facet normal 0.3410858282230593 0.6916536384977192 0.636612678273262
  outer loop
   vertex -7.281152949374533 -12.61132684599666 -10.580134541264515
   vertex -5.57275320448369 -13.453816366022625 -10.580134541264515
   vertex -5.0213558957057005 -12.122625504914781 -12.321847906716396
  endloop
 endfacet
 facet normal 0.34108582822305955 0.691653638497719 0.6366126782732624
  outer loop
   vertex -7.281152949374533 -12.61132684599666 -10.580134541264515
   vertex -5.0213558957057005 -12.122625504914781 -12.321847906716396
   vertex -6.5607176467927095 -11.363496298358683 -12.321847906716396
  endloop
 endfacet
 facet normal 0.303112137943509 0.6146506120575224 0.7282359898608611
  outer loop
   vertex -6.5607176467927095 -11.363496298358683 -12.321847906716396
   vertex -5.0213558957057005 -12.122625504914781 -12.321847906716396
   vertex -4.390768804839818 -10.600253597888976 -13.869238369964204
  endloop
 endfacet
 facet normal 0.30311213794350866 0.6146506120575227 0.7282359898608609
  outer loop
   vertex -6.5607176467927095 -11.363496298358683 -12.321847906716396
   vertex -4.390768804839818 -10.600253597888976 -13.869238369964204
   vertex -5.736815907738214 -9.936456625871944 -13.869238369964204
  endloop
 endfacet
 facet normal 0.26033545609854214 0.527908082193216 0.8084172852265373
  outer loop
   vertex -5.736815907738214 -9.936456625871944 -13.869238369964204
   vertex -4.390768804839818 -10.600253597888976 -13.869238369964204
   vertex -3.690936667003464 -8.910709359339895 -15.197902659036272
  endloop
 endfacet
 facet normal 0.2603354560985424 0.5279080821932157 0.8084172852265376
  outer loop
   vertex -5.736815907738214 -9.936456625871944 -13.869238369964204
   vertex -3.690936667003464 -8.910709359339895 -15.197902659036272
   vertex -4.822441154810974 -8.352713096643727 -15.197902659036272
  endloop
 endfacet
 facet normal 0.21342501940447603 0.4327831267179346 0.8758701538016049
  outer loop
   vertex -4.822441154810974 -8.352713096643727 -15.197902659036272
   vertex -3.690936667003464 -8.910709359339895 -15.197902659036272
   vertex -2.9328962530697757 -7.080637911194273 -16.28688694438835
  endloop
 endfacet
 facet normal 0.2134250194044758 0.4327831267179349 0.8758701538016048
  outer loop
   vertex -4.822441154810974 -8.352713096643727 -15.197902659036272
   vertex -2.9328962530697757 -7.080637911194273 -16.28688694438835
   vertex -3.8320136240856595 -6.637242292212499 -16.28688694438835
  endloop
 endfacet
 facet normal 0.16311920414589695 0.3307730246200082 0.9295059609397569
  outer loop
   vertex -3.8320136240856595 -6.637242292212499 -16.28688694438835
   vertex -2.9328962530697757 -7.080637911194273 -16.28688694438835
   vertex -2.12860231319788 -5.138900573421056 -17.119017293312762
  endloop
 endfacet
 facet normal 0.16311920414589692 0.330773024620008 0.9295059609397568
  outer loop
   vertex -3.8320136240856595 -6.637242292212499 -16.28688694438835
   vertex -2.12860231319788 -5.138900573421056 -17.119017293312762
   vertex -2.781152949374534 -4.817098211936721 -17.119017293312762
  endloop
 endfacet
 facet normal 0.11021409223057745 0.22349207031595014 0.9684545153902067
  outer loop
   vertex -2.781152949374534 -4.817098211936721 -17.119017293312762
   vertex -2.12860231319788 -5.138900573421056 -17.119017293312762
   vertex -1.2907390432814612 -3.116119703774572 -17.681170513116395
  endloop
 endfacet
 facet normal 0.11021409223057758 0.22349207031595011 0.9684545153902068
  outer loop
   vertex -2.781152949374534 -4.817098211936721 -17.119017293312762
   vertex -1.2907390432814612 -3.116119703774572 -17.681170513116395
   vertex -1.6864318312715227 -2.920985615263698 -17.681170513116395
  endloop
 endfacet
 facet normal 0.055550539382665506 0.11264535054034785 0.9920812278114817
  outer loop
   vertex -1.6864318312715227 -2.920985615263698 -17.681170513116395
   vertex -1.2907390432814612 -3.116119703774572 -17.681170513116395
   vertex -0.43252004760236923 -1.0441957649198947 -17.96448111170889
  endloop
 endfacet
 facet normal 0.05555053938266538 0.1126453505403478 0.9920812278114817
  outer loop
   vertex -1.6864318312715227 -2.920985615263698 -17.681170513116395
   vertex -0.43252004760236923 -1.0441957649198947 -17.96448111170889
   vertex -0.5651146757638228 -0.9788073305257524 -17.96448111170889
  endloop
 endfacet
 facet normal 0.040372128140162555 0.11893245433226858 -0.9920812278114817
  outer loop
   vertex -0.4325200476023678 -1.0441957649198912 17.96448111170889
   vertex -0.29252488150922507 -1.0917177202704942 17.96448111170889
   vertex -0.8729613524003808 -3.257936120202262 17.681170513116395
  endloop
 endfacet
 facet normal 0.04037212814016249 0.11893245433226861 -0.9920812278114817
  outer loop
   vertex -0.4325200476023678 -1.0441957649198912 17.96448111170889
   vertex -0.8729613524003808 -3.257936120202262 17.681170513116395
   vertex -1.2907390432814614 -3.1161197037745723 17.681170513116395
  endloop
 endfacet
 facet normal 0.08009962646326847 0.23596589046039101 -0.9684545153902064
  outer loop
   vertex -1.2907390432814614 -3.1161197037745723 17.681170513116395
   vertex -0.8729613524003808 -3.257936120202262 17.681170513116395
   vertex -1.4396307012823477 -5.372774921321738 17.119017293312762
  endloop
 endfacet
 facet normal 0.08009962646326846 0.23596589046039107 -0.9684545153902065
  outer loop
   vertex -1.2907390432814614 -3.1161197037745723 17.681170513116395
   vertex -1.4396307012823477 -5.372774921321738 17.119017293312762
   vertex -2.1286023131978764 -5.138900573421047 17.119017293312762
  endloop
 endfacet
 facet normal 0.1185491533490751 0.3492345441357071 -0.9295059609397576
  outer loop
   vertex -2.1286023131978764 -5.138900573421047 17.119017293312762
   vertex -1.4396307012823477 -5.372774921321738 17.119017293312762
   vertex -1.9835962140113965 -7.402881852391804 16.286886944388353
  endloop
 endfacet
 facet normal 0.11854915334907543 0.34923454413570715 -0.9295059609397576
  outer loop
   vertex -2.1286023131978764 -5.138900573421047 17.119017293312762
   vertex -1.9835962140113965 -7.402881852391804 16.286886944388353
   vertex -2.9328962530697735 -7.080637911194269 16.286886944388353
  endloop
 endfacet
 facet normal 0.15510960518959338 0.456938162181144 -0.8758701538016048
  outer loop
   vertex -2.9328962530697735 -7.080637911194269 16.286886944388353
   vertex -1.9835962140113965 -7.402881852391804 16.286886944388353
   vertex -2.4962792295025436 -9.316240914382387 15.197902659036274
  endloop
 endfacet
 facet normal 0.155109605189593 0.45693816218114414 -0.875870153801605
  outer loop
   vertex -2.9328962530697735 -7.080637911194269 16.286886944388353
   vertex -2.4962792295025436 -9.316240914382387 15.197902659036274
   vertex -3.690936667003463 -8.910709359339894 15.197902659036274
  endloop
 endfacet
 facet normal 0.1892024183714363 0.557372351152581 -0.8084172852265369
  outer loop
   vertex -3.690936667003463 -8.910709359339894 15.197902659036274
   vertex -2.4962792295025436 -9.316240914382387 15.197902659036274
   vertex -2.969594430339505 -11.082677291900596 13.869238369964206
  endloop
 endfacet
 facet normal 0.18920241837143625 0.5573723511525809 -0.808417285226537
  outer loop
   vertex -3.690936667003463 -8.910709359339894 15.197902659036274
   vertex -2.969594430339505 -11.082677291900596 13.869238369964206
   vertex -4.390768804839817 -10.600253597888972 13.869238369964206
  endloop
 endfacet
 facet normal 0.2202909676465282 0.6489562640461428 -0.7282359898608619
  outer loop
   vertex -4.390768804839817 -10.600253597888972 13.869238369964206
   vertex -2.969594430339505 -11.082677291900596 13.869238369964206
   vertex -3.3960773530602877 -12.67433322805503 12.321847906716394
  endloop
 endfacet
 facet normal 0.22029096764652883 0.6489562640461429 -0.7282359898608615
  outer loop
   vertex -4.390768804839817 -10.600253597888972 13.869238369964206
   vertex -3.3960773530602877 -12.67433322805503 12.321847906716394
   vertex -5.0213558957057005 -12.122625504914783 12.321847906716394
  endloop
 endfacet
 facet normal 0.24788887591093123 0.7302570801172412 -0.6366126782732622
  outer loop
   vertex -5.0213558957057005 -12.122625504914783 12.321847906716394
   vertex -3.3960773530602877 -12.67433322805503 12.321847906716394
   vertex -3.7690021072050337 -14.066107357923354 10.580134541264515
  endloop
 endfacet
 facet normal 0.2478888759109315 0.7302570801172412 -0.636612678273262
  outer loop
   vertex -5.0213558957057005 -12.122625504914783 12.321847906716394
   vertex -3.7690021072050337 -14.066107357923354 10.580134541264515
   vertex -5.57275320448369 -13.453816366022625 10.580134541264515
  endloop
 endfacet
 facet normal 0.27156712861823584 0.8000109632665887 -0.5350081805984943
  outer loop
   vertex -5.57275320448369 -13.453816366022625 10.580134541264515
   vertex -3.7690021072050337 -14.066107357923354 10.580134541264515
   vertex -4.082487446626431 -15.236050572071985 8.671566133830876
  endloop
 endfacet
 facet normal 0.2715671286182356 0.8000109632665887 -0.5350081805984945
  outer loop
   vertex -5.57275320448369 -13.453816366022625 10.580134541264515
   vertex -4.082487446626431 -15.236050572071985 8.671566133830876
   vertex -6.036264866225569 -14.57283250611796 8.671566133830876
  endloop
 endfacet
 facet normal 0.2909599614690628 0.8571404066141601 -0.4250324977825033
  outer loop
   vertex -6.036264866225569 -14.57283250611796 8.671566133830876
   vertex -4.082487446626431 -15.236050572071985 8.671566133830876
   vertex -4.33158952025474 -16.165712167123598 6.626241948324205
  endloop
 endfacet
 facet normal 0.290959961469063 0.8571404066141602 -0.4250324977825032
  outer loop
   vertex -6.036264866225569 -14.57283250611796 8.671566133830876
   vertex -4.33158952025474 -16.165712167123598 6.626241948324205
   vertex -6.404581025137224 -15.462026372203638 6.626241948324205
  endloop
 endfacet
 facet normal 0.3057695535269418 0.9007680579727471 -0.30841836176197496
  outer loop
   vertex -6.404581025137224 -15.462026372203638 6.626241948324205
   vertex -4.33158952025474 -16.165712167123598 6.626241948324205
   vertex -4.5123798395824775 -16.840430824371314 4.476417968967385
  endloop
 endfacet
 facet normal 0.3057695535269408 0.900768057972747 -0.30841836176197596
  outer loop
   vertex -6.404581025137224 -15.462026372203638 6.626241948324205
   vertex -4.5123798395824775 -16.840430824371314 4.476417968967385
   vertex -6.67189311537121 -16.10737484583283 4.476417968967385
  endloop
 endfacet
 facet normal 0.31576960272674426 0.930227252956152 -0.1869941599394086
  outer loop
   vertex -6.67189311537121 -16.10737484583283 4.476417968967385
   vertex -4.5123798395824775 -16.840430824371314 4.476417968967385
   vertex -4.622007233274941 -17.249565827532944 2.2559982041574806
  endloop
 endfacet
 facet normal 0.3157696027267443 0.930227252956152 -0.18699415993940852
  outer loop
   vertex -6.67189311537121 -16.10737484583283 4.476417968967385
   vertex -4.622007233274941 -17.249565827532944 2.2559982041574806
   vertex -6.833985465580033 -16.4987003960639 2.2559982041574806
  endloop
 endfacet
 facet normal 0.3208078831610443 0.9450695485018615 -0.06265660855981008
  outer loop
   vertex -6.833985465580033 -16.4987003960639 2.2559982041574806
   vertex -4.622007233274941 -17.249565827532944 2.2559982041574806
   vertex -4.6587428118453715 -17.38666487320323 1.102182119232618e-15
  endloop
 endfacet
 facet normal 0.32080788316104536 0.9450695485018612 -0.06265660855980891
  outer loop
   vertex -6.833985465580033 -16.4987003960639 2.2559982041574806
   vertex -4.6587428118453715 -17.38666487320323 1.102182119232618e-15
   vertex -6.888301782571626 -16.629831585203156 1.102182119232618e-15
  endloop
 endfacet
 facet normal 0.32080788316104536 0.9450695485018612 0.06265660855980869
  outer loop
   vertex -6.888301782571626 -16.629831585203156 1.102182119232618e-15
   vertex -4.6587428118453715 -17.38666487320323 1.102182119232618e-15
   vertex -4.622007233274942 -17.249565827532948 -2.2559982041574704
  endloop
 endfacet
 facet normal 0.32080788316104425 0.9450695485018616 0.06265660855980741
  outer loop
   vertex -6.888301782571626 -16.629831585203156 1.102182119232618e-15
   vertex -4.622007233274942 -17.249565827532948 -2.2559982041574704
   vertex -6.833985465580035 -16.498700396063903 -2.2559982041574704
  endloop
 endfacet
 facet normal 0.31576960272674415 0.930227252956152 0.1869941599394091
  outer loop
   vertex -6.833985465580035 -16.498700396063903 -2.2559982041574704
   vertex -4.622007233274942 -17.249565827532948 -2.2559982041574704
   vertex -4.5123798395824775 -16.840430824371314 -4.476417968967388
  endloop
 endfacet
 facet normal 0.31576960272674426 0.9302272529561522 0.1869941599394092
  outer loop
   vertex -6.833985465580035 -16.498700396063903 -2.2559982041574704
   vertex -4.5123798395824775 -16.840430824371314 -4.476417968967388
   vertex -6.67189311537121 -16.10737484583283 -4.476417968967388
  endloop
 endfacet
 facet normal 0.30576955352694096 0.9007680579727476 0.3084183617619741
  outer loop
   vertex -6.67189311537121 -16.10737484583283 -4.476417968967388
   vertex -4.5123798395824775 -16.840430824371314 -4.476417968967388
   vertex -4.331589520254741 -16.1657121671236 -6.626241948324203
  endloop
 endfacet
 facet normal 0.30576955352694185 0.900768057972747 0.30841836176197507
  outer loop
   vertex -6.67189311537121 -16.10737484583283 -4.476417968967388
   vertex -4.331589520254741 -16.1657121671236 -6.626241948324203
   vertex -6.404581025137225 -15.462026372203642 -6.626241948324203
  endloop
 endfacet
 facet normal 0.2909599614690627 0.8571404066141596 0.4250324977825046
  outer loop
   vertex -6.404581025137225 -15.462026372203642 -6.626241948324203
   vertex -4.331589520254741 -16.1657121671236 -6.626241948324203
   vertex -4.082487446626431 -15.236050572071987 -8.67156613383087
  endloop
 endfacet
 facet normal 0.2909599614690625 0.8571404066141596 0.4250324977825044
  outer loop
   vertex -6.404581025137225 -15.462026372203642 -6.626241948324203
   vertex -4.082487446626431 -15.236050572071987 -8.67156613383087
   vertex -6.03626486622557 -14.572832506117962 -8.67156613383087
  endloop
 endfacet
 facet normal 0.27156712861823573 0.8000109632665893 0.535008180598494
  outer loop
   vertex -6.03626486622557 -14.572832506117962 -8.67156613383087
   vertex -4.082487446626431 -15.236050572071987 -8.67156613383087
   vertex -3.7690021072050337 -14.066107357923354 -10.580134541264515
  endloop
 endfacet
 facet normal 0.2715671286182359 0.8000109632665889 0.5350081805984941
  outer loop
   vertex -6.03626486622557 -14.572832506117962 -8.67156613383087
   vertex -3.7690021072050337 -14.066107357923354 -10.580134541264515
   vertex -5.57275320448369 -13.453816366022625 -10.580134541264515
  endloop
 endfacet
 facet normal 0.24788887591093145 0.7302570801172411 0.6366126782732622
  outer loop
   vertex -5.57275320448369 -13.453816366022625 -10.580134541264515
   vertex -3.7690021072050337 -14.066107357923354 -10.580134541264515
   vertex -3.3960773530602872 -12.674333228055028 -12.321847906716396
  endloop
 endfacet
 facet normal 0.24788887591093117 0.7302570801172414 0.6366126782732621
  outer loop
   vertex -5.57275320448369 -13.453816366022625 -10.580134541264515
   vertex -3.3960773530602872 -12.674333228055028 -12.321847906716396
   vertex -5.0213558957057005 -12.122625504914781 -12.321847906716396
  endloop
 endfacet
 facet normal 0.220290967646529 0.6489562640461434 0.728235989860861
  outer loop
   vertex -5.0213558957057005 -12.122625504914781 -12.321847906716396
   vertex -3.3960773530602872 -12.674333228055028 -12.321847906716396
   vertex -2.9695944303395065 -11.082677291900602 -13.869238369964204
  endloop
 endfacet
 facet normal 0.22029096764652903 0.6489562640461431 0.7282359898608611
  outer loop
   vertex -5.0213558957057005 -12.122625504914781 -12.321847906716396
   vertex -2.9695944303395065 -11.082677291900602 -13.869238369964204
   vertex -4.390768804839818 -10.600253597888976 -13.869238369964204
  endloop
 endfacet
 facet normal 0.1892024183714366 0.55737235115258 0.8084172852265374
  outer loop
   vertex -4.390768804839818 -10.600253597888976 -13.869238369964204
   vertex -2.9695944303395065 -11.082677291900602 -13.869238369964204
   vertex -2.496279229502544 -9.316240914382389 -15.197902659036272
  endloop
 endfacet
 facet normal 0.18920241837143603 0.5573723511525805 0.8084172852265373
  outer loop
   vertex -4.390768804839818 -10.600253597888976 -13.869238369964204
   vertex -2.496279229502544 -9.316240914382389 -15.197902659036272
   vertex -3.690936667003464 -8.910709359339895 -15.197902659036272
  endloop
 endfacet
 facet normal 0.15510960518959296 0.4569381621811441 0.875870153801605
  outer loop
   vertex -3.690936667003464 -8.910709359339895 -15.197902659036272
   vertex -2.496279229502544 -9.316240914382389 -15.197902659036272
   vertex -1.9835962140113979 -7.4028818523918085 -16.28688694438835
  endloop
 endfacet
 facet normal 0.15510960518959313 0.456938162181144 0.8758701538016049
  outer loop
   vertex -3.690936667003464 -8.910709359339895 -15.197902659036272
   vertex -1.9835962140113979 -7.4028818523918085 -16.28688694438835
   vertex -2.9328962530697757 -7.080637911194273 -16.28688694438835
  endloop
 endfacet
 facet normal 0.11854915334907604 0.34923454413570915 0.9295059609397568
  outer loop
   vertex -2.9328962530697757 -7.080637911194273 -16.28688694438835
   vertex -1.9835962140113979 -7.4028818523918085 -16.28688694438835
   vertex -1.4396307012823504 -5.3727749213217475 -17.119017293312762
  endloop
 endfacet
 facet normal 0.11854915334907605 0.34923454413570926 0.9295059609397568
  outer loop
   vertex -2.9328962530697757 -7.080637911194273 -16.28688694438835
   vertex -1.4396307012823504 -5.3727749213217475 -17.119017293312762
   vertex -2.12860231319788 -5.138900573421056 -17.119017293312762
  endloop
 endfacet
 facet normal 0.08009962646326818 0.23596589046038993 0.9684545153902067
  outer loop
   vertex -2.12860231319788 -5.138900573421056 -17.119017293312762
   vertex -1.4396307012823504 -5.3727749213217475 -17.119017293312762
   vertex -0.8729613524003806 -3.2579361202022614 -17.681170513116395
  endloop
 endfacet
 facet normal 0.08009962646326822 0.23596589046039 0.9684545153902067
  outer loop
   vertex -2.12860231319788 -5.138900573421056 -17.119017293312762
   vertex -0.8729613524003806 -3.2579361202022614 -17.681170513116395
   vertex -1.2907390432814612 -3.116119703774572 -17.681170513116395
  endloop
 endfacet
 facet normal 0.040372128140162576 0.11893245433226884 0.9920812278114817
  outer loop
   vertex -1.2907390432814612 -3.116119703774572 -17.681170513116395
   vertex -0.8729613524003806 -3.2579361202022614 -17.681170513116395
   vertex -0.29252488150922606 -1.0917177202704977 -17.96448111170889
  endloop
 endfacet
 facet normal 0.04037212814016266 0.11893245433226879 0.9920812278114817
  outer loop
   vertex -1.2907390432814612 -3.116119703774572 -17.681170513116395
   vertex -0.29252488150922606 -1.0917177202704977 -17.96448111170889
   vertex -0.43252004760236923 -1.0441957649198947 -17.96448111170889
  endloop
 endfacet
 facet normal 0.024502938591913034 0.12318459085625852 -0.9920812278114818
  outer loop
   vertex -0.29252488150922507 -1.0917177202704942 17.96448111170889
   vertex -0.14752453359024115 -1.1205600827459334 17.96448111170889
   vertex -0.44024705074912057 -3.3440083463427492 17.681170513116395
  endloop
 endfacet
 facet normal 0.024502938591912885 0.12318459085625853 -0.9920812278114818
  outer loop
   vertex -0.29252488150922507 -1.0917177202704942 17.96448111170889
   vertex -0.44024705074912057 -3.3440083463427492 17.681170513116395
   vertex -0.8729613524003808 -3.257936120202262 17.681170513116395
  endloop
 endfacet
 facet normal 0.048614633879360505 0.24440226879694896 -0.9684545153902064
  outer loop
   vertex -0.8729613524003808 -3.257936120202262 17.681170513116395
   vertex -0.44024705074912057 -3.3440083463427492 17.681170513116395
   vertex -0.726026608926846 -5.514719600703983 17.119017293312762
  endloop
 endfacet
 facet normal 0.04861463387936081 0.24440226879694898 -0.9684545153902064
  outer loop
   vertex -0.8729613524003808 -3.257936120202262 17.681170513116395
   vertex -0.726026608926846 -5.514719600703983 17.119017293312762
   vertex -1.4396307012823477 -5.372774921321738 17.119017293312762
  endloop
 endfacet
 facet normal 0.07195069367041734 0.3617205637751378 -0.9295059609397577
  outer loop
   vertex -1.4396307012823477 -5.372774921321738 17.119017293312762
   vertex -0.726026608926846 -5.514719600703983 17.119017293312762
   vertex -1.0003562937745212 -7.598460432628307 16.286886944388353
  endloop
 endfacet
 facet normal 0.07195069367041713 0.36172056377513784 -0.9295059609397577
  outer loop
   vertex -1.4396307012823477 -5.372774921321738 17.119017293312762
   vertex -1.0003562937745212 -7.598460432628307 16.286886944388353
   vertex -1.9835962140113965 -7.402881852391804 16.286886944388353
  endloop
 endfacet
 facet normal 0.09414022262540948 0.47327485900224114 -0.875870153801605
  outer loop
   vertex -1.9835962140113965 -7.402881852391804 16.286886944388353
   vertex -1.0003562937745212 -7.598460432628307 16.286886944388353
   vertex -1.2589097622854886 -9.562369004429838 15.197902659036274
  endloop
 endfacet
 facet normal 0.09414022262540975 0.47327485900224125 -0.8758701538016049
  outer loop
   vertex -1.9835962140113965 -7.402881852391804 16.286886944388353
   vertex -1.2589097622854886 -9.562369004429838 15.197902659036274
   vertex -2.4962792295025436 -9.316240914382387 15.197902659036274
  endloop
 endfacet
 facet normal 0.114832074809175 0.5772998246509142 -0.808417285226537
  outer loop
   vertex -2.4962792295025436 -9.316240914382387 15.197902659036274
   vertex -1.2589097622854886 -9.562369004429838 15.197902659036274
   vertex -1.4976094718089743 -11.375473304749152 13.869238369964206
  endloop
 endfacet
 facet normal 0.11483207480917464 0.577299824650914 -0.808417285226537
  outer loop
   vertex -2.4962792295025436 -9.316240914382387 15.197902659036274
   vertex -1.4976094718089743 -11.375473304749152 13.869238369964206
   vertex -2.969594430339505 -11.082677291900596 13.869238369964206
  endloop
 endfacet
 facet normal 0.1337005578169215 0.6721580944322658 -0.7282359898608618
  outer loop
   vertex -2.969594430339505 -11.082677291900596 13.869238369964206
   vertex -1.4976094718089743 -11.375473304749152 13.869238369964206
   vertex -1.7126909853334986 -13.009179595674208 12.321847906716394
  endloop
 endfacet
 facet normal 0.13370055781692147 0.6721580944322659 -0.7282359898608618
  outer loop
   vertex -2.969594430339505 -11.082677291900596 13.869238369964206
   vertex -1.7126909853334986 -13.009179595674208 12.321847906716394
   vertex -3.3960773530602877 -12.67433322805503 12.321847906716394
  endloop
 endfacet
 facet normal 0.1504504762041857 0.7563656206304447 -0.6366126782732622
  outer loop
   vertex -3.3960773530602877 -12.67433322805503 12.321847906716394
   vertex -1.7126909853334986 -13.009179595674208 12.321847906716394
   vertex -1.9007623389073107 -14.437723353068277 10.580134541264515
  endloop
 endfacet
 facet normal 0.15045047620418578 0.7563656206304447 -0.6366126782732622
  outer loop
   vertex -3.3960773530602877 -12.67433322805503 12.321847906716394
   vertex -1.9007623389073107 -14.437723353068277 10.580134541264515
   vertex -3.7690021072050337 -14.066107357923354 10.580134541264515
  endloop
 endfacet
 facet normal 0.1648214494171064 0.8286133818040433 -0.5350081805984943
  outer loop
   vertex -3.7690021072050337 -14.066107357923354 10.580134541264515
   vertex -1.9007623389073107 -14.437723353068277 10.580134541264515
   vertex -2.058857534936171 -15.638575588506582 8.671566133830876
  endloop
 endfacet
 facet normal 0.16482144941710614 0.8286133818040433 -0.5350081805984943
  outer loop
   vertex -3.7690021072050337 -14.066107357923354 10.580134541264515
   vertex -2.058857534936171 -15.638575588506582 8.671566133830876
   vertex -4.082487446626431 -15.236050572071985 8.671566133830876
  endloop
 endfacet
 facet normal 0.17659148519073015 0.8877853474725176 -0.4250324977825029
  outer loop
   vertex -4.082487446626431 -15.236050572071985 8.671566133830876
   vertex -2.058857534936171 -15.638575588506582 8.671566133830876
   vertex -2.1844833177372123 -16.592798144881904 6.626241948324205
  endloop
 endfacet
 facet normal 0.17659148519072973 0.8877853474725175 -0.4250324977825034
  outer loop
   vertex -4.082487446626431 -15.236050572071985 8.671566133830876
   vertex -2.1844833177372123 -16.592798144881904 6.626241948324205
   vertex -4.33158952025474 -16.165712167123598 6.626241948324205
  endloop
 endfacet
 facet normal 0.18557982792821567 0.9329727978854436 -0.30841836176197607
  outer loop
   vertex -4.33158952025474 -16.165712167123598 6.626241948324205
   vertex -2.1844833177372123 -16.592798144881904 6.626241948324205
   vertex -2.275658493670457 -17.28534236245529 4.476417968967385
  endloop
 endfacet
 facet normal 0.1855798279282168 0.9329727978854437 -0.308418361761975
  outer loop
   vertex -4.33158952025474 -16.165712167123598 6.626241948324205
   vertex -2.275658493670457 -17.28534236245529 4.476417968967385
   vertex -4.5123798395824775 -16.840430824371314 4.476417968967385
  endloop
 endfacet
 facet normal 0.19164912877379522 0.9634852337160129 -0.18699415993940832
  outer loop
   vertex -4.5123798395824775 -16.840430824371314 4.476417968967385
   vertex -2.275658493670457 -17.28534236245529 4.476417968967385
   vertex -2.3309451757460273 -17.70528640520973 2.2559982041574806
  endloop
 endfacet
 facet normal 0.19164912877379506 0.963485233716013 -0.18699415993940863
  outer loop
   vertex -4.5123798395824775 -16.840430824371314 4.476417968967385
   vertex -2.3309451757460273 -17.70528640520973 2.2559982041574806
   vertex -4.622007233274941 -17.249565827532944 2.2559982041574806
  endloop
 endfacet
 facet normal 0.1947069976991559 0.9788581789262242 -0.06265660855980956
  outer loop
   vertex -4.622007233274941 -17.249565827532944 2.2559982041574806
   vertex -2.3309451757460273 -17.70528640520973 2.2559982041574806
   vertex -2.349471459960929 -17.846007504728586 1.102182119232618e-15
  endloop
 endfacet
 facet normal 0.1947069976991554 0.9788581789262241 -0.06265660855981008
  outer loop
   vertex -4.622007233274941 -17.249565827532944 2.2559982041574806
   vertex -2.349471459960929 -17.846007504728586 1.102182119232618e-15
   vertex -4.6587428118453715 -17.38666487320323 1.102182119232618e-15
  endloop
 endfacet
 facet normal 0.19470699769915542 0.9788581789262244 0.0626566085598082
  outer loop
   vertex -4.6587428118453715 -17.38666487320323 1.102182119232618e-15
   vertex -2.349471459960929 -17.846007504728586 1.102182119232618e-15
   vertex -2.3309451757460278 -17.705286405209733 -2.2559982041574704
  endloop
 endfacet
 facet normal 0.19470699769915586 0.9788581789262242 0.0626566085598087
  outer loop
   vertex -4.6587428118453715 -17.38666487320323 1.102182119232618e-15
   vertex -2.3309451757460278 -17.705286405209733 -2.2559982041574704
   vertex -4.622007233274942 -17.249565827532948 -2.2559982041574704
  endloop
 endfacet
 facet normal 0.19164912877379497 0.963485233716013 0.18699415993940888
  outer loop
   vertex -4.622007233274942 -17.249565827532948 -2.2559982041574704
   vertex -2.3309451757460278 -17.705286405209733 -2.2559982041574704
   vertex -2.275658493670457 -17.28534236245529 -4.476417968967388
  endloop
 endfacet
 facet normal 0.19164912877379517 0.9634852337160128 0.18699415993940907
  outer loop
   vertex -4.622007233274942 -17.249565827532948 -2.2559982041574704
   vertex -2.275658493670457 -17.28534236245529 -4.476417968967388
   vertex -4.5123798395824775 -16.840430824371314 -4.476417968967388
  endloop
 endfacet
 facet normal 0.18557982792821678 0.9329727978854436 0.3084183617619752
  outer loop
   vertex -4.5123798395824775 -16.840430824371314 -4.476417968967388
   vertex -2.275658493670457 -17.28534236245529 -4.476417968967388
   vertex -2.1844833177372127 -16.592798144881908 -6.626241948324203
  endloop
 endfacet
 facet normal 0.1855798279282157 0.9329727978854442 0.30841836176197407
  outer loop
   vertex -4.5123798395824775 -16.840430824371314 -4.476417968967388
   vertex -2.1844833177372127 -16.592798144881908 -6.626241948324203
   vertex -4.331589520254741 -16.1657121671236 -6.626241948324203
  endloop
 endfacet
 facet normal 0.17659148519072956 0.887785347472517 0.42503249778250424
  outer loop
   vertex -4.331589520254741 -16.1657121671236 -6.626241948324203
   vertex -2.1844833177372127 -16.592798144881908 -6.626241948324203
   vertex -2.0588575349361715 -15.638575588506583 -8.67156613383087
  endloop
 endfacet
 facet normal 0.17659148519073004 0.8877853474725167 0.42503249778250457
  outer loop
   vertex -4.331589520254741 -16.1657121671236 -6.626241948324203
   vertex -2.0588575349361715 -15.638575588506583 -8.67156613383087
   vertex -4.082487446626431 -15.236050572071987 -8.67156613383087
  endloop
 endfacet
 facet normal 0.16482144941710622 0.8286133818040436 0.5350081805984938
  outer loop
   vertex -4.082487446626431 -15.236050572071987 -8.67156613383087
   vertex -2.0588575349361715 -15.638575588506583 -8.67156613383087
   vertex -1.9007623389073107 -14.437723353068277 -10.580134541264515
  endloop
 endfacet
 facet normal 0.1648214494171064 0.8286133818040435 0.535008180598494
  outer loop
   vertex -4.082487446626431 -15.236050572071987 -8.67156613383087
   vertex -1.9007623389073107 -14.437723353068277 -10.580134541264515
   vertex -3.7690021072050337 -14.066107357923354 -10.580134541264515
  endloop
 endfacet
 facet normal 0.15045047620418575 0.7563656206304445 0.6366126782732622
  outer loop
   vertex -3.7690021072050337 -14.066107357923354 -10.580134541264515
   vertex -1.9007623389073107 -14.437723353068277 -10.580134541264515
   vertex -1.7126909853334984 -13.009179595674206 -12.321847906716396
  endloop
 endfacet
 facet normal 0.15045047620418578 0.7563656206304447 0.6366126782732622
  outer loop
   vertex -3.7690021072050337 -14.066107357923354 -10.580134541264515
   vertex -1.7126909853334984 -13.009179595674206 -12.321847906716396
   vertex -3.3960773530602872 -12.674333228055028 -12.321847906716396
  endloop
 endfacet
 facet normal 0.1337005578169216 0.6721580944322667 0.7282359898608611
  outer loop
   vertex -3.3960773530602872 -12.674333228055028 -12.321847906716396
   vertex -1.7126909853334984 -13.009179595674206 -12.321847906716396
   vertex -1.497609471808975 -11.375473304749157 -13.869238369964204
  endloop
 endfacet
 facet normal 0.13370055781692167 0.6721580944322666 0.7282359898608611
  outer loop
   vertex -3.3960773530602872 -12.674333228055028 -12.321847906716396
   vertex -1.497609471808975 -11.375473304749157 -13.869238369964204
   vertex -2.9695944303395065 -11.082677291900602 -13.869238369964204
  endloop
 endfacet
 facet normal 0.11483207480917441 0.5772998246509135 0.8084172852265373
  outer loop
   vertex -2.9695944303395065 -11.082677291900602 -13.869238369964204
   vertex -1.497609471808975 -11.375473304749157 -13.869238369964204
   vertex -1.2589097622854888 -9.56236900442984 -15.197902659036272
  endloop
 endfacet
 facet normal 0.11483207480917486 0.5772998246509132 0.8084172852265374
  outer loop
   vertex -2.9695944303395065 -11.082677291900602 -13.869238369964204
   vertex -1.2589097622854888 -9.56236900442984 -15.197902659036272
   vertex -2.496279229502544 -9.316240914382389 -15.197902659036272
  endloop
 endfacet
 facet normal 0.0941402226254098 0.4732748590022412 0.8758701538016049
  outer loop
   vertex -2.496279229502544 -9.316240914382389 -15.197902659036272
   vertex -1.2589097622854888 -9.56236900442984 -15.197902659036272
   vertex -1.000356293774522 -7.598460432628312 -16.28688694438835
  endloop
 endfacet
 facet normal 0.09414022262540976 0.47327485900224114 0.8758701538016049
  outer loop
   vertex -2.496279229502544 -9.316240914382389 -15.197902659036272
   vertex -1.000356293774522 -7.598460432628312 -16.28688694438835
   vertex -1.9835962140113979 -7.4028818523918085 -16.28688694438835
  endloop
 endfacet
 facet normal 0.0719506936704178 0.3617205637751399 0.9295059609397569
  outer loop
   vertex -1.9835962140113979 -7.4028818523918085 -16.28688694438835
   vertex -1.000356293774522 -7.598460432628312 -16.28688694438835
   vertex -0.7260266089268472 -5.514719600703993 -17.119017293312762
  endloop
 endfacet
 facet normal 0.07195069367041769 0.36172056377514 0.9295059609397567
  outer loop
   vertex -1.9835962140113979 -7.4028818523918085 -16.28688694438835
   vertex -0.7260266089268472 -5.514719600703993 -17.119017293312762
   vertex -1.4396307012823504 -5.3727749213217475 -17.119017293312762
  endloop
 endfacet
 facet normal 0.04861463387936041 0.24440226879694787 0.9684545153902068
  outer loop
   vertex -1.4396307012823504 -5.3727749213217475 -17.119017293312762
   vertex -0.7260266089268472 -5.514719600703993 -17.119017293312762
   vertex -0.4402470507491205 -3.344008346342749 -17.681170513116395
  endloop
 endfacet
 facet normal 0.048614633879360165 0.24440226879694787 0.9684545153902067
  outer loop
   vertex -1.4396307012823504 -5.3727749213217475 -17.119017293312762
   vertex -0.4402470507491205 -3.344008346342749 -17.681170513116395
   vertex -0.8729613524003806 -3.2579361202022614 -17.681170513116395
  endloop
 endfacet
 facet normal 0.02450293859191293 0.12318459085625874 0.9920812278114817
  outer loop
   vertex -0.8729613524003806 -3.2579361202022614 -17.681170513116395
   vertex -0.4402470507491205 -3.344008346342749 -17.681170513116395
   vertex -0.14752453359024162 -1.120560082745937 -17.96448111170889
  endloop
 endfacet
 facet normal 0.02450293859191332 0.12318459085625864 0.9920812278114817
  outer loop
   vertex -0.8729613524003806 -3.2579361202022614 -17.681170513116395
   vertex -0.14752453359024162 -1.120560082745937 -17.96448111170889
   vertex -0.29252488150922606 -1.0917177202704977 -17.96448111170889
  endloop
 endfacet
 facet normal 0.00821449697085767 0.12532900487747692 -0.9920812278114818
  outer loop
   vertex -0.14752453359024115 -1.1205600827459334 17.96448111170889
   vertex -2.0761976364760706e-16 -1.1302293515276407 17.96448111170889
   vertex -6.195850032440634e-16 -3.372863662543043 17.681170513116395
  endloop
 endfacet
 facet normal 0.008214496970857752 0.1253290048774769 -0.9920812278114818
  outer loop
   vertex -0.14752453359024115 -1.1205600827459334 17.96448111170889
   vertex -6.195850032440634e-16 -3.372863662543043 17.681170513116395
   vertex -0.44024705074912057 -3.3440083463427492 17.681170513116395
  endloop
 endfacet
 facet normal 0.016297831431254167 0.24865685655328068 -0.9684545153902064
  outer loop
   vertex -0.44024705074912057 -3.3440083463427492 17.681170513116395
   vertex -6.195850032440634e-16 -3.372863662543043 17.681170513116395
   vertex -1.0217790172172204e-15 -5.562305898749053 17.119017293312762
  endloop
 endfacet
 facet normal 0.016297831431254038 0.24865685655328063 -0.9684545153902064
  outer loop
   vertex -0.44024705074912057 -3.3440083463427492 17.681170513116395
   vertex -1.0217790172172204e-15 -5.562305898749053 17.119017293312762
   vertex -0.726026608926846 -5.514719600703983 17.119017293312762
  endloop
 endfacet
 facet normal 0.02412113767455731 0.3680174442804891 -0.9295059609397577
  outer loop
   vertex -0.726026608926846 -5.514719600703983 17.119017293312762
   vertex -1.0217790172172204e-15 -5.562305898749053 17.119017293312762
   vertex -1.4078589657076632e-15 -7.6640272481713065 16.286886944388353
  endloop
 endfacet
 facet normal 0.024121137674557255 0.36801744428048905 -0.9295059609397577
  outer loop
   vertex -0.726026608926846 -5.514719600703983 17.119017293312762
   vertex -1.4078589657076632e-15 -7.6640272481713065 16.286886944388353
   vertex -1.0003562937745212 -7.598460432628307 16.286886944388353
  endloop
 endfacet
 facet normal 0.03156007475150458 0.4815136917692292 -0.875870153801605
  outer loop
   vertex -1.0003562937745212 -7.598460432628307 16.286886944388353
   vertex -1.4078589657076632e-15 -7.6640272481713065 16.286886944388353
   vertex -1.7717361372947155e-15 -9.644882309621938 15.197902659036274
  endloop
 endfacet
 facet normal 0.031560074751504824 0.48151369176922926 -0.8758701538016049
  outer loop
   vertex -1.0003562937745212 -7.598460432628307 16.286886944388353
   vertex -1.7717361372947155e-15 -9.644882309621938 15.197902659036274
   vertex -1.2589097622854886 -9.562369004429838 15.197902659036274
  endloop
 endfacet
 facet normal 0.03849692260946223 0.5873495380917203 -0.8084172852265369
  outer loop
   vertex -1.2589097622854886 -9.562369004429838 15.197902659036274
   vertex -1.7717361372947155e-15 -9.644882309621938 15.197902659036274
   vertex -2.1076719716127636e-15 -11.473631815476413 13.869238369964206
  endloop
 endfacet
 facet normal 0.03849692260946253 0.5873495380917204 -0.8084172852265369
  outer loop
   vertex -1.2589097622854886 -9.562369004429838 15.197902659036274
   vertex -2.1076719716127636e-15 -11.473631815476413 13.869238369964206
   vertex -1.4976094718089743 -11.375473304749152 13.869238369964206
  endloop
 endfacet
 facet normal 0.04482249437427011 0.6838591134652222 -0.7282359898608617
  outer loop
   vertex -1.4976094718089743 -11.375473304749152 13.869238369964206
   vertex -2.1076719716127636e-15 -11.473631815476413 13.869238369964206
   vertex -2.410368559876272e-15 -13.121435293585408 12.321847906716394
  endloop
 endfacet
 facet normal 0.04482249437426977 0.683859113465222 -0.7282359898608618
  outer loop
   vertex -1.4976094718089743 -11.375473304749152 13.869238369964206
   vertex -2.410368559876272e-15 -13.121435293585408 12.321847906716394
   vertex -1.7126909853334986 -13.009179595674208 12.321847906716394
  endloop
 endfacet
 facet normal 0.05043782713683514 0.769532535670493 -0.6366126782732623
  outer loop
   vertex -1.7126909853334986 -13.009179595674208 12.321847906716394
   vertex -2.410368559876272e-15 -13.121435293585408 12.321847906716394
   vertex -2.6750521960661474e-15 -14.562305898749054 10.580134541264515
  endloop
 endfacet
 facet normal 0.05043782713683529 0.7695325356704931 -0.6366126782732621
  outer loop
   vertex -1.7126909853334986 -13.009179595674208 12.321847906716394
   vertex -2.6750521960661474e-15 -14.562305898749054 10.580134541264515
   vertex -1.9007623389073107 -14.437723353068277 10.580134541264515
  endloop
 endfacet
 facet normal 0.05525562951931265 0.8430379956437987 -0.5350081805984943
  outer loop
   vertex -1.9007623389073107 -14.437723353068277 10.580134541264515
   vertex -2.6750521960661474e-15 -14.562305898749054 10.580134541264515
   vertex -2.8975486611253355e-15 -15.773520240789544 8.671566133830876
  endloop
 endfacet
 facet normal 0.055255629519312614 0.8430379956437986 -0.5350081805984942
  outer loop
   vertex -1.9007623389073107 -14.437723353068277 10.580134541264515
   vertex -2.8975486611253355e-15 -15.773520240789544 8.671566133830876
   vertex -2.058857534936171 -15.638575588506582 8.671566133830876
  endloop
 endfacet
 facet normal 0.05920147964037661 0.9032400348950196 -0.42503249778250335
  outer loop
   vertex -2.058857534936171 -15.638575588506582 8.671566133830876
   vertex -2.8975486611253355e-15 -15.773520240789544 8.671566133830876
   vertex -3.074349052886907e-15 -16.735976745988523 6.626241948324205
  endloop
 endfacet
 facet normal 0.059201479640377204 0.9032400348950198 -0.4250324977825029
  outer loop
   vertex -2.058857534936171 -15.638575588506582 8.671566133830876
   vertex -3.074349052886907e-15 -16.735976745988523 6.626241948324205
   vertex -2.1844833177372123 -16.592798144881904 6.626241948324205
  endloop
 endfacet
 facet normal 0.06221478002119275 0.9492141145573921 -0.30841836176197507
  outer loop
   vertex -2.1844833177372123 -16.592798144881904 6.626241948324205
   vertex -3.074349052886907e-15 -16.735976745988523 6.626241948324205
   vertex -3.2026651235573483e-15 -17.43449690031536 4.476417968967385
  endloop
 endfacet
 facet normal 0.06221478002119172 0.9492141145573921 -0.308418361761976
  outer loop
   vertex -2.1844833177372123 -16.592798144881904 6.626241948324205
   vertex -3.2026651235573483e-15 -17.43449690031536 4.476417968967385
   vertex -2.275658493670457 -17.28534236245529 4.476417968967385
  endloop
 endfacet
 facet normal 0.06424948509234935 0.9802577149984196 -0.1869941599394088
  outer loop
   vertex -2.275658493670457 -17.28534236245529 4.476417968967385
   vertex -3.2026651235573483e-15 -17.43449690031536 4.476417968967385
   vertex -3.28047325204988e-15 -17.8580646236606 2.2559982041574806
  endloop
 endfacet
 facet normal 0.06424948509234973 0.9802577149984197 -0.18699415993940838
  outer loop
   vertex -2.275658493670457 -17.28534236245529 4.476417968967385
   vertex -3.28047325204988e-15 -17.8580646236606 2.2559982041574806
   vertex -2.3309451757460273 -17.70528640520973 2.2559982041574806
  endloop
 endfacet
 facet normal 0.06527462152365708 0.9958982745184 -0.0626566085598097
  outer loop
   vertex -2.3309451757460273 -17.70528640520973 2.2559982041574806
   vertex -3.28047325204988e-15 -17.8580646236606 2.2559982041574806
   vertex -3.3065463576978533e-15 -18.0 1.102182119232618e-15
  endloop
 endfacet
 facet normal 0.06527462152365725 0.9958982745183999 -0.06265660855980955
  outer loop
   vertex -2.3309451757460273 -17.70528640520973 2.2559982041574806
   vertex -3.3065463576978533e-15 -18.0 1.102182119232618e-15
   vertex -2.349471459960929 -17.846007504728586 1.102182119232618e-15
  endloop
 endfacet
 facet normal 0.06527462152365723 0.9958982745183999 0.06265660855980835
  outer loop
   vertex -2.349471459960929 -17.846007504728586 1.102182119232618e-15
   vertex -3.3065463576978533e-15 -18.0 1.102182119232618e-15
   vertex -3.2804732520498807e-15 -17.858064623660603 -2.2559982041574704
  endloop
 endfacet
 facet normal 0.06527462152365707 0.9958982745183999 0.06265660855980819
  outer loop
   vertex -2.349471459960929 -17.846007504728586 1.102182119232618e-15
   vertex -3.2804732520498807e-15 -17.858064623660603 -2.2559982041574704
   vertex -2.3309451757460278 -17.705286405209733 -2.2559982041574704
  endloop
 endfacet
 facet normal 0.0642494850923497 0.9802577149984195 0.18699415993940924
  outer loop
   vertex -2.3309451757460278 -17.705286405209733 -2.2559982041574704
   vertex -3.2804732520498807e-15 -17.858064623660603 -2.2559982041574704
   vertex -3.2026651235573483e-15 -17.43449690031536 -4.476417968967388
  endloop
 endfacet
 facet normal 0.06424948509234935 0.9802577149984196 0.18699415993940885
  outer loop
   vertex -2.3309451757460278 -17.705286405209733 -2.2559982041574704
   vertex -3.2026651235573483e-15 -17.43449690031536 -4.476417968967388
   vertex -2.275658493670457 -17.28534236245529 -4.476417968967388
  endloop
 endfacet
 facet normal 0.06221478002119176 0.9492141145573925 0.3084183617619742
  outer loop
   vertex -2.275658493670457 -17.28534236245529 -4.476417968967388
   vertex -3.2026651235573483e-15 -17.43449690031536 -4.476417968967388
   vertex -3.0743490528869076e-15 -16.735976745988527 -6.626241948324203
  endloop
 endfacet
 facet normal 0.06221478002119271 0.9492141145573921 0.3084183617619752
  outer loop
   vertex -2.275658493670457 -17.28534236245529 -4.476417968967388
   vertex -3.0743490528869076e-15 -16.735976745988527 -6.626241948324203
   vertex -2.1844833177372127 -16.592798144881908 -6.626241948324203
  endloop
 endfacet
 facet normal 0.059201479640377135 0.903240034895019 0.4250324977825046
  outer loop
   vertex -2.1844833177372127 -16.592798144881908 -6.626241948324203
   vertex -3.0743490528869076e-15 -16.735976745988527 -6.626241948324203
   vertex -2.8975486611253355e-15 -15.773520240789546 -8.67156613383087
  endloop
 endfacet
 facet normal 0.059201479640376566 0.9032400348950194 0.42503249778250424
  outer loop
   vertex -2.1844833177372127 -16.592798144881908 -6.626241948324203
   vertex -2.8975486611253355e-15 -15.773520240789546 -8.67156613383087
   vertex -2.0588575349361715 -15.638575588506583 -8.67156613383087
  endloop
 endfacet
 facet normal 0.055255629519312684 0.843037995643799 0.5350081805984938
  outer loop
   vertex -2.0588575349361715 -15.638575588506583 -8.67156613383087
   vertex -2.8975486611253355e-15 -15.773520240789546 -8.67156613383087
   vertex -2.6750521960661474e-15 -14.562305898749054 -10.580134541264515
  endloop
 endfacet
 facet normal 0.05525562951931272 0.843037995643799 0.5350081805984938
  outer loop
   vertex -2.0588575349361715 -15.638575588506583 -8.67156613383087
   vertex -2.6750521960661474e-15 -14.562305898749054 -10.580134541264515
   vertex -1.9007623389073107 -14.437723353068277 -10.580134541264515
  endloop
 endfacet
 facet normal 0.05043782713683526 0.7695325356704928 0.6366126782732623
  outer loop
   vertex -1.9007623389073107 -14.437723353068277 -10.580134541264515
   vertex -2.6750521960661474e-15 -14.562305898749054 -10.580134541264515
   vertex -2.4103685598762715e-15 -13.121435293585407 -12.321847906716396
  endloop
 endfacet
 facet normal 0.05043782713683514 0.7695325356704931 0.6366126782732622
  outer loop
   vertex -1.9007623389073107 -14.437723353068277 -10.580134541264515
   vertex -2.4103685598762715e-15 -13.121435293585407 -12.321847906716396
   vertex -1.7126909853334984 -13.009179595674206 -12.321847906716396
  endloop
 endfacet
 facet normal 0.0448224943742698 0.683859113465223 0.728235989860861
  outer loop
   vertex -1.7126909853334984 -13.009179595674206 -12.321847906716396
   vertex -2.4103685598762715e-15 -13.121435293585407 -12.321847906716396
   vertex -2.1076719716127644e-15 -11.473631815476418 -13.869238369964204
  endloop
 endfacet
 facet normal 0.04482249437427011 0.6838591134652228 0.7282359898608611
  outer loop
   vertex -1.7126909853334984 -13.009179595674206 -12.321847906716396
   vertex -2.1076719716127644e-15 -11.473631815476418 -13.869238369964204
   vertex -1.497609471808975 -11.375473304749157 -13.869238369964204
  endloop
 endfacet
 facet normal 0.03849692260946241 0.5873495380917195 0.8084172852265376
  outer loop
   vertex -1.497609471808975 -11.375473304749157 -13.869238369964204
   vertex -2.1076719716127644e-15 -11.473631815476418 -13.869238369964204
   vertex -1.7717361372947159e-15 -9.64488230962194 -15.197902659036272
  endloop
 endfacet
 facet normal 0.03849692260946216 0.5873495380917196 0.8084172852265373
  outer loop
   vertex -1.497609471808975 -11.375473304749157 -13.869238369964204
   vertex -1.7717361372947159e-15 -9.64488230962194 -15.197902659036272
   vertex -1.2589097622854888 -9.56236900442984 -15.197902659036272
  endloop
 endfacet
 facet normal 0.031560074751504734 0.4815136917692294 0.8758701538016049
  outer loop
   vertex -1.2589097622854888 -9.56236900442984 -15.197902659036272
   vertex -1.7717361372947159e-15 -9.64488230962194 -15.197902659036272
   vertex -1.4078589657076642e-15 -7.664027248171312 -16.28688694438835
  endloop
 endfacet
 facet normal 0.03156007475150451 0.4815136917692295 0.8758701538016049
  outer loop
   vertex -1.2589097622854888 -9.56236900442984 -15.197902659036272
   vertex -1.4078589657076642e-15 -7.664027248171312 -16.28688694438835
   vertex -1.000356293774522 -7.598460432628312 -16.28688694438835
  endloop
 endfacet
 facet normal 0.024121137674557366 0.36801744428049105 0.9295059609397569
  outer loop
   vertex -1.000356293774522 -7.598460432628312 -16.28688694438835
   vertex -1.4078589657076642e-15 -7.664027248171312 -16.28688694438835
   vertex -1.0217790172172221e-15 -5.562305898749063 -17.119017293312762
  endloop
 endfacet
 facet normal 0.02412113767455742 0.3680174442804911 0.9295059609397567
  outer loop
   vertex -1.000356293774522 -7.598460432628312 -16.28688694438835
   vertex -1.0217790172172221e-15 -5.562305898749063 -17.119017293312762
   vertex -0.7260266089268472 -5.514719600703993 -17.119017293312762
  endloop
 endfacet
 facet normal 0.016297831431253927 0.2486568565532796 0.9684545153902068
  outer loop
   vertex -0.7260266089268472 -5.514719600703993 -17.119017293312762
   vertex -1.0217790172172221e-15 -5.562305898749063 -17.119017293312762
   vertex -6.195850032440633e-16 -3.3728636625430424 -17.681170513116395
  endloop
 endfacet
 facet normal 0.016297831431254038 0.24865685655327954 0.9684545153902068
  outer loop
   vertex -0.7260266089268472 -5.514719600703993 -17.119017293312762
   vertex -6.195850032440633e-16 -3.3728636625430424 -17.681170513116395
   vertex -0.4402470507491205 -3.344008346342749 -17.681170513116395
  endloop
 endfacet
 facet normal 0.008214496970857828 0.1253290048774771 0.9920812278114817
  outer loop
   vertex -0.4402470507491205 -3.344008346342749 -17.681170513116395
   vertex -6.195850032440633e-16 -3.3728636625430424 -17.681170513116395
   vertex -2.0761976364760776e-16 -1.1302293515276445 -17.96448111170889
  endloop
 endfacet
 facet normal 0.008214496970857575 0.12532900487747717 0.9920812278114818
  outer loop
   vertex -0.4402470507491205 -3.344008346342749 -17.681170513116395
   vertex -2.0761976364760776e-16 -1.1302293515276445 -17.96448111170889
   vertex -0.14752453359024162 -1.120560082745937 -17.96448111170889
  endloop
 endfacet
 facet normal -0.00821449697085767 0.12532900487747692 -0.9920812278114818
  outer loop
   vertex -2.0761976364760706e-16 -1.1302293515276407 17.96448111170889
   vertex 0.14752453359024073 -1.1205600827459334 17.96448111170889
   vertex 0.44024705074911935 -3.3440083463427497 17.681170513116395
  endloop
 endfacet
 facet normal -0.008214496970857752 0.12532900487747692 -0.9920812278114818
  outer loop
   vertex -2.0761976364760706e-16 -1.1302293515276407 17.96448111170889
   vertex 0.44024705074911935 -3.3440083463427497 17.681170513116395
   vertex -6.195850032440634e-16 -3.372863662543043 17.681170513116395
  endloop
 endfacet
 facet normal -0.016297831431253913 0.24865685655328063 -0.9684545153902064
  outer loop
   vertex -6.195850032440634e-16 -3.372863662543043 17.681170513116395
   vertex 0.44024705074911935 -3.3440083463427497 17.681170513116395
   vertex 0.7260266089268439 -5.514719600703984 17.119017293312762
  endloop
 endfacet
 facet normal -0.016297831431253768 0.24865685655328065 -0.9684545153902064
  outer loop
   vertex -6.195850032440634e-16 -3.372863662543043 17.681170513116395
   vertex 0.7260266089268439 -5.514719600703984 17.119017293312762
   vertex -1.0217790172172204e-15 -5.562305898749053 17.119017293312762
  endloop
 endfacet
 facet normal -0.024121137674556863 0.36801744428048905 -0.9295059609397576
  outer loop
   vertex -1.0217790172172204e-15 -5.562305898749053 17.119017293312762
   vertex 0.7260266089268439 -5.514719600703984 17.119017293312762
   vertex 1.0003562937745185 -7.598460432628308 16.286886944388353
  endloop
 endfacet
 facet normal -0.02412113767455695 0.36801744428048905 -0.9295059609397576
  outer loop
   vertex -1.0217790172172204e-15 -5.562305898749053 17.119017293312762
   vertex 1.0003562937745185 -7.598460432628308 16.286886944388353
   vertex -1.4078589657076632e-15 -7.6640272481713065 16.286886944388353
  endloop
 endfacet
 facet normal -0.031560074751504144 0.4815136917692291 -0.8758701538016049
  outer loop
   vertex -1.4078589657076632e-15 -7.6640272481713065 16.286886944388353
   vertex 1.0003562937745185 -7.598460432628308 16.286886944388353
   vertex 1.258909762285485 -9.56236900442984 15.197902659036274
  endloop
 endfacet
 facet normal -0.03156007475150404 0.4815136917692292 -0.875870153801605
  outer loop
   vertex -1.4078589657076632e-15 -7.6640272481713065 16.286886944388353
   vertex 1.258909762285485 -9.56236900442984 15.197902659036274
   vertex -1.7717361372947155e-15 -9.644882309621938 15.197902659036274
  endloop
 endfacet
 facet normal -0.038496922609461415 0.5873495380917205 -0.8084172852265368
  outer loop
   vertex -1.7717361372947155e-15 -9.644882309621938 15.197902659036274
   vertex 1.258909762285485 -9.56236900442984 15.197902659036274
   vertex 1.49760947180897 -11.375473304749153 13.869238369964206
  endloop
 endfacet
 facet normal -0.03849692260946187 0.5873495380917203 -0.808417285226537
  outer loop
   vertex -1.7717361372947155e-15 -9.644882309621938 15.197902659036274
   vertex 1.49760947180897 -11.375473304749153 13.869238369964206
   vertex -2.1076719716127636e-15 -11.473631815476413 13.869238369964206
  endloop
 endfacet
 facet normal -0.044822494374269294 0.6838591134652221 -0.7282359898608617
  outer loop
   vertex -2.1076719716127636e-15 -11.473631815476413 13.869238369964206
   vertex 1.49760947180897 -11.375473304749153 13.869238369964206
   vertex 1.712690985333494 -13.00917959567421 12.321847906716394
  endloop
 endfacet
 facet normal -0.04482249437426909 0.6838591134652222 -0.7282359898608617
  outer loop
   vertex -2.1076719716127636e-15 -11.473631815476413 13.869238369964206
   vertex 1.712690985333494 -13.00917959567421 12.321847906716394
   vertex -2.410368559876272e-15 -13.121435293585408 12.321847906716394
  endloop
 endfacet
 facet normal -0.05043782713683435 0.7695325356704932 -0.6366126782732622
  outer loop
   vertex -2.410368559876272e-15 -13.121435293585408 12.321847906716394
   vertex 1.712690985333494 -13.00917959567421 12.321847906716394
   vertex 1.9007623389073054 -14.437723353068279 10.580134541264515
  endloop
 endfacet
 facet normal -0.05043782713683457 0.7695325356704931 -0.6366126782732623
  outer loop
   vertex -2.410368559876272e-15 -13.121435293585408 12.321847906716394
   vertex 1.9007623389073054 -14.437723353068279 10.580134541264515
   vertex -2.6750521960661474e-15 -14.562305898749054 10.580134541264515
  endloop
 endfacet
 facet normal -0.05525562951931186 0.8430379956437987 -0.5350081805984942
  outer loop
   vertex -2.6750521960661474e-15 -14.562305898749054 10.580134541264515
   vertex 1.9007623389073054 -14.437723353068279 10.580134541264515
   vertex 2.0588575349361653 -15.638575588506583 8.671566133830876
  endloop
 endfacet
 facet normal -0.05525562951931195 0.8430379956437984 -0.5350081805984942
  outer loop
   vertex -2.6750521960661474e-15 -14.562305898749054 10.580134541264515
   vertex 2.0588575349361653 -15.638575588506583 8.671566133830876
   vertex -2.8975486611253355e-15 -15.773520240789544 8.671566133830876
  endloop
 endfacet
 facet normal -0.05920147964037582 0.9032400348950197 -0.4250324977825035
  outer loop
   vertex -2.8975486611253355e-15 -15.773520240789544 8.671566133830876
   vertex 2.0588575349361653 -15.638575588506583 8.671566133830876
   vertex 2.184483317737206 -16.592798144881908 6.626241948324205
  endloop
 endfacet
 facet normal -0.05920147964037577 0.9032400348950198 -0.4250324977825035
  outer loop
   vertex -2.8975486611253355e-15 -15.773520240789544 8.671566133830876
   vertex 2.184483317737206 -16.592798144881908 6.626241948324205
   vertex -3.074349052886907e-15 -16.735976745988523 6.626241948324205
  endloop
 endfacet
 facet normal -0.06221478002119122 0.9492141145573924 -0.30841836176197457
  outer loop
   vertex -3.074349052886907e-15 -16.735976745988523 6.626241948324205
   vertex 2.184483317737206 -16.592798144881908 6.626241948324205
   vertex 2.2756584936704507 -17.28534236245529 4.476417968967385
  endloop
 endfacet
 facet normal -0.062214780021191726 0.9492141145573922 -0.30841836176197507
  outer loop
   vertex -3.074349052886907e-15 -16.735976745988523 6.626241948324205
   vertex 2.2756584936704507 -17.28534236245529 4.476417968967385
   vertex -3.2026651235573483e-15 -17.43449690031536 4.476417968967385
  endloop
 endfacet
 facet normal -0.06424948509234932 0.9802577149984193 -0.18699415993940985
  outer loop
   vertex -3.2026651235573483e-15 -17.43449690031536 4.476417968967385
   vertex 2.2756584936704507 -17.28534236245529 4.476417968967385
   vertex 2.330945175746021 -17.705286405209733 2.2559982041574806
  endloop
 endfacet
 facet normal -0.06424948509234822 0.9802577149984197 -0.1869941599394088
  outer loop
   vertex -3.2026651235573483e-15 -17.43449690031536 4.476417968967385
   vertex 2.330945175746021 -17.705286405209733 2.2559982041574806
   vertex -3.28047325204988e-15 -17.8580646236606 2.2559982041574806
  endloop
 endfacet
 facet normal -0.06527462152365557 0.9958982745184 -0.06265660855980953
  outer loop
   vertex -3.28047325204988e-15 -17.8580646236606 2.2559982041574806
   vertex 2.330945175746021 -17.705286405209733 2.2559982041574806
   vertex 2.349471459960923 -17.84600750472859 1.102182119232618e-15
  endloop
 endfacet
 facet normal -0.06527462152365573 0.9958982745183999 -0.0626566085598097
  outer loop
   vertex -3.28047325204988e-15 -17.8580646236606 2.2559982041574806
   vertex 2.349471459960923 -17.84600750472859 1.102182119232618e-15
   vertex -3.3065463576978533e-15 -18.0 1.102182119232618e-15
  endloop
 endfacet
 facet normal -0.06527462152365573 0.9958982745184001 0.06265660855980819
  outer loop
   vertex -3.3065463576978533e-15 -18.0 1.102182119232618e-15
   vertex 2.349471459960923 -17.84600750472859 1.102182119232618e-15
   vertex 2.3309451757460216 -17.705286405209737 -2.2559982041574704
  endloop
 endfacet
 facet normal -0.06527462152365555 0.9958982745183999 0.06265660855980835
  outer loop
   vertex -3.3065463576978533e-15 -18.0 1.102182119232618e-15
   vertex 2.3309451757460216 -17.705286405209737 -2.2559982041574704
   vertex -3.2804732520498807e-15 -17.858064623660603 -2.2559982041574704
  endloop
 endfacet
 facet normal -0.0642494850923482 0.9802577149984193 0.18699415993941035
  outer loop
   vertex -3.2804732520498807e-15 -17.858064623660603 -2.2559982041574704
   vertex 2.3309451757460216 -17.705286405209737 -2.2559982041574704
   vertex 2.2756584936704507 -17.28534236245529 -4.476417968967388
  endloop
 endfacet
 facet normal -0.06424948509234935 0.9802577149984196 0.18699415993940924
  outer loop
   vertex -3.2804732520498807e-15 -17.858064623660603 -2.2559982041574704
   vertex 2.2756584936704507 -17.28534236245529 -4.476417968967388
   vertex -3.2026651235573483e-15 -17.43449690031536 -4.476417968967388
  endloop
 endfacet
 facet normal -0.06221478002119178 0.9492141145573928 0.3084183617619738
  outer loop
   vertex -3.2026651235573483e-15 -17.43449690031536 -4.476417968967388
   vertex 2.2756584936704507 -17.28534236245529 -4.476417968967388
   vertex 2.1844833177372065 -16.59279814488191 -6.626241948324203
  endloop
 endfacet
 facet normal -0.062214780021191206 0.9492141145573925 0.30841836176197424
  outer loop
   vertex -3.2026651235573483e-15 -17.43449690031536 -4.476417968967388
   vertex 2.1844833177372065 -16.59279814488191 -6.626241948324203
   vertex -3.0743490528869076e-15 -16.735976745988527 -6.626241948324203
  endloop
 endfacet
 facet normal -0.059201479640375664 0.903240034895019 0.42503249778250474
  outer loop
   vertex -3.0743490528869076e-15 -16.735976745988527 -6.626241948324203
   vertex 2.1844833177372065 -16.59279814488191 -6.626241948324203
   vertex 2.0588575349361657 -15.638575588506585 -8.67156613383087
  endloop
 endfacet
 facet normal -0.059201479640375775 0.9032400348950191 0.4250324977825046
  outer loop
   vertex -3.0743490528869076e-15 -16.735976745988527 -6.626241948324203
   vertex 2.0588575349361657 -15.638575588506585 -8.67156613383087
   vertex -2.8975486611253355e-15 -15.773520240789546 -8.67156613383087
  endloop
 endfacet
 facet normal -0.05525562951931195 0.8430379956437991 0.5350081805984938
  outer loop
   vertex -2.8975486611253355e-15 -15.773520240789546 -8.67156613383087
   vertex 2.0588575349361657 -15.638575588506585 -8.67156613383087
   vertex 1.9007623389073054 -14.437723353068279 -10.580134541264515
  endloop
 endfacet
 facet normal -0.05525562951931189 0.843037995643799 0.5350081805984938
  outer loop
   vertex -2.8975486611253355e-15 -15.773520240789546 -8.67156613383087
   vertex 1.9007623389073054 -14.437723353068279 -10.580134541264515
   vertex -2.6750521960661474e-15 -14.562305898749054 -10.580134541264515
  endloop
 endfacet
 facet normal -0.050437827136834555 0.7695325356704931 0.6366126782732622
  outer loop
   vertex -2.6750521960661474e-15 -14.562305898749054 -10.580134541264515
   vertex 1.9007623389073054 -14.437723353068279 -10.580134541264515
   vertex 1.7126909853334937 -13.009179595674208 -12.321847906716396
  endloop
 endfacet
 facet normal -0.050437827136834326 0.769532535670493 0.6366126782732623
  outer loop
   vertex -2.6750521960661474e-15 -14.562305898749054 -10.580134541264515
   vertex 1.7126909853334937 -13.009179595674208 -12.321847906716396
   vertex -2.4103685598762715e-15 -13.121435293585407 -12.321847906716396
  endloop
 endfacet
 facet normal -0.04482249437426908 0.6838591134652229 0.7282359898608611
  outer loop
   vertex -2.4103685598762715e-15 -13.121435293585407 -12.321847906716396
   vertex 1.7126909853334937 -13.009179595674208 -12.321847906716396
   vertex 1.4976094718089707 -11.375473304749159 -13.869238369964204
  endloop
 endfacet
 facet normal -0.04482249437426934 0.683859113465223 0.7282359898608609
  outer loop
   vertex -2.4103685598762715e-15 -13.121435293585407 -12.321847906716396
   vertex 1.4976094718089707 -11.375473304749159 -13.869238369964204
   vertex -2.1076719716127644e-15 -11.473631815476418 -13.869238369964204
  endloop
 endfacet
 facet normal -0.03849692260946173 0.5873495380917196 0.8084172852265373
  outer loop
   vertex -2.1076719716127644e-15 -11.473631815476418 -13.869238369964204
   vertex 1.4976094718089707 -11.375473304749159 -13.869238369964204
   vertex 1.2589097622854852 -9.562369004429842 -15.197902659036272
  endloop
 endfacet
 facet normal -0.03849692260946137 0.5873495380917194 0.8084172852265374
  outer loop
   vertex -2.1076719716127644e-15 -11.473631815476418 -13.869238369964204
   vertex 1.2589097622854852 -9.562369004429842 -15.197902659036272
   vertex -1.7717361372947159e-15 -9.64488230962194 -15.197902659036272
  endloop
 endfacet
 facet normal -0.031560074751504054 0.4815136917692293 0.8758701538016049
  outer loop
   vertex -1.7717361372947159e-15 -9.64488230962194 -15.197902659036272
   vertex 1.2589097622854852 -9.562369004429842 -15.197902659036272
   vertex 1.0003562937745192 -7.598460432628313 -16.28688694438835
  endloop
 endfacet
 facet normal -0.031560074751504116 0.4815136917692293 0.875870153801605
  outer loop
   vertex -1.7717361372947159e-15 -9.64488230962194 -15.197902659036272
   vertex 1.0003562937745192 -7.598460432628313 -16.28688694438835
   vertex -1.4078589657076642e-15 -7.664027248171312 -16.28688694438835
  endloop
 endfacet
 facet normal -0.02412113767455705 0.36801744428049116 0.9295059609397569
  outer loop
   vertex -1.4078589657076642e-15 -7.664027248171312 -16.28688694438835
   vertex 1.0003562937745192 -7.598460432628313 -16.28688694438835
   vertex 0.7260266089268452 -5.514719600703994 -17.119017293312762
  endloop
 endfacet
 facet normal -0.024121137674556876 0.3680174442804911 0.9295059609397568
  outer loop
   vertex -1.4078589657076642e-15 -7.664027248171312 -16.28688694438835
   vertex 0.7260266089268452 -5.514719600703994 -17.119017293312762
   vertex -1.0217790172172221e-15 -5.562305898749063 -17.119017293312762
  endloop
 endfacet
 facet normal -0.01629783143125362 0.24865685655327954 0.9684545153902068
  outer loop
   vertex -1.0217790172172221e-15 -5.562305898749063 -17.119017293312762
   vertex 0.7260266089268452 -5.514719600703994 -17.119017293312762
   vertex 0.4402470507491193 -3.3440083463427492 -17.681170513116395
  endloop
 endfacet
 facet normal -0.01629783143125382 0.2486568565532796 0.9684545153902067
  outer loop
   vertex -1.0217790172172221e-15 -5.562305898749063 -17.119017293312762
   vertex 0.4402470507491193 -3.3440083463427492 -17.681170513116395
   vertex -6.195850032440633e-16 -3.3728636625430424 -17.681170513116395
  endloop
 endfacet
 facet normal -0.008214496970857705 0.12532900487747714 0.9920812278114817
  outer loop
   vertex -6.195850032440633e-16 -3.3728636625430424 -17.681170513116395
   vertex 0.4402470507491193 -3.3440083463427492 -17.681170513116395
   vertex 0.14752453359024123 -1.1205600827459372 -17.96448111170889
  endloop
 endfacet
 facet normal -0.008214496970857237 0.12532900487747708 0.9920812278114817
  outer loop
   vertex -6.195850032440633e-16 -3.3728636625430424 -17.681170513116395
   vertex 0.14752453359024123 -1.1205600827459372 -17.96448111170889
   vertex -2.0761976364760776e-16 -1.1302293515276445 -17.96448111170889
  endloop
 endfacet
 facet normal -0.024502938591912833 0.12318459085625852 -0.9920812278114818
  outer loop
   vertex 0.14752453359024073 -1.1205600827459334 17.96448111170889
   vertex 0.29252488150922473 -1.0917177202704944 17.96448111170889
   vertex 0.8729613524003796 -3.2579361202022623 17.681170513116395
  endloop
 endfacet
 facet normal -0.024502938591912875 0.12318459085625852 -0.9920812278114818
  outer loop
   vertex 0.14752453359024073 -1.1205600827459334 17.96448111170889
   vertex 0.8729613524003796 -3.2579361202022623 17.681170513116395
   vertex 0.44024705074911935 -3.3440083463427497 17.681170513116395
  endloop
 endfacet
 facet normal -0.0486146338793605 0.24440226879694898 -0.9684545153902064
  outer loop
   vertex 0.44024705074911935 -3.3440083463427497 17.681170513116395
   vertex 0.8729613524003796 -3.2579361202022623 17.681170513116395
   vertex 1.439630701282346 -5.372774921321739 17.119017293312762
  endloop
 endfacet
 facet normal -0.04861463387936064 0.2444022687969489 -0.9684545153902064
  outer loop
   vertex 0.44024705074911935 -3.3440083463427497 17.681170513116395
   vertex 1.439630701282346 -5.372774921321739 17.119017293312762
   vertex 0.7260266089268439 -5.514719600703984 17.119017293312762
  endloop
 endfacet
 facet normal -0.0719506936704173 0.3617205637751377 -0.9295059609397577
  outer loop
   vertex 0.7260266089268439 -5.514719600703984 17.119017293312762
   vertex 1.439630701282346 -5.372774921321739 17.119017293312762
   vertex 1.9835962140113939 -7.402881852391805 16.286886944388353
  endloop
 endfacet
 facet normal -0.07195069367041715 0.36172056377513795 -0.9295059609397577
  outer loop
   vertex 0.7260266089268439 -5.514719600703984 17.119017293312762
   vertex 1.9835962140113939 -7.402881852391805 16.286886944388353
   vertex 1.0003562937745185 -7.598460432628308 16.286886944388353
  endloop
 endfacet
 facet normal -0.09414022262540948 0.47327485900224114 -0.875870153801605
  outer loop
   vertex 1.0003562937745185 -7.598460432628308 16.286886944388353
   vertex 1.9835962140113939 -7.402881852391805 16.286886944388353
   vertex 2.4962792295025404 -9.316240914382389 15.197902659036274
  endloop
 endfacet
 facet normal -0.09414022262540983 0.47327485900224103 -0.875870153801605
  outer loop
   vertex 1.0003562937745185 -7.598460432628308 16.286886944388353
   vertex 2.4962792295025404 -9.316240914382389 15.197902659036274
   vertex 1.258909762285485 -9.56236900442984 15.197902659036274
  endloop
 endfacet
 facet normal -0.11483207480917491 0.5772998246509141 -0.8084172852265371
  outer loop
   vertex 1.258909762285485 -9.56236900442984 15.197902659036274
   vertex 2.4962792295025404 -9.316240914382389 15.197902659036274
   vertex 2.9695944303395017 -11.082677291900598 13.869238369964206
  endloop
 endfacet
 facet normal -0.1148320748091745 0.5772998246509142 -0.8084172852265369
  outer loop
   vertex 1.258909762285485 -9.56236900442984 15.197902659036274
   vertex 2.9695944303395017 -11.082677291900598 13.869238369964206
   vertex 1.49760947180897 -11.375473304749153 13.869238369964206
  endloop
 endfacet
 facet normal -0.13370055781692147 0.6721580944322659 -0.7282359898608618
  outer loop
   vertex 1.49760947180897 -11.375473304749153 13.869238369964206
   vertex 2.9695944303395017 -11.082677291900598 13.869238369964206
   vertex 3.3960773530602832 -12.674333228055032 12.321847906716394
  endloop
 endfacet
 facet normal -0.13370055781692147 0.6721580944322659 -0.7282359898608618
  outer loop
   vertex 1.49760947180897 -11.375473304749153 13.869238369964206
   vertex 3.3960773530602832 -12.674333228055032 12.321847906716394
   vertex 1.712690985333494 -13.00917959567421 12.321847906716394
  endloop
 endfacet
 facet normal -0.1504504762041857 0.7563656206304448 -0.6366126782732622
  outer loop
   vertex 1.712690985333494 -13.00917959567421 12.321847906716394
   vertex 3.3960773530602832 -12.674333228055032 12.321847906716394
   vertex 3.769002107205029 -14.066107357923356 10.580134541264515
  endloop
 endfacet
 facet normal -0.15045047620418567 0.7563656206304447 -0.6366126782732621
  outer loop
   vertex 1.712690985333494 -13.00917959567421 12.321847906716394
   vertex 3.769002107205029 -14.066107357923356 10.580134541264515
   vertex 1.9007623389073054 -14.437723353068279 10.580134541264515
  endloop
 endfacet
 facet normal -0.16482144941710633 0.8286133818040431 -0.5350081805984944
  outer loop
   vertex 1.9007623389073054 -14.437723353068279 10.580134541264515
   vertex 3.769002107205029 -14.066107357923356 10.580134541264515
   vertex 4.082487446626426 -15.236050572071987 8.671566133830876
  endloop
 endfacet
 facet normal -0.1648214494171061 0.8286133818040433 -0.5350081805984942
  outer loop
   vertex 1.9007623389073054 -14.437723353068279 10.580134541264515
   vertex 4.082487446626426 -15.236050572071987 8.671566133830876
   vertex 2.0588575349361653 -15.638575588506583 8.671566133830876
  endloop
 endfacet
 facet normal -0.17659148519073015 0.8877853474725178 -0.42503249778250274
  outer loop
   vertex 2.0588575349361653 -15.638575588506583 8.671566133830876
   vertex 4.082487446626426 -15.236050572071987 8.671566133830876
   vertex 4.3315895202547345 -16.165712167123598 6.626241948324205
  endloop
 endfacet
 facet normal -0.176591485190731 0.887785347472517 -0.42503249778250346
  outer loop
   vertex 2.0588575349361653 -15.638575588506583 8.671566133830876
   vertex 4.3315895202547345 -16.165712167123598 6.626241948324205
   vertex 2.184483317737206 -16.592798144881908 6.626241948324205
  endloop
 endfacet
 facet normal -0.18557982792821703 0.9329727978854432 -0.30841836176197623
  outer loop
   vertex 2.184483317737206 -16.592798144881908 6.626241948324205
   vertex 4.3315895202547345 -16.165712167123598 6.626241948324205
   vertex 4.512379839582471 -16.840430824371317 4.476417968967385
  endloop
 endfacet
 facet normal -0.1855798279282154 0.9329727978854441 -0.3084183617619746
  outer loop
   vertex 2.184483317737206 -16.592798144881908 6.626241948324205
   vertex 4.512379839582471 -16.840430824371317 4.476417968967385
   vertex 2.2756584936704507 -17.28534236245529 4.476417968967385
  endloop
 endfacet
 facet normal -0.19164912877379375 0.9634852337160132 -0.18699415993940857
  outer loop
   vertex 2.2756584936704507 -17.28534236245529 4.476417968967385
   vertex 4.512379839582471 -16.840430824371317 4.476417968967385
   vertex 4.6220072332749345 -17.249565827532948 2.2559982041574806
  endloop
 endfacet
 facet normal -0.19164912877379503 0.9634852337160128 -0.18699415993940988
  outer loop
   vertex 2.2756584936704507 -17.28534236245529 4.476417968967385
   vertex 4.6220072332749345 -17.249565827532948 2.2559982041574806
   vertex 2.330945175746021 -17.705286405209733 2.2559982041574806
  endloop
 endfacet
 facet normal -0.1947069976991559 0.9788581789262242 -0.06265660855980855
  outer loop
   vertex 2.330945175746021 -17.705286405209733 2.2559982041574806
   vertex 4.6220072332749345 -17.249565827532948 2.2559982041574806
   vertex 4.658742811845365 -17.38666487320323 1.102182119232618e-15
  endloop
 endfacet
 facet normal -0.19470699769915678 0.978858178926224 -0.06265660855980953
  outer loop
   vertex 2.330945175746021 -17.705286405209733 2.2559982041574806
   vertex 4.658742811845365 -17.38666487320323 1.102182119232618e-15
   vertex 2.349471459960923 -17.84600750472859 1.102182119232618e-15
  endloop
 endfacet
 facet normal -0.19470699769915686 0.9788581789262241 0.06265660855980718
  outer loop
   vertex 2.349471459960923 -17.84600750472859 1.102182119232618e-15
   vertex 4.658742811845365 -17.38666487320323 1.102182119232618e-15
   vertex 4.622007233274935 -17.24956582753295 -2.2559982041574704
  endloop
 endfacet
 facet normal -0.19470699769915586 0.9788581789262242 0.0626566085598082
  outer loop
   vertex 2.349471459960923 -17.84600750472859 1.102182119232618e-15
   vertex 4.622007233274935 -17.24956582753295 -2.2559982041574704
   vertex 2.3309451757460216 -17.705286405209737 -2.2559982041574704
  endloop
 endfacet
 facet normal -0.19164912877379497 0.963485233716013 0.18699415993940913
  outer loop
   vertex 2.3309451757460216 -17.705286405209737 -2.2559982041574704
   vertex 4.622007233274935 -17.24956582753295 -2.2559982041574704
   vertex 4.512379839582471 -16.840430824371317 -4.476417968967388
  endloop
 endfacet
 facet normal -0.1916491287737937 0.9634852337160129 0.18699415993941038
  outer loop
   vertex 2.3309451757460216 -17.705286405209737 -2.2559982041574704
   vertex 4.512379839582471 -16.840430824371317 -4.476417968967388
   vertex 2.2756584936704507 -17.28534236245529 -4.476417968967388
  endloop
 endfacet
 facet normal -0.18557982792821537 0.9329727978854438 0.3084183617619754
  outer loop
   vertex 2.2756584936704507 -17.28534236245529 -4.476417968967388
   vertex 4.512379839582471 -16.840430824371317 -4.476417968967388
   vertex 4.331589520254735 -16.1657121671236 -6.626241948324203
  endloop
 endfacet
 facet normal -0.18557982792821714 0.9329727978854441 0.30841836176197374
  outer loop
   vertex 2.2756584936704507 -17.28534236245529 -4.476417968967388
   vertex 4.331589520254735 -16.1657121671236 -6.626241948324203
   vertex 2.1844833177372065 -16.59279814488191 -6.626241948324203
  endloop
 endfacet
 facet normal -0.17659148519073092 0.8877853474725169 0.42503249778250407
  outer loop
   vertex 2.1844833177372065 -16.59279814488191 -6.626241948324203
   vertex 4.331589520254735 -16.1657121671236 -6.626241948324203
   vertex 4.082487446626426 -15.236050572071989 -8.67156613383087
  endloop
 endfacet
 facet normal -0.17659148519072995 0.8877853474725168 0.4250324977825048
  outer loop
   vertex 2.1844833177372065 -16.59279814488191 -6.626241948324203
   vertex 4.082487446626426 -15.236050572071989 -8.67156613383087
   vertex 2.0588575349361657 -15.638575588506585 -8.67156613383087
  endloop
 endfacet
 facet normal -0.16482144941710616 0.8286133818040435 0.5350081805984938
  outer loop
   vertex 2.0588575349361657 -15.638575588506585 -8.67156613383087
   vertex 4.082487446626426 -15.236050572071989 -8.67156613383087
   vertex 3.769002107205029 -14.066107357923356 -10.580134541264515
  endloop
 endfacet
 facet normal -0.1648214494171064 0.8286133818040435 0.5350081805984938
  outer loop
   vertex 2.0588575349361657 -15.638575588506585 -8.67156613383087
   vertex 3.769002107205029 -14.066107357923356 -10.580134541264515
   vertex 1.9007623389073054 -14.437723353068279 -10.580134541264515
  endloop
 endfacet
 facet normal -0.15045047620418575 0.7563656206304447 0.6366126782732623
  outer loop
   vertex 1.9007623389073054 -14.437723353068279 -10.580134541264515
   vertex 3.769002107205029 -14.066107357923356 -10.580134541264515
   vertex 3.396077353060283 -12.67433322805503 -12.321847906716396
  endloop
 endfacet
 facet normal -0.1504504762041857 0.7563656206304447 0.6366126782732622
  outer loop
   vertex 1.9007623389073054 -14.437723353068279 -10.580134541264515
   vertex 3.396077353060283 -12.67433322805503 -12.321847906716396
   vertex 1.7126909853334937 -13.009179595674208 -12.321847906716396
  endloop
 endfacet
 facet normal -0.1337005578169216 0.6721580944322667 0.7282359898608611
  outer loop
   vertex 1.7126909853334937 -13.009179595674208 -12.321847906716396
   vertex 3.396077353060283 -12.67433322805503 -12.321847906716396
   vertex 2.969594430339503 -11.082677291900604 -13.869238369964204
  endloop
 endfacet
 facet normal -0.1337005578169216 0.6721580944322666 0.728235989860861
  outer loop
   vertex 1.7126909853334937 -13.009179595674208 -12.321847906716396
   vertex 2.969594430339503 -11.082677291900604 -13.869238369964204
   vertex 1.4976094718089707 -11.375473304749159 -13.869238369964204
  endloop
 endfacet
 facet normal -0.11483207480917433 0.5772998246509133 0.8084172852265374
  outer loop
   vertex 1.4976094718089707 -11.375473304749159 -13.869238369964204
   vertex 2.969594430339503 -11.082677291900604 -13.869238369964204
   vertex 2.496279229502541 -9.31624091438239 -15.197902659036272
  endloop
 endfacet
 facet normal -0.11483207480917472 0.5772998246509135 0.8084172852265374
  outer loop
   vertex 1.4976094718089707 -11.375473304749159 -13.869238369964204
   vertex 2.496279229502541 -9.31624091438239 -15.197902659036272
   vertex 1.2589097622854852 -9.562369004429842 -15.197902659036272
  endloop
 endfacet
 facet normal -0.09414022262540973 0.4732748590022411 0.8758701538016049
  outer loop
   vertex 1.2589097622854852 -9.562369004429842 -15.197902659036272
   vertex 2.496279229502541 -9.31624091438239 -15.197902659036272
   vertex 1.9835962140113952 -7.402881852391809 -16.28688694438835
  endloop
 endfacet
 facet normal -0.0941402226254098 0.47327485900224103 0.875870153801605
  outer loop
   vertex 1.2589097622854852 -9.562369004429842 -15.197902659036272
   vertex 1.9835962140113952 -7.402881852391809 -16.28688694438835
   vertex 1.0003562937745192 -7.598460432628313 -16.28688694438835
  endloop
 endfacet
 facet normal -0.0719506936704178 0.3617205637751399 0.9295059609397569
  outer loop
   vertex 1.0003562937745192 -7.598460432628313 -16.28688694438835
   vertex 1.9835962140113952 -7.402881852391809 -16.28688694438835
   vertex 1.4396307012823484 -5.372774921321748 -17.119017293312762
  endloop
 endfacet
 facet normal -0.07195069367041769 0.36172056377513984 0.9295059609397569
  outer loop
   vertex 1.0003562937745192 -7.598460432628313 -16.28688694438835
   vertex 1.4396307012823484 -5.372774921321748 -17.119017293312762
   vertex 0.7260266089268452 -5.514719600703994 -17.119017293312762
  endloop
 endfacet
 facet normal -0.04861463387936041 0.24440226879694787 0.9684545153902068
  outer loop
   vertex 0.7260266089268452 -5.514719600703994 -17.119017293312762
   vertex 1.4396307012823484 -5.372774921321748 -17.119017293312762
   vertex 0.8729613524003795 -3.257936120202262 -17.681170513116395
  endloop
 endfacet
 facet normal -0.04861463387936037 0.24440226879694787 0.9684545153902068
  outer loop
   vertex 0.7260266089268452 -5.514719600703994 -17.119017293312762
   vertex 0.8729613524003795 -3.257936120202262 -17.681170513116395
   vertex 0.4402470507491193 -3.3440083463427492 -17.681170513116395
  endloop
 endfacet
 facet normal -0.024502938591912923 0.12318459085625874 0.9920812278114817
  outer loop
   vertex 0.4402470507491193 -3.3440083463427492 -17.681170513116395
   vertex 0.8729613524003795 -3.257936120202262 -17.681170513116395
   vertex 0.2925248815092257 -1.091717720270498 -17.96448111170889
  endloop
 endfacet
 facet normal -0.024502938591912656 0.1231845908562587 0.9920812278114817
  outer loop
   vertex 0.4402470507491193 -3.3440083463427492 -17.681170513116395
   vertex 0.2925248815092257 -1.091717720270498 -17.96448111170889
   vertex 0.14752453359024123 -1.1205600827459372 -17.96448111170889
  endloop
 endfacet
 facet normal -0.04037212814016256 0.1189324543322686 -0.9920812278114817
  outer loop
   vertex 0.29252488150922473 -1.0917177202704944 17.96448111170889
   vertex 0.43252004760236745 -1.0441957649198914 17.96448111170889
   vertex 1.2907390432814603 -3.1161197037745723 17.681170513116395
  endloop
 endfacet
 facet normal -0.04037212814016258 0.11893245433226855 -0.9920812278114818
  outer loop
   vertex 0.29252488150922473 -1.0917177202704944 17.96448111170889
   vertex 1.2907390432814603 -3.1161197037745723 17.681170513116395
   vertex 0.8729613524003796 -3.2579361202022623 17.681170513116395
  endloop
 endfacet
 facet normal -0.08009962646326868 0.2359658904603909 -0.9684545153902064
  outer loop
   vertex 0.8729613524003796 -3.2579361202022623 17.681170513116395
   vertex 1.2907390432814603 -3.1161197037745723 17.681170513116395
   vertex 2.1286023131978746 -5.138900573421047 17.119017293312762
  endloop
 endfacet
 facet normal -0.08009962646326856 0.23596589046039093 -0.9684545153902065
  outer loop
   vertex 0.8729613524003796 -3.2579361202022623 17.681170513116395
   vertex 2.1286023131978746 -5.138900573421047 17.119017293312762
   vertex 1.439630701282346 -5.372774921321739 17.119017293312762
  endloop
 endfacet
 facet normal -0.11854915334907556 0.34923454413570715 -0.9295059609397576
  outer loop
   vertex 1.439630701282346 -5.372774921321739 17.119017293312762
   vertex 2.1286023131978746 -5.138900573421047 17.119017293312762
   vertex 2.932896253069771 -7.080637911194269 16.286886944388353
  endloop
 endfacet
 facet normal -0.11854915334907577 0.34923454413570704 -0.9295059609397576
  outer loop
   vertex 1.439630701282346 -5.372774921321739 17.119017293312762
   vertex 2.932896253069771 -7.080637911194269 16.286886944388353
   vertex 1.9835962140113939 -7.402881852391805 16.286886944388353
  endloop
 endfacet
 facet normal -0.15510960518959369 0.4569381621811438 -0.8758701538016048
  outer loop
   vertex 1.9835962140113939 -7.402881852391805 16.286886944388353
   vertex 2.932896253069771 -7.080637911194269 16.286886944388353
   vertex 3.69093666700346 -8.910709359339894 15.197902659036274
  endloop
 endfacet
 facet normal -0.15510960518959369 0.45693816218114375 -0.8758701538016049
  outer loop
   vertex 1.9835962140113939 -7.402881852391805 16.286886944388353
   vertex 3.69093666700346 -8.910709359339894 15.197902659036274
   vertex 2.4962792295025404 -9.316240914382389 15.197902659036274
  endloop
 endfacet
 facet normal -0.18920241837143703 0.5573723511525807 -0.808417285226537
  outer loop
   vertex 2.4962792295025404 -9.316240914382389 15.197902659036274
   vertex 3.69093666700346 -8.910709359339894 15.197902659036274
   vertex 4.390768804839813 -10.600253597888972 13.869238369964206
  endloop
 endfacet
 facet normal -0.1892024183714369 0.5573723511525809 -0.8084172852265369
  outer loop
   vertex 2.4962792295025404 -9.316240914382389 15.197902659036274
   vertex 4.390768804839813 -10.600253597888972 13.869238369964206
   vertex 2.9695944303395017 -11.082677291900598 13.869238369964206
  endloop
 endfacet
 facet normal -0.2202909676465289 0.6489562640461425 -0.7282359898608619
  outer loop
   vertex 2.9695944303395017 -11.082677291900598 13.869238369964206
   vertex 4.390768804839813 -10.600253597888972 13.869238369964206
   vertex 5.021355895705697 -12.122625504914785 12.321847906716394
  endloop
 endfacet
 facet normal -0.22029096764652867 0.6489562640461426 -0.7282359898608618
  outer loop
   vertex 2.9695944303395017 -11.082677291900598 13.869238369964206
   vertex 5.021355895705697 -12.122625504914785 12.321847906716394
   vertex 3.3960773530602832 -12.674333228055032 12.321847906716394
  endloop
 endfacet
 facet normal -0.2478888759109312 0.7302570801172416 -0.6366126782732618
  outer loop
   vertex 3.3960773530602832 -12.674333228055032 12.321847906716394
   vertex 5.021355895705697 -12.122625504914785 12.321847906716394
   vertex 5.572753204483685 -13.453816366022627 10.580134541264515
  endloop
 endfacet
 facet normal -0.2478888759109315 0.7302570801172412 -0.6366126782732621
  outer loop
   vertex 3.3960773530602832 -12.674333228055032 12.321847906716394
   vertex 5.572753204483685 -13.453816366022627 10.580134541264515
   vertex 3.769002107205029 -14.066107357923356 10.580134541264515
  endloop
 endfacet
 facet normal -0.2715671286182359 0.8000109632665886 -0.5350081805984944
  outer loop
   vertex 3.769002107205029 -14.066107357923356 10.580134541264515
   vertex 5.572753204483685 -13.453816366022627 10.580134541264515
   vertex 6.036264866225563 -14.572832506117962 8.671566133830876
  endloop
 endfacet
 facet normal -0.27156712861823573 0.8000109632665889 -0.5350081805984945
  outer loop
   vertex 3.769002107205029 -14.066107357923356 10.580134541264515
   vertex 6.036264866225563 -14.572832506117962 8.671566133830876
   vertex 4.082487446626426 -15.236050572071987 8.671566133830876
  endloop
 endfacet
 facet normal -0.29095996146906283 0.8571404066141602 -0.42503249778250307
  outer loop
   vertex 4.082487446626426 -15.236050572071987 8.671566133830876
   vertex 6.036264866225563 -14.572832506117962 8.671566133830876
   vertex 6.404581025137218 -15.46202637220364 6.626241948324205
  endloop
 endfacet
 facet normal -0.2909599614690625 0.8571404066141606 -0.42503249778250274
  outer loop
   vertex 4.082487446626426 -15.236050572071987 8.671566133830876
   vertex 6.404581025137218 -15.46202637220364 6.626241948324205
   vertex 4.3315895202547345 -16.165712167123598 6.626241948324205
  endloop
 endfacet
 facet normal -0.30576955352694124 0.9007680579727472 -0.30841836176197523
  outer loop
   vertex 4.3315895202547345 -16.165712167123598 6.626241948324205
   vertex 6.404581025137218 -15.46202637220364 6.626241948324205
   vertex 6.671893115371204 -16.10737484583283 4.476417968967385
  endloop
 endfacet
 facet normal -0.3057695535269421 0.9007680579727465 -0.3084183617619762
  outer loop
   vertex 4.3315895202547345 -16.165712167123598 6.626241948324205
   vertex 6.671893115371204 -16.10737484583283 4.476417968967385
   vertex 4.512379839582471 -16.840430824371317 4.476417968967385
  endloop
 endfacet
 facet normal -0.3157696027267456 0.9302272529561516 -0.18699415993940852
  outer loop
   vertex 4.512379839582471 -16.840430824371317 4.476417968967385
   vertex 6.671893115371204 -16.10737484583283 4.476417968967385
   vertex 6.833985465580027 -16.4987003960639 2.2559982041574806
  endloop
 endfacet
 facet normal -0.31576960272674565 0.9302272529561516 -0.1869941599394086
  outer loop
   vertex 4.512379839582471 -16.840430824371317 4.476417968967385
   vertex 6.833985465580027 -16.4987003960639 2.2559982041574806
   vertex 4.6220072332749345 -17.249565827532948 2.2559982041574806
  endloop
 endfacet
 facet normal -0.32080788316104564 0.9450695485018611 -0.06265660855981042
  outer loop
   vertex 4.6220072332749345 -17.249565827532948 2.2559982041574806
   vertex 6.833985465580027 -16.4987003960639 2.2559982041574806
   vertex 6.88830178257162 -16.62983158520316 1.102182119232618e-15
  endloop
 endfacet
 facet normal -0.3208078831610441 0.9450695485018618 -0.0626566085598086
  outer loop
   vertex 4.6220072332749345 -17.249565827532948 2.2559982041574806
   vertex 6.88830178257162 -16.62983158520316 1.102182119232618e-15
   vertex 4.658742811845365 -17.38666487320323 1.102182119232618e-15
  endloop
 endfacet
 facet normal -0.320807883161044 0.9450695485018616 0.06265660855980888
  outer loop
   vertex 4.658742811845365 -17.38666487320323 1.102182119232618e-15
   vertex 6.88830178257162 -16.62983158520316 1.102182119232618e-15
   vertex 6.833985465580029 -16.498700396063903 -2.2559982041574704
  endloop
 endfacet
 facet normal -0.3208078831610456 0.9450695485018612 0.06265660855980722
  outer loop
   vertex 4.658742811845365 -17.38666487320323 1.102182119232618e-15
   vertex 6.833985465580029 -16.498700396063903 -2.2559982041574704
   vertex 4.622007233274935 -17.24956582753295 -2.2559982041574704
  endloop
 endfacet
 facet normal -0.3157696027267455 0.9302272529561515 0.18699415993940918
  outer loop
   vertex 4.622007233274935 -17.24956582753295 -2.2559982041574704
   vertex 6.833985465580029 -16.498700396063903 -2.2559982041574704
   vertex 6.671893115371204 -16.10737484583283 -4.476417968967388
  endloop
 endfacet
 facet normal -0.31576960272674554 0.9302272529561515 0.18699415993940907
  outer loop
   vertex 4.622007233274935 -17.24956582753295 -2.2559982041574704
   vertex 6.671893115371204 -16.10737484583283 -4.476417968967388
   vertex 4.512379839582471 -16.840430824371317 -4.476417968967388
  endloop
 endfacet
 facet normal -0.3057695535269423 0.9007680579727472 0.3084183617619743
  outer loop
   vertex 4.512379839582471 -16.840430824371317 -4.476417968967388
   vertex 6.671893115371204 -16.10737484583283 -4.476417968967388
   vertex 6.40458102513722 -15.462026372203644 -6.626241948324203
  endloop
 endfacet
 facet normal -0.30576955352694113 0.9007680579727472 0.3084183617619754
  outer loop
   vertex 4.512379839582471 -16.840430824371317 -4.476417968967388
   vertex 6.40458102513722 -15.462026372203644 -6.626241948324203
   vertex 4.331589520254735 -16.1657121671236 -6.626241948324203
  endloop
 endfacet
 facet normal -0.2909599614690621 0.8571404066141598 0.4250324977825044
  outer loop
   vertex 4.331589520254735 -16.1657121671236 -6.626241948324203
   vertex 6.40458102513722 -15.462026372203644 -6.626241948324203
   vertex 6.036264866225564 -14.572832506117964 -8.67156613383087
  endloop
 endfacet
 facet normal -0.29095996146906256 0.8571404066141599 0.425032497782504
  outer loop
   vertex 4.331589520254735 -16.1657121671236 -6.626241948324203
   vertex 6.036264866225564 -14.572832506117964 -8.67156613383087
   vertex 4.082487446626426 -15.236050572071989 -8.67156613383087
  endloop
 endfacet
 facet normal -0.2715671286182357 0.8000109632665892 0.5350081805984941
  outer loop
   vertex 4.082487446626426 -15.236050572071989 -8.67156613383087
   vertex 6.036264866225564 -14.572832506117964 -8.67156613383087
   vertex 5.572753204483685 -13.453816366022627 -10.580134541264515
  endloop
 endfacet
 facet normal -0.27156712861823606 0.8000109632665893 0.5350081805984939
  outer loop
   vertex 4.082487446626426 -15.236050572071989 -8.67156613383087
   vertex 5.572753204483685 -13.453816366022627 -10.580134541264515
   vertex 3.769002107205029 -14.066107357923356 -10.580134541264515
  endloop
 endfacet
 facet normal -0.2478888759109316 0.7302570801172413 0.636612678273262
  outer loop
   vertex 3.769002107205029 -14.066107357923356 -10.580134541264515
   vertex 5.572753204483685 -13.453816366022627 -10.580134541264515
   vertex 5.021355895705696 -12.122625504914783 -12.321847906716396
  endloop
 endfacet
 facet normal -0.24788887591093117 0.7302570801172412 0.6366126782732622
  outer loop
   vertex 3.769002107205029 -14.066107357923356 -10.580134541264515
   vertex 5.021355895705696 -12.122625504914783 -12.321847906716396
   vertex 3.396077353060283 -12.67433322805503 -12.321847906716396
  endloop
 endfacet
 facet normal -0.220290967646529 0.6489562640461434 0.7282359898608611
  outer loop
   vertex 3.396077353060283 -12.67433322805503 -12.321847906716396
   vertex 5.021355895705696 -12.122625504914783 -12.321847906716396
   vertex 4.390768804839815 -10.600253597888978 -13.869238369964204
  endloop
 endfacet
 facet normal -0.22029096764652908 0.6489562640461434 0.728235989860861
  outer loop
   vertex 3.396077353060283 -12.67433322805503 -12.321847906716396
   vertex 4.390768804839815 -10.600253597888978 -13.869238369964204
   vertex 2.969594430339503 -11.082677291900604 -13.869238369964204
  endloop
 endfacet
 facet normal -0.1892024183714366 0.55737235115258 0.8084172852265374
  outer loop
   vertex 2.969594430339503 -11.082677291900604 -13.869238369964204
   vertex 4.390768804839815 -10.600253597888978 -13.869238369964204
   vertex 3.6909366670034607 -8.910709359339895 -15.197902659036272
  endloop
 endfacet
 facet normal -0.1892024183714367 0.5573723511525801 0.8084172852265374
  outer loop
   vertex 2.969594430339503 -11.082677291900604 -13.869238369964204
   vertex 3.6909366670034607 -8.910709359339895 -15.197902659036272
   vertex 2.496279229502541 -9.31624091438239 -15.197902659036272
  endloop
 endfacet
 facet normal -0.1551096051895936 0.4569381621811439 0.8758701538016048
  outer loop
   vertex 2.496279229502541 -9.31624091438239 -15.197902659036272
   vertex 3.6909366670034607 -8.910709359339895 -15.197902659036272
   vertex 2.932896253069773 -7.080637911194274 -16.28688694438835
  endloop
 endfacet
 facet normal -0.15510960518959313 0.4569381621811439 0.875870153801605
  outer loop
   vertex 2.496279229502541 -9.31624091438239 -15.197902659036272
   vertex 2.932896253069773 -7.080637911194274 -16.28688694438835
   vertex 1.9835962140113952 -7.402881852391809 -16.28688694438835
  endloop
 endfacet
 facet normal -0.11854915334907598 0.34923454413570904 0.9295059609397568
  outer loop
   vertex 1.9835962140113952 -7.402881852391809 -16.28688694438835
   vertex 2.932896253069773 -7.080637911194274 -16.28688694438835
   vertex 2.128602313197878 -5.138900573421056 -17.119017293312762
  endloop
 endfacet
 facet normal -0.11854915334907638 0.3492345441357091 0.9295059609397568
  outer loop
   vertex 1.9835962140113952 -7.402881852391809 -16.28688694438835
   vertex 2.128602313197878 -5.138900573421056 -17.119017293312762
   vertex 1.4396307012823484 -5.372774921321748 -17.119017293312762
  endloop
 endfacet
 facet normal -0.08009962646326844 0.23596589046038988 0.9684545153902067
  outer loop
   vertex 1.4396307012823484 -5.372774921321748 -17.119017293312762
   vertex 2.128602313197878 -5.138900573421056 -17.119017293312762
   vertex 1.29073904328146 -3.116119703774572 -17.681170513116395
  endloop
 endfacet
 facet normal -0.08009962646326843 0.23596589046038985 0.9684545153902067
  outer loop
   vertex 1.4396307012823484 -5.372774921321748 -17.119017293312762
   vertex 1.29073904328146 -3.116119703774572 -17.681170513116395
   vertex 0.8729613524003795 -3.257936120202262 -17.681170513116395
  endloop
 endfacet
 facet normal -0.040372128140162694 0.11893245433226879 0.9920812278114817
  outer loop
   vertex 0.8729613524003795 -3.257936120202262 -17.681170513116395
   vertex 1.29073904328146 -3.116119703774572 -17.681170513116395
   vertex 0.4325200476023689 -1.0441957649198947 -17.96448111170889
  endloop
 endfacet
 facet normal -0.04037212814016264 0.11893245433226882 0.9920812278114819
  outer loop
   vertex 0.8729613524003795 -3.257936120202262 -17.681170513116395
   vertex 0.4325200476023689 -1.0441957649198947 -17.96448111170889
   vertex 0.2925248815092257 -1.091717720270498 -17.96448111170889
  endloop
 endfacet
 facet normal -0.05555053938266542 0.11264535054034765 -0.9920812278114818
  outer loop
   vertex 0.43252004760236745 -1.0441957649198914 17.96448111170889
   vertex 0.5651146757638205 -0.9788073305257492 17.96448111170889
   vertex 1.6864318312715219 -2.920985615263699 17.681170513116395
  endloop
 endfacet
 facet normal -0.055550539382665354 0.1126453505403477 -0.9920812278114818
  outer loop
   vertex 0.43252004760236745 -1.0441957649198914 17.96448111170889
   vertex 1.6864318312715219 -2.920985615263699 17.681170513116395
   vertex 1.2907390432814603 -3.1161197037745723 17.681170513116395
  endloop
 endfacet
 facet normal -0.11021409223057782 0.22349207031595122 -0.9684545153902064
  outer loop
   vertex 1.2907390432814603 -3.1161197037745723 17.681170513116395
   vertex 1.6864318312715219 -2.920985615263699 17.681170513116395
   vertex 2.781152949374527 -4.817098211936713 17.119017293312762
  endloop
 endfacet
 facet normal -0.11021409223057789 0.22349207031595114 -0.9684545153902065
  outer loop
   vertex 1.2907390432814603 -3.1161197037745723 17.681170513116395
   vertex 2.781152949374527 -4.817098211936713 17.119017293312762
   vertex 2.1286023131978746 -5.138900573421047 17.119017293312762
  endloop
 endfacet
 facet normal -0.16311920414589606 0.33077302462000624 -0.9295059609397577
  outer loop
   vertex 2.1286023131978746 -5.138900573421047 17.119017293312762
   vertex 2.781152949374527 -4.817098211936713 17.119017293312762
   vertex 3.832013624085654 -6.637242292212496 16.286886944388353
  endloop
 endfacet
 facet normal -0.16311920414589587 0.3307730246200065 -0.9295059609397575
  outer loop
   vertex 2.1286023131978746 -5.138900573421047 17.119017293312762
   vertex 3.832013624085654 -6.637242292212496 16.286886944388353
   vertex 2.932896253069771 -7.080637911194269 16.286886944388353
  endloop
 endfacet
 facet normal -0.21342501940447556 0.43278312671793495 -0.8758701538016049
  outer loop
   vertex 2.932896253069771 -7.080637911194269 16.286886944388353
   vertex 3.832013624085654 -6.637242292212496 16.286886944388353
   vertex 4.82244115481097 -8.352713096643727 15.197902659036274
  endloop
 endfacet
 facet normal -0.21342501940447559 0.43278312671793484 -0.8758701538016049
  outer loop
   vertex 2.932896253069771 -7.080637911194269 16.286886944388353
   vertex 4.82244115481097 -8.352713096643727 15.197902659036274
   vertex 3.69093666700346 -8.910709359339894 15.197902659036274
  endloop
 endfacet
 facet normal -0.26033545609854214 0.5279080821932165 -0.8084172852265371
  outer loop
   vertex 3.69093666700346 -8.910709359339894 15.197902659036274
   vertex 4.82244115481097 -8.352713096643727 15.197902659036274
   vertex 5.736815907738207 -9.936456625871942 13.869238369964206
  endloop
 endfacet
 facet normal -0.2603354560985421 0.5279080821932167 -0.808417285226537
  outer loop
   vertex 3.69093666700346 -8.910709359339894 15.197902659036274
   vertex 5.736815907738207 -9.936456625871942 13.869238369964206
   vertex 4.390768804839813 -10.600253597888972 13.869238369964206
  endloop
 endfacet
 facet normal -0.30311213794350816 0.6146506120575225 -0.7282359898608615
  outer loop
   vertex 4.390768804839813 -10.600253597888972 13.869238369964206
   vertex 5.736815907738207 -9.936456625871942 13.869238369964206
   vertex 6.560717646792706 -11.363496298358687 12.321847906716394
  endloop
 endfacet
 facet normal -0.3031121379435086 0.6146506120575217 -0.7282359898608618
  outer loop
   vertex 4.390768804839813 -10.600253597888972 13.869238369964206
   vertex 6.560717646792706 -11.363496298358687 12.321847906716394
   vertex 5.021355895705697 -12.122625504914785 12.321847906716394
  endloop
 endfacet
 facet normal -0.3410858282230596 0.6916536384977191 -0.6366126782732622
  outer loop
   vertex 5.021355895705697 -12.122625504914785 12.321847906716394
   vertex 6.560717646792706 -11.363496298358687 12.321847906716394
   vertex 7.281152949374529 -12.611326845996661 10.580134541264515
  endloop
 endfacet
 facet normal -0.3410858282230592 0.6916536384977194 -0.6366126782732618
  outer loop
   vertex 5.021355895705697 -12.122625504914785 12.321847906716394
   vertex 7.281152949374529 -12.611326845996661 10.580134541264515
   vertex 5.572753204483685 -13.453816366022627 10.580134541264515
  endloop
 endfacet
 facet normal -0.37366621895607327 0.7577201353427008 -0.5350081805984944
  outer loop
   vertex 5.572753204483685 -13.453816366022627 10.580134541264515
   vertex 7.281152949374529 -12.611326845996661 10.580134541264515
   vertex 7.886760120394774 -13.66026923563178 8.671566133830876
  endloop
 endfacet
 facet normal -0.37366621895607344 0.7577201353427007 -0.5350081805984945
  outer loop
   vertex 5.572753204483685 -13.453816366022627 10.580134541264515
   vertex 7.886760120394774 -13.66026923563178 8.671566133830876
   vertex 6.036264866225563 -14.572832506117962 8.671566133830876
  endloop
 endfacet
 facet normal -0.40035003213731674 0.8118295557544182 -0.42503249778250307
  outer loop
   vertex 6.036264866225563 -14.572832506117962 8.671566133830876
   vertex 7.886760120394774 -13.66026923563178 8.671566133830876
   vertex 8.367988372994263 -14.493781019171685 6.626241948324205
  endloop
 endfacet
 facet normal -0.40035003213731674 0.8118295557544182 -0.4250324977825032
  outer loop
   vertex 6.036264866225563 -14.572832506117962 8.671566133830876
   vertex 8.367988372994263 -14.493781019171685 6.626241948324205
   vertex 6.404581025137218 -15.46202637220364 6.626241948324205
  endloop
 endfacet
 facet normal -0.4207274772894834 0.85315092684805 -0.30841836176197507
  outer loop
   vertex 6.404581025137218 -15.46202637220364 6.626241948324205
   vertex 8.367988372994263 -14.493781019171685 6.626241948324205
   vertex 8.717248450157681 -15.098717217874151 4.476417968967385
  endloop
 endfacet
 facet normal -0.42072747728948356 0.8531509268480498 -0.30841836176197523
  outer loop
   vertex 6.404581025137218 -15.46202637220364 6.626241948324205
   vertex 8.717248450157681 -15.098717217874151 4.476417968967385
   vertex 6.671893115371204 -16.10737484583283 4.476417968967385
  endloop
 endfacet
 facet normal -0.43448717122916575 0.8810528259904921 -0.18699415993940918
  outer loop
   vertex 6.671893115371204 -16.10737484583283 4.476417968967385
   vertex 8.717248450157681 -15.098717217874151 4.476417968967385
   vertex 8.929032311830301 -15.46553762651427 2.2559982041574806
  endloop
 endfacet
 facet normal -0.4344871712291652 0.8810528259904925 -0.18699415993940854
  outer loop
   vertex 6.671893115371204 -16.10737484583283 4.476417968967385
   vertex 8.929032311830301 -15.46553762651427 2.2559982041574806
   vertex 6.833985465580027 -16.4987003960639 2.2559982041574806
  endloop
 endfacet
 facet normal -0.44141965679729833 0.8951105160798516 -0.06265660855980942
  outer loop
   vertex 6.833985465580027 -16.4987003960639 2.2559982041574806
   vertex 8.929032311830301 -15.46553762651427 2.2559982041574806
   vertex 9.000000000000002 -15.588457268119894 1.102182119232618e-15
  endloop
 endfacet
 facet normal -0.44141965679729905 0.895110516079851 -0.06265660855981038
  outer loop
   vertex 6.833985465580027 -16.4987003960639 2.2559982041574806
   vertex 9.000000000000002 -15.588457268119894 1.102182119232618e-15
   vertex 6.88830178257162 -16.62983158520316 1.102182119232618e-15
  endloop
 endfacet
 facet normal -0.44141965679729905 0.8951105160798511 0.06265660855980791
  outer loop
   vertex 6.88830178257162 -16.62983158520316 1.102182119232618e-15
   vertex 9.000000000000002 -15.588457268119894 1.102182119232618e-15
   vertex 8.929032311830303 -15.465537626514273 -2.2559982041574704
  endloop
 endfacet
 facet normal -0.4414196567972983 0.8951105160798517 0.06265660855980887
  outer loop
   vertex 6.88830178257162 -16.62983158520316 1.102182119232618e-15
   vertex 8.929032311830303 -15.465537626514273 -2.2559982041574704
   vertex 6.833985465580029 -16.498700396063903 -2.2559982041574704
  endloop
 endfacet
 facet normal -0.4344871712291651 0.8810528259904923 0.18699415993940977
  outer loop
   vertex 6.833985465580029 -16.498700396063903 -2.2559982041574704
   vertex 8.929032311830303 -15.465537626514273 -2.2559982041574704
   vertex 8.717248450157681 -15.098717217874151 -4.476417968967388
  endloop
 endfacet
 facet normal -0.43448717122916575 0.8810528259904921 0.18699415993940918
  outer loop
   vertex 6.833985465580029 -16.498700396063903 -2.2559982041574704
   vertex 8.717248450157681 -15.098717217874151 -4.476417968967388
   vertex 6.671893115371204 -16.10737484583283 -4.476417968967388
  endloop
 endfacet
 facet normal -0.42072747728948373 0.8531509268480502 0.308418361761974
  outer loop
   vertex 6.671893115371204 -16.10737484583283 -4.476417968967388
   vertex 8.717248450157681 -15.098717217874151 -4.476417968967388
   vertex 8.367988372994265 -14.493781019171688 -6.626241948324203
  endloop
 endfacet
 facet normal -0.42072747728948356 0.8531509268480503 0.30841836176197424
  outer loop
   vertex 6.671893115371204 -16.10737484583283 -4.476417968967388
   vertex 8.367988372994265 -14.493781019171688 -6.626241948324203
   vertex 6.40458102513722 -15.462026372203644 -6.626241948324203
  endloop
 endfacet
 facet normal -0.40035003213731646 0.8118295557544176 0.4250324977825045
  outer loop
   vertex 6.40458102513722 -15.462026372203644 -6.626241948324203
   vertex 8.367988372994265 -14.493781019171688 -6.626241948324203
   vertex 7.886760120394775 -13.660269235631782 -8.67156613383087
  endloop
 endfacet
 facet normal -0.40035003213731646 0.8118295557544176 0.42503249778250446
  outer loop
   vertex 6.40458102513722 -15.462026372203644 -6.626241948324203
   vertex 7.886760120394775 -13.660269235631782 -8.67156613383087
   vertex 6.036264866225564 -14.572832506117964 -8.67156613383087
  endloop
 endfacet
 facet normal -0.37366621895607355 0.757720135342701 0.535008180598494
  outer loop
   vertex 6.036264866225564 -14.572832506117964 -8.67156613383087
   vertex 7.886760120394775 -13.660269235631782 -8.67156613383087
   vertex 7.281152949374529 -12.611326845996661 -10.580134541264515
  endloop
 endfacet
 facet normal -0.3736662189560734 0.757720135342701 0.5350081805984941
  outer loop
   vertex 6.036264866225564 -14.572832506117964 -8.67156613383087
   vertex 7.281152949374529 -12.611326845996661 -10.580134541264515
   vertex 5.572753204483685 -13.453816366022627 -10.580134541264515
  endloop
 endfacet
 facet normal -0.34108582822305905 0.6916536384977191 0.6366126782732623
  outer loop
   vertex 5.572753204483685 -13.453816366022627 -10.580134541264515
   vertex 7.281152949374529 -12.611326845996661 -10.580134541264515
   vertex 6.560717646792705 -11.363496298358685 -12.321847906716396
  endloop
 endfacet
 facet normal -0.34108582822305983 0.6916536384977192 0.636612678273262
  outer loop
   vertex 5.572753204483685 -13.453816366022627 -10.580134541264515
   vertex 6.560717646792705 -11.363496298358685 -12.321847906716396
   vertex 5.021355895705696 -12.122625504914783 -12.321847906716396
  endloop
 endfacet
 facet normal -0.30311213794350905 0.6146506120575225 0.7282359898608609
  outer loop
   vertex 5.021355895705696 -12.122625504914783 -12.321847906716396
   vertex 6.560717646792705 -11.363496298358685 -12.321847906716396
   vertex 5.73681590773821 -9.936456625871946 -13.869238369964204
  endloop
 endfacet
 facet normal -0.3031121379435089 0.6146506120575226 0.7282359898608611
  outer loop
   vertex 5.021355895705696 -12.122625504914783 -12.321847906716396
   vertex 5.73681590773821 -9.936456625871946 -13.869238369964204
   vertex 4.390768804839815 -10.600253597888978 -13.869238369964204
  endloop
 endfacet
 facet normal -0.2603354560985422 0.5279080821932159 0.8084172852265374
  outer loop
   vertex 4.390768804839815 -10.600253597888978 -13.869238369964204
   vertex 5.73681590773821 -9.936456625871946 -13.869238369964204
   vertex 4.822441154810971 -8.352713096643729 -15.197902659036272
  endloop
 endfacet
 facet normal -0.26033545609854175 0.5279080821932159 0.8084172852265374
  outer loop
   vertex 4.390768804839815 -10.600253597888978 -13.869238369964204
   vertex 4.822441154810971 -8.352713096643729 -15.197902659036272
   vertex 3.6909366670034607 -8.910709359339895 -15.197902659036272
  endloop
 endfacet
 facet normal -0.21342501940447556 0.4327831267179349 0.8758701538016049
  outer loop
   vertex 3.6909366670034607 -8.910709359339895 -15.197902659036272
   vertex 4.822441154810971 -8.352713096643729 -15.197902659036272
   vertex 3.832013624085657 -6.6372422922125 -16.28688694438835
  endloop
 endfacet
 facet normal -0.21342501940447578 0.43278312671793495 0.8758701538016049
  outer loop
   vertex 3.6909366670034607 -8.910709359339895 -15.197902659036272
   vertex 3.832013624085657 -6.6372422922125 -16.28688694438835
   vertex 2.932896253069773 -7.080637911194274 -16.28688694438835
  endloop
 endfacet
 facet normal -0.16311920414589695 0.3307730246200082 0.9295059609397569
  outer loop
   vertex 2.932896253069773 -7.080637911194274 -16.28688694438835
   vertex 3.832013624085657 -6.6372422922125 -16.28688694438835
   vertex 2.781152949374532 -4.817098211936722 -17.119017293312762
  endloop
 endfacet
 facet normal -0.16311920414589667 0.3307730246200081 0.9295059609397567
  outer loop
   vertex 2.932896253069773 -7.080637911194274 -16.28688694438835
   vertex 2.781152949374532 -4.817098211936722 -17.119017293312762
   vertex 2.128602313197878 -5.138900573421056 -17.119017293312762
  endloop
 endfacet
 facet normal -0.11021409223057728 0.22349207031595023 0.9684545153902068
  outer loop
   vertex 2.128602313197878 -5.138900573421056 -17.119017293312762
   vertex 2.781152949374532 -4.817098211936722 -17.119017293312762
   vertex 1.6864318312715216 -2.9209856152636986 -17.681170513116395
  endloop
 endfacet
 facet normal -0.11021409223057732 0.22349207031595023 0.9684545153902067
  outer loop
   vertex 2.128602313197878 -5.138900573421056 -17.119017293312762
   vertex 1.6864318312715216 -2.9209856152636986 -17.681170513116395
   vertex 1.29073904328146 -3.116119703774572 -17.681170513116395
  endloop
 endfacet
 facet normal -0.055550539382665416 0.11264535054034794 0.9920812278114817
  outer loop
   vertex 1.29073904328146 -3.116119703774572 -17.681170513116395
   vertex 1.6864318312715216 -2.9209856152636986 -17.681170513116395
   vertex 0.5651146757638223 -0.9788073305257525 -17.96448111170889
  endloop
 endfacet
 facet normal -0.05555053938266524 0.11264535054034804 0.9920812278114818
  outer loop
   vertex 1.29073904328146 -3.116119703774572 -17.681170513116395
   vertex 0.5651146757638223 -0.9788073305257525 -17.96448111170889
   vertex 0.4325200476023689 -1.0441957649198947 -17.96448111170889
  endloop
 endfacet
 facet normal -0.06977846549481154 0.10443085356948996 -0.9920812278114818
  outer loop
   vertex 0.5651146757638205 -0.9788073305257492 17.96448111170889
   vertex 0.6880400351435662 -0.8966712313296504 17.96448111170889
   vertex 2.0532693030612896 -2.6758726530254524 17.681170513116395
  endloop
 endfacet
 facet normal -0.0697784654948116 0.10443085356948993 -0.9920812278114818
  outer loop
   vertex 0.5651146757638205 -0.9788073305257492 17.96448111170889
   vertex 2.0532693030612896 -2.6758726530254524 17.681170513116395
   vertex 1.6864318312715219 -2.920985615263699 17.681170513116395
  endloop
 endfacet
 facet normal -0.13844276432270294 0.2071942388846971 -0.9684545153902064
  outer loop
   vertex 1.6864318312715219 -2.920985615263699 17.681170513116395
   vertex 2.0532693030612896 -2.6758726530254524 17.681170513116395
   vertex 3.386117287506109 -4.412873964494202 17.119017293312762
  endloop
 endfacet
 facet normal -0.1384427643227028 0.20719423888469715 -0.9684545153902064
  outer loop
   vertex 1.6864318312715219 -2.920985615263699 17.681170513116395
   vertex 3.386117287506109 -4.412873964494202 17.119017293312762
   vertex 2.781152949374527 -4.817098211936713 17.119017293312762
  endloop
 endfacet
 facet normal -0.20489824013459307 0.30665188694544887 -0.9295059609397577
  outer loop
   vertex 2.781152949374527 -4.817098211936713 17.119017293312762
   vertex 3.386117287506109 -4.412873964494202 17.119017293312762
   vertex 4.665564179558537 -6.080281617419749 16.286886944388353
  endloop
 endfacet
 facet normal -0.20489824013459304 0.3066518869454489 -0.9295059609397575
  outer loop
   vertex 2.781152949374527 -4.817098211936713 17.119017293312762
   vertex 4.665564179558537 -6.080281617419749 16.286886944388353
   vertex 3.832013624085654 -6.637242292212496 16.286886944388353
  endloop
 endfacet
 facet normal -0.2680886723647536 0.4012230519664301 -0.8758701538016048
  outer loop
   vertex 3.832013624085654 -6.637242292212496 16.286886944388353
   vertex 4.665564179558537 -6.080281617419749 16.286886944388353
   vertex 5.87143233742638 -7.651799597054407 15.197902659036274
  endloop
 endfacet
 facet normal -0.2680886723647537 0.4012230519664301 -0.8758701538016049
  outer loop
   vertex 3.832013624085654 -6.637242292212496 16.286886944388353
   vertex 5.87143233742638 -7.651799597054407 15.197902659036274
   vertex 4.82244115481097 -8.352713096643727 15.197902659036274
  endloop
 endfacet
 facet normal -0.327014081993178 0.4894111595837543 -0.808417285226537
  outer loop
   vertex 4.82244115481097 -8.352713096643727 15.197902659036274
   vertex 5.87143233742638 -7.651799597054407 15.197902659036274
   vertex 6.984704499909341 -9.102644126080001 13.869238369964206
  endloop
 endfacet
 facet normal -0.32701408199317805 0.4894111595837542 -0.8084172852265371
  outer loop
   vertex 4.82244115481097 -8.352713096643727 15.197902659036274
   vertex 6.984704499909341 -9.102644126080001 13.869238369964206
   vertex 5.736815907738207 -9.936456625871942 13.869238369964206
  endloop
 endfacet
 facet normal -0.38074697552171394 0.5698281176832521 -0.7282359898608617
  outer loop
   vertex 5.736815907738207 -9.936456625871942 13.869238369964206
   vertex 6.984704499909341 -9.102644126080001 13.869238369964206
   vertex 7.987823699968514 -10.409934519581288 12.321847906716394
  endloop
 endfacet
 facet normal -0.3807469755217138 0.5698281176832524 -0.7282359898608616
  outer loop
   vertex 5.736815907738207 -9.936456625871942 13.869238369964206
   vertex 7.987823699968514 -10.409934519581288 12.321847906716394
   vertex 6.560717646792706 -11.363496298358687 12.321847906716394
  endloop
 endfacet
 facet normal -0.42844670744743396 0.6412158113608841 -0.6366126782732621
  outer loop
   vertex 6.560717646792706 -11.363496298358687 12.321847906716394
   vertex 7.987823699968514 -10.409934519581288 12.321847906716394
   vertex 8.864970148584595 -11.55305402711532 10.580134541264515
  endloop
 endfacet
 facet normal -0.428446707447434 0.641215811360884 -0.6366126782732623
  outer loop
   vertex 6.560717646792706 -11.363496298358687 12.321847906716394
   vertex 8.864970148584595 -11.55305402711532 10.580134541264515
   vertex 7.281152949374529 -12.611326845996661 10.580134541264515
  endloop
 endfacet
 facet normal -0.46937177668772545 0.7024645058233882 -0.5350081805984944
  outer loop
   vertex 7.281152949374529 -12.611326845996661 10.580134541264515
   vertex 8.864970148584595 -11.55305402711532 10.580134541264515
   vertex 9.60231072228102 -12.513974971181794 8.671566133830876
  endloop
 endfacet
 facet normal -0.46937177668772534 0.7024645058233882 -0.5350081805984944
  outer loop
   vertex 7.281152949374529 -12.611326845996661 10.580134541264515
   vertex 9.60231072228102 -12.513974971181794 8.671566133830876
   vertex 7.886760120394774 -13.66026923563178 8.671566133830876
  endloop
 endfacet
 facet normal -0.5028900027577032 0.7526280761140416 -0.4250324977825032
  outer loop
   vertex 7.886760120394774 -13.66026923563178 8.671566133830876
   vertex 9.60231072228102 -12.513974971181794 8.671566133830876
   vertex 10.18821711974469 -13.277543054466431 6.626241948324205
  endloop
 endfacet
 facet normal -0.5028900027577032 0.7526280761140417 -0.4250324977825031
  outer loop
   vertex 7.886760120394774 -13.66026923563178 8.671566133830876
   vertex 10.18821711974469 -13.277543054466431 6.626241948324205
   vertex 8.367988372994263 -14.493781019171685 6.626241948324205
  endloop
 endfacet
 facet normal -0.5284866372679089 0.7909361468268579 -0.3084183617619753
  outer loop
   vertex 8.367988372994263 -14.493781019171685 6.626241948324205
   vertex 10.18821711974469 -13.277543054466431 6.626241948324205
   vertex 10.613449247084088 -13.831716352162376 4.476417968967385
  endloop
 endfacet
 facet normal -0.5284866372679088 0.7909361468268582 -0.30841836176197507
  outer loop
   vertex 8.367988372994263 -14.493781019171685 6.626241948324205
   vertex 10.613449247084088 -13.831716352162376 4.476417968967385
   vertex 8.717248450157681 -15.098717217874151 4.476417968967385
  endloop
 endfacet
 facet normal -0.5457705437692539 0.8168033408981428 -0.1869941599394085
  outer loop
   vertex 8.717248450157681 -15.098717217874151 4.476417968967385
   vertex 10.613449247084088 -13.831716352162376 4.476417968967385
   vertex 10.871300939629705 -14.167755220317876 2.2559982041574806
  endloop
 endfacet
 facet normal -0.5457705437692544 0.8168033408981424 -0.1869941599394091
  outer loop
   vertex 8.717248450157681 -15.098717217874151 4.476417968967385
   vertex 10.871300939629705 -14.167755220317876 2.2559982041574806
   vertex 8.929032311830301 -15.46553762651427 2.2559982041574806
  endloop
 endfacet
 facet normal -0.5544786177211019 0.8298358945561943 -0.06265660855980969
  outer loop
   vertex 8.929032311830301 -15.46553762651427 2.2559982041574806
   vertex 10.871300939629705 -14.167755220317876 2.2559982041574806
   vertex 10.95770572215697 -14.280360125242233 1.102182119232618e-15
  endloop
 endfacet
 facet normal -0.5544786177211015 0.8298358945561943 -0.06265660855980947
  outer loop
   vertex 8.929032311830301 -15.46553762651427 2.2559982041574806
   vertex 10.95770572215697 -14.280360125242233 1.102182119232618e-15
   vertex 9.000000000000002 -15.588457268119894 1.102182119232618e-15
  endloop
 endfacet
 facet normal -0.5544786177211016 0.8298358945561943 0.06265660855980812
  outer loop
   vertex 9.000000000000002 -15.588457268119894 1.102182119232618e-15
   vertex 10.95770572215697 -14.280360125242233 1.102182119232618e-15
   vertex 10.871300939629707 -14.16775522031788 -2.2559982041574704
  endloop
 endfacet
 facet normal -0.5544786177211019 0.8298358945561944 0.06265660855980795
  outer loop
   vertex 9.000000000000002 -15.588457268119894 1.102182119232618e-15
   vertex 10.871300939629707 -14.16775522031788 -2.2559982041574704
   vertex 8.929032311830303 -15.465537626514273 -2.2559982041574704
  endloop
 endfacet
 facet normal -0.5457705437692545 0.8168033408981424 0.1869941599394091
  outer loop
   vertex 8.929032311830303 -15.465537626514273 -2.2559982041574704
   vertex 10.871300939629707 -14.16775522031788 -2.2559982041574704
   vertex 10.613449247084088 -13.831716352162376 -4.476417968967388
  endloop
 endfacet
 facet normal -0.5457705437692538 0.8168033408981427 0.18699415993940977
  outer loop
   vertex 8.929032311830303 -15.465537626514273 -2.2559982041574704
   vertex 10.613449247084088 -13.831716352162376 -4.476417968967388
   vertex 8.717248450157681 -15.098717217874151 -4.476417968967388
  endloop
 endfacet
 facet normal -0.528486637267909 0.7909361468268583 0.30841836176197435
  outer loop
   vertex 8.717248450157681 -15.098717217874151 -4.476417968967388
   vertex 10.613449247084088 -13.831716352162376 -4.476417968967388
   vertex 10.188217119744692 -13.277543054466435 -6.626241948324203
  endloop
 endfacet
 facet normal -0.5284866372679092 0.7909361468268581 0.308418361761974
  outer loop
   vertex 8.717248450157681 -15.098717217874151 -4.476417968967388
   vertex 10.188217119744692 -13.277543054466435 -6.626241948324203
   vertex 8.367988372994265 -14.493781019171688 -6.626241948324203
  endloop
 endfacet
 facet normal -0.5028900027577028 0.7526280761140409 0.42503249778250485
  outer loop
   vertex 8.367988372994265 -14.493781019171688 -6.626241948324203
   vertex 10.188217119744692 -13.277543054466435 -6.626241948324203
   vertex 9.602310722281022 -12.513974971181794 -8.67156613383087
  endloop
 endfacet
 facet normal -0.5028900027577033 0.7526280761140409 0.4250324977825045
  outer loop
   vertex 8.367988372994265 -14.493781019171688 -6.626241948324203
   vertex 9.602310722281022 -12.513974971181794 -8.67156613383087
   vertex 7.886760120394775 -13.660269235631782 -8.67156613383087
  endloop
 endfacet
 facet normal -0.469371776687726 0.7024645058233884 0.5350081805984936
  outer loop
   vertex 7.886760120394775 -13.660269235631782 -8.67156613383087
   vertex 9.602310722281022 -12.513974971181794 -8.67156613383087
   vertex 8.864970148584595 -11.55305402711532 -10.580134541264515
  endloop
 endfacet
 facet normal -0.46937177668772556 0.7024645058233884 0.535008180598494
  outer loop
   vertex 7.886760120394775 -13.660269235631782 -8.67156613383087
   vertex 8.864970148584595 -11.55305402711532 -10.580134541264515
   vertex 7.281152949374529 -12.611326845996661 -10.580134541264515
  endloop
 endfacet
 facet normal -0.428446707447434 0.6412158113608839 0.6366126782732623
  outer loop
   vertex 7.281152949374529 -12.611326845996661 -10.580134541264515
   vertex 8.864970148584595 -11.55305402711532 -10.580134541264515
   vertex 7.987823699968513 -10.409934519581286 -12.321847906716396
  endloop
 endfacet
 facet normal -0.42844670744743396 0.641215811360884 0.6366126782732623
  outer loop
   vertex 7.281152949374529 -12.611326845996661 -10.580134541264515
   vertex 7.987823699968513 -10.409934519581286 -12.321847906716396
   vertex 6.560717646792705 -11.363496298358685 -12.321847906716396
  endloop
 endfacet
 facet normal -0.3807469755217142 0.5698281176832529 0.728235989860861
  outer loop
   vertex 6.560717646792705 -11.363496298358685 -12.321847906716396
   vertex 7.987823699968513 -10.409934519581286 -12.321847906716396
   vertex 6.984704499909345 -9.102644126080005 -13.869238369964204
  endloop
 endfacet
 facet normal -0.3807469755217142 0.5698281176832529 0.7282359898608609
  outer loop
   vertex 6.560717646792705 -11.363496298358685 -12.321847906716396
   vertex 6.984704499909345 -9.102644126080005 -13.869238369964204
   vertex 5.73681590773821 -9.936456625871946 -13.869238369964204
  endloop
 endfacet
 facet normal -0.3270140819931775 0.48941115958375375 0.8084172852265374
  outer loop
   vertex 5.73681590773821 -9.936456625871946 -13.869238369964204
   vertex 6.984704499909345 -9.102644126080005 -13.869238369964204
   vertex 5.871432337426381 -7.651799597054409 -15.197902659036272
  endloop
 endfacet
 facet normal -0.3270140819931778 0.4894111595837538 0.8084172852265373
  outer loop
   vertex 5.73681590773821 -9.936456625871946 -13.869238369964204
   vertex 5.871432337426381 -7.651799597054409 -15.197902659036272
   vertex 4.822441154810971 -8.352713096643729 -15.197902659036272
  endloop
 endfacet
 facet normal -0.2680886723647538 0.40122305196643027 0.8758701538016049
  outer loop
   vertex 4.822441154810971 -8.352713096643729 -15.197902659036272
   vertex 5.871432337426381 -7.651799597054409 -15.197902659036272
   vertex 4.66556417955854 -6.080281617419754 -16.28688694438835
  endloop
 endfacet
 facet normal -0.2680886723647535 0.40122305196643027 0.8758701538016049
  outer loop
   vertex 4.822441154810971 -8.352713096643729 -15.197902659036272
   vertex 4.66556417955854 -6.080281617419754 -16.28688694438835
   vertex 3.832013624085657 -6.6372422922125 -16.28688694438835
  endloop
 endfacet
 facet normal -0.20489824013459407 0.3066518869454507 0.9295059609397569
  outer loop
   vertex 3.832013624085657 -6.6372422922125 -16.28688694438835
   vertex 4.66556417955854 -6.080281617419754 -16.28688694438835
   vertex 3.3861172875061154 -4.41287396449421 -17.119017293312762
  endloop
 endfacet
 facet normal -0.2048982401345943 0.3066518869454507 0.9295059609397568
  outer loop
   vertex 3.832013624085657 -6.6372422922125 -16.28688694438835
   vertex 3.3861172875061154 -4.41287396449421 -17.119017293312762
   vertex 2.781152949374532 -4.817098211936722 -17.119017293312762
  endloop
 endfacet
 facet normal -0.13844276432270225 0.20719423888469618 0.9684545153902068
  outer loop
   vertex 2.781152949374532 -4.817098211936722 -17.119017293312762
   vertex 3.3861172875061154 -4.41287396449421 -17.119017293312762
   vertex 2.0532693030612896 -2.675872653025452 -17.681170513116395
  endloop
 endfacet
 facet normal -0.13844276432270217 0.2071942388846962 0.9684545153902067
  outer loop
   vertex 2.781152949374532 -4.817098211936722 -17.119017293312762
   vertex 2.0532693030612896 -2.675872653025452 -17.681170513116395
   vertex 1.6864318312715216 -2.9209856152636986 -17.681170513116395
  endloop
 endfacet
 facet normal -0.06977846549481174 0.10443085356949014 0.9920812278114817
  outer loop
   vertex 1.6864318312715216 -2.9209856152636986 -17.681170513116395
   vertex 2.0532693030612896 -2.675872653025452 -17.681170513116395
   vertex 0.6880400351435684 -0.8966712313296534 -17.96448111170889
  endloop
 endfacet
 facet normal -0.06977846549481163 0.10443085356949021 0.9920812278114818
  outer loop
   vertex 1.6864318312715216 -2.9209856152636986 -17.681170513116395
   vertex 0.6880400351435684 -0.8966712313296534 -17.96448111170889
   vertex 0.5651146757638223 -0.9788073305257525 -17.96448111170889
  endloop
 endfacet
 facet normal -0.08281246271609595 0.09442951574035569 -0.9920812278114818
  outer loop
   vertex 0.6880400351435662 -0.8966712313296504 17.96448111170889
   vertex 0.7991928387612688 -0.7991928387612691 17.96448111170889
   vertex 2.38497476780188 -2.3849747678018813 17.681170513116395
  endloop
 endfacet
 facet normal -0.08281246271609592 0.09442951574035573 -0.9920812278114818
  outer loop
   vertex 0.6880400351435662 -0.8966712313296504 17.96448111170889
   vertex 2.38497476780188 -2.3849747678018813 17.681170513116395
   vertex 2.0532693030612896 -2.6758726530254524 17.681170513116395
  endloop
 endfacet
 facet normal -0.1643026423336803 0.18735125658103047 -0.9684545153902064
  outer loop
   vertex 2.0532693030612896 -2.6758726530254524 17.681170513116395
   vertex 2.38497476780188 -2.3849747678018813 17.681170513116395
   vertex 3.9331442200393885 -3.9331442200393902 17.119017293312762
  endloop
 endfacet
 facet normal -0.16430264233368022 0.18735125658103047 -0.9684545153902064
  outer loop
   vertex 2.0532693030612896 -2.6758726530254524 17.681170513116395
   vertex 3.9331442200393885 -3.9331442200393902 17.119017293312762
   vertex 3.386117287506109 -4.412873964494202 17.119017293312762
  endloop
 endfacet
 facet normal -0.24317141042606222 0.27728385046529014 -0.9295059609397576
  outer loop
   vertex 3.386117287506109 -4.412873964494202 17.119017293312762
   vertex 3.9331442200393885 -3.9331442200393902 17.119017293312762
   vertex 5.419285638380405 -5.4192856383804076 16.286886944388353
  endloop
 endfacet
 facet normal -0.2431714104260623 0.27728385046529 -0.9295059609397577
  outer loop
   vertex 3.386117287506109 -4.412873964494202 17.119017293312762
   vertex 5.419285638380405 -5.4192856383804076 16.286886944388353
   vertex 4.665564179558537 -6.080281617419749 16.286886944388353
  endloop
 endfacet
 facet normal -0.31816525381264765 0.3627979395557345 -0.875870153801605
  outer loop
   vertex 4.665564179558537 -6.080281617419749 16.286886944388353
   vertex 5.419285638380405 -5.4192856383804076 16.286886944388353
   vertex 6.819961684879841 -6.8199616848798446 15.197902659036274
  endloop
 endfacet
 facet normal -0.31816525381264754 0.3627979395557346 -0.8758701538016049
  outer loop
   vertex 4.665564179558537 -6.080281617419749 16.286886944388353
   vertex 6.819961684879841 -6.8199616848798446 15.197902659036274
   vertex 5.87143233742638 -7.651799597054407 15.197902659036274
  endloop
 endfacet
 facet normal -0.3880974062794772 0.44254027634340654 -0.8084172852265368
  outer loop
   vertex 5.87143233742638 -7.651799597054407 15.197902659036274
   vertex 6.819961684879841 -6.8199616848798446 15.197902659036274
   vertex 8.113082861561088 -8.113082861561091 13.869238369964206
  endloop
 endfacet
 facet normal -0.38809740627947736 0.44254027634340604 -0.808417285226537
  outer loop
   vertex 5.87143233742638 -7.651799597054407 15.197902659036274
   vertex 8.113082861561088 -8.113082861561091 13.869238369964206
   vertex 6.984704499909341 -9.102644126080001 13.869238369964206
  endloop
 endfacet
 facet normal -0.45186712678573715 0.5152557062292211 -0.7282359898608618
  outer loop
   vertex 6.984704499909341 -9.102644126080001 13.869238369964206
   vertex 8.113082861561088 -8.113082861561091 13.869238369964206
   vertex 9.278255874994738 -9.278255874994741 12.321847906716394
  endloop
 endfacet
 facet normal -0.45186712678573715 0.5152557062292212 -0.7282359898608617
  outer loop
   vertex 6.984704499909341 -9.102644126080001 13.869238369964206
   vertex 9.278255874994738 -9.278255874994741 12.321847906716394
   vertex 7.987823699968514 -10.409934519581288 12.321847906716394
  endloop
 endfacet
 facet normal -0.5084767447195133 0.5798066039130556 -0.636612678273262
  outer loop
   vertex 7.987823699968514 -10.409934519581288 12.321847906716394
   vertex 9.278255874994738 -9.278255874994741 12.321847906716394
   vertex 10.297105250718316 -10.29710525071832 10.580134541264515
  endloop
 endfacet
 facet normal -0.5084767447195133 0.5798066039130555 -0.6366126782732622
  outer loop
   vertex 7.987823699968514 -10.409934519581288 12.321847906716394
   vertex 10.297105250718316 -10.29710525071832 10.580134541264515
   vertex 8.864970148584595 -11.55305402711532 10.580134541264515
  endloop
 endfacet
 facet normal -0.5570462531858077 0.6351895138494826 -0.5350081805984941
  outer loop
   vertex 8.864970148584595 -11.55305402711532 10.580134541264515
   vertex 10.297105250718316 -10.29710525071832 10.580134541264515
   vertex 11.153563125445547 -11.153563125445553 8.671566133830876
  endloop
 endfacet
 facet normal -0.5570462531858077 0.6351895138494824 -0.5350081805984942
  outer loop
   vertex 8.864970148584595 -11.55305402711532 10.580134541264515
   vertex 11.153563125445547 -11.153563125445553 8.671566133830876
   vertex 9.60231072228102 -12.513974971181794 8.671566133830876
  endloop
 endfacet
 facet normal -0.5968253860034547 0.6805489214234295 -0.4250324977825037
  outer loop
   vertex 9.60231072228102 -12.513974971181794 8.671566133830876
   vertex 11.153563125445547 -11.153563125445553 8.671566133830876
   vertex 11.83412264686885 -11.834122646868858 6.626241948324205
  endloop
 endfacet
 facet normal -0.5968253860034544 0.68054892142343 -0.4250324977825032
  outer loop
   vertex 9.60231072228102 -12.513974971181794 8.671566133830876
   vertex 11.83412264686885 -11.834122646868858 6.626241948324205
   vertex 10.18821711974469 -13.277543054466431 6.626241948324205
  endloop
 endfacet
 facet normal -0.6272032443585019 0.7151882300445309 -0.30841836176197507
  outer loop
   vertex 10.18821711974469 -13.277543054466431 6.626241948324205
   vertex 11.83412264686885 -11.834122646868858 6.626241948324205
   vertex 12.328050984788831 -12.328050984788836 4.476417968967385
  endloop
 endfacet
 facet normal -0.627203244358502 0.7151882300445307 -0.3084183617619753
  outer loop
   vertex 10.18821711974469 -13.277543054466431 6.626241948324205
   vertex 12.328050984788831 -12.328050984788836 4.476417968967385
   vertex 10.613449247084088 -13.831716352162376 4.476417968967385
  endloop
 endfacet
 facet normal -0.647715630989268 0.7385781241823569 -0.18699415993940893
  outer loop
   vertex 10.613449247084088 -13.831716352162376 4.476417968967385
   vertex 12.328050984788831 -12.328050984788836 4.476417968967385
   vertex 12.627558594257998 -12.627558594258003 2.2559982041574806
  endloop
 endfacet
 facet normal -0.6477156309892678 0.7385781241823574 -0.18699415993940846
  outer loop
   vertex 10.613449247084088 -13.831716352162376 4.476417968967385
   vertex 12.627558594257998 -12.627558594258003 2.2559982041574806
   vertex 10.871300939629705 -14.167755220317876 2.2559982041574806
  endloop
 endfacet
 facet normal -0.6580502957651788 0.750362550802706 -0.06265660855980948
  outer loop
   vertex 10.871300939629705 -14.167755220317876 2.2559982041574806
   vertex 12.627558594257998 -12.627558594258003 2.2559982041574806
   vertex 12.727922061357852 -12.727922061357859 1.102182119232618e-15
  endloop
 endfacet
 facet normal -0.658050295765179 0.750362550802706 -0.0626566085598097
  outer loop
   vertex 10.871300939629705 -14.167755220317876 2.2559982041574806
   vertex 12.727922061357852 -12.727922061357859 1.102182119232618e-15
   vertex 10.95770572215697 -14.280360125242233 1.102182119232618e-15
  endloop
 endfacet
 facet normal -0.6580502957651789 0.750362550802706 0.06265660855980863
  outer loop
   vertex 10.95770572215697 -14.280360125242233 1.102182119232618e-15
   vertex 12.727922061357852 -12.727922061357859 1.102182119232618e-15
   vertex 12.627558594258 -12.627558594258005 -2.2559982041574704
  endloop
 endfacet
 facet normal -0.6580502957651794 0.7503625508027056 0.06265660855980823
  outer loop
   vertex 10.95770572215697 -14.280360125242233 1.102182119232618e-15
   vertex 12.627558594258 -12.627558594258005 -2.2559982041574704
   vertex 10.871300939629707 -14.16775522031788 -2.2559982041574704
  endloop
 endfacet
 facet normal -0.6477156309892681 0.7385781241823568 0.18699415993940885
  outer loop
   vertex 10.871300939629707 -14.16775522031788 -2.2559982041574704
   vertex 12.627558594258 -12.627558594258005 -2.2559982041574704
   vertex 12.328050984788831 -12.328050984788836 -4.476417968967388
  endloop
 endfacet
 facet normal -0.6477156309892681 0.7385781241823569 0.18699415993940904
  outer loop
   vertex 10.871300939629707 -14.16775522031788 -2.2559982041574704
   vertex 12.328050984788831 -12.328050984788836 -4.476417968967388
   vertex 10.613449247084088 -13.831716352162376 -4.476417968967388
  endloop
 endfacet
 facet normal -0.6272032443585023 0.7151882300445309 0.30841836176197424
  outer loop
   vertex 10.613449247084088 -13.831716352162376 -4.476417968967388
   vertex 12.328050984788831 -12.328050984788836 -4.476417968967388
   vertex 11.834122646868854 -11.83412264686886 -6.626241948324203
  endloop
 endfacet
 facet normal -0.6272032443585022 0.715188230044531 0.30841836176197435
  outer loop
   vertex 10.613449247084088 -13.831716352162376 -4.476417968967388
   vertex 11.834122646868854 -11.83412264686886 -6.626241948324203
   vertex 10.188217119744692 -13.277543054466435 -6.626241948324203
  endloop
 endfacet
 facet normal -0.5968253860034541 0.6805489214234295 0.42503249778250474
  outer loop
   vertex 10.188217119744692 -13.277543054466435 -6.626241948324203
   vertex 11.834122646868854 -11.83412264686886 -6.626241948324203
   vertex 11.15356312544555 -11.153563125445555 -8.67156613383087
  endloop
 endfacet
 facet normal -0.5968253860034539 0.6805489214234296 0.42503249778250485
  outer loop
   vertex 10.188217119744692 -13.277543054466435 -6.626241948324203
   vertex 11.15356312544555 -11.153563125445555 -8.67156613383087
   vertex 9.602310722281022 -12.513974971181794 -8.67156613383087
  endloop
 endfacet
 facet normal -0.5570462531858075 0.635189513849483 0.5350081805984938
  outer loop
   vertex 9.602310722281022 -12.513974971181794 -8.67156613383087
   vertex 11.15356312544555 -11.153563125445555 -8.67156613383087
   vertex 10.297105250718316 -10.29710525071832 -10.580134541264515
  endloop
 endfacet
 facet normal -0.5570462531858078 0.635189513849483 0.5350081805984938
  outer loop
   vertex 9.602310722281022 -12.513974971181794 -8.67156613383087
   vertex 10.297105250718316 -10.29710525071832 -10.580134541264515
   vertex 8.864970148584595 -11.55305402711532 -10.580134541264515
  endloop
 endfacet
 facet normal -0.5084767447195132 0.5798066039130553 0.6366126782732623
  outer loop
   vertex 8.864970148584595 -11.55305402711532 -10.580134541264515
   vertex 10.297105250718316 -10.29710525071832 -10.580134541264515
   vertex 9.278255874994736 -9.27825587499474 -12.321847906716396
  endloop
 endfacet
 facet normal -0.5084767447195134 0.5798066039130554 0.6366126782732623
  outer loop
   vertex 8.864970148584595 -11.55305402711532 -10.580134541264515
   vertex 9.278255874994736 -9.27825587499474 -12.321847906716396
   vertex 7.987823699968513 -10.409934519581286 -12.321847906716396
  endloop
 endfacet
 facet normal -0.45186712678573776 0.5152557062292218 0.728235989860861
  outer loop
   vertex 7.987823699968513 -10.409934519581286 -12.321847906716396
   vertex 9.278255874994736 -9.27825587499474 -12.321847906716396
   vertex 8.113082861561091 -8.113082861561095 -13.869238369964204
  endloop
 endfacet
 facet normal -0.4518671267857378 0.5152557062292217 0.728235989860861
  outer loop
   vertex 7.987823699968513 -10.409934519581286 -12.321847906716396
   vertex 8.113082861561091 -8.113082861561095 -13.869238369964204
   vertex 6.984704499909345 -9.102644126080005 -13.869238369964204
  endloop
 endfacet
 facet normal -0.3880974062794769 0.4425402763434057 0.8084172852265374
  outer loop
   vertex 6.984704499909345 -9.102644126080005 -13.869238369964204
   vertex 8.113082861561091 -8.113082861561095 -13.869238369964204
   vertex 6.819961684879842 -6.819961684879845 -15.197902659036272
  endloop
 endfacet
 facet normal -0.38809740627947686 0.4425402763434057 0.8084172852265374
  outer loop
   vertex 6.984704499909345 -9.102644126080005 -13.869238369964204
   vertex 6.819961684879842 -6.819961684879845 -15.197902659036272
   vertex 5.871432337426381 -7.651799597054409 -15.197902659036272
  endloop
 endfacet
 facet normal -0.3181652538126478 0.36279793955573447 0.8758701538016049
  outer loop
   vertex 5.871432337426381 -7.651799597054409 -15.197902659036272
   vertex 6.819961684879842 -6.819961684879845 -15.197902659036272
   vertex 5.419285638380408 -5.419285638380411 -16.28688694438835
  endloop
 endfacet
 facet normal -0.31816525381264804 0.3627979395557344 0.8758701538016047
  outer loop
   vertex 5.871432337426381 -7.651799597054409 -15.197902659036272
   vertex 5.419285638380408 -5.419285638380411 -16.28688694438835
   vertex 4.66556417955854 -6.080281617419754 -16.28688694438835
  endloop
 endfacet
 facet normal -0.2431714104260638 0.27728385046529147 0.9295059609397569
  outer loop
   vertex 4.66556417955854 -6.080281617419754 -16.28688694438835
   vertex 5.419285638380408 -5.419285638380411 -16.28688694438835
   vertex 3.933144220039395 -3.9331442200393973 -17.119017293312762
  endloop
 endfacet
 facet normal -0.24317141042606366 0.27728385046529147 0.9295059609397569
  outer loop
   vertex 4.66556417955854 -6.080281617419754 -16.28688694438835
   vertex 3.933144220039395 -3.9331442200393973 -17.119017293312762
   vertex 3.3861172875061154 -4.41287396449421 -17.119017293312762
  endloop
 endfacet
 facet normal -0.16430264233367964 0.18735125658102955 0.9684545153902068
  outer loop
   vertex 3.3861172875061154 -4.41287396449421 -17.119017293312762
   vertex 3.933144220039395 -3.9331442200393973 -17.119017293312762
   vertex 2.3849747678018796 -2.384974767801881 -17.681170513116395
  endloop
 endfacet
 facet normal -0.16430264233367972 0.18735125658102955 0.9684545153902067
  outer loop
   vertex 3.3861172875061154 -4.41287396449421 -17.119017293312762
   vertex 2.3849747678018796 -2.384974767801881 -17.681170513116395
   vertex 2.0532693030612896 -2.675872653025452 -17.681170513116395
  endloop
 endfacet
 facet normal -0.08281246271609612 0.09442951574035585 0.9920812278114817
  outer loop
   vertex 2.0532693030612896 -2.675872653025452 -17.681170513116395
   vertex 2.3849747678018796 -2.384974767801881 -17.681170513116395
   vertex 0.7991928387612715 -0.7991928387612718 -17.96448111170889
  endloop
 endfacet
 facet normal -0.08281246271609592 0.09442951574035578 0.9920812278114818
  outer loop
   vertex 2.0532693030612896 -2.675872653025452 -17.681170513116395
   vertex 0.7991928387612715 -0.7991928387612718 -17.96448111170889
   vertex 0.6880400351435684 -0.8966712313296534 -17.96448111170889
  endloop
 endfacet
 facet normal -0.09442951574035562 0.08281246271609598 -0.9920812278114818
  outer loop
   vertex 0.7991928387612688 -0.7991928387612691 17.96448111170889
   vertex 0.8966712313296501 -0.6880400351435666 17.96448111170889
   vertex 2.6758726530254515 -2.0532693030612914 17.681170513116395
  endloop
 endfacet
 facet normal -0.09442951574035559 0.08281246271609606 -0.9920812278114818
  outer loop
   vertex 0.7991928387612688 -0.7991928387612691 17.96448111170889
   vertex 2.6758726530254515 -2.0532693030612914 17.681170513116395
   vertex 2.38497476780188 -2.3849747678018813 17.681170513116395
  endloop
 endfacet
 facet normal -0.18735125658103022 0.16430264233368055 -0.9684545153902064
  outer loop
   vertex 2.38497476780188 -2.3849747678018813 17.681170513116395
   vertex 2.6758726530254515 -2.0532693030612914 17.681170513116395
   vertex 4.412873964494201 -3.386117287506112 17.119017293312762
  endloop
 endfacet
 facet normal -0.18735125658103016 0.16430264233368064 -0.9684545153902064
  outer loop
   vertex 2.38497476780188 -2.3849747678018813 17.681170513116395
   vertex 4.412873964494201 -3.386117287506112 17.119017293312762
   vertex 3.9331442200393885 -3.9331442200393902 17.119017293312762
  endloop
 endfacet
 facet normal -0.27728385046528975 0.24317141042606275 -0.9295059609397577
  outer loop
   vertex 3.9331442200393885 -3.9331442200393902 17.119017293312762
   vertex 4.412873964494201 -3.386117287506112 17.119017293312762
   vertex 6.080281617419748 -4.66556417955854 16.286886944388353
  endloop
 endfacet
 facet normal -0.27728385046528975 0.24317141042606263 -0.9295059609397577
  outer loop
   vertex 3.9331442200393885 -3.9331442200393902 17.119017293312762
   vertex 6.080281617419748 -4.66556417955854 16.286886944388353
   vertex 5.419285638380405 -5.4192856383804076 16.286886944388353
  endloop
 endfacet
 facet normal -0.3627979395557341 0.318165253812648 -0.8758701538016049
  outer loop
   vertex 5.419285638380405 -5.4192856383804076 16.286886944388353
   vertex 6.080281617419748 -4.66556417955854 16.286886944388353
   vertex 7.6517995970544055 -5.871432337426384 15.197902659036274
  endloop
 endfacet
 facet normal -0.3627979395557342 0.31816525381264815 -0.875870153801605
  outer loop
   vertex 5.419285638380405 -5.4192856383804076 16.286886944388353
   vertex 7.6517995970544055 -5.871432337426384 15.197902659036274
   vertex 6.819961684879841 -6.8199616848798446 15.197902659036274
  endloop
 endfacet
 facet normal -0.442540276343406 0.38809740627947786 -0.8084172852265369
  outer loop
   vertex 6.819961684879841 -6.8199616848798446 15.197902659036274
   vertex 7.6517995970544055 -5.871432337426384 15.197902659036274
   vertex 9.102644126079998 -6.984704499909347 13.869238369964206
  endloop
 endfacet
 facet normal -0.44254027634340587 0.38809740627947775 -0.8084172852265369
  outer loop
   vertex 6.819961684879841 -6.8199616848798446 15.197902659036274
   vertex 9.102644126079998 -6.984704499909347 13.869238369964206
   vertex 8.113082861561088 -8.113082861561091 13.869238369964206
  endloop
 endfacet
 facet normal -0.5152557062292208 0.4518671267857376 -0.7282359898608617
  outer loop
   vertex 8.113082861561088 -8.113082861561091 13.869238369964206
   vertex 9.102644126079998 -6.984704499909347 13.869238369964206
   vertex 10.409934519581284 -7.987823699968519 12.321847906716394
  endloop
 endfacet
 facet normal -0.5152557062292209 0.45186712678573726 -0.7282359898608618
  outer loop
   vertex 8.113082861561088 -8.113082861561091 13.869238369964206
   vertex 10.409934519581284 -7.987823699968519 12.321847906716394
   vertex 9.278255874994738 -9.278255874994741 12.321847906716394
  endloop
 endfacet
 facet normal -0.5798066039130549 0.5084767447195135 -0.6366126782732624
  outer loop
   vertex 9.278255874994738 -9.278255874994741 12.321847906716394
   vertex 10.409934519581284 -7.987823699968519 12.321847906716394
   vertex 11.553054027115316 -8.864970148584602 10.580134541264515
  endloop
 endfacet
 facet normal -0.5798066039130548 0.5084767447195141 -0.6366126782732621
  outer loop
   vertex 9.278255874994738 -9.278255874994741 12.321847906716394
   vertex 11.553054027115316 -8.864970148584602 10.580134541264515
   vertex 10.297105250718316 -10.29710525071832 10.580134541264515
  endloop
 endfacet
 facet normal -0.6351895138494819 0.5570462531858084 -0.5350081805984942
  outer loop
   vertex 10.297105250718316 -10.29710525071832 10.580134541264515
   vertex 11.553054027115316 -8.864970148584602 10.580134541264515
   vertex 12.51397497118179 -9.602310722281027 8.671566133830876
  endloop
 endfacet
 facet normal -0.6351895138494819 0.5570462531858087 -0.5350081805984942
  outer loop
   vertex 10.297105250718316 -10.29710525071832 10.580134541264515
   vertex 12.51397497118179 -9.602310722281027 8.671566133830876
   vertex 11.153563125445547 -11.153563125445553 8.671566133830876
  endloop
 endfacet
 facet normal -0.680548921423429 0.5968253860034557 -0.42503249778250324
  outer loop
   vertex 11.153563125445547 -11.153563125445553 8.671566133830876
   vertex 12.51397497118179 -9.602310722281027 8.671566133830876
   vertex 13.277543054466427 -10.188217119744698 6.626241948324205
  endloop
 endfacet
 facet normal -0.6805489214234292 0.5968253860034551 -0.4250324977825037
  outer loop
   vertex 11.153563125445547 -11.153563125445553 8.671566133830876
   vertex 13.277543054466427 -10.188217119744698 6.626241948324205
   vertex 11.83412264686885 -11.834122646868858 6.626241948324205
  endloop
 endfacet
 facet normal -0.71518823004453 0.6272032443585028 -0.3084183617619753
  outer loop
   vertex 11.83412264686885 -11.834122646868858 6.626241948324205
   vertex 13.277543054466427 -10.188217119744698 6.626241948324205
   vertex 13.831716352162372 -10.613449247084095 4.476417968967385
  endloop
 endfacet
 facet normal -0.71518823004453 0.6272032443585028 -0.3084183617619752
  outer loop
   vertex 11.83412264686885 -11.834122646868858 6.626241948324205
   vertex 13.831716352162372 -10.613449247084095 4.476417968967385
   vertex 12.328050984788831 -12.328050984788836 4.476417968967385
  endloop
 endfacet
 facet normal -0.7385781241823561 0.6477156309892688 -0.18699415993940893
  outer loop
   vertex 12.328050984788831 -12.328050984788836 4.476417968967385
   vertex 13.831716352162372 -10.613449247084095 4.476417968967385
   vertex 14.167755220317872 -10.871300939629714 2.2559982041574806
  endloop
 endfacet
 facet normal -0.7385781241823561 0.6477156309892689 -0.18699415993940888
  outer loop
   vertex 12.328050984788831 -12.328050984788836 4.476417968967385
   vertex 14.167755220317872 -10.871300939629714 2.2559982041574806
   vertex 12.627558594257998 -12.627558594258003 2.2559982041574806
  endloop
 endfacet
 facet normal -0.750362550802705 0.65805029576518 -0.06265660855980969
  outer loop
   vertex 12.627558594257998 -12.627558594258003 2.2559982041574806
   vertex 14.167755220317872 -10.871300939629714 2.2559982041574806
   vertex 14.280360125242229 -10.957705722156978 1.102182119232618e-15
  endloop
 endfacet
 facet normal -0.7503625508027049 0.6580502957651801 -0.06265660855980947
  outer loop
   vertex 12.627558594257998 -12.627558594258003 2.2559982041574806
   vertex 14.280360125242229 -10.957705722156978 1.102182119232618e-15
   vertex 12.727922061357852 -12.727922061357859 1.102182119232618e-15
  endloop
 endfacet
 facet normal -0.7503625508027048 0.6580502957651801 0.06265660855980826
  outer loop
   vertex 12.727922061357852 -12.727922061357859 1.102182119232618e-15
   vertex 14.280360125242229 -10.957705722156978 1.102182119232618e-15
   vertex 14.167755220317876 -10.871300939629716 -2.2559982041574704
  endloop
 endfacet
 facet normal -0.7503625508027045 0.6580502957651804 0.06265660855980859
  outer loop
   vertex 12.727922061357852 -12.727922061357859 1.102182119232618e-15
   vertex 14.167755220317876 -10.871300939629716 -2.2559982041574704
   vertex 12.627558594258 -12.627558594258005 -2.2559982041574704
  endloop
 endfacet
 facet normal -0.7385781241823557 0.6477156309892692 0.18699415993940952
  outer loop
   vertex 12.627558594258 -12.627558594258005 -2.2559982041574704
   vertex 14.167755220317876 -10.871300939629716 -2.2559982041574704
   vertex 13.831716352162372 -10.613449247084095 -4.476417968967388
  endloop
 endfacet
 facet normal -0.7385781241823562 0.6477156309892689 0.1869941599394089
  outer loop
   vertex 12.627558594258 -12.627558594258005 -2.2559982041574704
   vertex 13.831716352162372 -10.613449247084095 -4.476417968967388
   vertex 12.328050984788831 -12.328050984788836 -4.476417968967388
  endloop
 endfacet
 facet normal -0.7151882300445301 0.627203244358503 0.3084183617619743
  outer loop
   vertex 12.328050984788831 -12.328050984788836 -4.476417968967388
   vertex 13.831716352162372 -10.613449247084095 -4.476417968967388
   vertex 13.277543054466431 -10.1882171197447 -6.626241948324203
  endloop
 endfacet
 facet normal -0.7151882300445302 0.627203244358503 0.3084183617619742
  outer loop
   vertex 12.328050984788831 -12.328050984788836 -4.476417968967388
   vertex 13.277543054466431 -10.1882171197447 -6.626241948324203
   vertex 11.834122646868854 -11.83412264686886 -6.626241948324203
  endloop
 endfacet
 facet normal -0.6805489214234287 0.5968253860034548 0.42503249778250485
  outer loop
   vertex 11.834122646868854 -11.83412264686886 -6.626241948324203
   vertex 13.277543054466431 -10.1882171197447 -6.626241948324203
   vertex 12.51397497118179 -9.602310722281029 -8.67156613383087
  endloop
 endfacet
 facet normal -0.6805489214234289 0.5968253860034548 0.4250324977825048
  outer loop
   vertex 11.834122646868854 -11.83412264686886 -6.626241948324203
   vertex 12.51397497118179 -9.602310722281029 -8.67156613383087
   vertex 11.15356312544555 -11.153563125445555 -8.67156613383087
  endloop
 endfacet
 facet normal -0.6351895138494825 0.5570462531858085 0.5350081805984936
  outer loop
   vertex 11.15356312544555 -11.153563125445555 -8.67156613383087
   vertex 12.51397497118179 -9.602310722281029 -8.67156613383087
   vertex 11.553054027115316 -8.864970148584602 -10.580134541264515
  endloop
 endfacet
 facet normal -0.6351895138494823 0.5570462531858087 0.5350081805984939
  outer loop
   vertex 11.15356312544555 -11.153563125445555 -8.67156613383087
   vertex 11.553054027115316 -8.864970148584602 -10.580134541264515
   vertex 10.297105250718316 -10.29710525071832 -10.580134541264515
  endloop
 endfacet
 facet normal -0.5798066039130546 0.5084767447195139 0.6366126782732625
  outer loop
   vertex 10.297105250718316 -10.29710525071832 -10.580134541264515
   vertex 11.553054027115316 -8.864970148584602 -10.580134541264515
   vertex 10.409934519581283 -7.987823699968518 -12.321847906716396
  endloop
 endfacet
 facet normal -0.5798066039130549 0.5084767447195138 0.6366126782732624
  outer loop
   vertex 10.297105250718316 -10.29710525071832 -10.580134541264515
   vertex 10.409934519581283 -7.987823699968518 -12.321847906716396
   vertex 9.278255874994736 -9.27825587499474 -12.321847906716396
  endloop
 endfacet
 facet normal -0.5152557062292216 0.45186712678573826 0.7282359898608607
  outer loop
   vertex 9.278255874994736 -9.27825587499474 -12.321847906716396
   vertex 10.409934519581283 -7.987823699968518 -12.321847906716396
   vertex 9.102644126080003 -6.98470449990935 -13.869238369964204
  endloop
 endfacet
 facet normal -0.5152557062292209 0.4518671267857385 0.728235989860861
  outer loop
   vertex 9.278255874994736 -9.27825587499474 -12.321847906716396
   vertex 9.102644126080003 -6.98470449990935 -13.869238369964204
   vertex 8.113082861561091 -8.113082861561095 -13.869238369964204
  endloop
 endfacet
 facet normal -0.4425402763434048 0.3880974062794775 0.8084172852265377
  outer loop
   vertex 8.113082861561091 -8.113082861561095 -13.869238369964204
   vertex 9.102644126080003 -6.98470449990935 -13.869238369964204
   vertex 7.651799597054406 -5.871432337426385 -15.197902659036272
  endloop
 endfacet
 facet normal -0.4425402763434053 0.38809740627947725 0.8084172852265374
  outer loop
   vertex 8.113082861561091 -8.113082861561095 -13.869238369964204
   vertex 7.651799597054406 -5.871432337426385 -15.197902659036272
   vertex 6.819961684879842 -6.819961684879845 -15.197902659036272
  endloop
 endfacet
 facet normal -0.3627979395557342 0.31816525381264815 0.8758701538016049
  outer loop
   vertex 6.819961684879842 -6.819961684879845 -15.197902659036272
   vertex 7.651799597054406 -5.871432337426385 -15.197902659036272
   vertex 6.080281617419752 -4.665564179558543 -16.28688694438835
  endloop
 endfacet
 facet normal -0.36279793955573414 0.31816525381264815 0.8758701538016049
  outer loop
   vertex 6.819961684879842 -6.819961684879845 -15.197902659036272
   vertex 6.080281617419752 -4.665564179558543 -16.28688694438835
   vertex 5.419285638380408 -5.419285638380411 -16.28688694438835
  endloop
 endfacet
 facet normal -0.2772838504652913 0.243171410426064 0.9295059609397567
  outer loop
   vertex 5.419285638380408 -5.419285638380411 -16.28688694438835
   vertex 6.080281617419752 -4.665564179558543 -16.28688694438835
   vertex 4.412873964494209 -3.3861172875061176 -17.119017293312762
  endloop
 endfacet
 facet normal -0.2772838504652913 0.24317141042606402 0.9295059609397569
  outer loop
   vertex 5.419285638380408 -5.419285638380411 -16.28688694438835
   vertex 4.412873964494209 -3.3861172875061176 -17.119017293312762
   vertex 3.933144220039395 -3.9331442200393973 -17.119017293312762
  endloop
 endfacet
 facet normal -0.18735125658102936 0.16430264233367992 0.9684545153902068
  outer loop
   vertex 3.933144220039395 -3.9331442200393973 -17.119017293312762
   vertex 4.412873964494209 -3.3861172875061176 -17.119017293312762
   vertex 2.6758726530254515 -2.053269303061291 -17.681170513116395
  endloop
 endfacet
 facet normal -0.18735125658102927 0.1643026423336799 0.9684545153902068
  outer loop
   vertex 3.933144220039395 -3.9331442200393973 -17.119017293312762
   vertex 2.6758726530254515 -2.053269303061291 -17.681170513116395
   vertex 2.3849747678018796 -2.384974767801881 -17.681170513116395
  endloop
 endfacet
 facet normal -0.09442951574035571 0.08281246271609624 0.9920812278114817
  outer loop
   vertex 2.3849747678018796 -2.384974767801881 -17.681170513116395
   vertex 2.6758726530254515 -2.053269303061291 -17.681170513116395
   vertex 0.8966712313296531 -0.6880400351435689 -17.96448111170889
  endloop
 endfacet
 facet normal -0.09442951574035574 0.0828124627160962 0.9920812278114818
  outer loop
   vertex 2.3849747678018796 -2.384974767801881 -17.681170513116395
   vertex 0.8966712313296531 -0.6880400351435689 -17.96448111170889
   vertex 0.7991928387612715 -0.7991928387612718 -17.96448111170889
  endloop
 endfacet
 facet normal -0.10443085356948993 0.0697784654948116 -0.9920812278114818
  outer loop
   vertex 0.8966712313296501 -0.6880400351435666 17.96448111170889
   vertex 0.978807330525749 -0.5651146757638209 17.96448111170889
   vertex 2.920985615263698 -1.686431831271523 17.681170513116395
  endloop
 endfacet
 facet normal -0.10443085356948996 0.06977846549481159 -0.9920812278114818
  outer loop
   vertex 0.8966712313296501 -0.6880400351435666 17.96448111170889
   vertex 2.920985615263698 -1.686431831271523 17.681170513116395
   vertex 2.6758726530254515 -2.0532693030612914 17.681170513116395
  endloop
 endfacet
 facet normal -0.20719423888469712 0.13844276432270272 -0.9684545153902064
  outer loop
   vertex 2.6758726530254515 -2.0532693030612914 17.681170513116395
   vertex 2.920985615263698 -1.686431831271523 17.681170513116395
   vertex 4.817098211936712 -2.7811529493745293 17.119017293312762
  endloop
 endfacet
 facet normal -0.20719423888469707 0.1384427643227028 -0.9684545153902064
  outer loop
   vertex 2.6758726530254515 -2.0532693030612914 17.681170513116395
   vertex 4.817098211936712 -2.7811529493745293 17.119017293312762
   vertex 4.412873964494201 -3.386117287506112 17.119017293312762
  endloop
 endfacet
 facet normal -0.3066518869454491 0.20489824013459304 -0.9295059609397577
  outer loop
   vertex 4.412873964494201 -3.386117287506112 17.119017293312762
   vertex 4.817098211936712 -2.7811529493745293 17.119017293312762
   vertex 6.637242292212494 -3.832013624085657 16.286886944388353
  endloop
 endfacet
 facet normal -0.30665188694544904 0.20489824013459304 -0.9295059609397576
  outer loop
   vertex 4.412873964494201 -3.386117287506112 17.119017293312762
   vertex 6.637242292212494 -3.832013624085657 16.286886944388353
   vertex 6.080281617419748 -4.66556417955854 16.286886944388353
  endloop
 endfacet
 facet normal -0.4012230519664302 0.26808867236475337 -0.875870153801605
  outer loop
   vertex 6.080281617419748 -4.66556417955854 16.286886944388353
   vertex 6.637242292212494 -3.832013624085657 16.286886944388353
   vertex 8.352713096643726 -4.822441154810973 15.197902659036274
  endloop
 endfacet
 facet normal -0.40122305196643016 0.26808867236475353 -0.875870153801605
  outer loop
   vertex 6.080281617419748 -4.66556417955854 16.286886944388353
   vertex 8.352713096643726 -4.822441154810973 15.197902659036274
   vertex 7.6517995970544055 -5.871432337426384 15.197902659036274
  endloop
 endfacet
 facet normal -0.4894111595837546 0.3270140819931779 -0.8084172852265369
  outer loop
   vertex 7.6517995970544055 -5.871432337426384 15.197902659036274
   vertex 8.352713096643726 -4.822441154810973 15.197902659036274
   vertex 9.936456625871939 -5.736815907738212 13.869238369964206
  endloop
 endfacet
 facet normal -0.48941115958375453 0.327014081993178 -0.8084172852265369
  outer loop
   vertex 7.6517995970544055 -5.871432337426384 15.197902659036274
   vertex 9.936456625871939 -5.736815907738212 13.869238369964206
   vertex 9.102644126079998 -6.984704499909347 13.869238369964206
  endloop
 endfacet
 facet normal -0.5698281176832525 0.3807469755217139 -0.7282359898608616
  outer loop
   vertex 9.102644126079998 -6.984704499909347 13.869238369964206
   vertex 9.936456625871939 -5.736815907738212 13.869238369964206
   vertex 11.363496298358683 -6.56071764679271 12.321847906716394
  endloop
 endfacet
 facet normal -0.5698281176832524 0.3807469755217136 -0.7282359898608617
  outer loop
   vertex 9.102644126079998 -6.984704499909347 13.869238369964206
   vertex 11.363496298358683 -6.56071764679271 12.321847906716394
   vertex 10.409934519581284 -7.987823699968519 12.321847906716394
  endloop
 endfacet
 facet normal -0.6412158113608842 0.4284467074474338 -0.6366126782732623
  outer loop
   vertex 10.409934519581284 -7.987823699968519 12.321847906716394
   vertex 11.363496298358683 -6.56071764679271 12.321847906716394
   vertex 12.611326845996658 -7.281152949374533 10.580134541264515
  endloop
 endfacet
 facet normal -0.6412158113608842 0.4284467074474334 -0.6366126782732624
  outer loop
   vertex 10.409934519581284 -7.987823699968519 12.321847906716394
   vertex 12.611326845996658 -7.281152949374533 10.580134541264515
   vertex 11.553054027115316 -8.864970148584602 10.580134541264515
  endloop
 endfacet
 facet normal -0.7024645058233885 0.4693717766877249 -0.5350081805984945
  outer loop
   vertex 11.553054027115316 -8.864970148584602 10.580134541264515
   vertex 12.611326845996658 -7.281152949374533 10.580134541264515
   vertex 13.660269235631777 -7.886760120394779 8.671566133830876
  endloop
 endfacet
 facet normal -0.7024645058233883 0.469371776687725 -0.5350081805984942
  outer loop
   vertex 11.553054027115316 -8.864970148584602 10.580134541264515
   vertex 13.660269235631777 -7.886760120394779 8.671566133830876
   vertex 12.51397497118179 -9.602310722281027 8.671566133830876
  endloop
 endfacet
 facet normal -0.7526280761140419 0.502890002757703 -0.42503249778250324
  outer loop
   vertex 12.51397497118179 -9.602310722281027 8.671566133830876
   vertex 13.660269235631777 -7.886760120394779 8.671566133830876
   vertex 14.493781019171681 -8.367988372994269 6.626241948324205
  endloop
 endfacet
 facet normal -0.7526280761140418 0.5028900027577028 -0.4250324977825032
  outer loop
   vertex 12.51397497118179 -9.602310722281027 8.671566133830876
   vertex 14.493781019171681 -8.367988372994269 6.626241948324205
   vertex 13.277543054466427 -10.188217119744698 6.626241948324205
  endloop
 endfacet
 facet normal -0.7909361468268582 0.5284866372679087 -0.308418361761975
  outer loop
   vertex 13.277543054466427 -10.188217119744698 6.626241948324205
   vertex 14.493781019171681 -8.367988372994269 6.626241948324205
   vertex 15.098717217874148 -8.717248450157687 4.476417968967385
  endloop
 endfacet
 facet normal -0.7909361468268583 0.5284866372679083 -0.3084183617619753
  outer loop
   vertex 13.277543054466427 -10.188217119744698 6.626241948324205
   vertex 15.098717217874148 -8.717248450157687 4.476417968967385
   vertex 13.831716352162372 -10.613449247084095 4.476417968967385
  endloop
 endfacet
 facet normal -0.816803340898143 0.5457705437692536 -0.1869941599394091
  outer loop
   vertex 13.831716352162372 -10.613449247084095 4.476417968967385
   vertex 15.098717217874148 -8.717248450157687 4.476417968967385
   vertex 15.465537626514266 -8.929032311830307 2.2559982041574806
  endloop
 endfacet
 facet normal -0.8168033408981428 0.5457705437692538 -0.1869941599394089
  outer loop
   vertex 13.831716352162372 -10.613449247084095 4.476417968967385
   vertex 15.465537626514266 -8.929032311830307 2.2559982041574806
   vertex 14.167755220317872 -10.871300939629714 2.2559982041574806
  endloop
 endfacet
 facet normal -0.8298358945561948 0.5544786177211011 -0.06265660855980944
  outer loop
   vertex 14.167755220317872 -10.871300939629714 2.2559982041574806
   vertex 15.465537626514266 -8.929032311830307 2.2559982041574806
   vertex 15.58845726811989 -9.000000000000007 1.102182119232618e-15
  endloop
 endfacet
 facet normal -0.8298358945561949 0.5544786177211009 -0.06265660855980967
  outer loop
   vertex 14.167755220317872 -10.871300939629714 2.2559982041574806
   vertex 15.58845726811989 -9.000000000000007 1.102182119232618e-15
   vertex 14.280360125242229 -10.957705722156978 1.102182119232618e-15
  endloop
 endfacet
 facet normal -0.8298358945561948 0.5544786177211009 0.06265660855980862
  outer loop
   vertex 14.280360125242229 -10.957705722156978 1.102182119232618e-15
   vertex 15.58845726811989 -9.000000000000007 1.102182119232618e-15
   vertex 15.465537626514267 -8.929032311830309 -2.2559982041574704
  endloop
 endfacet
 facet normal -0.8298358945561951 0.5544786177211005 0.06265660855980817
  outer loop
   vertex 14.280360125242229 -10.957705722156978 1.102182119232618e-15
   vertex 15.465537626514267 -8.929032311830309 -2.2559982041574704
   vertex 14.167755220317876 -10.871300939629716 -2.2559982041574704
  endloop
 endfacet
 facet normal -0.8168033408981431 0.5457705437692533 0.18699415993940915
  outer loop
   vertex 14.167755220317876 -10.871300939629716 -2.2559982041574704
   vertex 15.465537626514267 -8.929032311830309 -2.2559982041574704
   vertex 15.098717217874148 -8.717248450157687 -4.476417968967388
  endloop
 endfacet
 facet normal -0.8168033408981429 0.5457705437692536 0.18699415993940957
  outer loop
   vertex 14.167755220317876 -10.871300939629716 -2.2559982041574704
   vertex 15.098717217874148 -8.717248450157687 -4.476417968967388
   vertex 13.831716352162372 -10.613449247084095 -4.476417968967388
  endloop
 endfacet
 facet normal -0.7909361468268586 0.5284866372679087 0.308418361761974
  outer loop
   vertex 13.831716352162372 -10.613449247084095 -4.476417968967388
   vertex 15.098717217874148 -8.717248450157687 -4.476417968967388
   vertex 14.493781019171685 -8.36798837299427 -6.626241948324203
  endloop
 endfacet
 facet normal -0.7909361468268584 0.5284866372679088 0.3084183617619743
  outer loop
   vertex 13.831716352162372 -10.613449247084095 -4.476417968967388
   vertex 14.493781019171685 -8.36798837299427 -6.626241948324203
   vertex 13.277543054466431 -10.1882171197447 -6.626241948324203
  endloop
 endfacet
 facet normal -0.7526280761140414 0.5028900027577025 0.42503249778250435
  outer loop
   vertex 13.277543054466431 -10.1882171197447 -6.626241948324203
   vertex 14.493781019171685 -8.36798837299427 -6.626241948324203
   vertex 13.660269235631779 -7.88676012039478 -8.67156613383087
  endloop
 endfacet
 facet normal -0.7526280761140409 0.5028900027577029 0.42503249778250485
  outer loop
   vertex 13.277543054466431 -10.1882171197447 -6.626241948324203
   vertex 13.660269235631779 -7.88676012039478 -8.67156613383087
   vertex 12.51397497118179 -9.602310722281029 -8.67156613383087
  endloop
 endfacet
 facet normal -0.7024645058233883 0.46937177668772545 0.5350081805984941
  outer loop
   vertex 12.51397497118179 -9.602310722281029 -8.67156613383087
   vertex 13.660269235631779 -7.88676012039478 -8.67156613383087
   vertex 12.611326845996658 -7.281152949374533 -10.580134541264515
  endloop
 endfacet
 facet normal -0.702464505823389 0.46937177668772506 0.5350081805984935
  outer loop
   vertex 12.51397497118179 -9.602310722281029 -8.67156613383087
   vertex 12.611326845996658 -7.281152949374533 -10.580134541264515
   vertex 11.553054027115316 -8.864970148584602 -10.580134541264515
  endloop
 endfacet
 facet normal -0.6412158113608845 0.4284467074474337 0.6366126782732618
  outer loop
   vertex 11.553054027115316 -8.864970148584602 -10.580134541264515
   vertex 12.611326845996658 -7.281152949374533 -10.580134541264515
   vertex 11.363496298358683 -6.5607176467927095 -12.321847906716396
  endloop
 endfacet
 facet normal -0.6412158113608837 0.42844670744743424 0.6366126782732625
  outer loop
   vertex 11.553054027115316 -8.864970148584602 -10.580134541264515
   vertex 11.363496298358683 -6.5607176467927095 -12.321847906716396
   vertex 10.409934519581283 -7.987823699968518 -12.321847906716396
  endloop
 endfacet
 facet normal -0.5698281176832527 0.38074697552171455 0.7282359898608609
  outer loop
   vertex 10.409934519581283 -7.987823699968518 -12.321847906716396
   vertex 11.363496298358683 -6.5607176467927095 -12.321847906716396
   vertex 9.936456625871944 -5.736815907738214 -13.869238369964204
  endloop
 endfacet
 facet normal -0.5698281176832534 0.3807469755217142 0.7282359898608607
  outer loop
   vertex 10.409934519581283 -7.987823699968518 -12.321847906716396
   vertex 9.936456625871944 -5.736815907738214 -13.869238369964204
   vertex 9.102644126080003 -6.98470449990935 -13.869238369964204
  endloop
 endfacet
 facet normal -0.48941115958375386 0.32701408199317733 0.8084172852265376
  outer loop
   vertex 9.102644126080003 -6.98470449990935 -13.869238369964204
   vertex 9.936456625871944 -5.736815907738214 -13.869238369964204
   vertex 8.352713096643727 -4.822441154810974 -15.197902659036272
  endloop
 endfacet
 facet normal -0.4894111595837535 0.3270140819931775 0.8084172852265376
  outer loop
   vertex 9.102644126080003 -6.98470449990935 -13.869238369964204
   vertex 8.352713096643727 -4.822441154810974 -15.197902659036272
   vertex 7.651799597054406 -5.871432337426385 -15.197902659036272
  endloop
 endfacet
 facet normal -0.40122305196643004 0.26808867236475376 0.875870153801605
  outer loop
   vertex 7.651799597054406 -5.871432337426385 -15.197902659036272
   vertex 8.352713096643727 -4.822441154810974 -15.197902659036272
   vertex 6.637242292212498 -3.8320136240856595 -16.28688694438835
  endloop
 endfacet
 facet normal -0.4012230519664303 0.26808867236475353 0.8758701538016049
  outer loop
   vertex 7.651799597054406 -5.871432337426385 -15.197902659036272
   vertex 6.637242292212498 -3.8320136240856595 -16.28688694438835
   vertex 6.080281617419752 -4.665564179558543 -16.28688694438835
  endloop
 endfacet
 facet normal -0.3066518869454507 0.20489824013459407 0.9295059609397569
  outer loop
   vertex 6.080281617419752 -4.665564179558543 -16.28688694438835
   vertex 6.637242292212498 -3.8320136240856595 -16.28688694438835
   vertex 4.81709821193672 -2.781152949374534 -17.119017293312762
  endloop
 endfacet
 facet normal -0.3066518869454508 0.204898240134594 0.9295059609397567
  outer loop
   vertex 6.080281617419752 -4.665564179558543 -16.28688694438835
   vertex 4.81709821193672 -2.781152949374534 -17.119017293312762
   vertex 4.412873964494209 -3.3861172875061176 -17.119017293312762
  endloop
 endfacet
 facet normal -0.20719423888469635 0.13844276432270206 0.9684545153902068
  outer loop
   vertex 4.412873964494209 -3.3861172875061176 -17.119017293312762
   vertex 4.81709821193672 -2.781152949374534 -17.119017293312762
   vertex 2.920985615263698 -1.6864318312715227 -17.681170513116395
  endloop
 endfacet
 facet normal -0.20719423888469624 0.13844276432270225 0.9684545153902067
  outer loop
   vertex 4.412873964494209 -3.3861172875061176 -17.119017293312762
   vertex 2.920985615263698 -1.6864318312715227 -17.681170513116395
   vertex 2.6758726530254515 -2.053269303061291 -17.681170513116395
  endloop
 endfacet
 facet normal -0.10443085356949014 0.06977846549481169 0.9920812278114817
  outer loop
   vertex 2.6758726530254515 -2.053269303061291 -17.681170513116395
   vertex 2.920985615263698 -1.6864318312715227 -17.681170513116395
   vertex 0.9788073305257522 -0.5651146757638228 -17.96448111170889
  endloop
 endfacet
 facet normal -0.10443085356949004 0.0697784654948117 0.9920812278114817
  outer loop
   vertex 2.6758726530254515 -2.053269303061291 -17.681170513116395
   vertex 0.9788073305257522 -0.5651146757638228 -17.96448111170889
   vertex 0.8966712313296531 -0.6880400351435689 -17.96448111170889
  endloop
 endfacet
 facet normal -0.11264535054034762 0.055550539382665395 -0.9920812278114818
  outer loop
   vertex 0.978807330525749 -0.5651146757638209 17.96448111170889
   vertex 1.0441957649198912 -0.43252004760236784 17.96448111170889
   vertex 3.1161197037745723 -1.2907390432814616 17.681170513116395
  endloop
 endfacet
 facet normal -0.11264535054034755 0.05555053938266551 -0.9920812278114818
  outer loop
   vertex 0.978807330525749 -0.5651146757638209 17.96448111170889
   vertex 3.1161197037745723 -1.2907390432814616 17.681170513116395
   vertex 2.920985615263698 -1.686431831271523 17.681170513116395
  endloop
 endfacet
 facet normal -0.22349207031595092 0.11021409223057825 -0.9684545153902064
  outer loop
   vertex 2.920985615263698 -1.686431831271523 17.681170513116395
   vertex 3.1161197037745723 -1.2907390432814616 17.681170513116395
   vertex 5.138900573421047 -2.128602313197877 17.119017293312762
  endloop
 endfacet
 facet normal -0.22349207031595095 0.11021409223057826 -0.9684545153902064
  outer loop
   vertex 2.920985615263698 -1.686431831271523 17.681170513116395
   vertex 5.138900573421047 -2.128602313197877 17.119017293312762
   vertex 4.817098211936712 -2.7811529493745293 17.119017293312762
  endloop
 endfacet
 facet normal -0.3307730246200061 0.16311920414589645 -0.9295059609397576
  outer loop
   vertex 4.817098211936712 -2.7811529493745293 17.119017293312762
   vertex 5.138900573421047 -2.128602313197877 17.119017293312762
   vertex 7.080637911194269 -2.932896253069774 16.286886944388353
  endloop
 endfacet
 facet normal -0.3307730246200061 0.16311920414589637 -0.9295059609397576
  outer loop
   vertex 4.817098211936712 -2.7811529493745293 17.119017293312762
   vertex 7.080637911194269 -2.932896253069774 16.286886944388353
   vertex 6.637242292212494 -3.832013624085657 16.286886944388353
  endloop
 endfacet
 facet normal -0.43278312671793456 0.2134250194044763 -0.8758701538016049
  outer loop
   vertex 6.637242292212494 -3.832013624085657 16.286886944388353
   vertex 7.080637911194269 -2.932896253069774 16.286886944388353
   vertex 8.910709359339894 -3.690936667003464 15.197902659036274
  endloop
 endfacet
 facet normal -0.43278312671793456 0.2134250194044761 -0.875870153801605
  outer loop
   vertex 6.637242292212494 -3.832013624085657 16.286886944388353
   vertex 8.910709359339894 -3.690936667003464 15.197902659036274
   vertex 8.352713096643726 -4.822441154810973 15.197902659036274
  endloop
 endfacet
 facet normal -0.5279080821932162 0.26033545609854286 -0.808417285226537
  outer loop
   vertex 8.352713096643726 -4.822441154810973 15.197902659036274
   vertex 8.910709359339894 -3.690936667003464 15.197902659036274
   vertex 10.600253597888972 -4.3907688048398175 13.869238369964206
  endloop
 endfacet
 facet normal -0.5279080821932163 0.26033545609854325 -0.8084172852265369
  outer loop
   vertex 8.352713096643726 -4.822441154810973 15.197902659036274
   vertex 10.600253597888972 -4.3907688048398175 13.869238369964206
   vertex 9.936456625871939 -5.736815907738212 13.869238369964206
  endloop
 endfacet
 facet normal -0.6146506120575218 0.30311213794350944 -0.7282359898608616
  outer loop
   vertex 9.936456625871939 -5.736815907738212 13.869238369964206
   vertex 10.600253597888972 -4.3907688048398175 13.869238369964206
   vertex 12.122625504914783 -5.021355895705701 12.321847906716394
  endloop
 endfacet
 facet normal -0.6146506120575217 0.3031121379435094 -0.7282359898608616
  outer loop
   vertex 9.936456625871939 -5.736815907738212 13.869238369964206
   vertex 12.122625504914783 -5.021355895705701 12.321847906716394
   vertex 11.363496298358683 -6.56071764679271 12.321847906716394
  endloop
 endfacet
 facet normal -0.6916536384977189 0.34108582822306033 -0.636612678273262
  outer loop
   vertex 11.363496298358683 -6.56071764679271 12.321847906716394
   vertex 12.122625504914783 -5.021355895705701 12.321847906716394
   vertex 13.453816366022625 -5.572753204483691 10.580134541264515
  endloop
 endfacet
 facet normal -0.6916536384977188 0.34108582822305994 -0.6366126782732622
  outer loop
   vertex 11.363496298358683 -6.56071764679271 12.321847906716394
   vertex 13.453816366022625 -5.572753204483691 10.580134541264515
   vertex 12.611326845996658 -7.281152949374533 10.580134541264515
  endloop
 endfacet
 facet normal -0.7577201353427002 0.3736662189560742 -0.5350081805984945
  outer loop
   vertex 12.611326845996658 -7.281152949374533 10.580134541264515
   vertex 13.453816366022625 -5.572753204483691 10.580134541264515
   vertex 14.57283250611796 -6.03626486622557 8.671566133830876
  endloop
 endfacet
 facet normal -0.7577201353427002 0.3736662189560742 -0.5350081805984945
  outer loop
   vertex 12.611326845996658 -7.281152949374533 10.580134541264515
   vertex 14.57283250611796 -6.03626486622557 8.671566133830876
   vertex 13.660269235631777 -7.886760120394779 8.671566133830876
  endloop
 endfacet
 facet normal -0.8118295557544177 0.40035003213731757 -0.42503249778250324
  outer loop
   vertex 13.660269235631777 -7.886760120394779 8.671566133830876
   vertex 14.57283250611796 -6.03626486622557 8.671566133830876
   vertex 15.462026372203638 -6.404581025137225 6.626241948324205
  endloop
 endfacet
 facet normal -0.8118295557544177 0.4003500321373176 -0.4250324977825031
  outer loop
   vertex 13.660269235631777 -7.886760120394779 8.671566133830876
   vertex 15.462026372203638 -6.404581025137225 6.626241948324205
   vertex 14.493781019171681 -8.367988372994269 6.626241948324205
  endloop
 endfacet
 facet normal -0.8531509268480494 0.42072747728948423 -0.30841836176197585
  outer loop
   vertex 14.493781019171681 -8.367988372994269 6.626241948324205
   vertex 15.462026372203638 -6.404581025137225 6.626241948324205
   vertex 16.10737484583283 -6.671893115371211 4.476417968967385
  endloop
 endfacet
 facet normal -0.8531509268480492 0.4207274772894851 -0.30841836176197507
  outer loop
   vertex 14.493781019171681 -8.367988372994269 6.626241948324205
   vertex 16.10737484583283 -6.671893115371211 4.476417968967385
   vertex 15.098717217874148 -8.717248450157687 4.476417968967385
  endloop
 endfacet
 facet normal -0.8810528259904915 0.43448717122916736 -0.18699415993940857
  outer loop
   vertex 15.098717217874148 -8.717248450157687 4.476417968967385
   vertex 16.10737484583283 -6.671893115371211 4.476417968967385
   vertex 16.4987003960639 -6.833985465580034 2.2559982041574806
  endloop
 endfacet
 facet normal -0.8810528259904915 0.43448717122916664 -0.18699415993940915
  outer loop
   vertex 15.098717217874148 -8.717248450157687 4.476417968967385
   vertex 16.4987003960639 -6.833985465580034 2.2559982041574806
   vertex 15.465537626514266 -8.929032311830307 2.2559982041574806
  endloop
 endfacet
 facet normal -0.8951105160798508 0.4414196567972998 -0.062656608559809
  outer loop
   vertex 15.465537626514266 -8.929032311830307 2.2559982041574806
   vertex 16.4987003960639 -6.833985465580034 2.2559982041574806
   vertex 16.629831585203156 -6.888301782571627 1.102182119232618e-15
  endloop
 endfacet
 facet normal -0.8951105160798509 0.44141965679729933 -0.06265660855980944
  outer loop
   vertex 15.465537626514266 -8.929032311830307 2.2559982041574806
   vertex 16.629831585203156 -6.888301782571627 1.102182119232618e-15
   vertex 15.58845726811989 -9.000000000000007 1.102182119232618e-15
  endloop
 endfacet
 facet normal -0.895110516079851 0.4414196567972994 0.06265660855980745
  outer loop
   vertex 15.58845726811989 -9.000000000000007 1.102182119232618e-15
   vertex 16.629831585203156 -6.888301782571627 1.102182119232618e-15
   vertex 16.498700396063903 -6.833985465580036 -2.2559982041574704
  endloop
 endfacet
 facet normal -0.8951105160798506 0.44141965679730044 0.06265660855980863
  outer loop
   vertex 15.58845726811989 -9.000000000000007 1.102182119232618e-15
   vertex 16.498700396063903 -6.833985465580036 -2.2559982041574704
   vertex 15.465537626514267 -8.929032311830309 -2.2559982041574704
  endloop
 endfacet
 facet normal -0.8810528259904913 0.4344871712291673 0.18699415993940915
  outer loop
   vertex 15.465537626514267 -8.929032311830309 -2.2559982041574704
   vertex 16.498700396063903 -6.833985465580036 -2.2559982041574704
   vertex 16.10737484583283 -6.671893115371211 -4.476417968967388
  endloop
 endfacet
 facet normal -0.8810528259904913 0.4344871712291673 0.18699415993940918
  outer loop
   vertex 15.465537626514267 -8.929032311830309 -2.2559982041574704
   vertex 16.10737484583283 -6.671893115371211 -4.476417968967388
   vertex 15.098717217874148 -8.717248450157687 -4.476417968967388
  endloop
 endfacet
 facet normal -0.8531509268480492 0.4207274772894851 0.30841836176197507
  outer loop
   vertex 15.098717217874148 -8.717248450157687 -4.476417968967388
   vertex 16.10737484583283 -6.671893115371211 -4.476417968967388
   vertex 15.462026372203642 -6.404581025137226 -6.626241948324203
  endloop
 endfacet
 facet normal -0.8531509268480499 0.4207274772894843 0.308418361761974
  outer loop
   vertex 15.098717217874148 -8.717248450157687 -4.476417968967388
   vertex 15.462026372203642 -6.404581025137226 -6.626241948324203
   vertex 14.493781019171685 -8.36798837299427 -6.626241948324203
  endloop
 endfacet
 facet normal -0.8118295557544174 0.4003500321373173 0.4250324977825044
  outer loop
   vertex 14.493781019171685 -8.36798837299427 -6.626241948324203
   vertex 15.462026372203642 -6.404581025137226 -6.626241948324203
   vertex 14.572832506117962 -6.0362648662255705 -8.67156613383087
  endloop
 endfacet
 facet normal -0.8118295557544174 0.40035003213731735 0.42503249778250446
  outer loop
   vertex 14.493781019171685 -8.36798837299427 -6.626241948324203
   vertex 14.572832506117962 -6.0362648662255705 -8.67156613383087
   vertex 13.660269235631779 -7.88676012039478 -8.67156613383087
  endloop
 endfacet
 facet normal -0.7577201353427004 0.3736662189560742 0.5350081805984941
  outer loop
   vertex 13.660269235631779 -7.88676012039478 -8.67156613383087
   vertex 14.572832506117962 -6.0362648662255705 -8.67156613383087
   vertex 13.453816366022625 -5.572753204483691 -10.580134541264515
  endloop
 endfacet
 facet normal -0.7577201353427004 0.37366621895607427 0.5350081805984942
  outer loop
   vertex 13.660269235631779 -7.88676012039478 -8.67156613383087
   vertex 13.453816366022625 -5.572753204483691 -10.580134541264515
   vertex 12.611326845996658 -7.281152949374533 -10.580134541264515
  endloop
 endfacet
 facet normal -0.6916536384977189 0.34108582822306 0.6366126782732621
  outer loop
   vertex 12.611326845996658 -7.281152949374533 -10.580134541264515
   vertex 13.453816366022625 -5.572753204483691 -10.580134541264515
   vertex 12.122625504914781 -5.0213558957057005 -12.321847906716396
  endloop
 endfacet
 facet normal -0.6916536384977192 0.3410858282230597 0.636612678273262
  outer loop
   vertex 12.611326845996658 -7.281152949374533 -10.580134541264515
   vertex 12.122625504914781 -5.0213558957057005 -12.321847906716396
   vertex 11.363496298358683 -6.5607176467927095 -12.321847906716396
  endloop
 endfacet
 facet normal -0.6146506120575225 0.303112137943509 0.7282359898608611
  outer loop
   vertex 11.363496298358683 -6.5607176467927095 -12.321847906716396
   vertex 12.122625504914781 -5.0213558957057005 -12.321847906716396
   vertex 10.600253597888976 -4.390768804839819 -13.869238369964204
  endloop
 endfacet
 facet normal -0.6146506120575227 0.30311213794350883 0.7282359898608609
  outer loop
   vertex 11.363496298358683 -6.5607176467927095 -12.321847906716396
   vertex 10.600253597888976 -4.390768804839819 -13.869238369964204
   vertex 9.936456625871944 -5.736815907738214 -13.869238369964204
  endloop
 endfacet
 facet normal -0.527908082193216 0.2603354560985423 0.8084172852265373
  outer loop
   vertex 9.936456625871944 -5.736815907738214 -13.869238369964204
   vertex 10.600253597888976 -4.390768804839819 -13.869238369964204
   vertex 8.910709359339895 -3.6909366670034642 -15.197902659036272
  endloop
 endfacet
 facet normal -0.5279080821932156 0.2603354560985425 0.8084172852265376
  outer loop
   vertex 9.936456625871944 -5.736815907738214 -13.869238369964204
   vertex 8.910709359339895 -3.6909366670034642 -15.197902659036272
   vertex 8.352713096643727 -4.822441154810974 -15.197902659036272
  endloop
 endfacet
 facet normal -0.4327831267179346 0.21342501940447614 0.875870153801605
  outer loop
   vertex 8.352713096643727 -4.822441154810974 -15.197902659036272
   vertex 8.910709359339895 -3.6909366670034642 -15.197902659036272
   vertex 7.080637911194273 -2.932896253069776 -16.28688694438835
  endloop
 endfacet
 facet normal -0.4327831267179344 0.21342501940447614 0.875870153801605
  outer loop
   vertex 8.352713096643727 -4.822441154810974 -15.197902659036272
   vertex 7.080637911194273 -2.932896253069776 -16.28688694438835
   vertex 6.637242292212498 -3.8320136240856595 -16.28688694438835
  endloop
 endfacet
 facet normal -0.330773024620008 0.16311920414589728 0.9295059609397569
  outer loop
   vertex 6.637242292212498 -3.8320136240856595 -16.28688694438835
   vertex 7.080637911194273 -2.932896253069776 -16.28688694438835
   vertex 5.138900573421056 -2.1286023131978804 -17.119017293312762
  endloop
 endfacet
 facet normal -0.3307730246200078 0.16311920414589734 0.9295059609397569
  outer loop
   vertex 6.637242292212498 -3.8320136240856595 -16.28688694438835
   vertex 5.138900573421056 -2.1286023131978804 -17.119017293312762
   vertex 4.81709821193672 -2.781152949374534 -17.119017293312762
  endloop
 endfacet
 facet normal -0.22349207031594998 0.11021409223057775 0.9684545153902067
  outer loop
   vertex 4.81709821193672 -2.781152949374534 -17.119017293312762
   vertex 5.138900573421056 -2.1286023131978804 -17.119017293312762
   vertex 3.116119703774572 -1.2907390432814614 -17.681170513116395
  endloop
 endfacet
 facet normal -0.22349207031595017 0.11021409223057765 0.9684545153902067
  outer loop
   vertex 4.81709821193672 -2.781152949374534 -17.119017293312762
   vertex 3.116119703774572 -1.2907390432814614 -17.681170513116395
   vertex 2.920985615263698 -1.6864318312715227 -17.681170513116395
  endloop
 endfacet
 facet normal -0.11264535054034784 0.05555053938266553 0.9920812278114817
  outer loop
   vertex 2.920985615263698 -1.6864318312715227 -17.681170513116395
   vertex 3.116119703774572 -1.2907390432814614 -17.681170513116395
   vertex 1.0441957649198947 -0.4325200476023693 -17.96448111170889
  endloop
 endfacet
 facet normal -0.1126453505403478 0.05555053938266538 0.9920812278114817
  outer loop
   vertex 2.920985615263698 -1.6864318312715227 -17.681170513116395
   vertex 1.0441957649198947 -0.4325200476023693 -17.96448111170889
   vertex 0.9788073305257522 -0.5651146757638228 -17.96448111170889
  endloop
 endfacet
 facet normal -0.11893245433226858 0.040372128140162555 -0.9920812278114817
  outer loop
   vertex 1.0441957649198912 -0.43252004760236784 17.96448111170889
   vertex 1.0917177202704942 -0.2925248815092251 17.96448111170889
   vertex 3.257936120202262 -0.8729613524003809 17.681170513116395
  endloop
 endfacet
 facet normal -0.11893245433226862 0.04037212814016248 -0.9920812278114817
  outer loop
   vertex 1.0441957649198912 -0.43252004760236784 17.96448111170889
   vertex 3.257936120202262 -0.8729613524003809 17.681170513116395
   vertex 3.1161197037745723 -1.2907390432814616 17.681170513116395
  endloop
 endfacet
 facet normal -0.235965890460391 0.08009962646326844 -0.9684545153902064
  outer loop
   vertex 3.1161197037745723 -1.2907390432814616 17.681170513116395
   vertex 3.257936120202262 -0.8729613524003809 17.681170513116395
   vertex 5.372774921321738 -1.4396307012823482 17.119017293312762
  endloop
 endfacet
 facet normal -0.235965890460391 0.08009962646326843 -0.9684545153902063
  outer loop
   vertex 3.1161197037745723 -1.2907390432814616 17.681170513116395
   vertex 5.372774921321738 -1.4396307012823482 17.119017293312762
   vertex 5.138900573421047 -2.128602313197877 17.119017293312762
  endloop
 endfacet
 facet normal -0.3492345441357071 0.1185491533490751 -0.9295059609397576
  outer loop
   vertex 5.138900573421047 -2.128602313197877 17.119017293312762
   vertex 5.372774921321738 -1.4396307012823482 17.119017293312762
   vertex 7.402881852391804 -1.983596214011397 16.286886944388353
  endloop
 endfacet
 facet normal -0.34923454413570715 0.11854915334907543 -0.9295059609397576
  outer loop
   vertex 5.138900573421047 -2.128602313197877 17.119017293312762
   vertex 7.402881852391804 -1.983596214011397 16.286886944388353
   vertex 7.080637911194269 -2.932896253069774 16.286886944388353
  endloop
 endfacet
 facet normal -0.456938162181144 0.15510960518959338 -0.8758701538016048
  outer loop
   vertex 7.080637911194269 -2.932896253069774 16.286886944388353
   vertex 7.402881852391804 -1.983596214011397 16.286886944388353
   vertex 9.316240914382387 -2.496279229502544 15.197902659036274
  endloop
 endfacet
 facet normal -0.4569381621811441 0.1551096051895929 -0.875870153801605
  outer loop
   vertex 7.080637911194269 -2.932896253069774 16.286886944388353
   vertex 9.316240914382387 -2.496279229502544 15.197902659036274
   vertex 8.910709359339894 -3.690936667003464 15.197902659036274
  endloop
 endfacet
 facet normal -0.557372351152581 0.18920241837143625 -0.808417285226537
  outer loop
   vertex 8.910709359339894 -3.690936667003464 15.197902659036274
   vertex 9.316240914382387 -2.496279229502544 15.197902659036274
   vertex 11.082677291900596 -2.969594430339506 13.869238369964206
  endloop
 endfacet
 facet normal -0.5573723511525809 0.18920241837143625 -0.808417285226537
  outer loop
   vertex 8.910709359339894 -3.690936667003464 15.197902659036274
   vertex 11.082677291900596 -2.969594430339506 13.869238369964206
   vertex 10.600253597888972 -4.3907688048398175 13.869238369964206
  endloop
 endfacet
 facet normal -0.6489562640461428 0.2202909676465282 -0.7282359898608619
  outer loop
   vertex 10.600253597888972 -4.3907688048398175 13.869238369964206
   vertex 11.082677291900596 -2.969594430339506 13.869238369964206
   vertex 12.67433322805503 -3.3960773530602886 12.321847906716394
  endloop
 endfacet
 facet normal -0.6489562640461429 0.22029096764652883 -0.7282359898608615
  outer loop
   vertex 10.600253597888972 -4.3907688048398175 13.869238369964206
   vertex 12.67433322805503 -3.3960773530602886 12.321847906716394
   vertex 12.122625504914783 -5.021355895705701 12.321847906716394
  endloop
 endfacet
 facet normal -0.7302570801172412 0.24788887591093123 -0.6366126782732622
  outer loop
   vertex 12.122625504914783 -5.021355895705701 12.321847906716394
   vertex 12.67433322805503 -3.3960773530602886 12.321847906716394
   vertex 14.066107357923354 -3.7690021072050346 10.580134541264515
  endloop
 endfacet
 facet normal -0.7302570801172412 0.2478888759109315 -0.636612678273262
  outer loop
   vertex 12.122625504914783 -5.021355895705701 12.321847906716394
   vertex 14.066107357923354 -3.7690021072050346 10.580134541264515
   vertex 13.453816366022625 -5.572753204483691 10.580134541264515
  endloop
 endfacet
 facet normal -0.8000109632665887 0.27156712861823584 -0.5350081805984943
  outer loop
   vertex 13.453816366022625 -5.572753204483691 10.580134541264515
   vertex 14.066107357923354 -3.7690021072050346 10.580134541264515
   vertex 15.236050572071985 -4.082487446626432 8.671566133830876
  endloop
 endfacet
 facet normal -0.8000109632665887 0.2715671286182356 -0.5350081805984945
  outer loop
   vertex 13.453816366022625 -5.572753204483691 10.580134541264515
   vertex 15.236050572071985 -4.082487446626432 8.671566133830876
   vertex 14.57283250611796 -6.03626486622557 8.671566133830876
  endloop
 endfacet
 facet normal -0.8571404066141601 0.2909599614690628 -0.4250324977825033
  outer loop
   vertex 14.57283250611796 -6.03626486622557 8.671566133830876
   vertex 15.236050572071985 -4.082487446626432 8.671566133830876
   vertex 16.165712167123598 -4.331589520254741 6.626241948324205
  endloop
 endfacet
 facet normal -0.8571404066141602 0.290959961469063 -0.4250324977825032
  outer loop
   vertex 14.57283250611796 -6.03626486622557 8.671566133830876
   vertex 16.165712167123598 -4.331589520254741 6.626241948324205
   vertex 15.462026372203638 -6.404581025137225 6.626241948324205
  endloop
 endfacet
 facet normal -0.9007680579727471 0.3057695535269418 -0.30841836176197496
  outer loop
   vertex 15.462026372203638 -6.404581025137225 6.626241948324205
   vertex 16.165712167123598 -4.331589520254741 6.626241948324205
   vertex 16.840430824371314 -4.512379839582478 4.476417968967385
  endloop
 endfacet
 facet normal -0.900768057972747 0.3057695535269408 -0.30841836176197596
  outer loop
   vertex 15.462026372203638 -6.404581025137225 6.626241948324205
   vertex 16.840430824371314 -4.512379839582478 4.476417968967385
   vertex 16.10737484583283 -6.671893115371211 4.476417968967385
  endloop
 endfacet
 facet normal -0.930227252956152 0.31576960272674426 -0.1869941599394086
  outer loop
   vertex 16.10737484583283 -6.671893115371211 4.476417968967385
   vertex 16.840430824371314 -4.512379839582478 4.476417968967385
   vertex 17.249565827532944 -4.622007233274942 2.2559982041574806
  endloop
 endfacet
 facet normal -0.930227252956152 0.3157696027267443 -0.18699415993940852
  outer loop
   vertex 16.10737484583283 -6.671893115371211 4.476417968967385
   vertex 17.249565827532944 -4.622007233274942 2.2559982041574806
   vertex 16.4987003960639 -6.833985465580034 2.2559982041574806
  endloop
 endfacet
 facet normal -0.9450695485018615 0.3208078831610443 -0.06265660855981008
  outer loop
   vertex 16.4987003960639 -6.833985465580034 2.2559982041574806
   vertex 17.249565827532944 -4.622007233274942 2.2559982041574806
   vertex 17.38666487320323 -4.658742811845372 1.102182119232618e-15
  endloop
 endfacet
 facet normal -0.9450695485018612 0.32080788316104536 -0.06265660855980891
  outer loop
   vertex 16.4987003960639 -6.833985465580034 2.2559982041574806
   vertex 17.38666487320323 -4.658742811845372 1.102182119232618e-15
   vertex 16.629831585203156 -6.888301782571627 1.102182119232618e-15
  endloop
 endfacet
 facet normal -0.9450695485018612 0.32080788316104536 0.06265660855980869
  outer loop
   vertex 16.629831585203156 -6.888301782571627 1.102182119232618e-15
   vertex 17.38666487320323 -4.658742811845372 1.102182119232618e-15
   vertex 17.249565827532948 -4.6220072332749425 -2.2559982041574704
  endloop
 endfacet
 facet normal -0.9450695485018616 0.32080788316104425 0.06265660855980741
  outer loop
   vertex 16.629831585203156 -6.888301782571627 1.102182119232618e-15
   vertex 17.249565827532948 -4.6220072332749425 -2.2559982041574704
   vertex 16.498700396063903 -6.833985465580036 -2.2559982041574704
  endloop
 endfacet
 facet normal -0.930227252956152 0.31576960272674415 0.1869941599394091
  outer loop
   vertex 16.498700396063903 -6.833985465580036 -2.2559982041574704
   vertex 17.249565827532948 -4.6220072332749425 -2.2559982041574704
   vertex 16.840430824371314 -4.512379839582478 -4.476417968967388
  endloop
 endfacet
 facet normal -0.9302272529561522 0.31576960272674426 0.1869941599394092
  outer loop
   vertex 16.498700396063903 -6.833985465580036 -2.2559982041574704
   vertex 16.840430824371314 -4.512379839582478 -4.476417968967388
   vertex 16.10737484583283 -6.671893115371211 -4.476417968967388
  endloop
 endfacet
 facet normal -0.9007680579727476 0.30576955352694096 0.3084183617619741
  outer loop
   vertex 16.10737484583283 -6.671893115371211 -4.476417968967388
   vertex 16.840430824371314 -4.512379839582478 -4.476417968967388
   vertex 16.1657121671236 -4.331589520254742 -6.626241948324203
  endloop
 endfacet
 facet normal -0.900768057972747 0.30576955352694185 0.30841836176197507
  outer loop
   vertex 16.10737484583283 -6.671893115371211 -4.476417968967388
   vertex 16.1657121671236 -4.331589520254742 -6.626241948324203
   vertex 15.462026372203642 -6.404581025137226 -6.626241948324203
  endloop
 endfacet
 facet normal -0.8571404066141596 0.2909599614690627 0.4250324977825046
  outer loop
   vertex 15.462026372203642 -6.404581025137226 -6.626241948324203
   vertex 16.1657121671236 -4.331589520254742 -6.626241948324203
   vertex 15.236050572071987 -4.082487446626432 -8.67156613383087
  endloop
 endfacet
 facet normal -0.8571404066141596 0.2909599614690625 0.4250324977825044
  outer loop
   vertex 15.462026372203642 -6.404581025137226 -6.626241948324203
   vertex 15.236050572071987 -4.082487446626432 -8.67156613383087
   vertex 14.572832506117962 -6.0362648662255705 -8.67156613383087
  endloop
 endfacet
 facet normal -0.8000109632665893 0.27156712861823573 0.535008180598494
  outer loop
   vertex 14.572832506117962 -6.0362648662255705 -8.67156613383087
   vertex 15.236050572071987 -4.082487446626432 -8.67156613383087
   vertex 14.066107357923354 -3.7690021072050346 -10.580134541264515
  endloop
 endfacet
 facet normal -0.8000109632665889 0.2715671286182359 0.5350081805984941
  outer loop
   vertex 14.572832506117962 -6.0362648662255705 -8.67156613383087
   vertex 14.066107357923354 -3.7690021072050346 -10.580134541264515
   vertex 13.453816366022625 -5.572753204483691 -10.580134541264515
  endloop
 endfacet
 facet normal -0.7302570801172411 0.24788887591093145 0.6366126782732622
  outer loop
   vertex 13.453816366022625 -5.572753204483691 -10.580134541264515
   vertex 14.066107357923354 -3.7690021072050346 -10.580134541264515
   vertex 12.674333228055028 -3.396077353060288 -12.321847906716396
  endloop
 endfacet
 facet normal -0.7302570801172413 0.24788887591093126 0.6366126782732621
  outer loop
   vertex 13.453816366022625 -5.572753204483691 -10.580134541264515
   vertex 12.674333228055028 -3.396077353060288 -12.321847906716396
   vertex 12.122625504914781 -5.0213558957057005 -12.321847906716396
  endloop
 endfacet
 facet normal -0.6489562640461433 0.22029096764652908 0.7282359898608611
  outer loop
   vertex 12.122625504914781 -5.0213558957057005 -12.321847906716396
   vertex 12.674333228055028 -3.396077353060288 -12.321847906716396
   vertex 11.082677291900602 -2.9695944303395074 -13.869238369964204
  endloop
 endfacet
 facet normal -0.6489562640461434 0.22029096764652908 0.7282359898608611
  outer loop
   vertex 12.122625504914781 -5.0213558957057005 -12.321847906716396
   vertex 11.082677291900602 -2.9695944303395074 -13.869238369964204
   vertex 10.600253597888976 -4.390768804839819 -13.869238369964204
  endloop
 endfacet
 facet normal -0.55737235115258 0.1892024183714366 0.8084172852265376
  outer loop
   vertex 10.600253597888976 -4.390768804839819 -13.869238369964204
   vertex 11.082677291900602 -2.9695944303395074 -13.869238369964204
   vertex 9.316240914382389 -2.4962792295025444 -15.197902659036272
  endloop
 endfacet
 facet normal -0.5573723511525805 0.18920241837143603 0.8084172852265373
  outer loop
   vertex 10.600253597888976 -4.390768804839819 -13.869238369964204
   vertex 9.316240914382389 -2.4962792295025444 -15.197902659036272
   vertex 8.910709359339895 -3.6909366670034642 -15.197902659036272
  endloop
 endfacet
 facet normal -0.4569381621811441 0.15510960518959296 0.875870153801605
  outer loop
   vertex 8.910709359339895 -3.6909366670034642 -15.197902659036272
   vertex 9.316240914382389 -2.4962792295025444 -15.197902659036272
   vertex 7.4028818523918085 -1.9835962140113983 -16.28688694438835
  endloop
 endfacet
 facet normal -0.456938162181144 0.15510960518959313 0.8758701538016049
  outer loop
   vertex 8.910709359339895 -3.6909366670034642 -15.197902659036272
   vertex 7.4028818523918085 -1.9835962140113983 -16.28688694438835
   vertex 7.080637911194273 -2.932896253069776 -16.28688694438835
  endloop
 endfacet
 facet normal -0.34923454413570915 0.11854915334907604 0.9295059609397568
  outer loop
   vertex 7.080637911194273 -2.932896253069776 -16.28688694438835
   vertex 7.4028818523918085 -1.9835962140113983 -16.28688694438835
   vertex 5.3727749213217475 -1.4396307012823506 -17.119017293312762
  endloop
 endfacet
 facet normal -0.34923454413570915 0.11854915334907601 0.9295059609397568
  outer loop
   vertex 7.080637911194273 -2.932896253069776 -16.28688694438835
   vertex 5.3727749213217475 -1.4396307012823506 -17.119017293312762
   vertex 5.138900573421056 -2.1286023131978804 -17.119017293312762
  endloop
 endfacet
 facet normal -0.23596589046038993 0.08009962646326817 0.9684545153902067
  outer loop
   vertex 5.138900573421056 -2.1286023131978804 -17.119017293312762
   vertex 5.3727749213217475 -1.4396307012823506 -17.119017293312762
   vertex 3.2579361202022614 -0.8729613524003808 -17.681170513116395
  endloop
 endfacet
 facet normal -0.23596589046039 0.08009962646326822 0.9684545153902067
  outer loop
   vertex 5.138900573421056 -2.1286023131978804 -17.119017293312762
   vertex 3.2579361202022614 -0.8729613524003808 -17.681170513116395
   vertex 3.116119703774572 -1.2907390432814614 -17.681170513116395
  endloop
 endfacet
 facet normal -0.11893245433226883 0.04037212814016256 0.9920812278114817
  outer loop
   vertex 3.116119703774572 -1.2907390432814614 -17.681170513116395
   vertex 3.2579361202022614 -0.8729613524003808 -17.681170513116395
   vertex 1.0917177202704977 -0.2925248815092261 -17.96448111170889
  endloop
 endfacet
 facet normal -0.11893245433226882 0.04037212814016264 0.9920812278114819
  outer loop
   vertex 3.116119703774572 -1.2907390432814614 -17.681170513116395
   vertex 1.0917177202704977 -0.2925248815092261 -17.96448111170889
   vertex 1.0441957649198947 -0.4325200476023693 -17.96448111170889
  endloop
 endfacet
 facet normal -0.12318459085625852 0.024502938591913034 -0.9920812278114818
  outer loop
   vertex 1.0917177202704942 -0.2925248815092251 17.96448111170889
   vertex 1.1205600827459334 -0.1475245335902412 17.96448111170889
   vertex 3.3440083463427492 -0.44024705074912074 17.681170513116395
  endloop
 endfacet
 facet normal -0.12318459085625853 0.024502938591912885 -0.9920812278114818
  outer loop
   vertex 1.0917177202704942 -0.2925248815092251 17.96448111170889
   vertex 3.3440083463427492 -0.44024705074912074 17.681170513116395
   vertex 3.257936120202262 -0.8729613524003809 17.681170513116395
  endloop
 endfacet
 facet normal -0.24440226879694896 0.048614633879360505 -0.9684545153902064
  outer loop
   vertex 3.257936120202262 -0.8729613524003809 17.681170513116395
   vertex 3.3440083463427492 -0.44024705074912074 17.681170513116395
   vertex 5.514719600703983 -0.7260266089268462 17.119017293312762
  endloop
 endfacet
 facet normal -0.24440226879694893 0.04861463387936079 -0.9684545153902064
  outer loop
   vertex 3.257936120202262 -0.8729613524003809 17.681170513116395
   vertex 5.514719600703983 -0.7260266089268462 17.119017293312762
   vertex 5.372774921321738 -1.4396307012823482 17.119017293312762
  endloop
 endfacet
 facet normal -0.3617205637751378 0.07195069367041732 -0.9295059609397576
  outer loop
   vertex 5.372774921321738 -1.4396307012823482 17.119017293312762
   vertex 5.514719600703983 -0.7260266089268462 17.119017293312762
   vertex 7.598460432628307 -1.0003562937745216 16.286886944388353
  endloop
 endfacet
 facet normal -0.36172056377513784 0.07195069367041713 -0.9295059609397577
  outer loop
   vertex 5.372774921321738 -1.4396307012823482 17.119017293312762
   vertex 7.598460432628307 -1.0003562937745216 16.286886944388353
   vertex 7.402881852391804 -1.983596214011397 16.286886944388353
  endloop
 endfacet
 facet normal -0.47327485900224114 0.09414022262540948 -0.875870153801605
  outer loop
   vertex 7.402881852391804 -1.983596214011397 16.286886944388353
   vertex 7.598460432628307 -1.0003562937745216 16.286886944388353
   vertex 9.562369004429838 -1.258909762285489 15.197902659036274
  endloop
 endfacet
 facet normal -0.47327485900224125 0.09414022262540975 -0.8758701538016049
  outer loop
   vertex 7.402881852391804 -1.983596214011397 16.286886944388353
   vertex 9.562369004429838 -1.258909762285489 15.197902659036274
   vertex 9.316240914382387 -2.496279229502544 15.197902659036274
  endloop
 endfacet
 facet normal -0.5772998246509142 0.114832074809175 -0.808417285226537
  outer loop
   vertex 9.316240914382387 -2.496279229502544 15.197902659036274
   vertex 9.562369004429838 -1.258909762285489 15.197902659036274
   vertex 11.375473304749152 -1.4976094718089747 13.869238369964206
  endloop
 endfacet
 facet normal -0.5772998246509141 0.11483207480917461 -0.808417285226537
  outer loop
   vertex 9.316240914382387 -2.496279229502544 15.197902659036274
   vertex 11.375473304749152 -1.4976094718089747 13.869238369964206
   vertex 11.082677291900596 -2.969594430339506 13.869238369964206
  endloop
 endfacet
 facet normal -0.6721580944322659 0.13370055781692147 -0.7282359898608618
  outer loop
   vertex 11.082677291900596 -2.969594430339506 13.869238369964206
   vertex 11.375473304749152 -1.4976094718089747 13.869238369964206
   vertex 13.009179595674208 -1.7126909853334993 12.321847906716394
  endloop
 endfacet
 facet normal -0.6721580944322658 0.13370055781692144 -0.7282359898608619
  outer loop
   vertex 11.082677291900596 -2.969594430339506 13.869238369964206
   vertex 13.009179595674208 -1.7126909853334993 12.321847906716394
   vertex 12.67433322805503 -3.3960773530602886 12.321847906716394
  endloop
 endfacet
 facet normal -0.7563656206304447 0.15045047620418567 -0.6366126782732622
  outer loop
   vertex 12.67433322805503 -3.3960773530602886 12.321847906716394
   vertex 13.009179595674208 -1.7126909853334993 12.321847906716394
   vertex 14.437723353068277 -1.9007623389073116 10.580134541264515
  endloop
 endfacet
 facet normal -0.7563656206304447 0.15045047620418578 -0.6366126782732622
  outer loop
   vertex 12.67433322805503 -3.3960773530602886 12.321847906716394
   vertex 14.437723353068277 -1.9007623389073116 10.580134541264515
   vertex 14.066107357923354 -3.7690021072050346 10.580134541264515
  endloop
 endfacet
 facet normal -0.8286133818040433 0.1648214494171064 -0.5350081805984943
  outer loop
   vertex 14.066107357923354 -3.7690021072050346 10.580134541264515
   vertex 14.437723353068277 -1.9007623389073116 10.580134541264515
   vertex 15.638575588506582 -2.058857534936172 8.671566133830876
  endloop
 endfacet
 facet normal -0.8286133818040433 0.16482144941710614 -0.5350081805984943
  outer loop
   vertex 14.066107357923354 -3.7690021072050346 10.580134541264515
   vertex 15.638575588506582 -2.058857534936172 8.671566133830876
   vertex 15.236050572071985 -4.082487446626432 8.671566133830876
  endloop
 endfacet
 facet normal -0.8877853474725176 0.17659148519073015 -0.4250324977825029
  outer loop
   vertex 15.236050572071985 -4.082487446626432 8.671566133830876
   vertex 15.638575588506582 -2.058857534936172 8.671566133830876
   vertex 16.592798144881904 -2.184483317737213 6.626241948324205
  endloop
 endfacet
 facet normal -0.8877853474725175 0.17659148519072973 -0.4250324977825034
  outer loop
   vertex 15.236050572071985 -4.082487446626432 8.671566133830876
   vertex 16.592798144881904 -2.184483317737213 6.626241948324205
   vertex 16.165712167123598 -4.331589520254741 6.626241948324205
  endloop
 endfacet
 facet normal -0.9329727978854436 0.18557982792821567 -0.30841836176197607
  outer loop
   vertex 16.165712167123598 -4.331589520254741 6.626241948324205
   vertex 16.592798144881904 -2.184483317737213 6.626241948324205
   vertex 17.28534236245529 -2.275658493670458 4.476417968967385
  endloop
 endfacet
 facet normal -0.9329727978854437 0.1855798279282168 -0.308418361761975
  outer loop
   vertex 16.165712167123598 -4.331589520254741 6.626241948324205
   vertex 17.28534236245529 -2.275658493670458 4.476417968967385
   vertex 16.840430824371314 -4.512379839582478 4.476417968967385
  endloop
 endfacet
 facet normal -0.9634852337160129 0.19164912877379522 -0.18699415993940832
  outer loop
   vertex 16.840430824371314 -4.512379839582478 4.476417968967385
   vertex 17.28534236245529 -2.275658493670458 4.476417968967385
   vertex 17.70528640520973 -2.330945175746028 2.2559982041574806
  endloop
 endfacet
 facet normal -0.963485233716013 0.19164912877379506 -0.18699415993940863
  outer loop
   vertex 16.840430824371314 -4.512379839582478 4.476417968967385
   vertex 17.70528640520973 -2.330945175746028 2.2559982041574806
   vertex 17.249565827532944 -4.622007233274942 2.2559982041574806
  endloop
 endfacet
 facet normal -0.9788581789262242 0.1947069976991559 -0.06265660855980956
  outer loop
   vertex 17.249565827532944 -4.622007233274942 2.2559982041574806
   vertex 17.70528640520973 -2.330945175746028 2.2559982041574806
   vertex 17.846007504728586 -2.34947145996093 1.102182119232618e-15
  endloop
 endfacet
 facet normal -0.9788581789262241 0.1947069976991554 -0.06265660855981008
  outer loop
   vertex 17.249565827532944 -4.622007233274942 2.2559982041574806
   vertex 17.846007504728586 -2.34947145996093 1.102182119232618e-15
   vertex 17.38666487320323 -4.658742811845372 1.102182119232618e-15
  endloop
 endfacet
 facet normal -0.9788581789262244 0.19470699769915542 0.0626566085598082
  outer loop
   vertex 17.38666487320323 -4.658742811845372 1.102182119232618e-15
   vertex 17.846007504728586 -2.34947145996093 1.102182119232618e-15
   vertex 17.705286405209733 -2.3309451757460287 -2.2559982041574704
  endloop
 endfacet
 facet normal -0.9788581789262242 0.19470699769915586 0.0626566085598087
  outer loop
   vertex 17.38666487320323 -4.658742811845372 1.102182119232618e-15
   vertex 17.705286405209733 -2.3309451757460287 -2.2559982041574704
   vertex 17.249565827532948 -4.6220072332749425 -2.2559982041574704
  endloop
 endfacet
 facet normal -0.963485233716013 0.19164912877379497 0.18699415993940888
  outer loop
   vertex 17.249565827532948 -4.6220072332749425 -2.2559982041574704
   vertex 17.705286405209733 -2.3309451757460287 -2.2559982041574704
   vertex 17.28534236245529 -2.275658493670458 -4.476417968967388
  endloop
 endfacet
 facet normal -0.9634852337160128 0.19164912877379517 0.18699415993940907
  outer loop
   vertex 17.249565827532948 -4.6220072332749425 -2.2559982041574704
   vertex 17.28534236245529 -2.275658493670458 -4.476417968967388
   vertex 16.840430824371314 -4.512379839582478 -4.476417968967388
  endloop
 endfacet
 facet normal -0.9329727978854436 0.18557982792821678 0.3084183617619752
  outer loop
   vertex 16.840430824371314 -4.512379839582478 -4.476417968967388
   vertex 17.28534236245529 -2.275658493670458 -4.476417968967388
   vertex 16.592798144881908 -2.1844833177372136 -6.626241948324203
  endloop
 endfacet
 facet normal -0.9329727978854442 0.1855798279282157 0.30841836176197407
  outer loop
   vertex 16.840430824371314 -4.512379839582478 -4.476417968967388
   vertex 16.592798144881908 -2.1844833177372136 -6.626241948324203
   vertex 16.1657121671236 -4.331589520254742 -6.626241948324203
  endloop
 endfacet
 facet normal -0.887785347472517 0.17659148519072956 0.42503249778250424
  outer loop
   vertex 16.1657121671236 -4.331589520254742 -6.626241948324203
   vertex 16.592798144881908 -2.1844833177372136 -6.626241948324203
   vertex 15.638575588506583 -2.0588575349361724 -8.67156613383087
  endloop
 endfacet
 facet normal -0.8877853474725167 0.17659148519073004 0.42503249778250457
  outer loop
   vertex 16.1657121671236 -4.331589520254742 -6.626241948324203
   vertex 15.638575588506583 -2.0588575349361724 -8.67156613383087
   vertex 15.236050572071987 -4.082487446626432 -8.67156613383087
  endloop
 endfacet
 facet normal -0.8286133818040436 0.16482144941710622 0.5350081805984938
  outer loop
   vertex 15.236050572071987 -4.082487446626432 -8.67156613383087
   vertex 15.638575588506583 -2.0588575349361724 -8.67156613383087
   vertex 14.437723353068277 -1.9007623389073116 -10.580134541264515
  endloop
 endfacet
 facet normal -0.8286133818040435 0.1648214494171064 0.535008180598494
  outer loop
   vertex 15.236050572071987 -4.082487446626432 -8.67156613383087
   vertex 14.437723353068277 -1.9007623389073116 -10.580134541264515
   vertex 14.066107357923354 -3.7690021072050346 -10.580134541264515
  endloop
 endfacet
 facet normal -0.7563656206304445 0.15045047620418575 0.6366126782732623
  outer loop
   vertex 14.066107357923354 -3.7690021072050346 -10.580134541264515
   vertex 14.437723353068277 -1.9007623389073116 -10.580134541264515
   vertex 13.009179595674206 -1.712690985333499 -12.321847906716396
  endloop
 endfacet
 facet normal -0.7563656206304445 0.15045047620418572 0.6366126782732622
  outer loop
   vertex 14.066107357923354 -3.7690021072050346 -10.580134541264515
   vertex 13.009179595674206 -1.712690985333499 -12.321847906716396
   vertex 12.674333228055028 -3.396077353060288 -12.321847906716396
  endloop
 endfacet
 facet normal -0.6721580944322666 0.1337005578169216 0.7282359898608611
  outer loop
   vertex 12.674333228055028 -3.396077353060288 -12.321847906716396
   vertex 13.009179595674206 -1.712690985333499 -12.321847906716396
   vertex 11.375473304749157 -1.4976094718089756 -13.869238369964204
  endloop
 endfacet
 facet normal -0.6721580944322667 0.13370055781692164 0.7282359898608611
  outer loop
   vertex 12.674333228055028 -3.396077353060288 -12.321847906716396
   vertex 11.375473304749157 -1.4976094718089756 -13.869238369964204
   vertex 11.082677291900602 -2.9695944303395074 -13.869238369964204
  endloop
 endfacet
 facet normal -0.5772998246509135 0.1148320748091744 0.8084172852265373
  outer loop
   vertex 11.082677291900602 -2.9695944303395074 -13.869238369964204
   vertex 11.375473304749157 -1.4976094718089756 -13.869238369964204
   vertex 9.56236900442984 -1.2589097622854892 -15.197902659036272
  endloop
 endfacet
 facet normal -0.5772998246509132 0.11483207480917486 0.8084172852265374
  outer loop
   vertex 11.082677291900602 -2.9695944303395074 -13.869238369964204
   vertex 9.56236900442984 -1.2589097622854892 -15.197902659036272
   vertex 9.316240914382389 -2.4962792295025444 -15.197902659036272
  endloop
 endfacet
 facet normal -0.4732748590022412 0.0941402226254098 0.8758701538016049
  outer loop
   vertex 9.316240914382389 -2.4962792295025444 -15.197902659036272
   vertex 9.56236900442984 -1.2589097622854892 -15.197902659036272
   vertex 7.598460432628312 -1.0003562937745225 -16.28688694438835
  endloop
 endfacet
 facet normal -0.47327485900224114 0.09414022262540976 0.8758701538016049
  outer loop
   vertex 9.316240914382389 -2.4962792295025444 -15.197902659036272
   vertex 7.598460432628312 -1.0003562937745225 -16.28688694438835
   vertex 7.4028818523918085 -1.9835962140113983 -16.28688694438835
  endloop
 endfacet
 facet normal -0.3617205637751399 0.0719506936704178 0.9295059609397569
  outer loop
   vertex 7.4028818523918085 -1.9835962140113983 -16.28688694438835
   vertex 7.598460432628312 -1.0003562937745225 -16.28688694438835
   vertex 5.514719600703993 -0.7260266089268476 -17.119017293312762
  endloop
 endfacet
 facet normal -0.36172056377514 0.07195069367041772 0.9295059609397567
  outer loop
   vertex 7.4028818523918085 -1.9835962140113983 -16.28688694438835
   vertex 5.514719600703993 -0.7260266089268476 -17.119017293312762
   vertex 5.3727749213217475 -1.4396307012823506 -17.119017293312762
  endloop
 endfacet
 facet normal -0.24440226879694787 0.048614633879360415 0.9684545153902068
  outer loop
   vertex 5.3727749213217475 -1.4396307012823506 -17.119017293312762
   vertex 5.514719600703993 -0.7260266089268476 -17.119017293312762
   vertex 3.344008346342749 -0.4402470507491207 -17.681170513116395
  endloop
 endfacet
 facet normal -0.24440226879694787 0.04861463387936017 0.9684545153902067
  outer loop
   vertex 5.3727749213217475 -1.4396307012823506 -17.119017293312762
   vertex 3.344008346342749 -0.4402470507491207 -17.681170513116395
   vertex 3.2579361202022614 -0.8729613524003808 -17.681170513116395
  endloop
 endfacet
 facet normal -0.12318459085625874 0.024502938591912934 0.9920812278114817
  outer loop
   vertex 3.2579361202022614 -0.8729613524003808 -17.681170513116395
   vertex 3.344008346342749 -0.4402470507491207 -17.681170513116395
   vertex 1.120560082745937 -0.1475245335902417 -17.96448111170889
  endloop
 endfacet
 facet normal -0.12318459085625864 0.024502938591913336 0.9920812278114817
  outer loop
   vertex 3.2579361202022614 -0.8729613524003808 -17.681170513116395
   vertex 1.120560082745937 -0.1475245335902417 -17.96448111170889
   vertex 1.0917177202704977 -0.2925248815092261 -17.96448111170889
  endloop
 endfacet
 facet normal -0.1253290048774769 0.008214496970857655 -0.9920812278114818
  outer loop
   vertex 1.1205600827459334 -0.1475245335902412 17.96448111170889
   vertex 1.1302293515276407 0.0 17.96448111170889
   vertex 3.372863662543043 0.0 17.681170513116395
  endloop
 endfacet
 facet normal -0.12532900487747692 0.008214496970857738 -0.9920812278114818
  outer loop
   vertex 1.1205600827459334 -0.1475245335902412 17.96448111170889
   vertex 3.372863662543043 0.0 17.681170513116395
   vertex 3.3440083463427492 -0.44024705074912074 17.681170513116395
  endloop
 endfacet
 facet normal -0.24865685655328068 0.01629783143125414 -0.9684545153902064
  outer loop
   vertex 3.3440083463427492 -0.44024705074912074 17.681170513116395
   vertex 3.372863662543043 0.0 17.681170513116395
   vertex 5.562305898749053 0.0 17.119017293312762
  endloop
 endfacet
 facet normal -0.2486568565532807 0.01629783143125401 -0.9684545153902064
  outer loop
   vertex 3.3440083463427492 -0.44024705074912074 17.681170513116395
   vertex 5.562305898749053 0.0 17.119017293312762
   vertex 5.514719600703983 -0.7260266089268462 17.119017293312762
  endloop
 endfacet
 facet normal -0.368017444280489 0.024121137674557265 -0.9295059609397576
  outer loop
   vertex 5.514719600703983 -0.7260266089268462 17.119017293312762
   vertex 5.562305898749053 0.0 17.119017293312762
   vertex 7.6640272481713065 0.0 16.286886944388353
  endloop
 endfacet
 facet normal -0.36801744428048905 0.024121137674557206 -0.9295059609397577
  outer loop
   vertex 5.514719600703983 -0.7260266089268462 17.119017293312762
   vertex 7.6640272481713065 0.0 16.286886944388353
   vertex 7.598460432628307 -1.0003562937745216 16.286886944388353
  endloop
 endfacet
 facet normal -0.48151369176922926 0.031560074751504526 -0.8758701538016049
  outer loop
   vertex 7.598460432628307 -1.0003562937745216 16.286886944388353
   vertex 7.6640272481713065 0.0 16.286886944388353
   vertex 9.644882309621938 0.0 15.197902659036274
  endloop
 endfacet
 facet normal -0.4815136917692293 0.03156007475150477 -0.875870153801605
  outer loop
   vertex 7.598460432628307 -1.0003562937745216 16.286886944388353
   vertex 9.644882309621938 0.0 15.197902659036274
   vertex 9.562369004429838 -1.258909762285489 15.197902659036274
  endloop
 endfacet
 facet normal -0.5873495380917203 0.03849692260946216 -0.8084172852265369
  outer loop
   vertex 9.562369004429838 -1.258909762285489 15.197902659036274
   vertex 9.644882309621938 0.0 15.197902659036274
   vertex 11.473631815476413 0.0 13.869238369964206
  endloop
 endfacet
 facet normal -0.5873495380917203 0.03849692260946246 -0.8084172852265368
  outer loop
   vertex 9.562369004429838 -1.258909762285489 15.197902659036274
   vertex 11.473631815476413 0.0 13.869238369964206
   vertex 11.375473304749152 -1.4976094718089747 13.869238369964206
  endloop
 endfacet
 facet normal -0.6838591134652221 0.04482249437427003 -0.7282359898608617
  outer loop
   vertex 11.375473304749152 -1.4976094718089747 13.869238369964206
   vertex 11.473631815476413 0.0 13.869238369964206
   vertex 13.121435293585408 0.0 12.321847906716394
  endloop
 endfacet
 facet normal -0.683859113465222 0.04482249437426968 -0.7282359898608618
  outer loop
   vertex 11.375473304749152 -1.4976094718089747 13.869238369964206
   vertex 13.121435293585408 0.0 12.321847906716394
   vertex 13.009179595674208 -1.7126909853334993 12.321847906716394
  endloop
 endfacet
 facet normal -0.769532535670493 0.05043782713683504 -0.6366126782732622
  outer loop
   vertex 13.009179595674208 -1.7126909853334993 12.321847906716394
   vertex 13.121435293585408 0.0 12.321847906716394
   vertex 14.562305898749054 0.0 10.580134541264515
  endloop
 endfacet
 facet normal -0.7695325356704931 0.0504378271368352 -0.6366126782732622
  outer loop
   vertex 13.009179595674208 -1.7126909853334993 12.321847906716394
   vertex 14.562305898749054 0.0 10.580134541264515
   vertex 14.437723353068277 -1.9007623389073116 10.580134541264515
  endloop
 endfacet
 facet normal -0.8430379956437987 0.055255629519312545 -0.5350081805984943
  outer loop
   vertex 14.437723353068277 -1.9007623389073116 10.580134541264515
   vertex 14.562305898749054 0.0 10.580134541264515
   vertex 15.773520240789544 0.0 8.671566133830876
  endloop
 endfacet
 facet normal -0.8430379956437987 0.055255629519312524 -0.5350081805984942
  outer loop
   vertex 14.437723353068277 -1.9007623389073116 10.580134541264515
   vertex 15.773520240789544 0.0 8.671566133830876
   vertex 15.638575588506582 -2.058857534936172 8.671566133830876
  endloop
 endfacet
 facet normal -0.9032400348950196 0.059201479640376496 -0.4250324977825034
  outer loop
   vertex 15.638575588506582 -2.058857534936172 8.671566133830876
   vertex 15.773520240789544 0.0 8.671566133830876
   vertex 16.735976745988523 0.0 6.626241948324205
  endloop
 endfacet
 facet normal -0.9032400348950199 0.059201479640377114 -0.425032497782503
  outer loop
   vertex 15.638575588506582 -2.058857534936172 8.671566133830876
   vertex 16.735976745988523 0.0 6.626241948324205
   vertex 16.592798144881904 -2.184483317737213 6.626241948324205
  endloop
 endfacet
 facet normal -0.9492141145573922 0.062214780021192656 -0.30841836176197507
  outer loop
   vertex 16.592798144881904 -2.184483317737213 6.626241948324205
   vertex 16.735976745988523 0.0 6.626241948324205
   vertex 17.43449690031536 0.0 4.476417968967385
  endloop
 endfacet
 facet normal -0.949214114557392 0.06221478002119161 -0.308418361761976
  outer loop
   vertex 16.592798144881904 -2.184483317737213 6.626241948324205
   vertex 17.43449690031536 0.0 4.476417968967385
   vertex 17.28534236245529 -2.275658493670458 4.476417968967385
  endloop
 endfacet
 facet normal -0.9802577149984195 0.06424948509234922 -0.18699415993940874
  outer loop
   vertex 17.28534236245529 -2.275658493670458 4.476417968967385
   vertex 17.43449690031536 0.0 4.476417968967385
   vertex 17.8580646236606 0.0 2.2559982041574806
  endloop
 endfacet
 facet normal -0.9802577149984196 0.06424948509234962 -0.18699415993940835
  outer loop
   vertex 17.28534236245529 -2.275658493670458 4.476417968967385
   vertex 17.8580646236606 0.0 2.2559982041574806
   vertex 17.70528640520973 -2.330945175746028 2.2559982041574806
  endloop
 endfacet
 facet normal -0.9958982745184 0.06527462152365697 -0.06265660855980969
  outer loop
   vertex 17.70528640520973 -2.330945175746028 2.2559982041574806
   vertex 17.8580646236606 0.0 2.2559982041574806
   vertex 18.0 0.0 1.102182119232618e-15
  endloop
 endfacet
 facet normal -0.9958982745184 0.06527462152365714 -0.06265660855980955
  outer loop
   vertex 17.70528640520973 -2.330945175746028 2.2559982041574806
   vertex 18.0 0.0 1.102182119232618e-15
   vertex 17.846007504728586 -2.34947145996093 1.102182119232618e-15
  endloop
 endfacet
 facet normal -0.9958982745184001 0.06527462152365714 0.06265660855980837
  outer loop
   vertex 17.846007504728586 -2.34947145996093 1.102182119232618e-15
   vertex 18.0 0.0 1.102182119232618e-15
   vertex 17.858064623660603 0.0 -2.2559982041574704
  endloop
 endfacet
 facet normal -0.9958982745183999 0.06527462152365696 0.0626566085598082
  outer loop
   vertex 17.846007504728586 -2.34947145996093 1.102182119232618e-15
   vertex 17.858064623660603 0.0 -2.2559982041574704
   vertex 17.705286405209733 -2.3309451757460287 -2.2559982041574704
  endloop
 endfacet
 facet normal -0.9802577149984195 0.0642494850923496 0.18699415993940924
  outer loop
   vertex 17.705286405209733 -2.3309451757460287 -2.2559982041574704
   vertex 17.858064623660603 0.0 -2.2559982041574704
   vertex 17.43449690031536 0.0 -4.476417968967388
  endloop
 endfacet
 facet normal -0.9802577149984196 0.06424948509234923 0.18699415993940885
  outer loop
   vertex 17.705286405209733 -2.3309451757460287 -2.2559982041574704
   vertex 17.43449690031536 0.0 -4.476417968967388
   vertex 17.28534236245529 -2.275658493670458 -4.476417968967388
  endloop
 endfacet
 facet normal -0.9492141145573926 0.06221478002119165 0.30841836176197424
  outer loop
   vertex 17.28534236245529 -2.275658493670458 -4.476417968967388
   vertex 17.43449690031536 0.0 -4.476417968967388
   vertex 16.735976745988527 0.0 -6.626241948324203
  endloop
 endfacet
 facet normal -0.9492141145573921 0.0622147800211926 0.3084183617619752
  outer loop
   vertex 17.28534236245529 -2.275658493670458 -4.476417968967388
   vertex 16.735976745988527 0.0 -6.626241948324203
   vertex 16.592798144881908 -2.1844833177372136 -6.626241948324203
  endloop
 endfacet
 facet normal -0.903240034895019 0.05920147964037703 0.4250324977825047
  outer loop
   vertex 16.592798144881908 -2.1844833177372136 -6.626241948324203
   vertex 16.735976745988527 0.0 -6.626241948324203
   vertex 15.773520240789546 0.0 -8.67156613383087
  endloop
 endfacet
 facet normal -0.9032400348950194 0.059201479640376455 0.42503249778250424
  outer loop
   vertex 16.592798144881908 -2.1844833177372136 -6.626241948324203
   vertex 15.773520240789546 0.0 -8.67156613383087
   vertex 15.638575588506583 -2.0588575349361724 -8.67156613383087
  endloop
 endfacet
 facet normal -0.8430379956437989 0.055255629519312566 0.5350081805984938
  outer loop
   vertex 15.638575588506583 -2.0588575349361724 -8.67156613383087
   vertex 15.773520240789546 0.0 -8.67156613383087
   vertex 14.562305898749054 0.0 -10.580134541264515
  endloop
 endfacet
 facet normal -0.843037995643799 0.055255629519312614 0.5350081805984938
  outer loop
   vertex 15.638575588506583 -2.0588575349361724 -8.67156613383087
   vertex 14.562305898749054 0.0 -10.580134541264515
   vertex 14.437723353068277 -1.9007623389073116 -10.580134541264515
  endloop
 endfacet
 facet normal -0.7695325356704928 0.050437827136835166 0.6366126782732623
  outer loop
   vertex 14.437723353068277 -1.9007623389073116 -10.580134541264515
   vertex 14.562305898749054 0.0 -10.580134541264515
   vertex 13.121435293585407 0.0 -12.321847906716396
  endloop
 endfacet
 facet normal -0.7695325356704931 0.05043782713683504 0.6366126782732622
  outer loop
   vertex 14.437723353068277 -1.9007623389073116 -10.580134541264515
   vertex 13.121435293585407 0.0 -12.321847906716396
   vertex 13.009179595674206 -1.712690985333499 -12.321847906716396
  endloop
 endfacet
 facet normal -0.6838591134652229 0.04482249437426972 0.7282359898608609
  outer loop
   vertex 13.009179595674206 -1.712690985333499 -12.321847906716396
   vertex 13.121435293585407 0.0 -12.321847906716396
   vertex 11.473631815476418 0.0 -13.869238369964204
  endloop
 endfacet
 facet normal -0.6838591134652227 0.044822494374270036 0.728235989860861
  outer loop
   vertex 13.009179595674206 -1.712690985333499 -12.321847906716396
   vertex 11.473631815476418 0.0 -13.869238369964204
   vertex 11.375473304749157 -1.4976094718089756 -13.869238369964204
  endloop
 endfacet
 facet normal -0.5873495380917194 0.03849692260946234 0.8084172852265374
  outer loop
   vertex 11.375473304749157 -1.4976094718089756 -13.869238369964204
   vertex 11.473631815476418 0.0 -13.869238369964204
   vertex 9.64488230962194 0.0 -15.197902659036272
  endloop
 endfacet
 facet normal -0.5873495380917196 0.03849692260946209 0.8084172852265373
  outer loop
   vertex 11.375473304749157 -1.4976094718089756 -13.869238369964204
   vertex 9.64488230962194 0.0 -15.197902659036272
   vertex 9.56236900442984 -1.2589097622854892 -15.197902659036272
  endloop
 endfacet
 facet normal -0.4815136917692292 0.03156007475150467 0.8758701538016048
  outer loop
   vertex 9.56236900442984 -1.2589097622854892 -15.197902659036272
   vertex 9.64488230962194 0.0 -15.197902659036272
   vertex 7.664027248171312 0.0 -16.28688694438835
  endloop
 endfacet
 facet normal -0.4815136917692293 0.03156007475150445 0.8758701538016048
  outer loop
   vertex 9.56236900442984 -1.2589097622854892 -15.197902659036272
   vertex 7.664027248171312 0.0 -16.28688694438835
   vertex 7.598460432628312 -1.0003562937745225 -16.28688694438835
  endloop
 endfacet
 facet normal -0.3680174442804911 0.024121137674557324 0.9295059609397568
  outer loop
   vertex 7.598460432628312 -1.0003562937745225 -16.28688694438835
   vertex 7.664027248171312 0.0 -16.28688694438835
   vertex 5.562305898749063 0.0 -17.119017293312762
  endloop
 endfacet
 facet normal -0.36801744428049105 0.02412113767455737 0.9295059609397568
  outer loop
   vertex 7.598460432628312 -1.0003562937745225 -16.28688694438835
   vertex 5.562305898749063 0.0 -17.119017293312762
   vertex 5.514719600703993 -0.7260266089268476 -17.119017293312762
  endloop
 endfacet
 facet normal -0.24865685655327963 0.016297831431253896 0.9684545153902067
  outer loop
   vertex 5.514719600703993 -0.7260266089268476 -17.119017293312762
   vertex 5.562305898749063 0.0 -17.119017293312762
   vertex 3.3728636625430424 0.0 -17.681170513116395
  endloop
 endfacet
 facet normal -0.24865685655327954 0.01629783143125401 0.9684545153902067
  outer loop
   vertex 5.514719600703993 -0.7260266089268476 -17.119017293312762
   vertex 3.3728636625430424 0.0 -17.681170513116395
   vertex 3.344008346342749 -0.4402470507491207 -17.681170513116395
  endloop
 endfacet
 facet normal -0.12532900487747714 0.008214496970857814 0.9920812278114818
  outer loop
   vertex 3.344008346342749 -0.4402470507491207 -17.681170513116395
   vertex 3.3728636625430424 0.0 -17.681170513116395
   vertex 1.1302293515276445 0.0 -17.96448111170889
  endloop
 endfacet
 facet normal -0.1253290048774772 0.00821449697085756 0.9920812278114817
  outer loop
   vertex 3.344008346342749 -0.4402470507491207 -17.681170513116395
   vertex 1.1302293515276445 0.0 -17.96448111170889
   vertex 1.120560082745937 -0.1475245335902417 -17.96448111170889
  endloop
 endfacet
endsolid sphere
