solid torus
 facet normal 0.9856252128044025 0.06460128948520698 0.15610769769977673
  outer loop
   vertex 31.0 0.0 0.0
   vertex 30.73479070258812 4.046311958821599 0.0
   vertex 30.395117344669803 4.001593112887755 2.1631189606246317
  endloop
 endfacet
 facet normal 0.9856252128044025 0.0646012894852068 0.15610769769977706
  outer loop
   vertex 31.0 0.0 0.0
   vertex 30.395117344669803 4.001593112887755 2.1631189606246317
   vertex 30.657395614066075 0.0 2.1631189606246317
  endloop
 endfacet
 facet normal 0.8894910020779008 0.05830032041918204 0.4532183026549925
  outer loop
   vertex 30.657395614066075 0.0 2.1631189606246317
   vertex 30.395117344669803 4.001593112887755 2.1631189606246317
   vertex 29.409346865831335 3.8718139673007474 4.114496766047312
  endloop
 endfacet
 facet normal 0.889491002077901 0.058300320419182275 0.45321830265499213
  outer loop
   vertex 30.657395614066075 0.0 2.1631189606246317
   vertex 29.409346865831335 3.8718139673007474 4.114496766047312
   vertex 29.663118960624633 0.0 4.114496766047312
  endloop
 endfacet
 facet normal 0.706348579363977 0.04629653184613947 0.7063485793639787
  outer loop
   vertex 29.663118960624633 0.0 4.114496766047312
   vertex 29.409346865831335 3.8718139673007474 4.114496766047312
   vertex 27.873973348808214 3.6696782090551094 5.663118960624632
  endloop
 endfacet
 facet normal 0.7063485793639771 0.046296531846139646 0.7063485793639783
  outer loop
   vertex 29.663118960624633 0.0 4.114496766047312
   vertex 27.873973348808214 3.6696782090551094 5.663118960624632
   vertex 28.11449676604731 0.0 5.663118960624632
  endloop
 endfacet
 facet normal 0.45378964560361285 0.02974294476256086 0.8906123257511087
  outer loop
   vertex 28.11449676604731 0.0 5.663118960624632
   vertex 27.873973348808214 3.6696782090551094 5.663118960624632
   vertex 25.939289851023 3.4149722945305667 6.657395614066075
  endloop
 endfacet
 facet normal 0.45378964560361273 0.029742944762560793 0.8906123257511087
  outer loop
   vertex 28.11449676604731 0.0 5.663118960624632
   vertex 25.939289851023 3.4149722945305667 6.657395614066075
   vertex 26.163118960624633 0.0 6.657395614066075
  endloop
 endfacet
 facet normal 0.15642624276799175 0.010252717626191375 0.9876364272113332
  outer loop
   vertex 26.163118960624633 0.0 6.657395614066075
   vertex 25.939289851023 3.4149722945305667 6.657395614066075
   vertex 23.79467667297145 3.1326286132812378 7.0
  endloop
 endfacet
 facet normal 0.15642624276799172 0.010252717626191368 0.9876364272113332
  outer loop
   vertex 26.163118960624633 0.0 6.657395614066075
   vertex 23.79467667297145 3.1326286132812378 7.0
   vertex 24.0 0.0 7.0
  endloop
 endfacet
 facet normal -0.15642624276799158 -0.010252717626191364 0.987636427211333
  outer loop
   vertex 24.0 0.0 7.0
   vertex 23.79467667297145 3.1326286132812378 7.0
   vertex 21.650063494919902 2.8502849320319092 6.6573956140660755
  endloop
 endfacet
 facet normal -0.1564262427679916 -0.010252717626191352 0.9876364272113332
  outer loop
   vertex 24.0 0.0 7.0
   vertex 21.650063494919902 2.8502849320319092 6.6573956140660755
   vertex 21.83688103937537 0.0 6.6573956140660755
  endloop
 endfacet
 facet normal -0.45378964560361257 -0.029742944762560744 0.8906123257511088
  outer loop
   vertex 21.83688103937537 0.0 6.6573956140660755
   vertex 21.650063494919902 2.8502849320319092 6.6573956140660755
   vertex 19.715379997134683 2.595579017507366 5.663118960624632
  endloop
 endfacet
 facet normal -0.4537896456036124 -0.029742944762560578 0.8906123257511088
  outer loop
   vertex 21.83688103937537 0.0 6.6573956140660755
   vertex 19.715379997134683 2.595579017507366 5.663118960624632
   vertex 19.88550323395269 0.0 5.663118960624632
  endloop
 endfacet
 facet normal -0.7063485793639775 -0.04629653184613938 0.7063485793639781
  outer loop
   vertex 19.88550323395269 0.0 5.663118960624632
   vertex 19.715379997134683 2.595579017507366 5.663118960624632
   vertex 18.180006480111565 2.3934432592617285 4.114496766047313
  endloop
 endfacet
 facet normal -0.7063485793639779 -0.046296531846139695 0.7063485793639779
  outer loop
   vertex 19.88550323395269 0.0 5.663118960624632
   vertex 18.180006480111565 2.3934432592617285 4.114496766047313
   vertex 18.33688103937537 0.0 4.114496766047313
  endloop
 endfacet
 facet normal -0.8894910020779008 -0.05830032041918245 0.4532183026549926
  outer loop
   vertex 18.33688103937537 0.0 4.114496766047313
   vertex 18.180006480111565 2.3934432592617285 4.114496766047313
   vertex 17.194236001273097 2.263664113674721 2.1631189606246326
  endloop
 endfacet
 facet normal -0.8894910020779005 -0.058300320419181435 0.45321830265499347
  outer loop
   vertex 18.33688103937537 0.0 4.114496766047313
   vertex 17.194236001273097 2.263664113674721 2.1631189606246326
   vertex 17.342604385933925 0.0 2.1631189606246326
  endloop
 endfacet
 facet normal -0.9856252128044024 -0.06460128948520616 0.15610769769977828
  outer loop
   vertex 17.342604385933925 0.0 2.1631189606246326
   vertex 17.194236001273097 2.263664113674721 2.1631189606246326
   vertex 16.854562643354775 2.2189452677408767 8.572527594031472e-16
  endloop
 endfacet
 facet normal -0.9856252128044024 -0.06460128948520741 0.15610769769977706
  outer loop
   vertex 17.342604385933925 0.0 2.1631189606246326
   vertex 16.854562643354775 2.2189452677408767 8.572527594031472e-16
   vertex 17.0 0.0 8.572527594031472e-16
  endloop
 endfacet
 facet normal -0.9856252128044023 -0.06460128948520737 -0.1561076976997781
  outer loop
   vertex 17.0 0.0 8.572527594031472e-16
   vertex 16.854562643354775 2.2189452677408767 8.572527594031472e-16
   vertex 17.194236001273097 2.263664113674721 -2.163118960624634
  endloop
 endfacet
 facet normal -0.9856252128044026 -0.06460128948520617 -0.15610769769977687
  outer loop
   vertex 17.0 0.0 8.572527594031472e-16
   vertex 17.194236001273097 2.263664113674721 -2.163118960624634
   vertex 17.342604385933925 0.0 -2.163118960624634
  endloop
 endfacet
 facet normal -0.8894910020779013 -0.05830032041918151 -0.4532183026549918
  outer loop
   vertex 17.342604385933925 0.0 -2.163118960624634
   vertex 17.194236001273097 2.263664113674721 -2.163118960624634
   vertex 18.18000648011156 2.393443259261728 -4.114496766047311
  endloop
 endfacet
 facet normal -0.8894910020779008 -0.05830032041918243 -0.45321830265499274
  outer loop
   vertex 17.342604385933925 0.0 -2.163118960624634
   vertex 18.18000648011156 2.393443259261728 -4.114496766047311
   vertex 18.336881039375367 0.0 -4.114496766047311
  endloop
 endfacet
 facet normal -0.7063485793639779 -0.046296531846139695 -0.7063485793639779
  outer loop
   vertex 18.336881039375367 0.0 -4.114496766047311
   vertex 18.18000648011156 2.393443259261728 -4.114496766047311
   vertex 19.71537999713468 2.5955790175073656 -5.663118960624631
  endloop
 endfacet
 facet normal -0.706348579363978 -0.04629653184613937 -0.7063485793639775
  outer loop
   vertex 18.336881039375367 0.0 -4.114496766047311
   vertex 19.71537999713468 2.5955790175073656 -5.663118960624631
   vertex 19.885503233952686 0.0 -5.663118960624631
  endloop
 endfacet
 facet normal -0.4537896456036125 -0.029742944762560623 -0.8906123257511087
  outer loop
   vertex 19.885503233952686 0.0 -5.663118960624631
   vertex 19.71537999713468 2.5955790175073656 -5.663118960624631
   vertex 21.6500634949199 2.850284932031909 -6.657395614066075
  endloop
 endfacet
 facet normal -0.4537896456036124 -0.02974294476256072 -0.8906123257511088
  outer loop
   vertex 19.885503233952686 0.0 -5.663118960624631
   vertex 21.6500634949199 2.850284932031909 -6.657395614066075
   vertex 21.836881039375367 0.0 -6.657395614066075
  endloop
 endfacet
 facet normal -0.15642624276799172 -0.010252717626191375 -0.987636427211333
  outer loop
   vertex 21.836881039375367 0.0 -6.657395614066075
   vertex 21.6500634949199 2.850284932031909 -6.657395614066075
   vertex 23.79467667297145 3.1326286132812378 -7.0
  endloop
 endfacet
 facet normal -0.15642624276799172 -0.010252717626191383 -0.9876364272113332
  outer loop
   vertex 21.836881039375367 0.0 -6.657395614066075
   vertex 23.79467667297145 3.1326286132812378 -7.0
   vertex 24.0 0.0 -7.0
  endloop
 endfacet
 facet normal 0.15642624276799158 0.010252717626191364 -0.987636427211333
  outer loop
   vertex 24.0 0.0 -7.0
   vertex 23.79467667297145 3.1326286132812378 -7.0
   vertex 25.939289851022995 3.4149722945305663 -6.6573956140660755
  endloop
 endfacet
 facet normal 0.15642624276799158 0.010252717626191368 -0.9876364272113332
  outer loop
   vertex 24.0 0.0 -7.0
   vertex 25.939289851022995 3.4149722945305663 -6.6573956140660755
   vertex 26.16311896062463 0.0 -6.6573956140660755
  endloop
 endfacet
 facet normal 0.4537896456036122 0.029742944762560727 -0.8906123257511089
  outer loop
   vertex 26.16311896062463 0.0 -6.6573956140660755
   vertex 25.939289851022995 3.4149722945305663 -6.6573956140660755
   vertex 27.873973348808214 3.6696782090551094 -5.663118960624633
  endloop
 endfacet
 facet normal 0.453789645603612 0.02974294476256079 -0.8906123257511089
  outer loop
   vertex 26.16311896062463 0.0 -6.6573956140660755
   vertex 27.873973348808214 3.6696782090551094 -5.663118960624633
   vertex 28.11449676604731 0.0 -5.663118960624633
  endloop
 endfacet
 facet normal 0.7063485793639777 0.046296531846139716 -0.7063485793639781
  outer loop
   vertex 28.11449676604731 0.0 -5.663118960624633
   vertex 27.873973348808214 3.6696782090551094 -5.663118960624633
   vertex 29.40934686583133 3.871813967300747 -4.1144967660473135
  endloop
 endfacet
 facet normal 0.7063485793639778 0.04629653184613955 -0.7063485793639778
  outer loop
   vertex 28.11449676604731 0.0 -5.663118960624633
   vertex 29.40934686583133 3.871813967300747 -4.1144967660473135
   vertex 29.66311896062463 0.0 -4.1144967660473135
  endloop
 endfacet
 facet normal 0.8894910020779003 0.05830032041918224 -0.45321830265499397
  outer loop
   vertex 29.66311896062463 0.0 -4.1144967660473135
   vertex 29.40934686583133 3.871813967300747 -4.1144967660473135
   vertex 30.395117344669803 4.001593112887755 -2.163118960624634
  endloop
 endfacet
 facet normal 0.8894910020779004 0.05830032041918201 -0.4532183026549936
  outer loop
   vertex 29.66311896062463 0.0 -4.1144967660473135
   vertex 30.395117344669803 4.001593112887755 -2.163118960624634
   vertex 30.657395614066075 0.0 -2.163118960624634
  endloop
 endfacet
 facet normal 0.9856252128044025 0.06460128948520678 -0.15610769769977667
  outer loop
   vertex 30.657395614066075 0.0 -2.163118960624634
   vertex 30.395117344669803 4.001593112887755 -2.163118960624634
   vertex 30.73479070258812 4.046311958821599 -1.7145055188062944e-15
  endloop
 endfacet
 facet normal 0.9856252128044023 0.06460128948520696 -0.156107697699777
  outer loop
   vertex 30.657395614066075 0.0 -2.163118960624634
   vertex 30.73479070258812 4.046311958821599 -1.7145055188062944e-15
   vertex 31.0 0.0 -1.7145055188062944e-15
  endloop
 endfacet
 facet normal 0.968760892146384 0.19269852248166652 0.15610769769977692
  outer loop
   vertex 30.73479070258812 4.046311958821599 0.0
   vertex 29.943700614961116 8.023390398178144 0.0
   vertex 29.612770190387632 7.934717858162789 2.1631189606246317
  endloop
 endfacet
 facet normal 0.968760892146384 0.19269852248166663 0.15610769769977675
  outer loop
   vertex 30.73479070258812 4.046311958821599 0.0
   vertex 29.612770190387632 7.934717858162789 2.1631189606246317
   vertex 30.395117344669803 4.001593112887755 2.1631189606246317
  endloop
 endfacet
 facet normal 0.8742715644188516 0.1739034266112708 0.4532183026549924
  outer loop
   vertex 30.395117344669803 4.001593112887755 2.1631189606246317
   vertex 29.612770190387632 7.934717858162789 2.1631189606246317
   vertex 28.652372692352277 7.677380124151345 4.114496766047312
  endloop
 endfacet
 facet normal 0.8742715644188515 0.17390342661127067 0.4532183026549925
  outer loop
   vertex 30.395117344669803 4.001593112887755 2.1631189606246317
   vertex 28.652372692352277 7.677380124151345 4.114496766047312
   vertex 29.409346865831335 3.8718139673007474 4.114496766047312
  endloop
 endfacet
 facet normal 0.6942627593342358 0.13809744904270643 0.706348579363978
  outer loop
   vertex 29.409346865831335 3.8718139673007474 4.114496766047312
   vertex 28.652372692352277 7.677380124151345 4.114496766047312
   vertex 27.156518519445587 7.2765672065262725 5.663118960624632
  endloop
 endfacet
 facet normal 0.6942627593342354 0.1380974490427058 0.7063485793639788
  outer loop
   vertex 29.409346865831335 3.8718139673007474 4.114496766047312
   vertex 27.156518519445587 7.2765672065262725 5.663118960624632
   vertex 27.873973348808214 3.6696782090551094 5.663118960624632
  endloop
 endfacet
 facet normal 0.446025178953076 0.08871992425649149 0.8906123257511087
  outer loop
   vertex 27.873973348808214 3.6696782090551094 5.663118960624632
   vertex 27.156518519445587 7.2765672065262725 5.663118960624632
   vertex 25.27163230034054 6.7715134662925225 6.657395614066075
  endloop
 endfacet
 facet normal 0.4460251789530762 0.0887199242564917 0.8906123257511086
  outer loop
   vertex 27.873973348808214 3.6696782090551094 5.663118960624632
   vertex 25.27163230034054 6.7715134662925225 6.657395614066075
   vertex 25.939289851023 3.4149722945305667 6.657395614066075
  endloop
 endfacet
 facet normal 0.1537497463846835 0.030582726037399314 0.987636427211333
  outer loop
   vertex 25.939289851023 3.4149722945305667 6.657395614066075
   vertex 25.27163230034054 6.7715134662925225 6.657395614066075
   vertex 23.18221983093764 6.211657082460498 7.0
  endloop
 endfacet
 facet normal 0.15374974638468344 0.030582726037399238 0.9876364272113332
  outer loop
   vertex 25.939289851023 3.4149722945305667 6.657395614066075
   vertex 23.18221983093764 6.211657082460498 7.0
   vertex 23.79467667297145 3.1326286132812378 7.0
  endloop
 endfacet
 facet normal -0.15374974638468314 -0.03058272603739919 0.9876364272113332
  outer loop
   vertex 23.79467667297145 3.1326286132812378 7.0
   vertex 23.18221983093764 6.211657082460498 7.0
   vertex 21.092807361534742 5.651800698628474 6.6573956140660755
  endloop
 endfacet
 facet normal -0.1537497463846833 -0.030582726037399338 0.9876364272113332
  outer loop
   vertex 23.79467667297145 3.1326286132812378 7.0
   vertex 21.092807361534742 5.651800698628474 6.6573956140660755
   vertex 21.650063494919902 2.8502849320319092 6.6573956140660755
  endloop
 endfacet
 facet normal -0.4460251789530762 -0.0887199242564919 0.8906123257511086
  outer loop
   vertex 21.650063494919902 2.8502849320319092 6.6573956140660755
   vertex 21.092807361534742 5.651800698628474 6.6573956140660755
   vertex 19.207921142429694 5.146746958394723 5.663118960624632
  endloop
 endfacet
 facet normal -0.446025178953076 -0.08871992425649156 0.8906123257511087
  outer loop
   vertex 21.650063494919902 2.8502849320319092 6.6573956140660755
   vertex 19.207921142429694 5.146746958394723 5.663118960624632
   vertex 19.715379997134683 2.595579017507366 5.663118960624632
  endloop
 endfacet
 facet normal -0.6942627593342358 -0.13809744904270596 0.7063485793639782
  outer loop
   vertex 19.715379997134683 2.595579017507366 5.663118960624632
   vertex 19.207921142429694 5.146746958394723 5.663118960624632
   vertex 17.712066969523004 4.745934040769652 4.114496766047313
  endloop
 endfacet
 facet normal -0.694262759334236 -0.1380974490427061 0.7063485793639781
  outer loop
   vertex 19.715379997134683 2.595579017507366 5.663118960624632
   vertex 17.712066969523004 4.745934040769652 4.114496766047313
   vertex 18.180006480111565 2.3934432592617285 4.114496766047313
  endloop
 endfacet
 facet normal -0.874271564418851 -0.17390342661127023 0.4532183026549937
  outer loop
   vertex 18.180006480111565 2.3934432592617285 4.114496766047313
   vertex 17.712066969523004 4.745934040769652 4.114496766047313
   vertex 16.751669471487645 4.488596306758207 2.1631189606246326
  endloop
 endfacet
 facet normal -0.8742715644188513 -0.1739034266112716 0.45321830265499247
  outer loop
   vertex 18.180006480111565 2.3934432592617285 4.114496766047313
   vertex 16.751669471487645 4.488596306758207 2.1631189606246326
   vertex 17.194236001273097 2.263664113674721 2.1631189606246326
  endloop
 endfacet
 facet normal -0.9687608921463838 -0.1926985224816675 0.15610769769977687
  outer loop
   vertex 17.194236001273097 2.263664113674721 2.1631189606246326
   vertex 16.751669471487645 4.488596306758207 2.1631189606246326
   vertex 16.42073904691416 4.399923766742853 8.572527594031472e-16
  endloop
 endfacet
 facet normal -0.9687608921463838 -0.19269852248166605 0.15610769769977825
  outer loop
   vertex 17.194236001273097 2.263664113674721 2.1631189606246326
   vertex 16.42073904691416 4.399923766742853 8.572527594031472e-16
   vertex 16.854562643354775 2.2189452677408767 8.572527594031472e-16
  endloop
 endfacet
 facet normal -0.9687608921463841 -0.1926985224816661 -0.15610769769977662
  outer loop
   vertex 16.854562643354775 2.2189452677408767 8.572527594031472e-16
   vertex 16.42073904691416 4.399923766742853 8.572527594031472e-16
   vertex 16.751669471487645 4.488596306758207 -2.163118960624634
  endloop
 endfacet
 facet normal -0.9687608921463835 -0.19269852248166744 -0.15610769769977803
  outer loop
   vertex 16.854562643354775 2.2189452677408767 8.572527594031472e-16
   vertex 16.751669471487645 4.488596306758207 -2.163118960624634
   vertex 17.194236001273097 2.263664113674721 -2.163118960624634
  endloop
 endfacet
 facet normal -0.874271564418851 -0.1739034266112715 -0.4532183026549929
  outer loop
   vertex 17.194236001273097 2.263664113674721 -2.163118960624634
   vertex 16.751669471487645 4.488596306758207 -2.163118960624634
   vertex 17.712066969523 4.745934040769651 -4.114496766047311
  endloop
 endfacet
 facet normal -0.8742715644188519 -0.17390342661127037 -0.45321830265499174
  outer loop
   vertex 17.194236001273097 2.263664113674721 -2.163118960624634
   vertex 17.712066969523 4.745934040769651 -4.114496766047311
   vertex 18.18000648011156 2.393443259261728 -4.114496766047311
  endloop
 endfacet
 facet normal -0.694262759334236 -0.13809744904270616 -0.706348579363978
  outer loop
   vertex 18.18000648011156 2.393443259261728 -4.114496766047311
   vertex 17.712066969523 4.745934040769651 -4.114496766047311
   vertex 19.20792114242969 5.146746958394722 -5.663118960624631
  endloop
 endfacet
 facet normal -0.694262759334236 -0.13809744904270607 -0.7063485793639779
  outer loop
   vertex 18.18000648011156 2.393443259261728 -4.114496766047311
   vertex 19.20792114242969 5.146746958394722 -5.663118960624631
   vertex 19.71537999713468 2.5955790175073656 -5.663118960624631
  endloop
 endfacet
 facet normal -0.4460251789530763 -0.08871992425649163 -0.8906123257511086
  outer loop
   vertex 19.71537999713468 2.5955790175073656 -5.663118960624631
   vertex 19.20792114242969 5.146746958394722 -5.663118960624631
   vertex 21.09280736153474 5.651800698628473 -6.657395614066075
  endloop
 endfacet
 facet normal -0.44602517895307586 -0.08871992425649185 -0.8906123257511088
  outer loop
   vertex 19.71537999713468 2.5955790175073656 -5.663118960624631
   vertex 21.09280736153474 5.651800698628473 -6.657395614066075
   vertex 21.6500634949199 2.850284932031909 -6.657395614066075
  endloop
 endfacet
 facet normal -0.15374974638468328 -0.030582726037399335 -0.987636427211333
  outer loop
   vertex 21.6500634949199 2.850284932031909 -6.657395614066075
   vertex 21.09280736153474 5.651800698628473 -6.657395614066075
   vertex 23.18221983093764 6.211657082460498 -7.0
  endloop
 endfacet
 facet normal -0.15374974638468344 -0.030582726037399255 -0.9876364272113332
  outer loop
   vertex 21.6500634949199 2.850284932031909 -6.657395614066075
   vertex 23.18221983093764 6.211657082460498 -7.0
   vertex 23.79467667297145 3.1326286132812378 -7.0
  endloop
 endfacet
 facet normal 0.15374974638468342 0.03058272603739924 -0.9876364272113333
  outer loop
   vertex 23.79467667297145 3.1326286132812378 -7.0
   vertex 23.18221983093764 6.211657082460498 -7.0
   vertex 25.271632300340535 6.771513466292522 -6.6573956140660755
  endloop
 endfacet
 facet normal 0.1537497463846833 0.03058272603739929 -0.9876364272113332
  outer loop
   vertex 23.79467667297145 3.1326286132812378 -7.0
   vertex 25.271632300340535 6.771513466292522 -6.6573956140660755
   vertex 25.939289851022995 3.4149722945305663 -6.6573956140660755
  endloop
 endfacet
 facet normal 0.4460251789530753 0.08871992425649154 -0.890612325751109
  outer loop
   vertex 25.939289851022995 3.4149722945305663 -6.6573956140660755
   vertex 25.271632300340535 6.771513466292522 -6.6573956140660755
   vertex 27.156518519445587 7.2765672065262725 -5.663118960624633
  endloop
 endfacet
 facet normal 0.4460251789530756 0.08871992425649143 -0.8906123257511089
  outer loop
   vertex 25.939289851022995 3.4149722945305663 -6.6573956140660755
   vertex 27.156518519445587 7.2765672065262725 -5.663118960624633
   vertex 27.873973348808214 3.6696782090551094 -5.663118960624633
  endloop
 endfacet
 facet normal 0.6942627593342365 0.13809744904270602 -0.7063485793639773
  outer loop
   vertex 27.873973348808214 3.6696782090551094 -5.663118960624633
   vertex 27.156518519445587 7.2765672065262725 -5.663118960624633
   vertex 28.652372692352273 7.677380124151344 -4.1144967660473135
  endloop
 endfacet
 facet normal 0.694262759334236 0.13809744904270646 -0.7063485793639781
  outer loop
   vertex 27.873973348808214 3.6696782090551094 -5.663118960624633
   vertex 28.652372692352273 7.677380124151344 -4.1144967660473135
   vertex 29.40934686583133 3.871813967300747 -4.1144967660473135
  endloop
 endfacet
 facet normal 0.8742715644188508 0.1739034266112706 -0.4532183026549939
  outer loop
   vertex 29.40934686583133 3.871813967300747 -4.1144967660473135
   vertex 28.652372692352273 7.677380124151344 -4.1144967660473135
   vertex 29.612770190387632 7.934717858162789 -2.163118960624634
  endloop
 endfacet
 facet normal 0.8742715644188508 0.17390342661127062 -0.45321830265499397
  outer loop
   vertex 29.40934686583133 3.871813967300747 -4.1144967660473135
   vertex 29.612770190387632 7.934717858162789 -2.163118960624634
   vertex 30.395117344669803 4.001593112887755 -2.163118960624634
  endloop
 endfacet
 facet normal 0.968760892146384 0.19269852248166663 -0.15610769769977692
  outer loop
   vertex 30.395117344669803 4.001593112887755 -2.163118960624634
   vertex 29.612770190387632 7.934717858162789 -2.163118960624634
   vertex 29.943700614961116 8.023390398178144 -1.7145055188062944e-15
  endloop
 endfacet
 facet normal 0.968760892146384 0.1926985224816665 -0.15610769769977667
  outer loop
   vertex 30.395117344669803 4.001593112887755 -2.163118960624634
   vertex 29.943700614961116 8.023390398178144 -1.7145055188062944e-15
   vertex 30.73479070258812 4.046311958821599 -1.7145055188062944e-15
  endloop
 endfacet
 facet normal 0.9353208040324784 0.3174986303323416 0.15610769769977725
  outer loop
   vertex 29.943700614961116 8.023390398178144 0.0
   vertex 28.64026550784989 11.863186403317783 0.0
   vertex 28.32374032793694 11.732077380965254 2.1631189606246317
  endloop
 endfacet
 facet normal 0.9353208040324785 0.3174986303323417 0.15610769769977695
  outer loop
   vertex 29.943700614961116 8.023390398178144 0.0
   vertex 28.32374032793694 11.732077380965254 2.1631189606246317
   vertex 29.612770190387632 7.934717858162789 2.1631189606246317
  endloop
 endfacet
 facet normal 0.8440930978987239 0.2865309969589022 0.45321830265499297
  outer loop
   vertex 29.612770190387632 7.934717858162789 2.1631189606246317
   vertex 28.32374032793694 11.732077380965254 2.1631189606246317
   vertex 27.40514847816857 11.351584178505808 4.114496766047312
  endloop
 endfacet
 facet normal 0.8440930978987241 0.28653099695890255 0.4532183026549924
  outer loop
   vertex 29.612770190387632 7.934717858162789 2.1631189606246317
   vertex 27.40514847816857 11.351584178505808 4.114496766047312
   vertex 28.652372692352277 7.677380124151345 4.114496766047312
  endloop
 endfacet
 facet normal 0.6702979110062838 0.22753548059830733 0.7063485793639778
  outer loop
   vertex 28.652372692352277 7.677380124151345 4.114496766047312
   vertex 27.40514847816857 11.351584178505808 4.114496766047312
   vertex 25.974408129005873 10.758952121648202 5.663118960624632
  endloop
 endfacet
 facet normal 0.6702979110062834 0.22753548059830692 0.7063485793639781
  outer loop
   vertex 28.652372692352277 7.677380124151345 4.114496766047312
   vertex 25.974408129005873 10.758952121648202 5.663118960624632
   vertex 27.156518519445587 7.2765672065262725 5.663118960624632
  endloop
 endfacet
 facet normal 0.43062909782911 0.14617888124858466 0.8906123257511087
  outer loop
   vertex 27.156518519445587 7.2765672065262725 5.663118960624632
   vertex 25.974408129005873 10.758952121648202 5.663118960624632
   vertex 24.17157011437907 10.012192165227995 6.657395614066075
  endloop
 endfacet
 facet normal 0.43062909782911 0.14617888124858466 0.8906123257511087
  outer loop
   vertex 27.156518519445587 7.2765672065262725 5.663118960624632
   vertex 24.17157011437907 10.012192165227995 6.657395614066075
   vertex 25.27163230034054 6.7715134662925225 6.657395614066075
  endloop
 endfacet
 facet normal 0.14844254921325 0.05038945552697396 0.9876364272113332
  outer loop
   vertex 25.27163230034054 6.7715134662925225 6.657395614066075
   vertex 24.17157011437907 10.012192165227995 6.657395614066075
   vertex 22.17310878027088 9.184402376762154 7.0
  endloop
 endfacet
 facet normal 0.14844254921325023 0.050389455526974214 0.9876364272113332
  outer loop
   vertex 25.27163230034054 6.7715134662925225 6.657395614066075
   vertex 22.17310878027088 9.184402376762154 7.0
   vertex 23.18221983093764 6.211657082460498 7.0
  endloop
 endfacet
 facet normal -0.14844254921325012 -0.050389455526974186 0.9876364272113333
  outer loop
   vertex 23.18221983093764 6.211657082460498 7.0
   vertex 22.17310878027088 9.184402376762154 7.0
   vertex 20.174647446162698 8.356612588296317 6.6573956140660755
  endloop
 endfacet
 facet normal -0.1484425492132499 -0.050389455526973916 0.987636427211333
  outer loop
   vertex 23.18221983093764 6.211657082460498 7.0
   vertex 20.174647446162698 8.356612588296317 6.6573956140660755
   vertex 21.092807361534742 5.651800698628474 6.6573956140660755
  endloop
 endfacet
 facet normal -0.4306290978291097 -0.1461788812485845 0.8906123257511089
  outer loop
   vertex 21.092807361534742 5.651800698628474 6.6573956140660755
   vertex 20.174647446162698 8.356612588296317 6.6573956140660755
   vertex 18.37180943153589 7.609852631876108 5.663118960624632
  endloop
 endfacet
 facet normal -0.4306290978291101 -0.1461788812485853 0.8906123257511085
  outer loop
   vertex 21.092807361534742 5.651800698628474 6.6573956140660755
   vertex 18.37180943153589 7.609852631876108 5.663118960624632
   vertex 19.207921142429694 5.146746958394723 5.663118960624632
  endloop
 endfacet
 facet normal -0.6702979110062832 -0.22753548059830786 0.7063485793639778
  outer loop
   vertex 19.207921142429694 5.146746958394723 5.663118960624632
   vertex 18.37180943153589 7.609852631876108 5.663118960624632
   vertex 16.941069082373193 7.017220575018502 4.114496766047313
  endloop
 endfacet
 facet normal -0.6702979110062832 -0.22753548059830747 0.7063485793639781
  outer loop
   vertex 19.207921142429694 5.146746958394723 5.663118960624632
   vertex 16.941069082373193 7.017220575018502 4.114496766047313
   vertex 17.712066969523004 4.745934040769652 4.114496766047313
  endloop
 endfacet
 facet normal -0.8440930978987237 -0.28653099695890283 0.453218302654993
  outer loop
   vertex 17.712066969523004 4.745934040769652 4.114496766047313
   vertex 16.941069082373193 7.017220575018502 4.114496766047313
   vertex 16.022477232604825 6.636727372559054 2.1631189606246326
  endloop
 endfacet
 facet normal -0.8440930978987236 -0.28653099695890216 0.45321830265499374
  outer loop
   vertex 17.712066969523004 4.745934040769652 4.114496766047313
   vertex 16.022477232604825 6.636727372559054 2.1631189606246326
   vertex 16.751669471487645 4.488596306758207 2.1631189606246326
  endloop
 endfacet
 facet normal -0.9353208040324785 -0.3174986303323419 0.15610769769977711
  outer loop
   vertex 16.751669471487645 4.488596306758207 2.1631189606246326
   vertex 16.022477232604825 6.636727372559054 2.1631189606246326
   vertex 15.705952052691874 6.505618350206526 8.572527594031472e-16
  endloop
 endfacet
 facet normal -0.9353208040324783 -0.31749863033234194 0.15610769769977684
  outer loop
   vertex 16.751669471487645 4.488596306758207 2.1631189606246326
   vertex 15.705952052691874 6.505618350206526 8.572527594031472e-16
   vertex 16.42073904691416 4.399923766742853 8.572527594031472e-16
  endloop
 endfacet
 facet normal -0.9353208040324784 -0.31749863033234205 -0.15610769769977687
  outer loop
   vertex 16.42073904691416 4.399923766742853 8.572527594031472e-16
   vertex 15.705952052691874 6.505618350206526 8.572527594031472e-16
   vertex 16.022477232604825 6.636727372559054 -2.163118960624634
  endloop
 endfacet
 facet normal -0.9353208040324784 -0.3174986303323418 -0.15610769769977662
  outer loop
   vertex 16.42073904691416 4.399923766742853 8.572527594031472e-16
   vertex 16.022477232604825 6.636727372559054 -2.163118960624634
   vertex 16.751669471487645 4.488596306758207 -2.163118960624634
  endloop
 endfacet
 facet normal -0.8440930978987237 -0.2865309969589022 -0.45321830265499347
  outer loop
   vertex 16.751669471487645 4.488596306758207 -2.163118960624634
   vertex 16.022477232604825 6.636727372559054 -2.163118960624634
   vertex 16.941069082373193 7.0172205750185 -4.114496766047311
  endloop
 endfacet
 facet normal -0.8440930978987241 -0.2865309969589018 -0.453218302654993
  outer loop
   vertex 16.751669471487645 4.488596306758207 -2.163118960624634
   vertex 16.941069082373193 7.0172205750185 -4.114496766047311
   vertex 17.712066969523 4.745934040769651 -4.114496766047311
  endloop
 endfacet
 facet normal -0.6702979110062846 -0.22753548059830697 -0.7063485793639769
  outer loop
   vertex 17.712066969523 4.745934040769651 -4.114496766047311
   vertex 16.941069082373193 7.0172205750185 -4.114496766047311
   vertex 18.371809431535887 7.609852631876107 -5.663118960624631
  endloop
 endfacet
 facet normal -0.6702979110062831 -0.22753548059830786 -0.706348579363978
  outer loop
   vertex 17.712066969523 4.745934040769651 -4.114496766047311
   vertex 18.371809431535887 7.609852631876107 -5.663118960624631
   vertex 19.20792114242969 5.146746958394722 -5.663118960624631
  endloop
 endfacet
 facet normal -0.43062909782910946 -0.1461788812485851 -0.8906123257511089
  outer loop
   vertex 19.20792114242969 5.146746958394722 -5.663118960624631
   vertex 18.371809431535887 7.609852631876107 -5.663118960624631
   vertex 20.174647446162695 8.356612588296315 -6.657395614066075
  endloop
 endfacet
 facet normal -0.43062909782911024 -0.14617888124858477 -0.8906123257511086
  outer loop
   vertex 19.20792114242969 5.146746958394722 -5.663118960624631
   vertex 20.174647446162695 8.356612588296315 -6.657395614066075
   vertex 21.09280736153474 5.651800698628473 -6.657395614066075
  endloop
 endfacet
 facet normal -0.14844254921325026 -0.05038945552697405 -0.987636427211333
  outer loop
   vertex 21.09280736153474 5.651800698628473 -6.657395614066075
   vertex 20.174647446162695 8.356612588296315 -6.657395614066075
   vertex 22.17310878027088 9.184402376762154 -7.0
  endloop
 endfacet
 facet normal -0.14844254921325 -0.05038945552697415 -0.9876364272113332
  outer loop
   vertex 21.09280736153474 5.651800698628473 -6.657395614066075
   vertex 22.17310878027088 9.184402376762154 -7.0
   vertex 23.18221983093764 6.211657082460498 -7.0
  endloop
 endfacet
 facet normal 0.14844254921324984 0.050389455526974096 -0.9876364272113333
  outer loop
   vertex 23.18221983093764 6.211657082460498 -7.0
   vertex 22.17310878027088 9.184402376762154 -7.0
   vertex 24.171570114379065 10.012192165227994 -6.6573956140660755
  endloop
 endfacet
 facet normal 0.14844254921325012 0.050389455526974006 -0.9876364272113332
  outer loop
   vertex 23.18221983093764 6.211657082460498 -7.0
   vertex 24.171570114379065 10.012192165227994 -6.6573956140660755
   vertex 25.271632300340535 6.771513466292522 -6.6573956140660755
  endloop
 endfacet
 facet normal 0.43062909782910935 0.14617888124858447 -0.890612325751109
  outer loop
   vertex 25.271632300340535 6.771513466292522 -6.6573956140660755
   vertex 24.171570114379065 10.012192165227994 -6.6573956140660755
   vertex 25.974408129005873 10.758952121648202 -5.663118960624633
  endloop
 endfacet
 facet normal 0.4306290978291094 0.14617888124858447 -0.8906123257511092
  outer loop
   vertex 25.271632300340535 6.771513466292522 -6.6573956140660755
   vertex 25.974408129005873 10.758952121648202 -5.663118960624633
   vertex 27.156518519445587 7.2765672065262725 -5.663118960624633
  endloop
 endfacet
 facet normal 0.6702979110062837 0.22753548059830703 -0.706348579363978
  outer loop
   vertex 27.156518519445587 7.2765672065262725 -5.663118960624633
   vertex 25.974408129005873 10.758952121648202 -5.663118960624633
   vertex 27.40514847816857 11.351584178505808 -4.1144967660473135
  endloop
 endfacet
 facet normal 0.6702979110062842 0.22753548059830678 -0.7063485793639774
  outer loop
   vertex 27.156518519445587 7.2765672065262725 -5.663118960624633
   vertex 27.40514847816857 11.351584178505808 -4.1144967660473135
   vertex 28.652372692352273 7.677380124151344 -4.1144967660473135
  endloop
 endfacet
 facet normal 0.8440930978987241 0.2865309969589017 -0.453218302654993
  outer loop
   vertex 28.652372692352273 7.677380124151344 -4.1144967660473135
   vertex 27.40514847816857 11.351584178505808 -4.1144967660473135
   vertex 28.32374032793694 11.732077380965254 -2.163118960624634
  endloop
 endfacet
 facet normal 0.8440930978987234 0.2865309969589021 -0.45321830265499385
  outer loop
   vertex 28.652372692352273 7.677380124151344 -4.1144967660473135
   vertex 28.32374032793694 11.732077380965254 -2.163118960624634
   vertex 29.612770190387632 7.934717858162789 -2.163118960624634
  endloop
 endfacet
 facet normal 0.9353208040324784 0.3174986303323417 -0.15610769769977714
  outer loop
   vertex 29.612770190387632 7.934717858162789 -2.163118960624634
   vertex 28.32374032793694 11.732077380965254 -2.163118960624634
   vertex 28.64026550784989 11.863186403317783 -1.7145055188062944e-15
  endloop
 endfacet
 facet normal 0.9353208040324786 0.31749863033234166 -0.15610769769977698
  outer loop
   vertex 29.612770190387632 7.934717858162789 -2.163118960624634
   vertex 28.64026550784989 11.863186403317783 -1.7145055188062944e-15
   vertex 29.943700614961116 8.023390398178144 -1.7145055188062944e-15
  endloop
 endfacet
 facet normal 0.8858771176416592 0.4368662485907794 0.15610769769977767
  outer loop
   vertex 28.64026550784989 11.863186403317783 0.0
   vertex 26.8467875173176 15.499999999999998 0.0
   vertex 26.550083415650853 15.328697807033036 2.1631189606246317
  endloop
 endfacet
 facet normal 0.8858771176416592 0.43686624859077955 0.15610769769977725
  outer loop
   vertex 28.64026550784989 11.863186403317783 0.0
   vertex 26.550083415650853 15.328697807033036 2.1631189606246317
   vertex 28.32374032793694 11.732077380965254 2.1631189606246317
  endloop
 endfacet
 facet normal 0.7994719644467305 0.3942559425071663 0.45321830265499186
  outer loop
   vertex 28.32374032793694 11.732077380965254 2.1631189606246317
   vertex 26.550083415650853 15.328697807033036 2.1631189606246317
   vertex 25.68901457538079 14.831559480312315 4.114496766047312
  endloop
 endfacet
 facet normal 0.7994719644467302 0.3942559425071654 0.4532183026549929
  outer loop
   vertex 28.32374032793694 11.732077380965254 2.1631189606246317
   vertex 25.68901457538079 14.831559480312315 4.114496766047312
   vertex 27.40514847816857 11.351584178505808 4.114496766047312
  endloop
 endfacet
 facet normal 0.6348640795793227 0.31308031699611605 0.7063485793639787
  outer loop
   vertex 27.40514847816857 11.351584178505808 4.114496766047312
   vertex 25.68901457538079 14.831559480312315 4.114496766047312
   vertex 24.347868414012417 14.057248383023653 5.663118960624632
  endloop
 endfacet
 facet normal 0.6348640795793232 0.3130803169961173 0.7063485793639778
  outer loop
   vertex 27.40514847816857 11.351584178505808 4.114496766047312
   vertex 24.347868414012417 14.057248383023653 5.663118960624632
   vertex 25.974408129005873 10.758952121648202 5.663118960624632
  endloop
 endfacet
 facet normal 0.4078648334483463 0.20113667705407173 0.8906123257511087
  outer loop
   vertex 25.974408129005873 10.758952121648202 5.663118960624632
   vertex 24.347868414012417 14.057248383023653 5.663118960624632
   vertex 22.657925662135252 13.081559480312315 6.657395614066075
  endloop
 endfacet
 facet normal 0.4078648334483462 0.2011366770540716 0.8906123257511088
  outer loop
   vertex 25.974408129005873 10.758952121648202 5.663118960624632
   vertex 22.657925662135252 13.081559480312315 6.657395614066075
   vertex 24.17157011437907 10.012192165227995 6.657395614066075
  endloop
 endfacet
 facet normal 0.14059545886872826 0.0693340074618857 0.987636427211333
  outer loop
   vertex 24.17157011437907 10.012192165227995 6.657395614066075
   vertex 22.657925662135252 13.081559480312315 6.657395614066075
   vertex 20.784609690826528 11.999999999999998 7.0
  endloop
 endfacet
 facet normal 0.14059545886872818 0.06933400746188555 0.9876364272113332
  outer loop
   vertex 24.17157011437907 10.012192165227995 6.657395614066075
   vertex 20.784609690826528 11.999999999999998 7.0
   vertex 22.17310878027088 9.184402376762154 7.0
  endloop
 endfacet
 facet normal -0.1405954588687282 -0.06933400746188556 0.987636427211333
  outer loop
   vertex 22.17310878027088 9.184402376762154 7.0
   vertex 20.784609690826528 11.999999999999998 7.0
   vertex 18.911293719517808 10.918440519687683 6.6573956140660755
  endloop
 endfacet
 facet normal -0.1405954588687283 -0.06933400746188571 0.9876364272113332
  outer loop
   vertex 22.17310878027088 9.184402376762154 7.0
   vertex 18.911293719517808 10.918440519687683 6.6573956140660755
   vertex 20.174647446162698 8.356612588296317 6.6573956140660755
  endloop
 endfacet
 facet normal -0.40786483344834584 -0.20113667705407148 0.8906123257511087
  outer loop
   vertex 20.174647446162698 8.356612588296317 6.6573956140660755
   vertex 18.911293719517808 10.918440519687683 6.6573956140660755
   vertex 17.22135096764064 9.942751616976343 5.663118960624632
  endloop
 endfacet
 facet normal -0.4078648334483458 -0.2011366770540712 0.8906123257511089
  outer loop
   vertex 20.174647446162698 8.356612588296317 6.6573956140660755
   vertex 17.22135096764064 9.942751616976343 5.663118960624632
   vertex 18.37180943153589 7.609852631876108 5.663118960624632
  endloop
 endfacet
 facet normal -0.6348640795793233 -0.3130803169961169 0.7063485793639777
  outer loop
   vertex 18.37180943153589 7.609852631876108 5.663118960624632
   vertex 17.22135096764064 9.942751616976343 5.663118960624632
   vertex 15.880204806272273 9.168440519687683 4.114496766047313
  endloop
 endfacet
 facet normal -0.6348640795793233 -0.3130803169961168 0.7063485793639779
  outer loop
   vertex 18.37180943153589 7.609852631876108 5.663118960624632
   vertex 15.880204806272273 9.168440519687683 4.114496766047313
   vertex 16.941069082373193 7.017220575018502 4.114496766047313
  endloop
 endfacet
 facet normal -0.79947196444673 -0.3942559425071657 0.45321830265499335
  outer loop
   vertex 16.941069082373193 7.017220575018502 4.114496766047313
   vertex 15.880204806272273 9.168440519687683 4.114496766047313
   vertex 15.019135966002205 8.67130219296696 2.1631189606246326
  endloop
 endfacet
 facet normal -0.79947196444673 -0.3942559425071658 0.4532183026549932
  outer loop
   vertex 16.941069082373193 7.017220575018502 4.114496766047313
   vertex 15.019135966002205 8.67130219296696 2.1631189606246326
   vertex 16.022477232604825 6.636727372559054 2.1631189606246326
  endloop
 endfacet
 facet normal -0.8858771176416593 -0.43686624859077927 0.1561076976997769
  outer loop
   vertex 16.022477232604825 6.636727372559054 2.1631189606246326
   vertex 15.019135966002205 8.67130219296696 2.1631189606246326
   vertex 14.722431864335459 8.499999999999998 8.572527594031472e-16
  endloop
 endfacet
 facet normal -0.8858771176416594 -0.4368662485907791 0.1561076976997771
  outer loop
   vertex 16.022477232604825 6.636727372559054 2.1631189606246326
   vertex 14.722431864335459 8.499999999999998 8.572527594031472e-16
   vertex 15.705952052691874 6.505618350206526 8.572527594031472e-16
  endloop
 endfacet
 facet normal -0.8858771176416596 -0.43686624859077916 -0.15610769769977664
  outer loop
   vertex 15.705952052691874 6.505618350206526 8.572527594031472e-16
   vertex 14.722431864335459 8.499999999999998 8.572527594031472e-16
   vertex 15.019135966002205 8.67130219296696 -2.163118960624634
  endloop
 endfacet
 facet normal -0.8858771176416594 -0.4368662485907794 -0.15610769769977692
  outer loop
   vertex 15.705952052691874 6.505618350206526 8.572527594031472e-16
   vertex 15.019135966002205 8.67130219296696 -2.163118960624634
   vertex 16.022477232604825 6.636727372559054 -2.163118960624634
  endloop
 endfacet
 facet normal -0.79947196444673 -0.39425594250716584 -0.45321830265499297
  outer loop
   vertex 16.022477232604825 6.636727372559054 -2.163118960624634
   vertex 15.019135966002205 8.67130219296696 -2.163118960624634
   vertex 15.880204806272271 9.168440519687682 -4.114496766047311
  endloop
 endfacet
 facet normal -0.7994719644467296 -0.3942559425071662 -0.45321830265499347
  outer loop
   vertex 16.022477232604825 6.636727372559054 -2.163118960624634
   vertex 15.880204806272271 9.168440519687682 -4.114496766047311
   vertex 16.941069082373193 7.0172205750185 -4.114496766047311
  endloop
 endfacet
 facet normal -0.6348640795793238 -0.31308031699611744 -0.7063485793639771
  outer loop
   vertex 16.941069082373193 7.0172205750185 -4.114496766047311
   vertex 15.880204806272271 9.168440519687682 -4.114496766047311
   vertex 17.221350967640635 9.942751616976341 -5.663118960624631
  endloop
 endfacet
 facet normal -0.634864079579324 -0.3130803169961173 -0.706348579363977
  outer loop
   vertex 16.941069082373193 7.0172205750185 -4.114496766047311
   vertex 17.221350967640635 9.942751616976341 -5.663118960624631
   vertex 18.371809431535887 7.609852631876107 -5.663118960624631
  endloop
 endfacet
 facet normal -0.407864833448346 -0.2011366770540714 -0.8906123257511088
  outer loop
   vertex 18.371809431535887 7.609852631876107 -5.663118960624631
   vertex 17.221350967640635 9.942751616976341 -5.663118960624631
   vertex 18.911293719517804 10.918440519687682 -6.657395614066075
  endloop
 endfacet
 facet normal -0.4078648334483459 -0.20113667705407143 -0.8906123257511089
  outer loop
   vertex 18.371809431535887 7.609852631876107 -5.663118960624631
   vertex 18.911293719517804 10.918440519687682 -6.657395614066075
   vertex 20.174647446162695 8.356612588296315 -6.657395614066075
  endloop
 endfacet
 facet normal -0.14059545886872823 -0.0693340074618857 -0.987636427211333
  outer loop
   vertex 20.174647446162695 8.356612588296315 -6.657395614066075
   vertex 18.911293719517804 10.918440519687682 -6.657395614066075
   vertex 20.784609690826528 11.999999999999998 -7.0
  endloop
 endfacet
 facet normal -0.14059545886872843 -0.06933400746188569 -0.9876364272113332
  outer loop
   vertex 20.174647446162695 8.356612588296315 -6.657395614066075
   vertex 20.784609690826528 11.999999999999998 -7.0
   vertex 22.17310878027088 9.184402376762154 -7.0
  endloop
 endfacet
 facet normal 0.14059545886872823 0.06933400746188557 -0.9876364272113333
  outer loop
   vertex 22.17310878027088 9.184402376762154 -7.0
   vertex 20.784609690826528 11.999999999999998 -7.0
   vertex 22.65792566213525 13.081559480312313 -6.6573956140660755
  endloop
 endfacet
 facet normal 0.14059545886872804 0.06933400746188559 -0.9876364272113332
  outer loop
   vertex 22.17310878027088 9.184402376762154 -7.0
   vertex 22.65792566213525 13.081559480312313 -6.6573956140660755
   vertex 24.171570114379065 10.012192165227994 -6.6573956140660755
  endloop
 endfacet
 facet normal 0.4078648334483457 0.20113667705407132 -0.890612325751109
  outer loop
   vertex 24.171570114379065 10.012192165227994 -6.6573956140660755
   vertex 22.65792566213525 13.081559480312313 -6.6573956140660755
   vertex 24.347868414012417 14.057248383023653 -5.663118960624633
  endloop
 endfacet
 facet normal 0.4078648334483454 0.20113667705407132 -0.8906123257511089
  outer loop
   vertex 24.171570114379065 10.012192165227994 -6.6573956140660755
   vertex 24.347868414012417 14.057248383023653 -5.663118960624633
   vertex 25.974408129005873 10.758952121648202 -5.663118960624633
  endloop
 endfacet
 facet normal 0.6348640795793228 0.31308031699611705 -0.706348579363978
  outer loop
   vertex 25.974408129005873 10.758952121648202 -5.663118960624633
   vertex 24.347868414012417 14.057248383023653 -5.663118960624633
   vertex 25.689014575380785 14.831559480312313 -4.1144967660473135
  endloop
 endfacet
 facet normal 0.634864079579323 0.31308031699611705 -0.7063485793639779
  outer loop
   vertex 25.974408129005873 10.758952121648202 -5.663118960624633
   vertex 25.689014575380785 14.831559480312313 -4.1144967660473135
   vertex 27.40514847816857 11.351584178505808 -4.1144967660473135
  endloop
 endfacet
 facet normal 0.7994719644467296 0.3942559425071661 -0.4532183026549934
  outer loop
   vertex 27.40514847816857 11.351584178505808 -4.1144967660473135
   vertex 25.689014575380785 14.831559480312313 -4.1144967660473135
   vertex 26.550083415650853 15.328697807033036 -2.163118960624634
  endloop
 endfacet
 facet normal 0.7994719644467299 0.394255942507166 -0.45321830265499297
  outer loop
   vertex 27.40514847816857 11.351584178505808 -4.1144967660473135
   vertex 26.550083415650853 15.328697807033036 -2.163118960624634
   vertex 28.32374032793694 11.732077380965254 -2.163118960624634
  endloop
 endfacet
 facet normal 0.8858771176416593 0.43686624859077955 -0.1561076976997776
  outer loop
   vertex 28.32374032793694 11.732077380965254 -2.163118960624634
   vertex 26.550083415650853 15.328697807033036 -2.163118960624634
   vertex 26.8467875173176 15.499999999999998 -1.7145055188062944e-15
  endloop
 endfacet
 facet normal 0.8858771176416593 0.4368662485907794 -0.15610769769977725
  outer loop
   vertex 28.32374032793694 11.732077380965254 -2.163118960624634
   vertex 26.8467875173176 15.499999999999998 -1.7145055188062944e-15
   vertex 28.64026550784989 11.863186403317783 -1.7145055188062944e-15
  endloop
 endfacet
 facet normal 0.8212758281564524 0.5487589642136231 0.15610769769977645
  outer loop
   vertex 26.8467875173176 15.499999999999998 0.0
   vertex 24.59395354902829 18.87160429927034 0.0
   vertex 24.322147215049185 18.66303996370455 2.1631189606246317
  endloop
 endfacet
 facet normal 0.8212758281564527 0.5487589642136226 0.1561076976997776
  outer loop
   vertex 26.8467875173176 15.499999999999998 0.0
   vertex 24.322147215049185 18.66303996370455 2.1631189606246317
   vertex 26.550083415650853 15.328697807033036 2.1631189606246317
  endloop
 endfacet
 facet normal 0.7411716440275483 0.49523505957073455 0.45321830265499247
  outer loop
   vertex 26.550083415650853 15.328697807033036 2.1631189606246317
   vertex 24.322147215049185 18.66303996370455 2.1631189606246317
   vertex 23.533334510867824 18.05776268732553 4.114496766047312
  endloop
 endfacet
 facet normal 0.7411716440275482 0.49523505957073494 0.4532183026549918
  outer loop
   vertex 26.550083415650853 15.328697807033036 2.1631189606246317
   vertex 23.533334510867824 18.05776268732553 4.114496766047312
   vertex 25.68901457538079 14.831559480312315 4.114496766047312
  endloop
 endfacet
 facet normal 0.5885675477331835 0.3932682623678608 0.7063485793639782
  outer loop
   vertex 25.68901457538079 14.831559480312315 4.114496766047312
   vertex 23.533334510867824 18.05776268732553 4.114496766047312
   vertex 22.304729919950763 17.115021227160018 5.663118960624632
  endloop
 endfacet
 facet normal 0.5885675477331833 0.39326826236785994 0.7063485793639788
  outer loop
   vertex 25.68901457538079 14.831559480312315 4.114496766047312
   vertex 22.304729919950763 17.115021227160018 5.663118960624632
   vertex 24.347868414012417 14.057248383023653 5.663118960624632
  endloop
 endfacet
 facet normal 0.3781218886857858 0.25265296854954084 0.8906123257511087
  outer loop
   vertex 24.347868414012417 14.057248383023653 5.663118960624632
   vertex 22.304729919950763 17.115021227160018 5.663118960624632
   vertex 20.7565978198485 15.927097685795006 6.657395614066075
  endloop
 endfacet
 facet normal 0.3781218886857858 0.25265296854954106 0.8906123257511086
  outer loop
   vertex 24.347868414012417 14.057248383023653 5.663118960624632
   vertex 20.7565978198485 15.927097685795006 6.657395614066075
   vertex 22.657925662135252 13.081559480312315 6.657395614066075
  endloop
 endfacet
 facet normal 0.1303427412425371 0.08709223530610606 0.9876364272113332
  outer loop
   vertex 22.657925662135252 13.081559480312315 6.657395614066075
   vertex 20.7565978198485 15.927097685795006 6.657395614066075
   vertex 19.040480166989646 14.610274296209296 7.0
  endloop
 endfacet
 facet normal 0.13034274124253703 0.0870922353061059 0.9876364272113332
  outer loop
   vertex 22.657925662135252 13.081559480312315 6.657395614066075
   vertex 19.040480166989646 14.610274296209296 7.0
   vertex 20.784609690826528 11.999999999999998 7.0
  endloop
 endfacet
 facet normal -0.13034274124253686 -0.0870922353061058 0.9876364272113332
  outer loop
   vertex 20.784609690826528 11.999999999999998 7.0
   vertex 19.040480166989646 14.610274296209296 7.0
   vertex 17.32436251413079 13.293450906623587 6.6573956140660755
  endloop
 endfacet
 facet normal -0.13034274124253692 -0.08709223530610585 0.987636427211333
  outer loop
   vertex 20.784609690826528 11.999999999999998 7.0
   vertex 17.32436251413079 13.293450906623587 6.6573956140660755
   vertex 18.911293719517808 10.918440519687683 6.6573956140660755
  endloop
 endfacet
 facet normal -0.3781218886857855 -0.25265296854954067 0.8906123257511088
  outer loop
   vertex 18.911293719517808 10.918440519687683 6.6573956140660755
   vertex 17.32436251413079 13.293450906623587 6.6573956140660755
   vertex 15.776230414028525 12.105527365258576 5.663118960624632
  endloop
 endfacet
 facet normal -0.37812188868578556 -0.25265296854954084 0.8906123257511088
  outer loop
   vertex 18.911293719517808 10.918440519687683 6.6573956140660755
   vertex 15.776230414028525 12.105527365258576 5.663118960624632
   vertex 17.22135096764064 9.942751616976343 5.663118960624632
  endloop
 endfacet
 facet normal -0.5885675477331841 -0.39326826236786067 0.7063485793639778
  outer loop
   vertex 17.22135096764064 9.942751616976343 5.663118960624632
   vertex 15.776230414028525 12.105527365258576 5.663118960624632
   vertex 14.547625823111467 11.162785905093065 4.114496766047313
  endloop
 endfacet
 facet normal -0.5885675477331841 -0.3932682623678607 0.7063485793639778
  outer loop
   vertex 17.22135096764064 9.942751616976343 5.663118960624632
   vertex 14.547625823111467 11.162785905093065 4.114496766047313
   vertex 15.880204806272273 9.168440519687683 4.114496766047313
  endloop
 endfacet
 facet normal -0.741171644027548 -0.4952350595707341 0.4532183026549932
  outer loop
   vertex 15.880204806272273 9.168440519687683 4.114496766047313
   vertex 14.547625823111467 11.162785905093065 4.114496766047313
   vertex 13.758813118930105 10.557508628714043 2.1631189606246326
  endloop
 endfacet
 facet normal -0.741171644027548 -0.49523505957073405 0.45321830265499335
  outer loop
   vertex 15.880204806272273 9.168440519687683 4.114496766047313
   vertex 13.758813118930105 10.557508628714043 2.1631189606246326
   vertex 15.019135966002205 8.67130219296696 2.1631189606246326
  endloop
 endfacet
 facet normal -0.8212758281564527 -0.5487589642136222 0.1561076976997773
  outer loop
   vertex 15.019135966002205 8.67130219296696 2.1631189606246326
   vertex 13.758813118930105 10.557508628714043 2.1631189606246326
   vertex 13.487006784950998 10.348944293148252 8.572527594031472e-16
  endloop
 endfacet
 facet normal -0.8212758281564526 -0.5487589642136226 0.1561076976997769
  outer loop
   vertex 15.019135966002205 8.67130219296696 2.1631189606246326
   vertex 13.487006784950998 10.348944293148252 8.572527594031472e-16
   vertex 14.722431864335459 8.499999999999998 8.572527594031472e-16
  endloop
 endfacet
 facet normal -0.8212758281564525 -0.5487589642136227 -0.15610769769977714
  outer loop
   vertex 14.722431864335459 8.499999999999998 8.572527594031472e-16
   vertex 13.487006784950998 10.348944293148252 8.572527594031472e-16
   vertex 13.758813118930105 10.557508628714043 -2.163118960624634
  endloop
 endfacet
 facet normal -0.8212758281564528 -0.5487589642136222 -0.15610769769977667
  outer loop
   vertex 14.722431864335459 8.499999999999998 8.572527594031472e-16
   vertex 13.758813118930105 10.557508628714043 -2.163118960624634
   vertex 15.019135966002205 8.67130219296696 -2.163118960624634
  endloop
 endfacet
 facet normal -0.7411716440275483 -0.4952350595707343 -0.4532183026549924
  outer loop
   vertex 15.019135966002205 8.67130219296696 -2.163118960624634
   vertex 13.758813118930105 10.557508628714043 -2.163118960624634
   vertex 14.547625823111463 11.162785905093063 -4.114496766047311
  endloop
 endfacet
 facet normal -0.7411716440275479 -0.4952350595707347 -0.45321830265499297
  outer loop
   vertex 15.019135966002205 8.67130219296696 -2.163118960624634
   vertex 14.547625823111463 11.162785905093063 -4.114496766047311
   vertex 15.880204806272271 9.168440519687682 -4.114496766047311
  endloop
 endfacet
 facet normal -0.5885675477331838 -0.39326826236786094 -0.7063485793639778
  outer loop
   vertex 15.880204806272271 9.168440519687682 -4.114496766047311
   vertex 14.547625823111463 11.162785905093063 -4.114496766047311
   vertex 15.776230414028523 12.105527365258574 -5.663118960624631
  endloop
 endfacet
 facet normal -0.5885675477331848 -0.39326826236786067 -0.7063485793639772
  outer loop
   vertex 15.880204806272271 9.168440519687682 -4.114496766047311
   vertex 15.776230414028523 12.105527365258574 -5.663118960624631
   vertex 17.221350967640635 9.942751616976341 -5.663118960624631
  endloop
 endfacet
 facet normal -0.3781218886857859 -0.2526529685495407 -0.8906123257511088
  outer loop
   vertex 17.221350967640635 9.942751616976341 -5.663118960624631
   vertex 15.776230414028523 12.105527365258574 -5.663118960624631
   vertex 17.324362514130787 13.293450906623585 -6.657395614066075
  endloop
 endfacet
 facet normal -0.37812188868578556 -0.2526529685495407 -0.8906123257511088
  outer loop
   vertex 17.221350967640635 9.942751616976341 -5.663118960624631
   vertex 17.324362514130787 13.293450906623585 -6.657395614066075
   vertex 18.911293719517804 10.918440519687682 -6.657395614066075
  endloop
 endfacet
 facet normal -0.13034274124253695 -0.08709223530610587 -0.987636427211333
  outer loop
   vertex 18.911293719517804 10.918440519687682 -6.657395614066075
   vertex 17.324362514130787 13.293450906623585 -6.657395614066075
   vertex 19.040480166989646 14.610274296209296 -7.0
  endloop
 endfacet
 facet normal -0.13034274124253703 -0.08709223530610588 -0.9876364272113332
  outer loop
   vertex 18.911293719517804 10.918440519687682 -6.657395614066075
   vertex 19.040480166989646 14.610274296209296 -7.0
   vertex 20.784609690826528 11.999999999999998 -7.0
  endloop
 endfacet
 facet normal 0.13034274124253706 0.08709223530610592 -0.987636427211333
  outer loop
   vertex 20.784609690826528 11.999999999999998 -7.0
   vertex 19.040480166989646 14.610274296209296 -7.0
   vertex 20.756597819848498 15.927097685795005 -6.6573956140660755
  endloop
 endfacet
 facet normal 0.13034274124253686 0.08709223530610592 -0.9876364272113332
  outer loop
   vertex 20.784609690826528 11.999999999999998 -7.0
   vertex 20.756597819848498 15.927097685795005 -6.6573956140660755
   vertex 22.65792566213525 13.081559480312313 -6.6573956140660755
  endloop
 endfacet
 facet normal 0.378121888685785 0.25265296854954056 -0.8906123257511092
  outer loop
   vertex 22.65792566213525 13.081559480312313 -6.6573956140660755
   vertex 20.756597819848498 15.927097685795005 -6.6573956140660755
   vertex 22.304729919950763 17.115021227160018 -5.663118960624633
  endloop
 endfacet
 facet normal 0.3781218886857853 0.25265296854954056 -0.8906123257511092
  outer loop
   vertex 22.65792566213525 13.081559480312313 -6.6573956140660755
   vertex 22.304729919950763 17.115021227160018 -5.663118960624633
   vertex 24.347868414012417 14.057248383023653 -5.663118960624633
  endloop
 endfacet
 facet normal 0.5885675477331846 0.3932682623678609 -0.7063485793639773
  outer loop
   vertex 24.347868414012417 14.057248383023653 -5.663118960624633
   vertex 22.304729919950763 17.115021227160018 -5.663118960624633
   vertex 23.53333451086782 18.057762687325525 -4.1144967660473135
  endloop
 endfacet
 facet normal 0.5885675477331835 0.393268262367861 -0.706348579363978
  outer loop
   vertex 24.347868414012417 14.057248383023653 -5.663118960624633
   vertex 23.53333451086782 18.057762687325525 -4.1144967660473135
   vertex 25.689014575380785 14.831559480312313 -4.1144967660473135
  endloop
 endfacet
 facet normal 0.7411716440275471 0.49523505957073444 -0.45321830265499424
  outer loop
   vertex 25.689014575380785 14.831559480312313 -4.1144967660473135
   vertex 23.53333451086782 18.057762687325525 -4.1144967660473135
   vertex 24.322147215049185 18.66303996370455 -2.163118960624634
  endloop
 endfacet
 facet normal 0.7411716440275479 0.4952350595707343 -0.4532183026549934
  outer loop
   vertex 25.689014575380785 14.831559480312313 -4.1144967660473135
   vertex 24.322147215049185 18.66303996370455 -2.163118960624634
   vertex 26.550083415650853 15.328697807033036 -2.163118960624634
  endloop
 endfacet
 facet normal 0.8212758281564527 0.5487589642136227 -0.15610769769977645
  outer loop
   vertex 26.550083415650853 15.328697807033036 -2.163118960624634
   vertex 24.322147215049185 18.66303996370455 -2.163118960624634
   vertex 24.59395354902829 18.87160429927034 -1.7145055188062944e-15
  endloop
 endfacet
 facet normal 0.8212758281564523 0.548758964213623 -0.1561076976997775
  outer loop
   vertex 26.550083415650853 15.328697807033036 -2.163118960624634
   vertex 24.59395354902829 18.87160429927034 -1.7145055188062944e-15
   vertex 26.8467875173176 15.499999999999998 -1.7145055188062944e-15
  endloop
 endfacet
 facet normal 0.7426222815508122 0.6512622618140412 0.15610769769977761
  outer loop
   vertex 24.59395354902829 18.87160429927034 0.0
   vertex 21.920310216782976 21.920310216782976 0.0
   vertex 21.678052332224844 21.678052332224844 2.1631189606246317
  endloop
 endfacet
 facet normal 0.742622281550812 0.6512622618140417 0.15610769769977664
  outer loop
   vertex 24.59395354902829 18.87160429927034 0.0
   vertex 21.678052332224844 21.678052332224844 2.1631189606246317
   vertex 24.322147215049185 18.66303996370455 2.1631189606246317
  endloop
 endfacet
 facet normal 0.6701896712874534 0.5877405674599486 0.45321830265499297
  outer loop
   vertex 24.322147215049185 18.66303996370455 2.1631189606246317
   vertex 21.678052332224844 21.678052332224844 2.1631189606246317
   vertex 20.974992568200932 20.974992568200932 4.114496766047312
  endloop
 endfacet
 facet normal 0.6701896712874534 0.5877405674599491 0.4532183026549923
  outer loop
   vertex 24.322147215049185 18.66303996370455 2.1631189606246317
   vertex 20.974992568200932 20.974992568200932 4.114496766047312
   vertex 23.533334510867824 18.05776268732553 4.114496766047312
  endloop
 endfacet
 facet normal 0.5322004619635765 0.4667272787359285 0.7063485793639784
  outer loop
   vertex 23.533334510867824 18.05776268732553 4.114496766047312
   vertex 20.974992568200932 20.974992568200932 4.114496766047312
   vertex 19.879951312919314 19.879951312919314 5.663118960624632
  endloop
 endfacet
 facet normal 0.5322004619635766 0.46672727873592895 0.7063485793639782
  outer loop
   vertex 23.533334510867824 18.05776268732553 4.114496766047312
   vertex 19.879951312919314 19.879951312919314 5.663118960624632
   vertex 22.304729919950763 17.115021227160018 5.663118960624632
  endloop
 endfacet
 facet normal 0.3419091735726183 0.29984629770449156 0.8906123257511084
  outer loop
   vertex 22.304729919950763 17.115021227160018 5.663118960624632
   vertex 19.879951312919314 19.879951312919314 5.663118960624632
   vertex 18.500118834048017 18.500118834048017 6.657395614066075
  endloop
 endfacet
 facet normal 0.3419091735726182 0.2998462977044909 0.8906123257511087
  outer loop
   vertex 22.304729919950763 17.115021227160018 5.663118960624632
   vertex 18.500118834048017 18.500118834048017 6.657395614066075
   vertex 20.7565978198485 15.927097685795006 6.657395614066075
  endloop
 endfacet
 facet normal 0.11785982317585088 0.10336029085770934 0.9876364272113332
  outer loop
   vertex 20.7565978198485 15.927097685795006 6.657395614066075
   vertex 18.500118834048017 18.500118834048017 6.657395614066075
   vertex 16.970562748477143 16.970562748477143 7.0
  endloop
 endfacet
 facet normal 0.11785982317585088 0.10336029085770938 0.9876364272113332
  outer loop
   vertex 20.7565978198485 15.927097685795006 6.657395614066075
   vertex 16.970562748477143 16.970562748477143 7.0
   vertex 19.040480166989646 14.610274296209296 7.0
  endloop
 endfacet
 facet normal -0.11785982317585068 -0.10336029085770919 0.9876364272113332
  outer loop
   vertex 19.040480166989646 14.610274296209296 7.0
   vertex 16.970562748477143 16.970562748477143 7.0
   vertex 15.44100666290627 15.44100666290627 6.6573956140660755
  endloop
 endfacet
 facet normal -0.11785982317585067 -0.10336029085770915 0.987636427211333
  outer loop
   vertex 19.040480166989646 14.610274296209296 7.0
   vertex 15.44100666290627 15.44100666290627 6.6573956140660755
   vertex 17.32436251413079 13.293450906623587 6.6573956140660755
  endloop
 endfacet
 facet normal -0.3419091735726182 -0.2998462977044909 0.8906123257511087
  outer loop
   vertex 17.32436251413079 13.293450906623587 6.6573956140660755
   vertex 15.44100666290627 15.44100666290627 6.6573956140660755
   vertex 14.06117418403497 14.06117418403497 5.663118960624632
  endloop
 endfacet
 facet normal -0.34190917357261813 -0.29984629770449056 0.8906123257511088
  outer loop
   vertex 17.32436251413079 13.293450906623587 6.6573956140660755
   vertex 14.06117418403497 14.06117418403497 5.663118960624632
   vertex 15.776230414028525 12.105527365258576 5.663118960624632
  endloop
 endfacet
 facet normal -0.5322004619635773 -0.4667272787359283 0.706348579363978
  outer loop
   vertex 15.776230414028525 12.105527365258576 5.663118960624632
   vertex 14.06117418403497 14.06117418403497 5.663118960624632
   vertex 12.966132928753353 12.966132928753353 4.114496766047313
  endloop
 endfacet
 facet normal -0.5322004619635773 -0.4667272787359288 0.7063485793639778
  outer loop
   vertex 15.776230414028525 12.105527365258576 5.663118960624632
   vertex 12.966132928753353 12.966132928753353 4.114496766047313
   vertex 14.547625823111467 11.162785905093065 4.114496766047313
  endloop
 endfacet
 facet normal -0.670189671287453 -0.5877405674599484 0.45321830265499374
  outer loop
   vertex 14.547625823111467 11.162785905093065 4.114496766047313
   vertex 12.966132928753353 12.966132928753353 4.114496766047313
   vertex 12.26307316472944 12.26307316472944 2.1631189606246326
  endloop
 endfacet
 facet normal -0.6701896712874529 -0.587740567459949 0.45321830265499324
  outer loop
   vertex 14.547625823111467 11.162785905093065 4.114496766047313
   vertex 12.26307316472944 12.26307316472944 2.1631189606246326
   vertex 13.758813118930105 10.557508628714043 2.1631189606246326
  endloop
 endfacet
 facet normal -0.7426222815508117 -0.6512622618140422 0.15610769769977656
  outer loop
   vertex 13.758813118930105 10.557508628714043 2.1631189606246326
   vertex 12.26307316472944 12.26307316472944 2.1631189606246326
   vertex 12.020815280171309 12.020815280171309 8.572527594031472e-16
  endloop
 endfacet
 facet normal -0.742622281550812 -0.6512622618140417 0.15610769769977734
  outer loop
   vertex 13.758813118930105 10.557508628714043 2.1631189606246326
   vertex 12.020815280171309 12.020815280171309 8.572527594031472e-16
   vertex 13.487006784950998 10.348944293148252 8.572527594031472e-16
  endloop
 endfacet
 facet normal -0.7426222815508121 -0.6512622618140418 -0.1561076976997763
  outer loop
   vertex 13.487006784950998 10.348944293148252 8.572527594031472e-16
   vertex 12.020815280171309 12.020815280171309 8.572527594031472e-16
   vertex 12.26307316472944 12.26307316472944 -2.163118960624634
  endloop
 endfacet
 facet normal -0.7426222815508116 -0.6512622618140423 -0.1561076976997771
  outer loop
   vertex 13.487006784950998 10.348944293148252 8.572527594031472e-16
   vertex 12.26307316472944 12.26307316472944 -2.163118960624634
   vertex 13.758813118930105 10.557508628714043 -2.163118960624634
  endloop
 endfacet
 facet normal -0.6701896712874531 -0.5877405674599493 -0.45321830265499263
  outer loop
   vertex 13.758813118930105 10.557508628714043 -2.163118960624634
   vertex 12.26307316472944 12.26307316472944 -2.163118960624634
   vertex 12.96613292875335 12.96613292875335 -4.114496766047311
  endloop
 endfacet
 facet normal -0.6701896712874532 -0.5877405674599492 -0.4532183026549924
  outer loop
   vertex 13.758813118930105 10.557508628714043 -2.163118960624634
   vertex 12.96613292875335 12.96613292875335 -4.114496766047311
   vertex 14.547625823111463 11.162785905093063 -4.114496766047311
  endloop
 endfacet
 facet normal -0.532200461963577 -0.46672727873592895 -0.7063485793639779
  outer loop
   vertex 14.547625823111463 11.162785905093063 -4.114496766047311
   vertex 12.96613292875335 12.96613292875335 -4.114496766047311
   vertex 14.061174184034966 14.061174184034966 -5.663118960624631
  endloop
 endfacet
 facet normal -0.532200461963577 -0.46672727873592895 -0.7063485793639779
  outer loop
   vertex 14.547625823111463 11.162785905093063 -4.114496766047311
   vertex 14.061174184034966 14.061174184034966 -5.663118960624631
   vertex 15.776230414028523 12.105527365258574 -5.663118960624631
  endloop
 endfacet
 facet normal -0.341909173572618 -0.2998462977044911 -0.8906123257511088
  outer loop
   vertex 15.776230414028523 12.105527365258574 -5.663118960624631
   vertex 14.061174184034966 14.061174184034966 -5.663118960624631
   vertex 15.441006662906267 15.441006662906267 -6.657395614066075
  endloop
 endfacet
 facet normal -0.3419091735726182 -0.2998462977044911 -0.8906123257511088
  outer loop
   vertex 15.776230414028523 12.105527365258574 -5.663118960624631
   vertex 15.441006662906267 15.441006662906267 -6.657395614066075
   vertex 17.324362514130787 13.293450906623585 -6.657395614066075
  endloop
 endfacet
 facet normal -0.11785982317585071 -0.10336029085770926 -0.9876364272113333
  outer loop
   vertex 17.324362514130787 13.293450906623585 -6.657395614066075
   vertex 15.441006662906267 15.441006662906267 -6.657395614066075
   vertex 16.970562748477143 16.970562748477143 -7.0
  endloop
 endfacet
 facet normal -0.11785982317585073 -0.10336029085770926 -0.9876364272113332
  outer loop
   vertex 17.324362514130787 13.293450906623585 -6.657395614066075
   vertex 16.970562748477143 16.970562748477143 -7.0
   vertex 19.040480166989646 14.610274296209296 -7.0
  endloop
 endfacet
 facet normal 0.11785982317585084 0.10336029085770933 -0.987636427211333
  outer loop
   vertex 19.040480166989646 14.610274296209296 -7.0
   vertex 16.970562748477143 16.970562748477143 -7.0
   vertex 18.500118834048013 18.500118834048013 -6.6573956140660755
  endloop
 endfacet
 facet normal 0.11785982317585075 0.10336029085770931 -0.9876364272113332
  outer loop
   vertex 19.040480166989646 14.610274296209296 -7.0
   vertex 18.500118834048013 18.500118834048013 -6.6573956140660755
   vertex 20.756597819848498 15.927097685795005 -6.6573956140660755
  endloop
 endfacet
 facet normal 0.3419091735726178 0.2998462977044908 -0.8906123257511089
  outer loop
   vertex 20.756597819848498 15.927097685795005 -6.6573956140660755
   vertex 18.500118834048013 18.500118834048013 -6.6573956140660755
   vertex 19.879951312919314 19.879951312919314 -5.663118960624633
  endloop
 endfacet
 facet normal 0.34190917357261735 0.29984629770449067 -0.890612325751109
  outer loop
   vertex 20.756597819848498 15.927097685795005 -6.6573956140660755
   vertex 19.879951312919314 19.879951312919314 -5.663118960624633
   vertex 22.304729919950763 17.115021227160018 -5.663118960624633
  endloop
 endfacet
 facet normal 0.5322004619635763 0.4667272787359287 -0.7063485793639788
  outer loop
   vertex 22.304729919950763 17.115021227160018 -5.663118960624633
   vertex 19.879951312919314 19.879951312919314 -5.663118960624633
   vertex 20.974992568200932 20.974992568200932 -4.1144967660473135
  endloop
 endfacet
 facet normal 0.5322004619635781 0.4667272787359287 -0.7063485793639773
  outer loop
   vertex 22.304729919950763 17.115021227160018 -5.663118960624633
   vertex 20.974992568200932 20.974992568200932 -4.1144967660473135
   vertex 23.53333451086782 18.057762687325525 -4.1144967660473135
  endloop
 endfacet
 facet normal 0.6701896712874539 0.587740567459948 -0.453218302654993
  outer loop
   vertex 23.53333451086782 18.057762687325525 -4.1144967660473135
   vertex 20.974992568200932 20.974992568200932 -4.1144967660473135
   vertex 21.678052332224844 21.678052332224844 -2.163118960624634
  endloop
 endfacet
 facet normal 0.6701896712874529 0.5877405674599482 -0.4532183026549942
  outer loop
   vertex 23.53333451086782 18.057762687325525 -4.1144967660473135
   vertex 21.678052332224844 21.678052332224844 -2.163118960624634
   vertex 24.322147215049185 18.66303996370455 -2.163118960624634
  endloop
 endfacet
 facet normal 0.742622281550812 0.6512622618140418 -0.15610769769977767
  outer loop
   vertex 24.322147215049185 18.66303996370455 -2.163118960624634
   vertex 21.678052332224844 21.678052332224844 -2.163118960624634
   vertex 21.920310216782976 21.920310216782976 -1.7145055188062944e-15
  endloop
 endfacet
 facet normal 0.7426222815508124 0.6512622618140413 -0.15610769769977662
  outer loop
   vertex 24.322147215049185 18.66303996370455 -2.163118960624634
   vertex 21.920310216782976 21.920310216782976 -1.7145055188062944e-15
   vertex 24.59395354902829 18.87160429927034 -1.7145055188062944e-15
  endloop
 endfacet
 facet normal 0.6512622618140415 0.7426222815508124 0.15610769769977664
  outer loop
   vertex 21.920310216782976 21.920310216782976 0.0
   vertex 18.87160429927034 24.59395354902829 0.0
   vertex 18.66303996370455 24.322147215049185 2.1631189606246317
  endloop
 endfacet
 facet normal 0.6512622618140418 0.7426222815508119 0.1561076976997777
  outer loop
   vertex 21.920310216782976 21.920310216782976 0.0
   vertex 18.66303996370455 24.322147215049185 2.1631189606246317
   vertex 21.678052332224844 21.678052332224844 2.1631189606246317
  endloop
 endfacet
 facet normal 0.5877405674599488 0.6701896712874537 0.45321830265499236
  outer loop
   vertex 21.678052332224844 21.678052332224844 2.1631189606246317
   vertex 18.66303996370455 24.322147215049185 2.1631189606246317
   vertex 18.05776268732553 23.533334510867824 4.114496766047312
  endloop
 endfacet
 facet normal 0.587740567459949 0.6701896712874531 0.4532183026549929
  outer loop
   vertex 21.678052332224844 21.678052332224844 2.1631189606246317
   vertex 18.05776268732553 23.533334510867824 4.114496766047312
   vertex 20.974992568200932 20.974992568200932 4.114496766047312
  endloop
 endfacet
 facet normal 0.46672727873592873 0.5322004619635767 0.7063485793639781
  outer loop
   vertex 20.974992568200932 20.974992568200932 4.114496766047312
   vertex 18.05776268732553 23.533334510867824 4.114496766047312
   vertex 17.115021227160018 22.304729919950763 5.663118960624632
  endloop
 endfacet
 facet normal 0.4667272787359288 0.5322004619635764 0.7063485793639785
  outer loop
   vertex 20.974992568200932 20.974992568200932 4.114496766047312
   vertex 17.115021227160018 22.304729919950763 5.663118960624632
   vertex 19.879951312919314 19.879951312919314 5.663118960624632
  endloop
 endfacet
 facet normal 0.2998462977044912 0.3419091735726179 0.8906123257511087
  outer loop
   vertex 19.879951312919314 19.879951312919314 5.663118960624632
   vertex 17.115021227160018 22.304729919950763 5.663118960624632
   vertex 15.927097685795006 20.7565978198485 6.657395614066075
  endloop
 endfacet
 facet normal 0.2998462977044912 0.34190917357261863 0.8906123257511084
  outer loop
   vertex 19.879951312919314 19.879951312919314 5.663118960624632
   vertex 15.927097685795006 20.7565978198485 6.657395614066075
   vertex 18.500118834048017 18.500118834048017 6.657395614066075
  endloop
 endfacet
 facet normal 0.10336029085770934 0.11785982317585089 0.987636427211333
  outer loop
   vertex 18.500118834048017 18.500118834048017 6.657395614066075
   vertex 15.927097685795006 20.7565978198485 6.657395614066075
   vertex 14.610274296209296 19.040480166989646 7.0
  endloop
 endfacet
 facet normal 0.10336029085770934 0.11785982317585085 0.9876364272113332
  outer loop
   vertex 18.500118834048017 18.500118834048017 6.657395614066075
   vertex 14.610274296209296 19.040480166989646 7.0
   vertex 16.970562748477143 16.970562748477143 7.0
  endloop
 endfacet
 facet normal -0.10336029085770918 -0.11785982317585067 0.9876364272113332
  outer loop
   vertex 16.970562748477143 16.970562748477143 7.0
   vertex 14.610274296209296 19.040480166989646 7.0
   vertex 13.293450906623587 17.32436251413079 6.6573956140660755
  endloop
 endfacet
 facet normal -0.10336029085770919 -0.11785982317585074 0.9876364272113333
  outer loop
   vertex 16.970562748477143 16.970562748477143 7.0
   vertex 13.293450906623587 17.32436251413079 6.6573956140660755
   vertex 15.44100666290627 15.44100666290627 6.6573956140660755
  endloop
 endfacet
 facet normal -0.2998462977044907 -0.341909173572618 0.8906123257511087
  outer loop
   vertex 15.44100666290627 15.44100666290627 6.6573956140660755
   vertex 13.293450906623587 17.32436251413079 6.6573956140660755
   vertex 12.105527365258576 15.776230414028525 5.663118960624632
  endloop
 endfacet
 facet normal -0.2998462977044908 -0.3419091735726183 0.8906123257511087
  outer loop
   vertex 15.44100666290627 15.44100666290627 6.6573956140660755
   vertex 12.105527365258576 15.776230414028525 5.663118960624632
   vertex 14.06117418403497 14.06117418403497 5.663118960624632
  endloop
 endfacet
 facet normal -0.4667272787359284 -0.5322004619635774 0.7063485793639778
  outer loop
   vertex 14.06117418403497 14.06117418403497 5.663118960624632
   vertex 12.105527365258576 15.776230414028525 5.663118960624632
   vertex 11.162785905093065 14.547625823111467 4.114496766047313
  endloop
 endfacet
 facet normal -0.46672727873592856 -0.5322004619635771 0.7063485793639781
  outer loop
   vertex 14.06117418403497 14.06117418403497 5.663118960624632
   vertex 11.162785905093065 14.547625823111467 4.114496766047313
   vertex 12.966132928753353 12.966132928753353 4.114496766047313
  endloop
 endfacet
 facet normal -0.5877405674599486 -0.6701896712874532 0.45321830265499313
  outer loop
   vertex 12.966132928753353 12.966132928753353 4.114496766047313
   vertex 11.162785905093065 14.547625823111467 4.114496766047313
   vertex 10.557508628714043 13.758813118930105 2.1631189606246326
  endloop
 endfacet
 facet normal -0.5877405674599488 -0.6701896712874525 0.4532183026549938
  outer loop
   vertex 12.966132928753353 12.966132928753353 4.114496766047313
   vertex 10.557508628714043 13.758813118930105 2.1631189606246326
   vertex 12.26307316472944 12.26307316472944 2.1631189606246326
  endloop
 endfacet
 facet normal -0.6512622618140421 -0.7426222815508114 0.15610769769977734
  outer loop
   vertex 12.26307316472944 12.26307316472944 2.1631189606246326
   vertex 10.557508628714043 13.758813118930105 2.1631189606246326
   vertex 10.348944293148252 13.487006784950998 8.572527594031472e-16
  endloop
 endfacet
 facet normal -0.6512622618140418 -0.742622281550812 0.15610769769977653
  outer loop
   vertex 12.26307316472944 12.26307316472944 2.1631189606246326
   vertex 10.348944293148252 13.487006784950998 8.572527594031472e-16
   vertex 12.020815280171309 12.020815280171309 8.572527594031472e-16
  endloop
 endfacet
 facet normal -0.6512622618140417 -0.742622281550812 -0.15610769769977711
  outer loop
   vertex 12.020815280171309 12.020815280171309 8.572527594031472e-16
   vertex 10.348944293148252 13.487006784950998 8.572527594031472e-16
   vertex 10.557508628714043 13.758813118930105 -2.163118960624634
  endloop
 endfacet
 facet normal -0.6512622618140425 -0.7426222815508117 -0.15610769769977637
  outer loop
   vertex 12.020815280171309 12.020815280171309 8.572527594031472e-16
   vertex 10.557508628714043 13.758813118930105 -2.163118960624634
   vertex 12.26307316472944 12.26307316472944 -2.163118960624634
  endloop
 endfacet
 facet normal -0.5877405674599493 -0.6701896712874532 -0.45321830265499247
  outer loop
   vertex 12.26307316472944 12.26307316472944 -2.163118960624634
   vertex 10.557508628714043 13.758813118930105 -2.163118960624634
   vertex 11.162785905093063 14.547625823111463 -4.114496766047311
  endloop
 endfacet
 facet normal -0.5877405674599491 -0.6701896712874531 -0.4532183026549926
  outer loop
   vertex 12.26307316472944 12.26307316472944 -2.163118960624634
   vertex 11.162785905093063 14.547625823111463 -4.114496766047311
   vertex 12.96613292875335 12.96613292875335 -4.114496766047311
  endloop
 endfacet
 facet normal -0.46672727873592895 -0.532200461963577 -0.7063485793639778
  outer loop
   vertex 12.96613292875335 12.96613292875335 -4.114496766047311
   vertex 11.162785905093063 14.547625823111463 -4.114496766047311
   vertex 12.105527365258574 15.776230414028523 -5.663118960624631
  endloop
 endfacet
 facet normal -0.4667272787359289 -0.532200461963577 -0.7063485793639778
  outer loop
   vertex 12.96613292875335 12.96613292875335 -4.114496766047311
   vertex 12.105527365258574 15.776230414028523 -5.663118960624631
   vertex 14.061174184034966 14.061174184034966 -5.663118960624631
  endloop
 endfacet
 facet normal -0.29984629770449117 -0.3419091735726181 -0.8906123257511087
  outer loop
   vertex 14.061174184034966 14.061174184034966 -5.663118960624631
   vertex 12.105527365258574 15.776230414028523 -5.663118960624631
   vertex 13.293450906623585 17.324362514130787 -6.657395614066075
  endloop
 endfacet
 facet normal -0.299846297704491 -0.3419091735726181 -0.8906123257511088
  outer loop
   vertex 14.061174184034966 14.061174184034966 -5.663118960624631
   vertex 13.293450906623585 17.324362514130787 -6.657395614066075
   vertex 15.441006662906267 15.441006662906267 -6.657395614066075
  endloop
 endfacet
 facet normal -0.1033602908577093 -0.11785982317585075 -0.9876364272113333
  outer loop
   vertex 15.441006662906267 15.441006662906267 -6.657395614066075
   vertex 13.293450906623585 17.324362514130787 -6.657395614066075
   vertex 14.610274296209296 19.040480166989646 -7.0
  endloop
 endfacet
 facet normal -0.10336029085770926 -0.11785982317585073 -0.9876364272113332
  outer loop
   vertex 15.441006662906267 15.441006662906267 -6.657395614066075
   vertex 14.610274296209296 19.040480166989646 -7.0
   vertex 16.970562748477143 16.970562748477143 -7.0
  endloop
 endfacet
 facet normal 0.10336029085770929 0.1178598231758508 -0.987636427211333
  outer loop
   vertex 16.970562748477143 16.970562748477143 -7.0
   vertex 14.610274296209296 19.040480166989646 -7.0
   vertex 15.927097685795005 20.756597819848498 -6.6573956140660755
  endloop
 endfacet
 facet normal 0.10336029085770934 0.1178598231758508 -0.9876364272113332
  outer loop
   vertex 16.970562748477143 16.970562748477143 -7.0
   vertex 15.927097685795005 20.756597819848498 -6.6573956140660755
   vertex 18.500118834048013 18.500118834048013 -6.6573956140660755
  endloop
 endfacet
 facet normal 0.29984629770449056 0.3419091735726175 -0.8906123257511092
  outer loop
   vertex 18.500118834048013 18.500118834048013 -6.6573956140660755
   vertex 15.927097685795005 20.756597819848498 -6.6573956140660755
   vertex 17.115021227160018 22.304729919950763 -5.663118960624633
  endloop
 endfacet
 facet normal 0.29984629770449095 0.34190917357261763 -0.8906123257511088
  outer loop
   vertex 18.500118834048013 18.500118834048013 -6.6573956140660755
   vertex 17.115021227160018 22.304729919950763 -5.663118960624633
   vertex 19.879951312919314 19.879951312919314 -5.663118960624633
  endloop
 endfacet
 facet normal 0.4667272787359296 0.5322004619635773 -0.7063485793639771
  outer loop
   vertex 19.879951312919314 19.879951312919314 -5.663118960624633
   vertex 17.115021227160018 22.304729919950763 -5.663118960624633
   vertex 18.057762687325525 23.53333451086782 -4.1144967660473135
  endloop
 endfacet
 facet normal 0.4667272787359277 0.532200461963577 -0.7063485793639785
  outer loop
   vertex 19.879951312919314 19.879951312919314 -5.663118960624633
   vertex 18.057762687325525 23.53333451086782 -4.1144967660473135
   vertex 20.974992568200932 20.974992568200932 -4.1144967660473135
  endloop
 endfacet
 facet normal 0.5877405674599476 0.6701896712874534 -0.45321830265499424
  outer loop
   vertex 20.974992568200932 20.974992568200932 -4.1144967660473135
   vertex 18.057762687325525 23.53333451086782 -4.1144967660473135
   vertex 18.66303996370455 24.322147215049185 -2.163118960624634
  endloop
 endfacet
 facet normal 0.5877405674599487 0.6701896712874533 -0.453218302654993
  outer loop
   vertex 20.974992568200932 20.974992568200932 -4.1144967660473135
   vertex 18.66303996370455 24.322147215049185 -2.163118960624634
   vertex 21.678052332224844 21.678052332224844 -2.163118960624634
  endloop
 endfacet
 facet normal 0.6512622618140419 0.7426222815508121 -0.15610769769977667
  outer loop
   vertex 21.678052332224844 21.678052332224844 -2.163118960624634
   vertex 18.66303996370455 24.322147215049185 -2.163118960624634
   vertex 18.87160429927034 24.59395354902829 -1.7145055188062944e-15
  endloop
 endfacet
 facet normal 0.6512622618140412 0.7426222815508123 -0.15610769769977764
  outer loop
   vertex 21.678052332224844 21.678052332224844 -2.163118960624634
   vertex 18.87160429927034 24.59395354902829 -1.7145055188062944e-15
   vertex 21.920310216782976 21.920310216782976 -1.7145055188062944e-15
  endloop
 endfacet
 facet normal 0.548758964213623 0.8212758281564523 0.1561076976997776
  outer loop
   vertex 18.87160429927034 24.59395354902829 0.0
   vertex 15.500000000000004 26.846787517317598 0.0
   vertex 15.328697807033041 26.55008341565085 2.1631189606246317
  endloop
 endfacet
 facet normal 0.5487589642136227 0.8212758281564527 0.15610769769977648
  outer loop
   vertex 18.87160429927034 24.59395354902829 0.0
   vertex 15.328697807033041 26.55008341565085 2.1631189606246317
   vertex 18.66303996370455 24.322147215049185 2.1631189606246317
  endloop
 endfacet
 facet normal 0.4952350595707347 0.7411716440275484 0.45321830265499197
  outer loop
   vertex 18.66303996370455 24.322147215049185 2.1631189606246317
   vertex 15.328697807033041 26.55008341565085 2.1631189606246317
   vertex 14.83155948031232 25.689014575380785 4.114496766047312
  endloop
 endfacet
 facet normal 0.4952350595707348 0.7411716440275481 0.45321830265499236
  outer loop
   vertex 18.66303996370455 24.322147215049185 2.1631189606246317
   vertex 14.83155948031232 25.689014575380785 4.114496766047312
   vertex 18.05776268732553 23.533334510867824 4.114496766047312
  endloop
 endfacet
 facet normal 0.39326826236786033 0.588567547733183 0.7063485793639788
  outer loop
   vertex 18.05776268732553 23.533334510867824 4.114496766047312
   vertex 14.83155948031232 25.689014575380785 4.114496766047312
   vertex 14.057248383023659 24.347868414012414 5.663118960624632
  endloop
 endfacet
 facet normal 0.3932682623678603 0.5885675477331839 0.7063485793639781
  outer loop
   vertex 18.05776268732553 23.533334510867824 4.114496766047312
   vertex 14.057248383023659 24.347868414012414 5.663118960624632
   vertex 17.115021227160018 22.304729919950763 5.663118960624632
  endloop
 endfacet
 facet normal 0.25265296854954095 0.37812188868578595 0.8906123257511087
  outer loop
   vertex 17.115021227160018 22.304729919950763 5.663118960624632
   vertex 14.057248383023659 24.347868414012414 5.663118960624632
   vertex 13.08155948031232 22.65792566213525 6.657395614066075
  endloop
 endfacet
 facet normal 0.25265296854954095 0.3781218886857855 0.8906123257511088
  outer loop
   vertex 17.115021227160018 22.304729919950763 5.663118960624632
   vertex 13.08155948031232 22.65792566213525 6.657395614066075
   vertex 15.927097685795006 20.7565978198485 6.657395614066075
  endloop
 endfacet
 facet normal 0.08709223530610609 0.13034274124253714 0.987636427211333
  outer loop
   vertex 15.927097685795006 20.7565978198485 6.657395614066075
   vertex 13.08155948031232 22.65792566213525 6.657395614066075
   vertex 12.000000000000004 20.784609690826528 7.0
  endloop
 endfacet
 facet normal 0.0870922353061061 0.13034274124253709 0.9876364272113332
  outer loop
   vertex 15.927097685795006 20.7565978198485 6.657395614066075
   vertex 12.000000000000004 20.784609690826528 7.0
   vertex 14.610274296209296 19.040480166989646 7.0
  endloop
 endfacet
 facet normal -0.08709223530610591 -0.13034274124253678 0.987636427211333
  outer loop
   vertex 14.610274296209296 19.040480166989646 7.0
   vertex 12.000000000000004 20.784609690826528 7.0
   vertex 10.918440519687687 18.911293719517808 6.6573956140660755
  endloop
 endfacet
 facet normal -0.08709223530610592 -0.1303427412425368 0.9876364272113332
  outer loop
   vertex 14.610274296209296 19.040480166989646 7.0
   vertex 10.918440519687687 18.911293719517808 6.6573956140660755
   vertex 13.293450906623587 17.32436251413079 6.6573956140660755
  endloop
 endfacet
 facet normal -0.25265296854954095 -0.37812188868578533 0.8906123257511088
  outer loop
   vertex 13.293450906623587 17.32436251413079 6.6573956140660755
   vertex 10.918440519687687 18.911293719517808 6.6573956140660755
   vertex 9.942751616976347 17.22135096764064 5.663118960624632
  endloop
 endfacet
 facet normal -0.252652968549541 -0.3781218886857852 0.8906123257511089
  outer loop
   vertex 13.293450906623587 17.32436251413079 6.6573956140660755
   vertex 9.942751616976347 17.22135096764064 5.663118960624632
   vertex 12.105527365258576 15.776230414028525 5.663118960624632
  endloop
 endfacet
 facet normal -0.3932682623678609 -0.5885675477331835 0.706348579363978
  outer loop
   vertex 12.105527365258576 15.776230414028525 5.663118960624632
   vertex 9.942751616976347 17.22135096764064 5.663118960624632
   vertex 9.168440519687687 15.880204806272271 4.114496766047313
  endloop
 endfacet
 facet normal -0.3932682623678607 -0.5885675477331841 0.7063485793639777
  outer loop
   vertex 12.105527365258576 15.776230414028525 5.663118960624632
   vertex 9.168440519687687 15.880204806272271 4.114496766047313
   vertex 11.162785905093065 14.547625823111467 4.114496766047313
  endloop
 endfacet
 facet normal -0.49523505957073427 -0.7411716440275479 0.4532183026549933
  outer loop
   vertex 11.162785905093065 14.547625823111467 4.114496766047313
   vertex 9.168440519687687 15.880204806272271 4.114496766047313
   vertex 8.671302192966964 15.019135966002203 2.1631189606246326
  endloop
 endfacet
 facet normal -0.4952350595707342 -0.7411716440275479 0.45321830265499324
  outer loop
   vertex 11.162785905093065 14.547625823111467 4.114496766047313
   vertex 8.671302192966964 15.019135966002203 2.1631189606246326
   vertex 10.557508628714043 13.758813118930105 2.1631189606246326
  endloop
 endfacet
 facet normal -0.5487589642136226 -0.8212758281564527 0.15610769769977687
  outer loop
   vertex 10.557508628714043 13.758813118930105 2.1631189606246326
   vertex 8.671302192966964 15.019135966002203 2.1631189606246326
   vertex 8.500000000000002 14.722431864335457 8.572527594031472e-16
  endloop
 endfacet
 facet normal -0.5487589642136228 -0.8212758281564524 0.15610769769977734
  outer loop
   vertex 10.557508628714043 13.758813118930105 2.1631189606246326
   vertex 8.500000000000002 14.722431864335457 8.572527594031472e-16
   vertex 10.348944293148252 13.487006784950998 8.572527594031472e-16
  endloop
 endfacet
 facet normal -0.5487589642136229 -0.8212758281564526 -0.15610769769977667
  outer loop
   vertex 10.348944293148252 13.487006784950998 8.572527594031472e-16
   vertex 8.500000000000002 14.722431864335457 8.572527594031472e-16
   vertex 8.671302192966964 15.019135966002203 -2.163118960624634
  endloop
 endfacet
 facet normal -0.5487589642136225 -0.8212758281564526 -0.15610769769977711
  outer loop
   vertex 10.348944293148252 13.487006784950998 8.572527594031472e-16
   vertex 8.671302192966964 15.019135966002203 -2.163118960624634
   vertex 10.557508628714043 13.758813118930105 -2.163118960624634
  endloop
 endfacet
 facet normal -0.4952350595707344 -0.7411716440275482 -0.4532183026549925
  outer loop
   vertex 10.557508628714043 13.758813118930105 -2.163118960624634
   vertex 8.671302192966964 15.019135966002203 -2.163118960624634
   vertex 9.168440519687685 15.880204806272268 -4.114496766047311
  endloop
 endfacet
 facet normal -0.4952350595707345 -0.7411716440275483 -0.45321830265499236
  outer loop
   vertex 10.557508628714043 13.758813118930105 -2.163118960624634
   vertex 9.168440519687685 15.880204806272268 -4.114496766047311
   vertex 11.162785905093063 14.547625823111463 -4.114496766047311
  endloop
 endfacet
 facet normal -0.3932682623678606 -0.588567547733184 -0.7063485793639778
  outer loop
   vertex 11.162785905093063 14.547625823111463 -4.114496766047311
   vertex 9.168440519687685 15.880204806272268 -4.114496766047311
   vertex 9.942751616976345 17.221350967640635 -5.663118960624631
  endloop
 endfacet
 facet normal -0.3932682623678607 -0.588567547733184 -0.7063485793639778
  outer loop
   vertex 11.162785905093063 14.547625823111463 -4.114496766047311
   vertex 9.942751616976345 17.221350967640635 -5.663118960624631
   vertex 12.105527365258574 15.776230414028523 -5.663118960624631
  endloop
 endfacet
 facet normal -0.2526529685495409 -0.3781218886857855 -0.8906123257511088
  outer loop
   vertex 12.105527365258574 15.776230414028523 -5.663118960624631
   vertex 9.942751616976345 17.221350967640635 -5.663118960624631
   vertex 10.918440519687685 18.911293719517804 -6.657395614066075
  endloop
 endfacet
 facet normal -0.2526529685495411 -0.37812188868578556 -0.8906123257511087
  outer loop
   vertex 12.105527365258574 15.776230414028523 -5.663118960624631
   vertex 10.918440519687685 18.911293719517804 -6.657395614066075
   vertex 13.293450906623585 17.324362514130787 -6.657395614066075
  endloop
 endfacet
 facet normal -0.08709223530610596 -0.1303427412425369 -0.987636427211333
  outer loop
   vertex 13.293450906623585 17.324362514130787 -6.657395614066075
   vertex 10.918440519687685 18.911293719517804 -6.657395614066075
   vertex 12.000000000000004 20.784609690826528 -7.0
  endloop
 endfacet
 facet normal -0.08709223530610596 -0.1303427412425369 -0.9876364272113332
  outer loop
   vertex 13.293450906623585 17.324362514130787 -6.657395614066075
   vertex 12.000000000000004 20.784609690826528 -7.0
   vertex 14.610274296209296 19.040480166989646 -7.0
  endloop
 endfacet
 facet normal 0.08709223530610607 0.13034274124253703 -0.987636427211333
  outer loop
   vertex 14.610274296209296 19.040480166989646 -7.0
   vertex 12.000000000000004 20.784609690826528 -7.0
   vertex 13.081559480312318 22.657925662135245 -6.6573956140660755
  endloop
 endfacet
 facet normal 0.08709223530610599 0.130342741242537 -0.9876364272113332
  outer loop
   vertex 14.610274296209296 19.040480166989646 -7.0
   vertex 13.081559480312318 22.657925662135245 -6.6573956140660755
   vertex 15.927097685795005 20.756597819848498 -6.6573956140660755
  endloop
 endfacet
 facet normal 0.2526529685495407 0.3781218886857852 -0.890612325751109
  outer loop
   vertex 15.927097685795005 20.756597819848498 -6.6573956140660755
   vertex 13.081559480312318 22.657925662135245 -6.6573956140660755
   vertex 14.057248383023659 24.347868414012414 -5.663118960624633
  endloop
 endfacet
 facet normal 0.25265296854954045 0.3781218886857851 -0.890612325751109
  outer loop
   vertex 15.927097685795005 20.756597819848498 -6.6573956140660755
   vertex 14.057248383023659 24.347868414012414 -5.663118960624633
   vertex 17.115021227160018 22.304729919950763 -5.663118960624633
  endloop
 endfacet
 facet normal 0.39326826236786033 0.5885675477331839 -0.706348579363978
  outer loop
   vertex 17.115021227160018 22.304729919950763 -5.663118960624633
   vertex 14.057248383023659 24.347868414012414 -5.663118960624633
   vertex 14.831559480312318 25.68901457538078 -4.1144967660473135
  endloop
 endfacet
 facet normal 0.3932682623678614 0.5885675477331842 -0.7063485793639772
  outer loop
   vertex 17.115021227160018 22.304729919950763 -5.663118960624633
   vertex 14.831559480312318 25.68901457538078 -4.1144967660473135
   vertex 18.057762687325525 23.53333451086782 -4.1144967660473135
  endloop
 endfacet
 facet normal 0.4952350595707347 0.7411716440275475 -0.4532183026549934
  outer loop
   vertex 18.057762687325525 23.53333451086782 -4.1144967660473135
   vertex 14.831559480312318 25.68901457538078 -4.1144967660473135
   vertex 15.328697807033041 26.55008341565085 -2.163118960624634
  endloop
 endfacet
 facet normal 0.49523505957073405 0.7411716440275474 -0.4532183026549942
  outer loop
   vertex 18.057762687325525 23.53333451086782 -4.1144967660473135
   vertex 15.328697807033041 26.55008341565085 -2.163118960624634
   vertex 18.66303996370455 24.322147215049185 -2.163118960624634
  endloop
 endfacet
 facet normal 0.5487589642136226 0.8212758281564526 -0.15610769769977748
  outer loop
   vertex 18.66303996370455 24.322147215049185 -2.163118960624634
   vertex 15.328697807033041 26.55008341565085 -2.163118960624634
   vertex 15.500000000000004 26.846787517317598 -1.7145055188062944e-15
  endloop
 endfacet
 facet normal 0.5487589642136231 0.8212758281564523 -0.15610769769977642
  outer loop
   vertex 18.66303996370455 24.322147215049185 -2.163118960624634
   vertex 15.500000000000004 26.846787517317598 -1.7145055188062944e-15
   vertex 18.87160429927034 24.59395354902829 -1.7145055188062944e-15
  endloop
 endfacet
 facet normal 0.43686624859077977 0.8858771176416592 0.1561076976997773
  outer loop
   vertex 15.500000000000004 26.846787517317598 0.0
   vertex 11.863186403317785 28.64026550784989 0.0
   vertex 11.732077380965256 28.32374032793694 2.1631189606246317
  endloop
 endfacet
 facet normal 0.4368662485907798 0.8858771176416591 0.15610769769977761
  outer loop
   vertex 15.500000000000004 26.846787517317598 0.0
   vertex 11.732077380965256 28.32374032793694 2.1631189606246317
   vertex 15.328697807033041 26.55008341565085 2.1631189606246317
  endloop
 endfacet
 facet normal 0.3942559425071664 0.7994719644467299 0.45321830265499286
  outer loop
   vertex 15.328697807033041 26.55008341565085 2.1631189606246317
   vertex 11.732077380965256 28.32374032793694 2.1631189606246317
   vertex 11.35158417850581 27.40514847816857 4.114496766047312
  endloop
 endfacet
 facet normal 0.394255942507166 0.7994719644467306 0.4532183026549919
  outer loop
   vertex 15.328697807033041 26.55008341565085 2.1631189606246317
   vertex 11.35158417850581 27.40514847816857 4.114496766047312
   vertex 14.83155948031232 25.689014575380785 4.114496766047312
  endloop
 endfacet
 facet normal 0.31308031699611677 0.6348640795793233 0.7063485793639777
  outer loop
   vertex 14.83155948031232 25.689014575380785 4.114496766047312
   vertex 11.35158417850581 27.40514847816857 4.114496766047312
   vertex 10.758952121648203 25.974408129005873 5.663118960624632
  endloop
 endfacet
 facet normal 0.3130803169961171 0.6348640795793221 0.7063485793639789
  outer loop
   vertex 14.83155948031232 25.689014575380785 4.114496766047312
   vertex 10.758952121648203 25.974408129005873 5.663118960624632
   vertex 14.057248383023659 24.347868414012414 5.663118960624632
  endloop
 endfacet
 facet normal 0.20113667705407176 0.4078648334483459 0.8906123257511086
  outer loop
   vertex 14.057248383023659 24.347868414012414 5.663118960624632
   vertex 10.758952121648203 25.974408129005873 5.663118960624632
   vertex 10.012192165227995 24.17157011437907 6.657395614066075
  endloop
 endfacet
 facet normal 0.20113667705407176 0.40786483344834623 0.8906123257511086
  outer loop
   vertex 14.057248383023659 24.347868414012414 5.663118960624632
   vertex 10.012192165227995 24.17157011437907 6.657395614066075
   vertex 13.08155948031232 22.65792566213525 6.657395614066075
  endloop
 endfacet
 facet normal 0.06933400746188571 0.14059545886872818 0.9876364272113332
  outer loop
   vertex 13.08155948031232 22.65792566213525 6.657395614066075
   vertex 10.012192165227995 24.17157011437907 6.657395614066075
   vertex 9.184402376762156 22.17310878027088 7.0
  endloop
 endfacet
 facet normal 0.06933400746188566 0.14059545886872857 0.9876364272113332
  outer loop
   vertex 13.08155948031232 22.65792566213525 6.657395614066075
   vertex 9.184402376762156 22.17310878027088 7.0
   vertex 12.000000000000004 20.784609690826528 7.0
  endloop
 endfacet
 facet normal -0.06933400746188552 -0.1405954588687283 0.987636427211333
  outer loop
   vertex 12.000000000000004 20.784609690826528 7.0
   vertex 9.184402376762156 22.17310878027088 7.0
   vertex 8.356612588296317 20.174647446162698 6.6573956140660755
  endloop
 endfacet
 facet normal -0.06933400746188556 -0.14059545886872815 0.9876364272113333
  outer loop
   vertex 12.000000000000004 20.784609690826528 7.0
   vertex 8.356612588296317 20.174647446162698 6.6573956140660755
   vertex 10.918440519687687 18.911293719517808 6.6573956140660755
  endloop
 endfacet
 facet normal -0.20113667705407126 -0.40786483344834595 0.8906123257511088
  outer loop
   vertex 10.918440519687687 18.911293719517808 6.6573956140660755
   vertex 8.356612588296317 20.174647446162698 6.6573956140660755
   vertex 7.60985263187611 18.37180943153589 5.663118960624632
  endloop
 endfacet
 facet normal -0.2011366770540712 -0.4078648334483462 0.8906123257511089
  outer loop
   vertex 10.918440519687687 18.911293719517808 6.6573956140660755
   vertex 7.60985263187611 18.37180943153589 5.663118960624632
   vertex 9.942751616976347 17.22135096764064 5.663118960624632
  endloop
 endfacet
 facet normal -0.3130803169961166 -0.6348640795793232 0.706348579363978
  outer loop
   vertex 9.942751616976347 17.22135096764064 5.663118960624632
   vertex 7.60985263187611 18.37180943153589 5.663118960624632
   vertex 7.017220575018503 16.941069082373193 4.114496766047313
  endloop
 endfacet
 facet normal -0.31308031699611677 -0.634864079579323 0.706348579363978
  outer loop
   vertex 9.942751616976347 17.22135096764064 5.663118960624632
   vertex 7.017220575018503 16.941069082373193 4.114496766047313
   vertex 9.168440519687687 15.880204806272271 4.114496766047313
  endloop
 endfacet
 facet normal -0.39425594250716584 -0.7994719644467299 0.4532183026549932
  outer loop
   vertex 9.168440519687687 15.880204806272271 4.114496766047313
   vertex 7.017220575018503 16.941069082373193 4.114496766047313
   vertex 6.636727372559055 16.022477232604825 2.1631189606246326
  endloop
 endfacet
 facet normal -0.3942559425071659 -0.7994719644467299 0.4532183026549932
  outer loop
   vertex 9.168440519687687 15.880204806272271 4.114496766047313
   vertex 6.636727372559055 16.022477232604825 2.1631189606246326
   vertex 8.671302192966964 15.019135966002203 2.1631189606246326
  endloop
 endfacet
 facet normal -0.43686624859077944 -0.8858771176416593 0.15610769769977706
  outer loop
   vertex 8.671302192966964 15.019135966002203 2.1631189606246326
   vertex 6.636727372559055 16.022477232604825 2.1631189606246326
   vertex 6.505618350206527 15.705952052691874 8.572527594031472e-16
  endloop
 endfacet
 facet normal -0.43686624859077927 -0.8858771176416594 0.15610769769977687
  outer loop
   vertex 8.671302192966964 15.019135966002203 2.1631189606246326
   vertex 6.505618350206527 15.705952052691874 8.572527594031472e-16
   vertex 8.500000000000002 14.722431864335457 8.572527594031472e-16
  endloop
 endfacet
 facet normal -0.43686624859077927 -0.8858771176416594 -0.1561076976997769
  outer loop
   vertex 8.500000000000002 14.722431864335457 8.572527594031472e-16
   vertex 6.505618350206527 15.705952052691874 8.572527594031472e-16
   vertex 6.636727372559055 16.022477232604825 -2.163118960624634
  endloop
 endfacet
 facet normal -0.43686624859077955 -0.8858771176416594 -0.15610769769977667
  outer loop
   vertex 8.500000000000002 14.722431864335457 8.572527594031472e-16
   vertex 6.636727372559055 16.022477232604825 -2.163118960624634
   vertex 8.671302192966964 15.019135966002203 -2.163118960624634
  endloop
 endfacet
 facet normal -0.3942559425071659 -0.7994719644467297 -0.45321830265499347
  outer loop
   vertex 8.671302192966964 15.019135966002203 -2.163118960624634
   vertex 6.636727372559055 16.022477232604825 -2.163118960624634
   vertex 7.017220575018501 16.941069082373193 -4.114496766047311
  endloop
 endfacet
 facet normal -0.3942559425071671 -0.7994719644467297 -0.45321830265499247
  outer loop
   vertex 8.671302192966964 15.019135966002203 -2.163118960624634
   vertex 7.017220575018501 16.941069082373193 -4.114496766047311
   vertex 9.168440519687685 15.880204806272268 -4.114496766047311
  endloop
 endfacet
 facet normal -0.31308031699611805 -0.6348640795793236 -0.7063485793639769
  outer loop
   vertex 9.168440519687685 15.880204806272268 -4.114496766047311
   vertex 7.017220575018501 16.941069082373193 -4.114496766047311
   vertex 7.609852631876108 18.371809431535887 -5.663118960624631
  endloop
 endfacet
 facet normal -0.31308031699611666 -0.6348640795793232 -0.7063485793639779
  outer loop
   vertex 9.168440519687685 15.880204806272268 -4.114496766047311
   vertex 7.609852631876108 18.371809431535887 -5.663118960624631
   vertex 9.942751616976345 17.221350967640635 -5.663118960624631
  endloop
 endfacet
 facet normal -0.2011366770540711 -0.4078648334483458 -0.8906123257511088
  outer loop
   vertex 9.942751616976345 17.221350967640635 -5.663118960624631
   vertex 7.609852631876108 18.371809431535887 -5.663118960624631
   vertex 8.356612588296317 20.174647446162695 -6.657395614066075
  endloop
 endfacet
 facet normal -0.2011366770540714 -0.407864833448346 -0.8906123257511088
  outer loop
   vertex 9.942751616976345 17.221350967640635 -5.663118960624631
   vertex 8.356612588296317 20.174647446162695 -6.657395614066075
   vertex 10.918440519687685 18.911293719517804 -6.657395614066075
  endloop
 endfacet
 facet normal -0.06933400746188574 -0.1405954588687284 -0.987636427211333
  outer loop
   vertex 10.918440519687685 18.911293719517804 -6.657395614066075
   vertex 8.356612588296317 20.174647446162695 -6.657395614066075
   vertex 9.184402376762156 22.17310878027088 -7.0
  endloop
 endfacet
 facet normal -0.06933400746188552 -0.14059545886872826 -0.9876364272113332
  outer loop
   vertex 10.918440519687685 18.911293719517804 -6.657395614066075
   vertex 9.184402376762156 22.17310878027088 -7.0
   vertex 12.000000000000004 20.784609690826528 -7.0
  endloop
 endfacet
 facet normal 0.06933400746188542 0.1405954588687281 -0.9876364272113332
  outer loop
   vertex 12.000000000000004 20.784609690826528 -7.0
   vertex 9.184402376762156 22.17310878027088 -7.0
   vertex 10.012192165227995 24.171570114379065 -6.6573956140660755
  endloop
 endfacet
 facet normal 0.06933400746188582 0.14059545886872832 -0.9876364272113332
  outer loop
   vertex 12.000000000000004 20.784609690826528 -7.0
   vertex 10.012192165227995 24.171570114379065 -6.6573956140660755
   vertex 13.081559480312318 22.657925662135245 -6.6573956140660755
  endloop
 endfacet
 facet normal 0.20113667705407148 0.4078648334483455 -0.890612325751109
  outer loop
   vertex 13.081559480312318 22.657925662135245 -6.6573956140660755
   vertex 10.012192165227995 24.171570114379065 -6.6573956140660755
   vertex 10.758952121648203 25.974408129005873 -5.663118960624633
  endloop
 endfacet
 facet normal 0.20113667705407162 0.40786483344834557 -0.8906123257511089
  outer loop
   vertex 13.081559480312318 22.657925662135245 -6.6573956140660755
   vertex 10.758952121648203 25.974408129005873 -5.663118960624633
   vertex 14.057248383023659 24.347868414012414 -5.663118960624633
  endloop
 endfacet
 facet normal 0.3130803169961175 0.6348640795793229 -0.7063485793639779
  outer loop
   vertex 14.057248383023659 24.347868414012414 -5.663118960624633
   vertex 10.758952121648203 25.974408129005873 -5.663118960624633
   vertex 11.35158417850581 27.40514847816857 -4.1144967660473135
  endloop
 endfacet
 facet normal 0.31308031699611727 0.6348640795793228 -0.706348579363978
  outer loop
   vertex 14.057248383023659 24.347868414012414 -5.663118960624633
   vertex 11.35158417850581 27.40514847816857 -4.1144967660473135
   vertex 14.831559480312318 25.68901457538078 -4.1144967660473135
  endloop
 endfacet
 facet normal 0.39425594250716656 0.7994719644467296 -0.45321830265499286
  outer loop
   vertex 14.831559480312318 25.68901457538078 -4.1144967660473135
   vertex 11.35158417850581 27.40514847816857 -4.1144967660473135
   vertex 11.732077380965256 28.32374032793694 -2.163118960624634
  endloop
 endfacet
 facet normal 0.3942559425071663 0.7994719644467295 -0.45321830265499335
  outer loop
   vertex 14.831559480312318 25.68901457538078 -4.1144967660473135
   vertex 11.732077380965256 28.32374032793694 -2.163118960624634
   vertex 15.328697807033041 26.55008341565085 -2.163118960624634
  endloop
 endfacet
 facet normal 0.43686624859077994 0.8858771176416591 -0.1561076976997772
  outer loop
   vertex 15.328697807033041 26.55008341565085 -2.163118960624634
   vertex 11.732077380965256 28.32374032793694 -2.163118960624634
   vertex 11.863186403317785 28.64026550784989 -1.7145055188062944e-15
  endloop
 endfacet
 facet normal 0.4368662485907797 0.885877117641659 -0.1561076976997776
  outer loop
   vertex 15.328697807033041 26.55008341565085 -2.163118960624634
   vertex 11.863186403317785 28.64026550784989 -1.7145055188062944e-15
   vertex 15.500000000000004 26.846787517317598 -1.7145055188062944e-15
  endloop
 endfacet
 facet normal 0.3174986303323415 0.9353208040324786 0.15610769769977698
  outer loop
   vertex 11.863186403317785 28.64026550784989 0.0
   vertex 8.023390398178144 29.943700614961116 0.0
   vertex 7.934717858162789 29.612770190387632 2.1631189606246317
  endloop
 endfacet
 facet normal 0.3174986303323417 0.9353208040324786 0.15610769769977728
  outer loop
   vertex 11.863186403317785 28.64026550784989 0.0
   vertex 7.934717858162789 29.612770190387632 2.1631189606246317
   vertex 11.732077380965256 28.32374032793694 2.1631189606246317
  endloop
 endfacet
 facet normal 0.2865309969589022 0.8440930978987242 0.4532183026549924
  outer loop
   vertex 11.732077380965256 28.32374032793694 2.1631189606246317
   vertex 7.934717858162789 29.612770190387632 2.1631189606246317
   vertex 7.677380124151345 28.652372692352277 4.114496766047312
  endloop
 endfacet
 facet normal 0.2865309969589024 0.8440930978987239 0.4532183026549929
  outer loop
   vertex 11.732077380965256 28.32374032793694 2.1631189606246317
   vertex 7.677380124151345 28.652372692352277 4.114496766047312
   vertex 11.35158417850581 27.40514847816857 4.114496766047312
  endloop
 endfacet
 facet normal 0.22753548059830708 0.6702979110062833 0.706348579363978
  outer loop
   vertex 11.35158417850581 27.40514847816857 4.114496766047312
   vertex 7.677380124151345 28.652372692352277 4.114496766047312
   vertex 7.2765672065262725 27.156518519445587 5.663118960624632
  endloop
 endfacet
 facet normal 0.22753548059830694 0.6702979110062839 0.7063485793639777
  outer loop
   vertex 11.35158417850581 27.40514847816857 4.114496766047312
   vertex 7.2765672065262725 27.156518519445587 5.663118960624632
   vertex 10.758952121648203 25.974408129005873 5.663118960624632
  endloop
 endfacet
 facet normal 0.14617888124858458 0.43062909782911 0.8906123257511087
  outer loop
   vertex 10.758952121648203 25.974408129005873 5.663118960624632
   vertex 7.2765672065262725 27.156518519445587 5.663118960624632
   vertex 6.7715134662925225 25.27163230034054 6.657395614066075
  endloop
 endfacet
 facet normal 0.1461788812485846 0.43062909782910996 0.8906123257511088
  outer loop
   vertex 10.758952121648203 25.974408129005873 5.663118960624632
   vertex 6.7715134662925225 25.27163230034054 6.657395614066075
   vertex 10.012192165227995 24.17157011437907 6.657395614066075
  endloop
 endfacet
 facet normal 0.05038945552697405 0.14844254921325029 0.9876364272113332
  outer loop
   vertex 10.012192165227995 24.17157011437907 6.657395614066075
   vertex 6.7715134662925225 25.27163230034054 6.657395614066075
   vertex 6.211657082460498 23.18221983093764 7.0
  endloop
 endfacet
 facet normal 0.05038945552697412 0.14844254921324998 0.9876364272113332
  outer loop
   vertex 10.012192165227995 24.17157011437907 6.657395614066075
   vertex 6.211657082460498 23.18221983093764 7.0
   vertex 9.184402376762156 22.17310878027088 7.0
  endloop
 endfacet
 facet normal -0.05038945552697407 -0.14844254921324984 0.9876364272113332
  outer loop
   vertex 9.184402376762156 22.17310878027088 7.0
   vertex 6.211657082460498 23.18221983093764 7.0
   vertex 5.651800698628474 21.092807361534742 6.6573956140660755
  endloop
 endfacet
 facet normal -0.05038945552697398 -0.14844254921325012 0.987636427211333
  outer loop
   vertex 9.184402376762156 22.17310878027088 7.0
   vertex 5.651800698628474 21.092807361534742 6.6573956140660755
   vertex 8.356612588296317 20.174647446162698 6.6573956140660755
  endloop
 endfacet
 facet normal -0.14617888124858472 -0.43062909782911035 0.8906123257511086
  outer loop
   vertex 8.356612588296317 20.174647446162698 6.6573956140660755
   vertex 5.651800698628474 21.092807361534742 6.6573956140660755
   vertex 5.146746958394723 19.207921142429694 5.663118960624632
  endloop
 endfacet
 facet normal -0.14617888124858505 -0.4306290978291096 0.8906123257511089
  outer loop
   vertex 8.356612588296317 20.174647446162698 6.6573956140660755
   vertex 5.146746958394723 19.207921142429694 5.663118960624632
   vertex 7.60985263187611 18.37180943153589 5.663118960624632
  endloop
 endfacet
 facet normal -0.2275354805983077 -0.6702979110062832 0.7063485793639781
  outer loop
   vertex 7.60985263187611 18.37180943153589 5.663118960624632
   vertex 5.146746958394723 19.207921142429694 5.663118960624632
   vertex 4.745934040769652 17.712066969523004 4.114496766047313
  endloop
 endfacet
 facet normal -0.2275354805983074 -0.6702979110062833 0.7063485793639779
  outer loop
   vertex 7.60985263187611 18.37180943153589 5.663118960624632
   vertex 4.745934040769652 17.712066969523004 4.114496766047313
   vertex 7.017220575018503 16.941069082373193 4.114496766047313
  endloop
 endfacet
 facet normal -0.28653099695890266 -0.8440930978987233 0.45321830265499374
  outer loop
   vertex 7.017220575018503 16.941069082373193 4.114496766047313
   vertex 4.745934040769652 17.712066969523004 4.114496766047313
   vertex 4.488596306758207 16.751669471487645 2.1631189606246326
  endloop
 endfacet
 facet normal -0.28653099695890216 -0.8440930978987238 0.45321830265499313
  outer loop
   vertex 7.017220575018503 16.941069082373193 4.114496766047313
   vertex 4.488596306758207 16.751669471487645 2.1631189606246326
   vertex 6.636727372559055 16.022477232604825 2.1631189606246326
  endloop
 endfacet
 facet normal -0.31749863033234177 -0.9353208040324785 0.15610769769977687
  outer loop
   vertex 6.636727372559055 16.022477232604825 2.1631189606246326
   vertex 4.488596306758207 16.751669471487645 2.1631189606246326
   vertex 4.399923766742853 16.42073904691416 8.572527594031472e-16
  endloop
 endfacet
 facet normal -0.317498630332342 -0.9353208040324785 0.15610769769977711
  outer loop
   vertex 6.636727372559055 16.022477232604825 2.1631189606246326
   vertex 4.399923766742853 16.42073904691416 8.572527594031472e-16
   vertex 6.505618350206527 15.705952052691874 8.572527594031472e-16
  endloop
 endfacet
 facet normal -0.31749863033234194 -0.9353208040324784 -0.15610769769977664
  outer loop
   vertex 6.505618350206527 15.705952052691874 8.572527594031472e-16
   vertex 4.399923766742853 16.42073904691416 8.572527594031472e-16
   vertex 4.488596306758207 16.751669471487645 -2.163118960624634
  endloop
 endfacet
 facet normal -0.3174986303323417 -0.9353208040324785 -0.15610769769977687
  outer loop
   vertex 6.505618350206527 15.705952052691874 8.572527594031472e-16
   vertex 4.488596306758207 16.751669471487645 -2.163118960624634
   vertex 6.636727372559055 16.022477232604825 -2.163118960624634
  endloop
 endfacet
 facet normal -0.2865309969589022 -0.844093097898724 -0.453218302654993
  outer loop
   vertex 6.636727372559055 16.022477232604825 -2.163118960624634
   vertex 4.488596306758207 16.751669471487645 -2.163118960624634
   vertex 4.745934040769651 17.712066969523 -4.114496766047311
  endloop
 endfacet
 facet normal -0.2865309969589016 -0.8440930978987239 -0.45321830265499347
  outer loop
   vertex 6.636727372559055 16.022477232604825 -2.163118960624634
   vertex 4.745934040769651 17.712066969523 -4.114496766047311
   vertex 7.017220575018501 16.941069082373193 -4.114496766047311
  endloop
 endfacet
 facet normal -0.22753548059830658 -0.6702979110062837 -0.7063485793639781
  outer loop
   vertex 7.017220575018501 16.941069082373193 -4.114496766047311
   vertex 4.745934040769651 17.712066969523 -4.114496766047311
   vertex 5.146746958394722 19.20792114242969 -5.663118960624631
  endloop
 endfacet
 facet normal -0.22753548059830808 -0.6702979110062842 -0.7063485793639769
  outer loop
   vertex 7.017220575018501 16.941069082373193 -4.114496766047311
   vertex 5.146746958394722 19.20792114242969 -5.663118960624631
   vertex 7.609852631876108 18.371809431535887 -5.663118960624631
  endloop
 endfacet
 facet normal -0.14617888124858533 -0.43062909782911024 -0.8906123257511086
  outer loop
   vertex 7.609852631876108 18.371809431535887 -5.663118960624631
   vertex 5.146746958394722 19.20792114242969 -5.663118960624631
   vertex 5.651800698628473 21.09280736153474 -6.657395614066075
  endloop
 endfacet
 facet normal -0.1461788812485844 -0.43062909782910963 -0.8906123257511088
  outer loop
   vertex 7.609852631876108 18.371809431535887 -5.663118960624631
   vertex 5.651800698628473 21.09280736153474 -6.657395614066075
   vertex 8.356612588296317 20.174647446162695 -6.657395614066075
  endloop
 endfacet
 facet normal -0.05038945552697393 -0.14844254921325 -0.9876364272113332
  outer loop
   vertex 8.356612588296317 20.174647446162695 -6.657395614066075
   vertex 5.651800698628473 21.09280736153474 -6.657395614066075
   vertex 6.211657082460498 23.18221983093764 -7.0
  endloop
 endfacet
 facet normal -0.050389455526974186 -0.14844254921325023 -0.9876364272113332
  outer loop
   vertex 8.356612588296317 20.174647446162695 -6.657395614066075
   vertex 6.211657082460498 23.18221983093764 -7.0
   vertex 9.184402376762156 22.17310878027088 -7.0
  endloop
 endfacet
 facet normal 0.05038945552697415 0.1484425492132501 -0.9876364272113333
  outer loop
   vertex 9.184402376762156 22.17310878027088 -7.0
   vertex 6.211657082460498 23.18221983093764 -7.0
   vertex 6.771513466292522 25.271632300340535 -6.6573956140660755
  endloop
 endfacet
 facet normal 0.050389455526973895 0.1484425492132499 -0.9876364272113332
  outer loop
   vertex 9.184402376762156 22.17310878027088 -7.0
   vertex 6.771513466292522 25.271632300340535 -6.6573956140660755
   vertex 10.012192165227995 24.171570114379065 -6.6573956140660755
  endloop
 endfacet
 facet normal 0.1461788812485844 0.4306290978291095 -0.890612325751109
  outer loop
   vertex 10.012192165227995 24.171570114379065 -6.6573956140660755
   vertex 6.771513466292522 25.271632300340535 -6.6573956140660755
   vertex 7.2765672065262725 27.156518519445587 -5.663118960624633
  endloop
 endfacet
 facet normal 0.14617888124858439 0.43062909782910935 -0.890612325751109
  outer loop
   vertex 10.012192165227995 24.171570114379065 -6.6573956140660755
   vertex 7.2765672065262725 27.156518519445587 -5.663118960624633
   vertex 10.758952121648203 25.974408129005873 -5.663118960624633
  endloop
 endfacet
 facet normal 0.22753548059830703 0.670297911006284 -0.7063485793639774
  outer loop
   vertex 10.758952121648203 25.974408129005873 -5.663118960624633
   vertex 7.2765672065262725 27.156518519445587 -5.663118960624633
   vertex 7.677380124151344 28.652372692352273 -4.1144967660473135
  endloop
 endfacet
 facet normal 0.22753548059830656 0.6702979110062838 -0.7063485793639779
  outer loop
   vertex 10.758952121648203 25.974408129005873 -5.663118960624633
   vertex 7.677380124151344 28.652372692352273 -4.1144967660473135
   vertex 11.35158417850581 27.40514847816857 -4.1144967660473135
  endloop
 endfacet
 facet normal 0.28653099695890144 0.8440930978987237 -0.45321830265499374
  outer loop
   vertex 11.35158417850581 27.40514847816857 -4.1144967660473135
   vertex 7.677380124151344 28.652372692352273 -4.1144967660473135
   vertex 7.934717858162789 29.612770190387632 -2.163118960624634
  endloop
 endfacet
 facet normal 0.2865309969589021 0.8440930978987241 -0.4532183026549931
  outer loop
   vertex 11.35158417850581 27.40514847816857 -4.1144967660473135
   vertex 7.934717858162789 29.612770190387632 -2.163118960624634
   vertex 11.732077380965256 28.32374032793694 -2.163118960624634
  endloop
 endfacet
 facet normal 0.3174986303323416 0.9353208040324786 -0.15610769769977692
  outer loop
   vertex 11.732077380965256 28.32374032793694 -2.163118960624634
   vertex 7.934717858162789 29.612770190387632 -2.163118960624634
   vertex 8.023390398178144 29.943700614961116 -1.7145055188062944e-15
  endloop
 endfacet
 facet normal 0.3174986303323415 0.9353208040324786 -0.15610769769977717
  outer loop
   vertex 11.732077380965256 28.32374032793694 -2.163118960624634
   vertex 8.023390398178144 29.943700614961116 -1.7145055188062944e-15
   vertex 11.863186403317785 28.64026550784989 -1.7145055188062944e-15
  endloop
 endfacet
 facet normal 0.1926985224816667 0.968760892146384 0.15610769769977675
  outer loop
   vertex 8.023390398178144 29.943700614961116 0.0
   vertex 4.046311958821603 30.73479070258812 0.0
   vertex 4.001593112887758 30.395117344669803 2.1631189606246317
  endloop
 endfacet
 facet normal 0.19269852248166677 0.968760892146384 0.1561076976997769
  outer loop
   vertex 8.023390398178144 29.943700614961116 0.0
   vertex 4.001593112887758 30.395117344669803 2.1631189606246317
   vertex 7.934717858162789 29.612770190387632 2.1631189606246317
  endloop
 endfacet
 facet normal 0.17390342661127095 0.8742715644188515 0.45321830265499247
  outer loop
   vertex 7.934717858162789 29.612770190387632 2.1631189606246317
   vertex 4.001593112887758 30.395117344669803 2.1631189606246317
   vertex 3.8718139673007514 29.409346865831335 4.114496766047312
  endloop
 endfacet
 facet normal 0.17390342661127092 0.8742715644188516 0.4532183026549925
  outer loop
   vertex 7.934717858162789 29.612770190387632 2.1631189606246317
   vertex 3.8718139673007514 29.409346865831335 4.114496766047312
   vertex 7.677380124151345 28.652372692352277 4.114496766047312
  endloop
 endfacet
 facet normal 0.13809744904270646 0.6942627593342352 0.7063485793639785
  outer loop
   vertex 7.677380124151345 28.652372692352277 4.114496766047312
   vertex 3.8718139673007514 29.409346865831335 4.114496766047312
   vertex 3.6696782090551134 27.873973348808214 5.663118960624632
  endloop
 endfacet
 facet normal 0.13809744904270607 0.6942627593342359 0.706348579363978
  outer loop
   vertex 7.677380124151345 28.652372692352277 4.114496766047312
   vertex 3.6696782090551134 27.873973348808214 5.663118960624632
   vertex 7.2765672065262725 27.156518519445587 5.663118960624632
  endloop
 endfacet
 facet normal 0.08871992425649165 0.44602517895307625 0.8906123257511087
  outer loop
   vertex 7.2765672065262725 27.156518519445587 5.663118960624632
   vertex 3.6696782090551134 27.873973348808214 5.663118960624632
   vertex 3.4149722945305703 25.939289851023 6.657395614066075
  endloop
 endfacet
 facet normal 0.08871992425649175 0.44602517895307586 0.8906123257511086
  outer loop
   vertex 7.2765672065262725 27.156518519445587 5.663118960624632
   vertex 3.4149722945305703 25.939289851023 6.657395614066075
   vertex 6.7715134662925225 25.27163230034054 6.657395614066075
  endloop
 endfacet
 facet normal 0.030582726037399335 0.15374974638468344 0.9876364272113332
  outer loop
   vertex 6.7715134662925225 25.27163230034054 6.657395614066075
   vertex 3.4149722945305703 25.939289851023 6.657395614066075
   vertex 3.1326286132812413 23.79467667297145 7.0
  endloop
 endfacet
 facet normal 0.030582726037399307 0.15374974638468353 0.987636427211333
  outer loop
   vertex 6.7715134662925225 25.27163230034054 6.657395614066075
   vertex 3.1326286132812413 23.79467667297145 7.0
   vertex 6.211657082460498 23.18221983093764 7.0
  endloop
 endfacet
 facet normal -0.03058272603739925 -0.15374974638468328 0.987636427211333
  outer loop
   vertex 6.211657082460498 23.18221983093764 7.0
   vertex 3.1326286132812413 23.79467667297145 7.0
   vertex 2.8502849320319124 21.650063494919902 6.6573956140660755
  endloop
 endfacet
 facet normal -0.030582726037399335 -0.15374974638468308 0.9876364272113332
  outer loop
   vertex 6.211657082460498 23.18221983093764 7.0
   vertex 2.8502849320319124 21.650063494919902 6.6573956140660755
   vertex 5.651800698628474 21.092807361534742 6.6573956140660755
  endloop
 endfacet
 facet normal -0.08871992425649194 -0.44602517895307586 0.8906123257511088
  outer loop
   vertex 5.651800698628474 21.092807361534742 6.6573956140660755
   vertex 2.8502849320319124 21.650063494919902 6.6573956140660755
   vertex 2.5955790175073687 19.715379997134683 5.663118960624632
  endloop
 endfacet
 facet normal -0.0887199242564917 -0.4460251789530762 0.8906123257511085
  outer loop
   vertex 5.651800698628474 21.092807361534742 6.6573956140660755
   vertex 2.5955790175073687 19.715379997134683 5.663118960624632
   vertex 5.146746958394723 19.207921142429694 5.663118960624632
  endloop
 endfacet
 facet normal -0.13809744904270613 -0.6942627593342359 0.706348579363978
  outer loop
   vertex 5.146746958394723 19.207921142429694 5.663118960624632
   vertex 2.5955790175073687 19.715379997134683 5.663118960624632
   vertex 2.393443259261731 18.180006480111565 4.114496766047313
  endloop
 endfacet
 facet normal -0.13809744904270627 -0.6942627593342358 0.7063485793639781
  outer loop
   vertex 5.146746958394723 19.207921142429694 5.663118960624632
   vertex 2.393443259261731 18.180006480111565 4.114496766047313
   vertex 4.745934040769652 17.712066969523004 4.114496766047313
  endloop
 endfacet
 facet normal -0.17390342661127048 -0.8742715644188515 0.4532183026549925
  outer loop
   vertex 4.745934040769652 17.712066969523004 4.114496766047313
   vertex 2.393443259261731 18.180006480111565 4.114496766047313
   vertex 2.2636641136747233 17.194236001273097 2.1631189606246326
  endloop
 endfacet
 facet normal -0.17390342661127164 -0.8742715644188506 0.4532183026549938
  outer loop
   vertex 4.745934040769652 17.712066969523004 4.114496766047313
   vertex 2.2636641136747233 17.194236001273097 2.1631189606246326
   vertex 4.488596306758207 16.751669471487645 2.1631189606246326
  endloop
 endfacet
 facet normal -0.1926985224816676 -0.9687608921463835 0.15610769769977823
  outer loop
   vertex 4.488596306758207 16.751669471487645 2.1631189606246326
   vertex 2.2636641136747233 17.194236001273097 2.1631189606246326
   vertex 2.218945267740879 16.854562643354775 8.572527594031472e-16
  endloop
 endfacet
 facet normal -0.19269852248166625 -0.9687608921463841 0.1561076976997768
  outer loop
   vertex 4.488596306758207 16.751669471487645 2.1631189606246326
   vertex 2.218945267740879 16.854562643354775 8.572527594031472e-16
   vertex 4.399923766742853 16.42073904691416 8.572527594031472e-16
  endloop
 endfacet
 facet normal -0.19269852248166625 -0.9687608921463838 -0.1561076976997781
  outer loop
   vertex 4.399923766742853 16.42073904691416 8.572527594031472e-16
   vertex 2.218945267740879 16.854562643354775 8.572527594031472e-16
   vertex 2.2636641136747233 17.194236001273097 -2.163118960624634
  endloop
 endfacet
 facet normal -0.19269852248166763 -0.9687608921463837 -0.1561076976997766
  outer loop
   vertex 4.399923766742853 16.42073904691416 8.572527594031472e-16
   vertex 2.2636641136747233 17.194236001273097 -2.163118960624634
   vertex 4.488596306758207 16.751669471487645 -2.163118960624634
  endloop
 endfacet
 facet normal -0.1739034266112718 -0.8742715644188517 -0.45321830265499186
  outer loop
   vertex 4.488596306758207 16.751669471487645 -2.163118960624634
   vertex 2.2636641136747233 17.194236001273097 -2.163118960624634
   vertex 2.3934432592617307 18.18000648011156 -4.114496766047311
  endloop
 endfacet
 facet normal -0.17390342661127048 -0.8742715644188512 -0.45321830265499297
  outer loop
   vertex 4.488596306758207 16.751669471487645 -2.163118960624634
   vertex 2.3934432592617307 18.18000648011156 -4.114496766047311
   vertex 4.745934040769651 17.712066969523 -4.114496766047311
  endloop
 endfacet
 facet normal -0.13809744904270632 -0.6942627593342361 -0.7063485793639779
  outer loop
   vertex 4.745934040769651 17.712066969523 -4.114496766047311
   vertex 2.3934432592617307 18.18000648011156 -4.114496766047311
   vertex 2.5955790175073683 19.71537999713468 -5.663118960624631
  endloop
 endfacet
 facet normal -0.13809744904270616 -0.6942627593342359 -0.7063485793639779
  outer loop
   vertex 4.745934040769651 17.712066969523 -4.114496766047311
   vertex 2.5955790175073683 19.71537999713468 -5.663118960624631
   vertex 5.146746958394722 19.20792114242969 -5.663118960624631
  endloop
 endfacet
 facet normal -0.08871992425649163 -0.4460251789530758 -0.8906123257511087
  outer loop
   vertex 5.146746958394722 19.20792114242969 -5.663118960624631
   vertex 2.5955790175073683 19.71537999713468 -5.663118960624631
   vertex 2.850284932031912 21.6500634949199 -6.657395614066075
  endloop
 endfacet
 facet normal -0.08871992425649201 -0.4460251789530762 -0.8906123257511086
  outer loop
   vertex 5.146746958394722 19.20792114242969 -5.663118960624631
   vertex 2.850284932031912 21.6500634949199 -6.657395614066075
   vertex 5.651800698628473 21.09280736153474 -6.657395614066075
  endloop
 endfacet
 facet normal -0.0305827260373994 -0.15374974638468342 -0.987636427211333
  outer loop
   vertex 5.651800698628473 21.09280736153474 -6.657395614066075
   vertex 2.850284932031912 21.6500634949199 -6.657395614066075
   vertex 3.1326286132812413 23.79467667297145 -7.0
  endloop
 endfacet
 facet normal -0.030582726037399238 -0.15374974638468328 -0.9876364272113332
  outer loop
   vertex 5.651800698628473 21.09280736153474 -6.657395614066075
   vertex 3.1326286132812413 23.79467667297145 -7.0
   vertex 6.211657082460498 23.18221983093764 -7.0
  endloop
 endfacet
 facet normal 0.03058272603739925 0.15374974638468328 -0.987636427211333
  outer loop
   vertex 6.211657082460498 23.18221983093764 -7.0
   vertex 3.1326286132812413 23.79467667297145 -7.0
   vertex 3.41497229453057 25.939289851022995 -6.6573956140660755
  endloop
 endfacet
 facet normal 0.030582726037399324 0.1537497463846834 -0.9876364272113333
  outer loop
   vertex 6.211657082460498 23.18221983093764 -7.0
   vertex 3.41497229453057 25.939289851022995 -6.6573956140660755
   vertex 6.771513466292522 25.271632300340535 -6.6573956140660755
  endloop
 endfacet
 facet normal 0.08871992425649168 0.44602517895307553 -0.8906123257511089
  outer loop
   vertex 6.771513466292522 25.271632300340535 -6.6573956140660755
   vertex 3.41497229453057 25.939289851022995 -6.6573956140660755
   vertex 3.6696782090551134 27.873973348808214 -5.663118960624633
  endloop
 endfacet
 facet normal 0.08871992425649144 0.4460251789530753 -0.890612325751109
  outer loop
   vertex 6.771513466292522 25.271632300340535 -6.6573956140660755
   vertex 3.6696782090551134 27.873973348808214 -5.663118960624633
   vertex 7.2765672065262725 27.156518519445587 -5.663118960624633
  endloop
 endfacet
 facet normal 0.13809744904270604 0.6942627593342359 -0.706348579363978
  outer loop
   vertex 7.2765672065262725 27.156518519445587 -5.663118960624633
   vertex 3.6696782090551134 27.873973348808214 -5.663118960624633
   vertex 3.871813967300751 29.40934686583133 -4.1144967660473135
  endloop
 endfacet
 facet normal 0.13809744904270674 0.6942627593342364 -0.7063485793639774
  outer loop
   vertex 7.2765672065262725 27.156518519445587 -5.663118960624633
   vertex 3.871813967300751 29.40934686583133 -4.1144967660473135
   vertex 7.677380124151344 28.652372692352273 -4.1144967660473135
  endloop
 endfacet
 facet normal 0.17390342661127076 0.8742715644188508 -0.4532183026549939
  outer loop
   vertex 7.677380124151344 28.652372692352273 -4.1144967660473135
   vertex 3.871813967300751 29.40934686583133 -4.1144967660473135
   vertex 4.001593112887758 30.395117344669803 -2.163118960624634
  endloop
 endfacet
 facet normal 0.17390342661127078 0.8742715644188509 -0.45321830265499385
  outer loop
   vertex 7.677380124151344 28.652372692352273 -4.1144967660473135
   vertex 4.001593112887758 30.395117344669803 -2.163118960624634
   vertex 7.934717858162789 29.612770190387632 -2.163118960624634
  endloop
 endfacet
 facet normal 0.19269852248166675 0.9687608921463837 -0.15610769769977664
  outer loop
   vertex 7.934717858162789 29.612770190387632 -2.163118960624634
   vertex 4.001593112887758 30.395117344669803 -2.163118960624634
   vertex 4.046311958821603 30.73479070258812 -1.7145055188062944e-15
  endloop
 endfacet
 facet normal 0.1926985224816667 0.968760892146384 -0.15610769769977687
  outer loop
   vertex 7.934717858162789 29.612770190387632 -2.163118960624634
   vertex 4.046311958821603 30.73479070258812 -1.7145055188062944e-15
   vertex 8.023390398178144 29.943700614961116 -1.7145055188062944e-15
  endloop
 endfacet
 facet normal 0.06460128948520694 0.9856252128044023 0.15610769769977706
  outer loop
   vertex 4.046311958821603 30.73479070258812 0.0
   vertex 1.8982025386783976e-15 31.0 0.0
   vertex 1.877224070448006e-15 30.657395614066075 2.1631189606246317
  endloop
 endfacet
 facet normal 0.06460128948520676 0.9856252128044025 0.15610769769977673
  outer loop
   vertex 4.046311958821603 30.73479070258812 0.0
   vertex 1.877224070448006e-15 30.657395614066075 2.1631189606246317
   vertex 4.001593112887758 30.395117344669803 2.1631189606246317
  endloop
 endfacet
 facet normal 0.05830032041918204 0.8894910020779012 0.45321830265499224
  outer loop
   vertex 4.001593112887758 30.395117344669803 2.1631189606246317
   vertex 1.877224070448006e-15 30.657395614066075 2.1631189606246317
   vertex 1.816342184392806e-15 29.663118960624633 4.114496766047312
  endloop
 endfacet
 facet normal 0.05830032041918224 0.8894910020779009 0.4532183026549926
  outer loop
   vertex 4.001593112887758 30.395117344669803 2.1631189606246317
   vertex 1.816342184392806e-15 29.663118960624633 4.114496766047312
   vertex 3.8718139673007514 29.409346865831335 4.114496766047312
  endloop
 endfacet
 facet normal 0.046296531846139466 0.7063485793639771 0.7063485793639783
  outer loop
   vertex 3.8718139673007514 29.409346865831335 4.114496766047312
   vertex 1.816342184392806e-15 29.663118960624633 4.114496766047312
   vertex 1.7215164237089225e-15 28.11449676604731 5.663118960624632
  endloop
 endfacet
 facet normal 0.04629653184613966 0.706348579363977 0.7063485793639788
  outer loop
   vertex 3.8718139673007514 29.409346865831335 4.114496766047312
   vertex 1.7215164237089225e-15 28.11449676604731 5.663118960624632
   vertex 3.6696782090551134 27.873973348808214 5.663118960624632
  endloop
 endfacet
 facet normal 0.029742944762560834 0.45378964560361273 0.8906123257511087
  outer loop
   vertex 3.6696782090551134 27.873973348808214 5.663118960624632
   vertex 1.7215164237089225e-15 28.11449676604731 5.663118960624632
   vertex 1.6020289945420192e-15 26.163118960624633 6.657395614066075
  endloop
 endfacet
 facet normal 0.029742944762560754 0.4537896456036129 0.8906123257511086
  outer loop
   vertex 3.6696782090551134 27.873973348808214 5.663118960624632
   vertex 1.6020289945420192e-15 26.163118960624633 6.657395614066075
   vertex 3.4149722945305703 25.939289851023 6.657395614066075
  endloop
 endfacet
 facet normal 0.01025271762619137 0.15642624276799172 0.9876364272113332
  outer loop
   vertex 3.4149722945305703 25.939289851023 6.657395614066075
   vertex 1.6020289945420192e-15 26.163118960624633 6.657395614066075
   vertex 1.4695761589768238e-15 24.0 7.0
  endloop
 endfacet
 facet normal 0.010252717626191376 0.15642624276799175 0.9876364272113332
  outer loop
   vertex 3.4149722945305703 25.939289851023 6.657395614066075
   vertex 1.4695761589768238e-15 24.0 7.0
   vertex 3.1326286132812413 23.79467667297145 7.0
  endloop
 endfacet
 facet normal -0.010252717626191359 -0.1564262427679916 0.9876364272113333
  outer loop
   vertex 3.1326286132812413 23.79467667297145 7.0
   vertex 1.4695761589768238e-15 24.0 7.0
   vertex 1.3371233234116287e-15 21.83688103937537 6.6573956140660755
  endloop
 endfacet
 facet normal -0.01025271762619136 -0.15642624276799155 0.987636427211333
  outer loop
   vertex 3.1326286132812413 23.79467667297145 7.0
   vertex 1.3371233234116287e-15 21.83688103937537 6.6573956140660755
   vertex 2.8502849320319124 21.650063494919902 6.6573956140660755
  endloop
 endfacet
 facet normal -0.029742944762560716 -0.45378964560361246 0.8906123257511088
  outer loop
   vertex 2.8502849320319124 21.650063494919902 6.6573956140660755
   vertex 1.3371233234116287e-15 21.83688103937537 6.6573956140660755
   vertex 1.2176358942447252e-15 19.88550323395269 5.663118960624632
  endloop
 endfacet
 facet normal -0.02974294476256057 -0.45378964560361246 0.8906123257511088
  outer loop
   vertex 2.8502849320319124 21.650063494919902 6.6573956140660755
   vertex 1.2176358942447252e-15 19.88550323395269 5.663118960624632
   vertex 2.5955790175073687 19.715379997134683 5.663118960624632
  endloop
 endfacet
 facet normal -0.046296531846139376 -0.7063485793639778 0.7063485793639778
  outer loop
   vertex 2.5955790175073687 19.715379997134683 5.663118960624632
   vertex 1.2176358942447252e-15 19.88550323395269 5.663118960624632
   vertex 1.122810133560842e-15 18.33688103937537 4.114496766047313
  endloop
 endfacet
 facet normal -0.04629653184613965 -0.7063485793639774 0.7063485793639781
  outer loop
   vertex 2.5955790175073687 19.715379997134683 5.663118960624632
   vertex 1.122810133560842e-15 18.33688103937537 4.114496766047313
   vertex 2.393443259261731 18.180006480111565 4.114496766047313
  endloop
 endfacet
 facet normal -0.05830032041918239 -0.8894910020779004 0.45321830265499347
  outer loop
   vertex 2.393443259261731 18.180006480111565 4.114496766047313
   vertex 1.122810133560842e-15 18.33688103937537 4.114496766047313
   vertex 1.0619282475056415e-15 17.342604385933925 2.1631189606246326
  endloop
 endfacet
 facet normal -0.058300320419181435 -0.889491002077901 0.4532183026549926
  outer loop
   vertex 2.393443259261731 18.180006480111565 4.114496766047313
   vertex 1.0619282475056415e-15 17.342604385933925 2.1631189606246326
   vertex 2.2636641136747233 17.194236001273097 2.1631189606246326
  endloop
 endfacet
 facet normal -0.06460128948520613 -0.9856252128044024 0.15610769769977706
  outer loop
   vertex 2.2636641136747233 17.194236001273097 2.1631189606246326
   vertex 1.0619282475056415e-15 17.342604385933925 2.1631189606246326
   vertex 1.0409497792752501e-15 17.0 8.572527594031472e-16
  endloop
 endfacet
 facet normal -0.06460128948520735 -0.9856252128044022 0.1561076976997783
  outer loop
   vertex 2.2636641136747233 17.194236001273097 2.1631189606246326
   vertex 1.0409497792752501e-15 17.0 8.572527594031472e-16
   vertex 2.218945267740879 16.854562643354775 8.572527594031472e-16
  endloop
 endfacet
 facet normal -0.06460128948520734 -0.9856252128044024 -0.15610769769977684
  outer loop
   vertex 2.218945267740879 16.854562643354775 8.572527594031472e-16
   vertex 1.0409497792752501e-15 17.0 8.572527594031472e-16
   vertex 1.0619282475056415e-15 17.342604385933925 -2.163118960624634
  endloop
 endfacet
 facet normal -0.06460128948520615 -0.9856252128044024 -0.1561076976997781
  outer loop
   vertex 2.218945267740879 16.854562643354775 8.572527594031472e-16
   vertex 1.0619282475056415e-15 17.342604385933925 -2.163118960624634
   vertex 2.2636641136747233 17.194236001273097 -2.163118960624634
  endloop
 endfacet
 facet normal -0.05830032041918145 -0.8894910020779009 -0.45321830265499274
  outer loop
   vertex 2.2636641136747233 17.194236001273097 -2.163118960624634
   vertex 1.0619282475056415e-15 17.342604385933925 -2.163118960624634
   vertex 1.1228101335608418e-15 18.336881039375367 -4.114496766047311
  endloop
 endfacet
 facet normal -0.05830032041918242 -0.8894910020779011 -0.4532183026549918
  outer loop
   vertex 2.2636641136747233 17.194236001273097 -2.163118960624634
   vertex 1.1228101335608418e-15 18.336881039375367 -4.114496766047311
   vertex 2.3934432592617307 18.18000648011156 -4.114496766047311
  endloop
 endfacet
 facet normal -0.04629653184613968 -0.7063485793639781 -0.7063485793639777
  outer loop
   vertex 2.3934432592617307 18.18000648011156 -4.114496766047311
   vertex 1.1228101335608418e-15 18.336881039375367 -4.114496766047311
   vertex 1.217635894244725e-15 19.885503233952686 -5.663118960624631
  endloop
 endfacet
 facet normal -0.046296531846139334 -0.7063485793639778 -0.7063485793639778
  outer loop
   vertex 2.3934432592617307 18.18000648011156 -4.114496766047311
   vertex 1.217635894244725e-15 19.885503233952686 -5.663118960624631
   vertex 2.5955790175073683 19.71537999713468 -5.663118960624631
  endloop
 endfacet
 facet normal -0.0297429447625606 -0.4537896456036124 -0.8906123257511088
  outer loop
   vertex 2.5955790175073683 19.71537999713468 -5.663118960624631
   vertex 1.217635894244725e-15 19.885503233952686 -5.663118960624631
   vertex 1.3371233234116285e-15 21.836881039375367 -6.657395614066075
  endloop
 endfacet
 facet normal -0.02974294476256071 -0.4537896456036125 -0.8906123257511087
  outer loop
   vertex 2.5955790175073683 19.71537999713468 -5.663118960624631
   vertex 1.3371233234116285e-15 21.836881039375367 -6.657395614066075
   vertex 2.850284932031912 21.6500634949199 -6.657395614066075
  endloop
 endfacet
 facet normal -0.010252717626191371 -0.15642624276799175 -0.9876364272113333
  outer loop
   vertex 2.850284932031912 21.6500634949199 -6.657395614066075
   vertex 1.3371233234116285e-15 21.836881039375367 -6.657395614066075
   vertex 1.4695761589768238e-15 24.0 -7.0
  endloop
 endfacet
 facet normal -0.01025271762619136 -0.15642624276799175 -0.9876364272113332
  outer loop
   vertex 2.850284932031912 21.6500634949199 -6.657395614066075
   vertex 1.4695761589768238e-15 24.0 -7.0
   vertex 3.1326286132812413 23.79467667297145 -7.0
  endloop
 endfacet
 facet normal 0.010252717626191357 0.15642624276799158 -0.9876364272113333
  outer loop
   vertex 3.1326286132812413 23.79467667297145 -7.0
   vertex 1.4695761589768238e-15 24.0 -7.0
   vertex 1.602028994542019e-15 26.16311896062463 -6.6573956140660755
  endloop
 endfacet
 facet normal 0.010252717626191349 0.15642624276799155 -0.9876364272113332
  outer loop
   vertex 3.1326286132812413 23.79467667297145 -7.0
   vertex 1.602028994542019e-15 26.16311896062463 -6.6573956140660755
   vertex 3.41497229453057 25.939289851022995 -6.6573956140660755
  endloop
 endfacet
 facet normal 0.0297429447625607 0.453789645603612 -0.8906123257511089
  outer loop
   vertex 3.41497229453057 25.939289851022995 -6.6573956140660755
   vertex 1.602028994542019e-15 26.16311896062463 -6.6573956140660755
   vertex 1.7215164237089225e-15 28.11449676604731 -5.663118960624633
  endloop
 endfacet
 facet normal 0.02974294476256081 0.45378964560361224 -0.890612325751109
  outer loop
   vertex 3.41497229453057 25.939289851022995 -6.6573956140660755
   vertex 1.7215164237089225e-15 28.11449676604731 -5.663118960624633
   vertex 3.6696782090551134 27.873973348808214 -5.663118960624633
  endloop
 endfacet
 facet normal 0.04629653184613971 0.7063485793639778 -0.7063485793639779
  outer loop
   vertex 3.6696782090551134 27.873973348808214 -5.663118960624633
   vertex 1.7215164237089225e-15 28.11449676604731 -5.663118960624633
   vertex 1.8163421843928057e-15 29.66311896062463 -4.1144967660473135
  endloop
 endfacet
 facet normal 0.046296531846139466 0.7063485793639777 -0.7063485793639781
  outer loop
   vertex 3.6696782090551134 27.873973348808214 -5.663118960624633
   vertex 1.8163421843928057e-15 29.66311896062463 -4.1144967660473135
   vertex 3.871813967300751 29.40934686583133 -4.1144967660473135
  endloop
 endfacet
 facet normal 0.05830032041918221 0.8894910020779004 -0.4532183026549936
  outer loop
   vertex 3.871813967300751 29.40934686583133 -4.1144967660473135
   vertex 1.8163421843928057e-15 29.66311896062463 -4.1144967660473135
   vertex 1.877224070448006e-15 30.657395614066075 -2.163118960624634
  endloop
 endfacet
 facet normal 0.058300320419182004 0.8894910020779003 -0.45321830265499397
  outer loop
   vertex 3.871813967300751 29.40934686583133 -4.1144967660473135
   vertex 1.877224070448006e-15 30.657395614066075 -2.163118960624634
   vertex 4.001593112887758 30.395117344669803 -2.163118960624634
  endloop
 endfacet
 facet normal 0.06460128948520676 0.9856252128044025 -0.15610769769977703
  outer loop
   vertex 4.001593112887758 30.395117344669803 -2.163118960624634
   vertex 1.877224070448006e-15 30.657395614066075 -2.163118960624634
   vertex 1.8982025386783976e-15 31.0 -1.7145055188062944e-15
  endloop
 endfacet
 facet normal 0.06460128948520695 0.9856252128044025 -0.1561076976997767
  outer loop
   vertex 4.001593112887758 30.395117344669803 -2.163118960624634
   vertex 1.8982025386783976e-15 31.0 -1.7145055188062944e-15
   vertex 4.046311958821603 30.73479070258812 -1.7145055188062944e-15
  endloop
 endfacet
 facet normal -0.06460128948520617 0.9856252128044025 0.1561076976997767
  outer loop
   vertex 1.8982025386783976e-15 31.0 0.0
   vertex -4.046311958821593 30.734790702588125 0.0
   vertex -4.001593112887749 30.395117344669806 2.1631189606246317
  endloop
 endfacet
 facet normal -0.06460128948520599 0.9856252128044025 0.1561076976997771
  outer loop
   vertex 1.8982025386783976e-15 31.0 0.0
   vertex -4.001593112887749 30.395117344669806 2.1631189606246317
   vertex 1.877224070448006e-15 30.657395614066075 2.1631189606246317
  endloop
 endfacet
 facet normal -0.058300320419181324 0.889491002077901 0.4532183026549925
  outer loop
   vertex 1.877224070448006e-15 30.657395614066075 2.1631189606246317
   vertex -4.001593112887749 30.395117344669806 2.1631189606246317
   vertex -3.8718139673007417 29.40934686583134 4.114496766047312
  endloop
 endfacet
 facet normal -0.05830032041918155 0.8894910020779011 0.45321830265499213
  outer loop
   vertex 1.877224070448006e-15 30.657395614066075 2.1631189606246317
   vertex -3.8718139673007417 29.40934686583134 4.114496766047312
   vertex 1.816342184392806e-15 29.663118960624633 4.114496766047312
  endloop
 endfacet
 facet normal -0.04629653184613888 0.7063485793639771 0.7063485793639785
  outer loop
   vertex 1.816342184392806e-15 29.663118960624633 4.114496766047312
   vertex -3.8718139673007417 29.40934686583134 4.114496766047312
   vertex -3.669678209055104 27.873973348808217 5.663118960624632
  endloop
 endfacet
 facet normal -0.046296531846139036 0.7063485793639773 0.7063485793639784
  outer loop
   vertex 1.816342184392806e-15 29.663118960624633 4.114496766047312
   vertex -3.669678209055104 27.873973348808217 5.663118960624632
   vertex 1.7215164237089225e-15 28.11449676604731 5.663118960624632
  endloop
 endfacet
 facet normal -0.02974294476256045 0.4537896456036129 0.8906123257511086
  outer loop
   vertex 1.7215164237089225e-15 28.11449676604731 5.663118960624632
   vertex -3.669678209055104 27.873973348808217 5.663118960624632
   vertex -3.414972294530562 25.939289851023002 6.657395614066075
  endloop
 endfacet
 facet normal -0.02974294476256034 0.45378964560361273 0.8906123257511086
  outer loop
   vertex 1.7215164237089225e-15 28.11449676604731 5.663118960624632
   vertex -3.414972294530562 25.939289851023002 6.657395614066075
   vertex 1.6020289945420192e-15 26.163118960624633 6.657395614066075
  endloop
 endfacet
 facet normal -0.010252717626191222 0.15642624276799177 0.987636427211333
  outer loop
   vertex 1.6020289945420192e-15 26.163118960624633 6.657395614066075
   vertex -3.414972294530562 25.939289851023002 6.657395614066075
   vertex -3.1326286132812333 23.794676672971452 7.0
  endloop
 endfacet
 facet normal -0.0102527176261912 0.15642624276799172 0.9876364272113332
  outer loop
   vertex 1.6020289945420192e-15 26.163118960624633 6.657395614066075
   vertex -3.1326286132812333 23.794676672971452 7.0
   vertex 1.4695761589768238e-15 24.0 7.0
  endloop
 endfacet
 facet normal 0.010252717626191198 -0.1564262427679916 0.987636427211333
  outer loop
   vertex 1.4695761589768238e-15 24.0 7.0
   vertex -3.1326286132812333 23.794676672971452 7.0
   vertex -2.850284932031905 21.650063494919905 6.6573956140660755
  endloop
 endfacet
 facet normal 0.010252717626191166 -0.15642624276799158 0.9876364272113332
  outer loop
   vertex 1.4695761589768238e-15 24.0 7.0
   vertex -2.850284932031905 21.650063494919905 6.6573956140660755
   vertex 1.3371233234116287e-15 21.83688103937537 6.6573956140660755
  endloop
 endfacet
 facet normal 0.029742944762560217 -0.4537896456036126 0.8906123257511088
  outer loop
   vertex 1.3371233234116287e-15 21.83688103937537 6.6573956140660755
   vertex -2.850284932031905 21.650063494919905 6.6573956140660755
   vertex -2.595579017507362 19.715379997134686 5.663118960624632
  endloop
 endfacet
 facet normal 0.02974294476255998 -0.45378964560361235 0.8906123257511088
  outer loop
   vertex 1.3371233234116287e-15 21.83688103937537 6.6573956140660755
   vertex -2.595579017507362 19.715379997134686 5.663118960624632
   vertex 1.2176358942447252e-15 19.88550323395269 5.663118960624632
  endloop
 endfacet
 facet normal 0.046296531846138474 -0.7063485793639777 0.706348579363978
  outer loop
   vertex 1.2176358942447252e-15 19.88550323395269 5.663118960624632
   vertex -2.595579017507362 19.715379997134686 5.663118960624632
   vertex -2.393443259261725 18.18000648011157 4.114496766047313
  endloop
 endfacet
 facet normal 0.04629653184613864 -0.7063485793639779 0.7063485793639779
  outer loop
   vertex 1.2176358942447252e-15 19.88550323395269 5.663118960624632
   vertex -2.393443259261725 18.18000648011157 4.114496766047313
   vertex 1.122810133560842e-15 18.33688103937537 4.114496766047313
  endloop
 endfacet
 facet normal 0.05830032041918115 -0.8894910020779003 0.45321830265499385
  outer loop
   vertex 1.122810133560842e-15 18.33688103937537 4.114496766047313
   vertex -2.393443259261725 18.18000648011157 4.114496766047313
   vertex -2.2636641136747175 17.194236001273097 2.1631189606246326
  endloop
 endfacet
 facet normal 0.058300320419181484 -0.8894910020779004 0.4532183026549935
  outer loop
   vertex 1.122810133560842e-15 18.33688103937537 4.114496766047313
   vertex -2.2636641136747175 17.194236001273097 2.1631189606246326
   vertex 1.0619282475056415e-15 17.342604385933925 2.1631189606246326
  endloop
 endfacet
 facet normal 0.06460128948520626 -0.9856252128044025 0.1561076976997767
  outer loop
   vertex 1.0619282475056415e-15 17.342604385933925 2.1631189606246326
   vertex -2.2636641136747175 17.194236001273097 2.1631189606246326
   vertex -2.2189452677408736 16.85456264335478 8.572527594031472e-16
  endloop
 endfacet
 facet normal 0.06460128948520588 -0.9856252128044024 0.15610769769977706
  outer loop
   vertex 1.0619282475056415e-15 17.342604385933925 2.1631189606246326
   vertex -2.2189452677408736 16.85456264335478 8.572527594031472e-16
   vertex 1.0409497792752501e-15 17.0 8.572527594031472e-16
  endloop
 endfacet
 facet normal 0.0646012894852059 -0.9856252128044026 -0.15610769769977648
  outer loop
   vertex 1.0409497792752501e-15 17.0 8.572527594031472e-16
   vertex -2.2189452677408736 16.85456264335478 8.572527594031472e-16
   vertex -2.2636641136747175 17.194236001273097 -2.163118960624634
  endloop
 endfacet
 facet normal 0.06460128948520626 -0.9856252128044025 -0.15610769769977687
  outer loop
   vertex 1.0409497792752501e-15 17.0 8.572527594031472e-16
   vertex -2.2636641136747175 17.194236001273097 -2.163118960624634
   vertex 1.0619282475056415e-15 17.342604385933925 -2.163118960624634
  endloop
 endfacet
 facet normal 0.05830032041918153 -0.8894910020779005 -0.453218302654993
  outer loop
   vertex 1.0619282475056415e-15 17.342604385933925 -2.163118960624634
   vertex -2.2636641136747175 17.194236001273097 -2.163118960624634
   vertex -2.3934432592617245 18.180006480111565 -4.114496766047311
  endloop
 endfacet
 facet normal 0.05830032041918118 -0.8894910020779009 -0.4532183026549927
  outer loop
   vertex 1.0619282475056415e-15 17.342604385933925 -2.163118960624634
   vertex -2.3934432592617245 18.180006480111565 -4.114496766047311
   vertex 1.1228101335608418e-15 18.336881039375367 -4.114496766047311
  endloop
 endfacet
 facet normal 0.04629653184613869 -0.7063485793639779 -0.7063485793639779
  outer loop
   vertex 1.1228101335608418e-15 18.336881039375367 -4.114496766047311
   vertex -2.3934432592617245 18.180006480111565 -4.114496766047311
   vertex -2.5955790175073616 19.715379997134683 -5.663118960624631
  endloop
 endfacet
 facet normal 0.04629653184613848 -0.706348579363978 -0.7063485793639777
  outer loop
   vertex 1.1228101335608418e-15 18.336881039375367 -4.114496766047311
   vertex -2.5955790175073616 19.715379997134683 -5.663118960624631
   vertex 1.217635894244725e-15 19.885503233952686 -5.663118960624631
  endloop
 endfacet
 facet normal 0.02974294476256004 -0.4537896456036126 -0.8906123257511087
  outer loop
   vertex 1.217635894244725e-15 19.885503233952686 -5.663118960624631
   vertex -2.5955790175073616 19.715379997134683 -5.663118960624631
   vertex -2.8502849320319044 21.650063494919902 -6.657395614066075
  endloop
 endfacet
 facet normal 0.029742944762560185 -0.45378964560361246 -0.8906123257511088
  outer loop
   vertex 1.217635894244725e-15 19.885503233952686 -5.663118960624631
   vertex -2.8502849320319044 21.650063494919902 -6.657395614066075
   vertex 1.3371233234116285e-15 21.836881039375367 -6.657395614066075
  endloop
 endfacet
 facet normal 0.010252717626191192 -0.15642624276799175 -0.987636427211333
  outer loop
   vertex 1.3371233234116285e-15 21.836881039375367 -6.657395614066075
   vertex -2.8502849320319044 21.650063494919902 -6.657395614066075
   vertex -3.1326286132812333 23.794676672971452 -7.0
  endloop
 endfacet
 facet normal 0.010252717626191217 -0.15642624276799172 -0.9876364272113332
  outer loop
   vertex 1.3371233234116285e-15 21.836881039375367 -6.657395614066075
   vertex -3.1326286132812333 23.794676672971452 -7.0
   vertex 1.4695761589768238e-15 24.0 -7.0
  endloop
 endfacet
 facet normal -0.010252717626191198 0.1564262427679916 -0.9876364272113333
  outer loop
   vertex 1.4695761589768238e-15 24.0 -7.0
   vertex -3.1326286132812333 23.794676672971452 -7.0
   vertex -3.4149722945305614 25.939289851023 -6.6573956140660755
  endloop
 endfacet
 facet normal -0.010252717626191217 0.1564262427679916 -0.9876364272113332
  outer loop
   vertex 1.4695761589768238e-15 24.0 -7.0
   vertex -3.4149722945305614 25.939289851023 -6.6573956140660755
   vertex 1.602028994542019e-15 26.16311896062463 -6.6573956140660755
  endloop
 endfacet
 facet normal -0.029742944762560283 0.45378964560361224 -0.8906123257511088
  outer loop
   vertex 1.602028994542019e-15 26.16311896062463 -6.6573956140660755
   vertex -3.4149722945305614 25.939289851023 -6.6573956140660755
   vertex -3.669678209055104 27.873973348808217 -5.663118960624633
  endloop
 endfacet
 facet normal -0.029742944762560373 0.453789645603612 -0.8906123257511089
  outer loop
   vertex 1.602028994542019e-15 26.16311896062463 -6.6573956140660755
   vertex -3.669678209055104 27.873973348808217 -5.663118960624633
   vertex 1.7215164237089225e-15 28.11449676604731 -5.663118960624633
  endloop
 endfacet
 facet normal -0.046296531846139084 0.7063485793639777 -0.7063485793639781
  outer loop
   vertex 1.7215164237089225e-15 28.11449676604731 -5.663118960624633
   vertex -3.669678209055104 27.873973348808217 -5.663118960624633
   vertex -3.8718139673007412 29.409346865831335 -4.1144967660473135
  endloop
 endfacet
 facet normal -0.04629653184613892 0.7063485793639778 -0.7063485793639778
  outer loop
   vertex 1.7215164237089225e-15 28.11449676604731 -5.663118960624633
   vertex -3.8718139673007412 29.409346865831335 -4.1144967660473135
   vertex 1.8163421843928057e-15 29.66311896062463 -4.1144967660473135
  endloop
 endfacet
 facet normal -0.05830032041918147 0.8894910020779002 -0.45321830265499385
  outer loop
   vertex 1.8163421843928057e-15 29.66311896062463 -4.1144967660473135
   vertex -3.8718139673007412 29.409346865831335 -4.1144967660473135
   vertex -4.001593112887749 30.395117344669806 -2.163118960624634
  endloop
 endfacet
 facet normal -0.0583003204191813 0.8894910020779004 -0.4532183026549936
  outer loop
   vertex 1.8163421843928057e-15 29.66311896062463 -4.1144967660473135
   vertex -4.001593112887749 30.395117344669806 -2.163118960624634
   vertex 1.877224070448006e-15 30.657395614066075 -2.163118960624634
  endloop
 endfacet
 facet normal -0.06460128948520599 0.9856252128044025 -0.1561076976997767
  outer loop
   vertex 1.877224070448006e-15 30.657395614066075 -2.163118960624634
   vertex -4.001593112887749 30.395117344669806 -2.163118960624634
   vertex -4.046311958821593 30.734790702588125 -1.7145055188062944e-15
  endloop
 endfacet
 facet normal -0.06460128948520617 0.9856252128044025 -0.15610769769977703
  outer loop
   vertex 1.877224070448006e-15 30.657395614066075 -2.163118960624634
   vertex -4.046311958821593 30.734790702588125 -1.7145055188062944e-15
   vertex 1.8982025386783976e-15 31.0 -1.7145055188062944e-15
  endloop
 endfacet
 facet normal -0.19269852248166697 0.9687608921463838 0.15610769769977673
  outer loop
   vertex -4.046311958821593 30.734790702588125 0.0
   vertex -8.023390398178146 29.943700614961116 0.0
   vertex -7.934717858162792 29.612770190387632 2.1631189606246317
  endloop
 endfacet
 facet normal -0.192698522481667 0.9687608921463838 0.15610769769977675
  outer loop
   vertex -4.046311958821593 30.734790702588125 0.0
   vertex -7.934717858162792 29.612770190387632 2.1631189606246317
   vertex -4.001593112887749 30.395117344669806 2.1631189606246317
  endloop
 endfacet
 facet normal -0.17390342661127114 0.8742715644188516 0.45321830265499247
  outer loop
   vertex -4.001593112887749 30.395117344669806 2.1631189606246317
   vertex -7.934717858162792 29.612770190387632 2.1631189606246317
   vertex -7.677380124151348 28.652372692352277 4.114496766047312
  endloop
 endfacet
 facet normal -0.1739034266112711 0.8742715644188515 0.4532183026549925
  outer loop
   vertex -4.001593112887749 30.395117344669806 2.1631189606246317
   vertex -7.677380124151348 28.652372692352277 4.114496766047312
   vertex -3.8718139673007417 29.40934686583134 4.114496766047312
  endloop
 endfacet
 facet normal -0.13809744904270674 0.6942627593342359 0.7063485793639781
  outer loop
   vertex -3.8718139673007417 29.40934686583134 4.114496766047312
   vertex -7.677380124151348 28.652372692352277 4.114496766047312
   vertex -7.276567206526275 27.156518519445587 5.663118960624632
  endloop
 endfacet
 facet normal -0.13809744904270613 0.6942627593342353 0.7063485793639785
  outer loop
   vertex -3.8718139673007417 29.40934686583134 4.114496766047312
   vertex -7.276567206526275 27.156518519445587 5.663118960624632
   vertex -3.669678209055104 27.873973348808217 5.663118960624632
  endloop
 endfacet
 facet normal -0.08871992425649174 0.446025178953076 0.8906123257511088
  outer loop
   vertex -3.669678209055104 27.873973348808217 5.663118960624632
   vertex -7.276567206526275 27.156518519445587 5.663118960624632
   vertex -6.771513466292525 25.27163230034054 6.657395614066075
  endloop
 endfacet
 facet normal -0.08871992425649197 0.4460251789530762 0.8906123257511086
  outer loop
   vertex -3.669678209055104 27.873973348808217 5.663118960624632
   vertex -6.771513466292525 25.27163230034054 6.657395614066075
   vertex -3.414972294530562 25.939289851023002 6.657395614066075
  endloop
 endfacet
 facet normal -0.030582726037399408 0.1537497463846835 0.987636427211333
  outer loop
   vertex -3.414972294530562 25.939289851023002 6.657395614066075
   vertex -6.771513466292525 25.27163230034054 6.657395614066075
   vertex -6.2116570824605 23.18221983093764 7.0
  endloop
 endfacet
 facet normal -0.03058272603739934 0.15374974638468342 0.987636427211333
  outer loop
   vertex -3.414972294530562 25.939289851023002 6.657395614066075
   vertex -6.2116570824605 23.18221983093764 7.0
   vertex -3.1326286132812333 23.794676672971452 7.0
  endloop
 endfacet
 facet normal 0.030582726037399283 -0.1537497463846831 0.9876364272113332
  outer loop
   vertex -3.1326286132812333 23.794676672971452 7.0
   vertex -6.2116570824605 23.18221983093764 7.0
   vertex -5.651800698628477 21.092807361534742 6.6573956140660755
  endloop
 endfacet
 facet normal 0.03058272603739945 -0.15374974638468328 0.987636427211333
  outer loop
   vertex -3.1326286132812333 23.794676672971452 7.0
   vertex -5.651800698628477 21.092807361534742 6.6573956140660755
   vertex -2.850284932031905 21.650063494919905 6.6573956140660755
  endloop
 endfacet
 facet normal 0.08871992425649224 -0.44602517895307614 0.8906123257511086
  outer loop
   vertex -2.850284932031905 21.650063494919905 6.6573956140660755
   vertex -5.651800698628477 21.092807361534742 6.6573956140660755
   vertex -5.146746958394726 19.207921142429694 5.663118960624632
  endloop
 endfacet
 facet normal 0.08871992425649193 -0.44602517895307586 0.8906123257511087
  outer loop
   vertex -2.850284932031905 21.650063494919905 6.6573956140660755
   vertex -5.146746958394726 19.207921142429694 5.663118960624632
   vertex -2.595579017507362 19.715379997134686 5.663118960624632
  endloop
 endfacet
 facet normal 0.13809744904270652 -0.6942627593342356 0.7063485793639782
  outer loop
   vertex -2.595579017507362 19.715379997134686 5.663118960624632
   vertex -5.146746958394726 19.207921142429694 5.663118960624632
   vertex -4.7459340407696535 17.712066969523004 4.114496766047313
  endloop
 endfacet
 facet normal 0.13809744904270677 -0.6942627593342358 0.706348579363978
  outer loop
   vertex -2.595579017507362 19.715379997134686 5.663118960624632
   vertex -4.7459340407696535 17.712066969523004 4.114496766047313
   vertex -2.393443259261725 18.18000648011157 4.114496766047313
  endloop
 endfacet
 facet normal 0.1739034266112711 -0.8742715644188508 0.45321830265499374
  outer loop
   vertex -2.393443259261725 18.18000648011157 4.114496766047313
   vertex -4.7459340407696535 17.712066969523004 4.114496766047313
   vertex -4.488596306758208 16.751669471487645 2.1631189606246326
  endloop
 endfacet
 facet normal 0.17390342661127106 -0.8742715644188508 0.45321830265499385
  outer loop
   vertex -2.393443259261725 18.18000648011157 4.114496766047313
   vertex -4.488596306758208 16.751669471487645 2.1631189606246326
   vertex -2.2636641136747175 17.194236001273097 2.1631189606246326
  endloop
 endfacet
 facet normal 0.19269852248166705 -0.968760892146384 0.15610769769977684
  outer loop
   vertex -2.2636641136747175 17.194236001273097 2.1631189606246326
   vertex -4.488596306758208 16.751669471487645 2.1631189606246326
   vertex -4.399923766742854 16.42073904691416 8.572527594031472e-16
  endloop
 endfacet
 facet normal 0.1926985224816672 -0.9687608921463837 0.15610769769977664
  outer loop
   vertex -2.2636641136747175 17.194236001273097 2.1631189606246326
   vertex -4.399923766742854 16.42073904691416 8.572527594031472e-16
   vertex -2.2189452677408736 16.85456264335478 8.572527594031472e-16
  endloop
 endfacet
 facet normal 0.19269852248166722 -0.968760892146384 -0.15610769769977664
  outer loop
   vertex -2.2189452677408736 16.85456264335478 8.572527594031472e-16
   vertex -4.399923766742854 16.42073904691416 8.572527594031472e-16
   vertex -4.488596306758208 16.751669471487645 -2.163118960624634
  endloop
 endfacet
 facet normal 0.19269852248166705 -0.968760892146384 -0.15610769769977645
  outer loop
   vertex -2.2189452677408736 16.85456264335478 8.572527594031472e-16
   vertex -4.488596306758208 16.751669471487645 -2.163118960624634
   vertex -2.2636641136747175 17.194236001273097 -2.163118960624634
  endloop
 endfacet
 facet normal 0.17390342661127112 -0.8742715644188511 -0.453218302654993
  outer loop
   vertex -2.2636641136747175 17.194236001273097 -2.163118960624634
   vertex -4.488596306758208 16.751669471487645 -2.163118960624634
   vertex -4.745934040769653 17.712066969523 -4.114496766047311
  endloop
 endfacet
 facet normal 0.17390342661127114 -0.8742715644188511 -0.4532183026549931
  outer loop
   vertex -2.2636641136747175 17.194236001273097 -2.163118960624634
   vertex -4.745934040769653 17.712066969523 -4.114496766047311
   vertex -2.3934432592617245 18.180006480111565 -4.114496766047311
  endloop
 endfacet
 facet normal 0.13809744904270685 -0.6942627593342358 -0.7063485793639781
  outer loop
   vertex -2.3934432592617245 18.180006480111565 -4.114496766047311
   vertex -4.745934040769653 17.712066969523 -4.114496766047311
   vertex -5.146746958394725 19.20792114242969 -5.663118960624631
  endloop
 endfacet
 facet normal 0.13809744904270665 -0.6942627593342361 -0.7063485793639779
  outer loop
   vertex -2.3934432592617245 18.180006480111565 -4.114496766047311
   vertex -5.146746958394725 19.20792114242969 -5.663118960624631
   vertex -2.5955790175073616 19.715379997134683 -5.663118960624631
  endloop
 endfacet
 facet normal 0.088719924256492 -0.4460251789530762 -0.8906123257511086
  outer loop
   vertex -2.5955790175073616 19.715379997134683 -5.663118960624631
   vertex -5.146746958394725 19.20792114242969 -5.663118960624631
   vertex -5.651800698628476 21.09280736153474 -6.657395614066075
  endloop
 endfacet
 facet normal 0.0887199242564922 -0.44602517895307586 -0.8906123257511087
  outer loop
   vertex -2.5955790175073616 19.715379997134683 -5.663118960624631
   vertex -5.651800698628476 21.09280736153474 -6.657395614066075
   vertex -2.8502849320319044 21.650063494919902 -6.657395614066075
  endloop
 endfacet
 facet normal 0.03058272603739945 -0.15374974638468325 -0.9876364272113332
  outer loop
   vertex -2.8502849320319044 21.650063494919902 -6.657395614066075
   vertex -5.651800698628476 21.09280736153474 -6.657395614066075
   vertex -6.2116570824605 23.18221983093764 -7.0
  endloop
 endfacet
 facet normal 0.030582726037399355 -0.15374974638468342 -0.987636427211333
  outer loop
   vertex -2.8502849320319044 21.650063494919902 -6.657395614066075
   vertex -6.2116570824605 23.18221983093764 -7.0
   vertex -3.1326286132812333 23.794676672971452 -7.0
  endloop
 endfacet
 facet normal -0.030582726037399338 0.1537497463846834 -0.9876364272113332
  outer loop
   vertex -3.1326286132812333 23.794676672971452 -7.0
   vertex -6.2116570824605 23.18221983093764 -7.0
   vertex -6.771513466292524 25.271632300340535 -6.6573956140660755
  endloop
 endfacet
 facet normal -0.030582726037399383 0.15374974638468328 -0.9876364272113332
  outer loop
   vertex -3.1326286132812333 23.794676672971452 -7.0
   vertex -6.771513466292524 25.271632300340535 -6.6573956140660755
   vertex -3.4149722945305614 25.939289851023 -6.6573956140660755
  endloop
 endfacet
 facet normal -0.0887199242564918 0.44602517895307525 -0.890612325751109
  outer loop
   vertex -3.4149722945305614 25.939289851023 -6.6573956140660755
   vertex -6.771513466292524 25.271632300340535 -6.6573956140660755
   vertex -7.276567206526275 27.156518519445587 -5.663118960624633
  endloop
 endfacet
 facet normal -0.08871992425649167 0.4460251789530756 -0.8906123257511088
  outer loop
   vertex -3.4149722945305614 25.939289851023 -6.6573956140660755
   vertex -7.276567206526275 27.156518519445587 -5.663118960624633
   vertex -3.669678209055104 27.873973348808217 -5.663118960624633
  endloop
 endfacet
 facet normal -0.13809744904270638 0.6942627593342364 -0.7063485793639774
  outer loop
   vertex -3.669678209055104 27.873973348808217 -5.663118960624633
   vertex -7.276567206526275 27.156518519445587 -5.663118960624633
   vertex -7.677380124151347 28.652372692352273 -4.1144967660473135
  endloop
 endfacet
 facet normal -0.13809744904270677 0.6942627593342359 -0.7063485793639781
  outer loop
   vertex -3.669678209055104 27.873973348808217 -5.663118960624633
   vertex -7.677380124151347 28.652372692352273 -4.1144967660473135
   vertex -3.8718139673007412 29.409346865831335 -4.1144967660473135
  endloop
 endfacet
 facet normal -0.17390342661127098 0.8742715644188508 -0.4532183026549938
  outer loop
   vertex -3.8718139673007412 29.409346865831335 -4.1144967660473135
   vertex -7.677380124151347 28.652372692352273 -4.1144967660473135
   vertex -7.934717858162792 29.612770190387632 -2.163118960624634
  endloop
 endfacet
 facet normal -0.17390342661127098 0.8742715644188507 -0.45321830265499385
  outer loop
   vertex -3.8718139673007412 29.409346865831335 -4.1144967660473135
   vertex -7.934717858162792 29.612770190387632 -2.163118960624634
   vertex -4.001593112887749 30.395117344669806 -2.163118960624634
  endloop
 endfacet
 facet normal -0.19269852248166697 0.9687608921463838 -0.15610769769977673
  outer loop
   vertex -4.001593112887749 30.395117344669806 -2.163118960624634
   vertex -7.934717858162792 29.612770190387632 -2.163118960624634
   vertex -8.023390398178146 29.943700614961116 -1.7145055188062944e-15
  endloop
 endfacet
 facet normal -0.19269852248166694 0.9687608921463838 -0.15610769769977664
  outer loop
   vertex -4.001593112887749 30.395117344669806 -2.163118960624634
   vertex -8.023390398178146 29.943700614961116 -1.7145055188062944e-15
   vertex -4.046311958821593 30.734790702588125 -1.7145055188062944e-15
  endloop
 endfacet
 facet normal -0.3174986303323419 0.9353208040324783 0.15610769769977717
  outer loop
   vertex -8.023390398178146 29.943700614961116 0.0
   vertex -11.863186403317782 28.64026550784989 0.0
   vertex -11.732077380965253 28.32374032793694 2.1631189606246317
  endloop
 endfacet
 facet normal -0.3174986303323421 0.9353208040324783 0.15610769769977673
  outer loop
   vertex -8.023390398178146 29.943700614961116 0.0
   vertex -11.732077380965253 28.32374032793694 2.1631189606246317
   vertex -7.934717858162792 29.612770190387632 2.1631189606246317
  endloop
 endfacet
 facet normal -0.2865309969589026 0.8440930978987239 0.4532183026549927
  outer loop
   vertex -7.934717858162792 29.612770190387632 2.1631189606246317
   vertex -11.732077380965253 28.32374032793694 2.1631189606246317
   vertex -11.351584178505808 27.40514847816857 4.114496766047312
  endloop
 endfacet
 facet normal -0.28653099695890283 0.844093097898724 0.45321830265499236
  outer loop
   vertex -7.934717858162792 29.612770190387632 2.1631189606246317
   vertex -11.351584178505808 27.40514847816857 4.114496766047312
   vertex -7.677380124151348 28.652372692352277 4.114496766047312
  endloop
 endfacet
 facet normal -0.22753548059830747 0.6702979110062836 0.7063485793639779
  outer loop
   vertex -7.677380124151348 28.652372692352277 4.114496766047312
   vertex -11.351584178505808 27.40514847816857 4.114496766047312
   vertex -10.7589521216482 25.974408129005873 5.663118960624632
  endloop
 endfacet
 facet normal -0.22753548059830717 0.6702979110062833 0.7063485793639781
  outer loop
   vertex -7.677380124151348 28.652372692352277 4.114496766047312
   vertex -10.7589521216482 25.974408129005873 5.663118960624632
   vertex -7.276567206526275 27.156518519445587 5.663118960624632
  endloop
 endfacet
 facet normal -0.14617888124858486 0.43062909782911 0.8906123257511087
  outer loop
   vertex -7.276567206526275 27.156518519445587 5.663118960624632
   vertex -10.7589521216482 25.974408129005873 5.663118960624632
   vertex -10.012192165227994 24.17157011437907 6.657395614066075
  endloop
 endfacet
 facet normal -0.14617888124858486 0.43062909782910996 0.8906123257511087
  outer loop
   vertex -7.276567206526275 27.156518519445587 5.663118960624632
   vertex -10.012192165227994 24.17157011437907 6.657395614066075
   vertex -6.771513466292525 25.27163230034054 6.657395614066075
  endloop
 endfacet
 facet normal -0.050389455526974034 0.14844254921325004 0.9876364272113332
  outer loop
   vertex -6.771513466292525 25.27163230034054 6.657395614066075
   vertex -10.012192165227994 24.17157011437907 6.657395614066075
   vertex -9.184402376762154 22.17310878027088 7.0
  endloop
 endfacet
 facet normal -0.050389455526974256 0.1484425492132502 0.9876364272113332
  outer loop
   vertex -6.771513466292525 25.27163230034054 6.657395614066075
   vertex -9.184402376762154 22.17310878027088 7.0
   vertex -6.2116570824605 23.18221983093764 7.0
  endloop
 endfacet
 facet normal 0.05038945552697419 -0.14844254921325 0.987636427211333
  outer loop
   vertex -6.2116570824605 23.18221983093764 7.0
   vertex -9.184402376762154 22.17310878027088 7.0
   vertex -8.356612588296315 20.174647446162698 6.6573956140660755
  endloop
 endfacet
 facet normal 0.050389455526974 -0.1484425492132499 0.9876364272113332
  outer loop
   vertex -6.2116570824605 23.18221983093764 7.0
   vertex -8.356612588296315 20.174647446162698 6.6573956140660755
   vertex -5.651800698628477 21.092807361534742 6.6573956140660755
  endloop
 endfacet
 facet normal 0.14617888124858472 -0.43062909782910963 0.8906123257511089
  outer loop
   vertex -5.651800698628477 21.092807361534742 6.6573956140660755
   vertex -8.356612588296315 20.174647446162698 6.6573956140660755
   vertex -7.609852631876107 18.37180943153589 5.663118960624632
  endloop
 endfacet
 facet normal 0.14617888124858552 -0.43062909782911013 0.8906123257511086
  outer loop
   vertex -5.651800698628477 21.092807361534742 6.6573956140660755
   vertex -7.609852631876107 18.37180943153589 5.663118960624632
   vertex -5.146746958394726 19.207921142429694 5.663118960624632
  endloop
 endfacet
 facet normal 0.22753548059830817 -0.6702979110062832 0.706348579363978
  outer loop
   vertex -5.146746958394726 19.207921142429694 5.663118960624632
   vertex -7.609852631876107 18.37180943153589 5.663118960624632
   vertex -7.0172205750185 16.941069082373193 4.114496766047313
  endloop
 endfacet
 facet normal 0.22753548059830778 -0.670297911006283 0.7063485793639782
  outer loop
   vertex -5.146746958394726 19.207921142429694 5.663118960624632
   vertex -7.0172205750185 16.941069082373193 4.114496766047313
   vertex -4.7459340407696535 17.712066969523004 4.114496766047313
  endloop
 endfacet
 facet normal 0.2865309969589033 -0.8440930978987236 0.4532183026549931
  outer loop
   vertex -4.7459340407696535 17.712066969523004 4.114496766047313
   vertex -7.0172205750185 16.941069082373193 4.114496766047313
   vertex -6.636727372559053 16.022477232604825 2.1631189606246326
  endloop
 endfacet
 facet normal 0.2865309969589025 -0.8440930978987233 0.4532183026549938
  outer loop
   vertex -4.7459340407696535 17.712066969523004 4.114496766047313
   vertex -6.636727372559053 16.022477232604825 2.1631189606246326
   vertex -4.488596306758208 16.751669471487645 2.1631189606246326
  endloop
 endfacet
 facet normal 0.3174986303323422 -0.9353208040324785 0.15610769769977714
  outer loop
   vertex -4.488596306758208 16.751669471487645 2.1631189606246326
   vertex -6.636727372559053 16.022477232604825 2.1631189606246326
   vertex -6.505618350206525 15.705952052691874 8.572527594031472e-16
  endloop
 endfacet
 facet normal 0.3174986303323424 -0.9353208040324783 0.1561076976997769
  outer loop
   vertex -4.488596306758208 16.751669471487645 2.1631189606246326
   vertex -6.505618350206525 15.705952052691874 8.572527594031472e-16
   vertex -4.399923766742854 16.42073904691416 8.572527594031472e-16
  endloop
 endfacet
 facet normal 0.31749863033234244 -0.9353208040324783 -0.1561076976997769
  outer loop
   vertex -4.399923766742854 16.42073904691416 8.572527594031472e-16
   vertex -6.505618350206525 15.705952052691874 8.572527594031472e-16
   vertex -6.636727372559053 16.022477232604825 -2.163118960624634
  endloop
 endfacet
 facet normal 0.3174986303323422 -0.9353208040324784 -0.15610769769977664
  outer loop
   vertex -4.399923766742854 16.42073904691416 8.572527594031472e-16
   vertex -6.636727372559053 16.022477232604825 -2.163118960624634
   vertex -4.488596306758208 16.751669471487645 -2.163118960624634
  endloop
 endfacet
 facet normal 0.28653099695890255 -0.8440930978987234 -0.4532183026549935
  outer loop
   vertex -4.488596306758208 16.751669471487645 -2.163118960624634
   vertex -6.636727372559053 16.022477232604825 -2.163118960624634
   vertex -7.0172205750184995 16.941069082373193 -4.114496766047311
  endloop
 endfacet
 facet normal 0.2865309969589021 -0.8440930978987241 -0.453218302654993
  outer loop
   vertex -4.488596306758208 16.751669471487645 -2.163118960624634
   vertex -7.0172205750184995 16.941069082373193 -4.114496766047311
   vertex -4.745934040769653 17.712066969523 -4.114496766047311
  endloop
 endfacet
 facet normal 0.22753548059830722 -0.6702979110062847 -0.7063485793639769
  outer loop
   vertex -4.745934040769653 17.712066969523 -4.114496766047311
   vertex -7.0172205750184995 16.941069082373193 -4.114496766047311
   vertex -7.609852631876106 18.371809431535887 -5.663118960624631
  endloop
 endfacet
 facet normal 0.2275354805983082 -0.6702979110062832 -0.706348579363978
  outer loop
   vertex -4.745934040769653 17.712066969523 -4.114496766047311
   vertex -7.609852631876106 18.371809431535887 -5.663118960624631
   vertex -5.146746958394725 19.20792114242969 -5.663118960624631
  endloop
 endfacet
 facet normal 0.14617888124858533 -0.43062909782910946 -0.8906123257511089
  outer loop
   vertex -5.146746958394725 19.20792114242969 -5.663118960624631
   vertex -7.609852631876106 18.371809431535887 -5.663118960624631
   vertex -8.356612588296313 20.174647446162695 -6.657395614066075
  endloop
 endfacet
 facet normal 0.146178881248585 -0.4306290978291102 -0.8906123257511086
  outer loop
   vertex -5.146746958394725 19.20792114242969 -5.663118960624631
   vertex -8.356612588296313 20.174647446162695 -6.657395614066075
   vertex -5.651800698628476 21.09280736153474 -6.657395614066075
  endloop
 endfacet
 facet normal 0.0503894555269741 -0.1484425492132502 -0.987636427211333
  outer loop
   vertex -5.651800698628476 21.09280736153474 -6.657395614066075
   vertex -8.356612588296313 20.174647446162695 -6.657395614066075
   vertex -9.184402376762154 22.17310878027088 -7.0
  endloop
 endfacet
 facet normal 0.05038945552697419 -0.14844254921325 -0.9876364272113332
  outer loop
   vertex -5.651800698628476 21.09280736153474 -6.657395614066075
   vertex -9.184402376762154 22.17310878027088 -7.0
   vertex -6.2116570824605 23.18221983093764 -7.0
  endloop
 endfacet
 facet normal -0.05038945552697415 0.14844254921324987 -0.9876364272113333
  outer loop
   vertex -6.2116570824605 23.18221983093764 -7.0
   vertex -9.184402376762154 22.17310878027088 -7.0
   vertex -10.012192165227992 24.171570114379065 -6.6573956140660755
  endloop
 endfacet
 facet normal -0.050389455526974075 0.14844254921325012 -0.9876364272113332
  outer loop
   vertex -6.2116570824605 23.18221983093764 -7.0
   vertex -10.012192165227992 24.171570114379065 -6.6573956140660755
   vertex -6.771513466292524 25.271632300340535 -6.6573956140660755
  endloop
 endfacet
 facet normal -0.14617888124858464 0.4306290978291093 -0.890612325751109
  outer loop
   vertex -6.771513466292524 25.271632300340535 -6.6573956140660755
   vertex -10.012192165227992 24.171570114379065 -6.6573956140660755
   vertex -10.7589521216482 25.974408129005873 -5.663118960624633
  endloop
 endfacet
 facet normal -0.14617888124858464 0.43062909782910935 -0.8906123257511092
  outer loop
   vertex -6.771513466292524 25.271632300340535 -6.6573956140660755
   vertex -10.7589521216482 25.974408129005873 -5.663118960624633
   vertex -7.276567206526275 27.156518519445587 -5.663118960624633
  endloop
 endfacet
 facet normal -0.22753548059830728 0.6702979110062836 -0.706348579363978
  outer loop
   vertex -7.276567206526275 27.156518519445587 -5.663118960624633
   vertex -10.7589521216482 25.974408129005873 -5.663118960624633
   vertex -11.351584178505806 27.40514847816857 -4.1144967660473135
  endloop
 endfacet
 facet normal -0.22753548059830703 0.670297911006284 -0.7063485793639774
  outer loop
   vertex -7.276567206526275 27.156518519445587 -5.663118960624633
   vertex -11.351584178505806 27.40514847816857 -4.1144967660473135
   vertex -7.677380124151347 28.652372692352273 -4.1144967660473135
  endloop
 endfacet
 facet normal -0.2865309969589021 0.8440930978987239 -0.453218302654993
  outer loop
   vertex -7.677380124151347 28.652372692352273 -4.1144967660473135
   vertex -11.351584178505806 27.40514847816857 -4.1144967660473135
   vertex -11.732077380965253 28.32374032793694 -2.163118960624634
  endloop
 endfacet
 facet normal -0.28653099695890255 0.8440930978987234 -0.45321830265499385
  outer loop
   vertex -7.677380124151347 28.652372692352273 -4.1144967660473135
   vertex -11.732077380965253 28.32374032793694 -2.163118960624634
   vertex -7.934717858162792 29.612770190387632 -2.163118960624634
  endloop
 endfacet
 facet normal -0.31749863033234205 0.9353208040324781 -0.1561076976997772
  outer loop
   vertex -7.934717858162792 29.612770190387632 -2.163118960624634
   vertex -11.732077380965253 28.32374032793694 -2.163118960624634
   vertex -11.863186403317782 28.64026550784989 -1.7145055188062944e-15
  endloop
 endfacet
 facet normal -0.31749863033234194 0.9353208040324785 -0.1561076976997767
  outer loop
   vertex -7.934717858162792 29.612770190387632 -2.163118960624634
   vertex -11.863186403317782 28.64026550784989 -1.7145055188062944e-15
   vertex -8.023390398178146 29.943700614961116 -1.7145055188062944e-15
  endloop
 endfacet
 facet normal -0.4368662485907797 0.8858771176416591 0.1561076976997776
  outer loop
   vertex -11.863186403317782 28.64026550784989 0.0
   vertex -15.499999999999993 26.8467875173176 0.0
   vertex -15.32869780703303 26.550083415650853 2.1631189606246317
  endloop
 endfacet
 facet normal -0.4368662485907798 0.885877117641659 0.15610769769977725
  outer loop
   vertex -11.863186403317782 28.64026550784989 0.0
   vertex -15.32869780703303 26.550083415650853 2.1631189606246317
   vertex -11.732077380965253 28.32374032793694 2.1631189606246317
  endloop
 endfacet
 facet normal -0.3942559425071666 0.7994719644467304 0.45321830265499197
  outer loop
   vertex -11.732077380965253 28.32374032793694 2.1631189606246317
   vertex -15.32869780703303 26.550083415650853 2.1631189606246317
   vertex -14.83155948031231 25.68901457538079 4.114496766047312
  endloop
 endfacet
 facet normal -0.3942559425071659 0.7994719644467301 0.4532183026549925
  outer loop
   vertex -11.732077380965253 28.32374032793694 2.1631189606246317
   vertex -14.83155948031231 25.68901457538079 4.114496766047312
   vertex -11.351584178505808 27.40514847816857 4.114496766047312
  endloop
 endfacet
 facet normal -0.31308031699611644 0.6348640795793224 0.7063485793639788
  outer loop
   vertex -11.351584178505808 27.40514847816857 4.114496766047312
   vertex -14.83155948031231 25.68901457538079 4.114496766047312
   vertex -14.057248383023648 24.347868414012417 5.663118960624632
  endloop
 endfacet
 facet normal -0.31308031699611744 0.6348640795793229 0.7063485793639779
  outer loop
   vertex -11.351584178505808 27.40514847816857 4.114496766047312
   vertex -14.057248383023648 24.347868414012417 5.663118960624632
   vertex -10.7589521216482 25.974408129005873 5.663118960624632
  endloop
 endfacet
 facet normal -0.20113667705407196 0.4078648334483463 0.8906123257511085
  outer loop
   vertex -10.7589521216482 25.974408129005873 5.663118960624632
   vertex -14.057248383023648 24.347868414012417 5.663118960624632
   vertex -13.081559480312311 22.657925662135252 6.657395614066075
  endloop
 endfacet
 facet normal -0.20113667705407168 0.4078648334483462 0.8906123257511087
  outer loop
   vertex -10.7589521216482 25.974408129005873 5.663118960624632
   vertex -13.081559480312311 22.657925662135252 6.657395614066075
   vertex -10.012192165227994 24.17157011437907 6.657395614066075
  endloop
 endfacet
 facet normal -0.06933400746188573 0.14059545886872823 0.9876364272113332
  outer loop
   vertex -10.012192165227994 24.17157011437907 6.657395614066075
   vertex -13.081559480312311 22.657925662135252 6.657395614066075
   vertex -11.999999999999995 20.784609690826528 7.0
  endloop
 endfacet
 facet normal -0.06933400746188564 0.14059545886872818 0.9876364272113332
  outer loop
   vertex -10.012192165227994 24.17157011437907 6.657395614066075
   vertex -11.999999999999995 20.784609690826528 7.0
   vertex -9.184402376762154 22.17310878027088 7.0
  endloop
 endfacet
 facet normal 0.06933400746188562 -0.14059545886872815 0.987636427211333
  outer loop
   vertex -9.184402376762154 22.17310878027088 7.0
   vertex -11.999999999999995 20.784609690826528 7.0
   vertex -10.91844051968768 18.911293719517808 6.6573956140660755
  endloop
 endfacet
 facet normal 0.06933400746188573 -0.14059545886872823 0.9876364272113332
  outer loop
   vertex -9.184402376762154 22.17310878027088 7.0
   vertex -10.91844051968768 18.911293719517808 6.6573956140660755
   vertex -8.356612588296315 20.174647446162698 6.6573956140660755
  endloop
 endfacet
 facet normal 0.20113667705407168 -0.407864833448346 0.8906123257511088
  outer loop
   vertex -8.356612588296315 20.174647446162698 6.6573956140660755
   vertex -10.91844051968768 18.911293719517808 6.6573956140660755
   vertex -9.942751616976341 17.22135096764064 5.663118960624632
  endloop
 endfacet
 facet normal 0.2011366770540713 -0.40786483344834584 0.890612325751109
  outer loop
   vertex -8.356612588296315 20.174647446162698 6.6573956140660755
   vertex -9.942751616976341 17.22135096764064 5.663118960624632
   vertex -7.609852631876107 18.37180943153589 5.663118960624632
  endloop
 endfacet
 facet normal 0.313080316996117 -0.6348640795793233 0.7063485793639775
  outer loop
   vertex -7.609852631876107 18.37180943153589 5.663118960624632
   vertex -9.942751616976341 17.22135096764064 5.663118960624632
   vertex -9.168440519687682 15.880204806272273 4.114496766047313
  endloop
 endfacet
 facet normal 0.3130803169961167 -0.6348640795793232 0.7063485793639778
  outer loop
   vertex -7.609852631876107 18.37180943153589 5.663118960624632
   vertex -9.168440519687682 15.880204806272273 4.114496766047313
   vertex -7.0172205750185 16.941069082373193 4.114496766047313
  endloop
 endfacet
 facet normal 0.3942559425071657 -0.79947196444673 0.45321830265499335
  outer loop
   vertex -7.0172205750185 16.941069082373193 4.114496766047313
   vertex -9.168440519687682 15.880204806272273 4.114496766047313
   vertex -8.671302192966959 15.019135966002205 2.1631189606246326
  endloop
 endfacet
 facet normal 0.39425594250716595 -0.7994719644467299 0.453218302654993
  outer loop
   vertex -7.0172205750185 16.941069082373193 4.114496766047313
   vertex -8.671302192966959 15.019135966002205 2.1631189606246326
   vertex -6.636727372559053 16.022477232604825 2.1631189606246326
  endloop
 endfacet
 facet normal 0.4368662485907795 -0.8858771176416594 0.15610769769977687
  outer loop
   vertex -6.636727372559053 16.022477232604825 2.1631189606246326
   vertex -8.671302192966959 15.019135966002205 2.1631189606246326
   vertex -8.499999999999996 14.722431864335459 8.572527594031472e-16
  endloop
 endfacet
 facet normal 0.4368662485907792 -0.8858771176416593 0.15610769769977711
  outer loop
   vertex -6.636727372559053 16.022477232604825 2.1631189606246326
   vertex -8.499999999999996 14.722431864335459 8.572527594031472e-16
   vertex -6.505618350206525 15.705952052691874 8.572527594031472e-16
  endloop
 endfacet
 facet normal 0.4368662485907793 -0.8858771176416596 -0.15610769769977664
  outer loop
   vertex -6.505618350206525 15.705952052691874 8.572527594031472e-16
   vertex -8.499999999999996 14.722431864335459 8.572527594031472e-16
   vertex -8.671302192966959 15.019135966002205 -2.163118960624634
  endloop
 endfacet
 facet normal 0.4368662485907795 -0.8858771176416594 -0.1561076976997769
  outer loop
   vertex -6.505618350206525 15.705952052691874 8.572527594031472e-16
   vertex -8.671302192966959 15.019135966002205 -2.163118960624634
   vertex -6.636727372559053 16.022477232604825 -2.163118960624634
  endloop
 endfacet
 facet normal 0.394255942507166 -0.79947196444673 -0.45321830265499297
  outer loop
   vertex -6.636727372559053 16.022477232604825 -2.163118960624634
   vertex -8.671302192966959 15.019135966002205 -2.163118960624634
   vertex -9.16844051968768 15.880204806272271 -4.114496766047311
  endloop
 endfacet
 facet normal 0.3942559425071663 -0.7994719644467295 -0.45321830265499347
  outer loop
   vertex -6.636727372559053 16.022477232604825 -2.163118960624634
   vertex -9.16844051968768 15.880204806272271 -4.114496766047311
   vertex -7.0172205750184995 16.941069082373193 -4.114496766047311
  endloop
 endfacet
 facet normal 0.31308031699611755 -0.6348640795793237 -0.7063485793639772
  outer loop
   vertex -7.0172205750184995 16.941069082373193 -4.114496766047311
   vertex -9.16844051968768 15.880204806272271 -4.114496766047311
   vertex -9.94275161697634 17.221350967640635 -5.663118960624631
  endloop
 endfacet
 facet normal 0.31308031699611744 -0.634864079579324 -0.7063485793639771
  outer loop
   vertex -7.0172205750184995 16.941069082373193 -4.114496766047311
   vertex -9.94275161697634 17.221350967640635 -5.663118960624631
   vertex -7.609852631876106 18.371809431535887 -5.663118960624631
  endloop
 endfacet
 facet normal 0.2011366770540715 -0.4078648334483461 -0.8906123257511087
  outer loop
   vertex -7.609852631876106 18.371809431535887 -5.663118960624631
   vertex -9.94275161697634 17.221350967640635 -5.663118960624631
   vertex -10.918440519687678 18.911293719517804 -6.657395614066075
  endloop
 endfacet
 facet normal 0.20113667705407157 -0.4078648334483459 -0.8906123257511088
  outer loop
   vertex -7.609852631876106 18.371809431535887 -5.663118960624631
   vertex -10.918440519687678 18.911293719517804 -6.657395614066075
   vertex -8.356612588296313 20.174647446162695 -6.657395614066075
  endloop
 endfacet
 facet normal 0.06933400746188574 -0.1405954588687282 -0.987636427211333
  outer loop
   vertex -8.356612588296313 20.174647446162695 -6.657395614066075
   vertex -10.918440519687678 18.911293719517804 -6.657395614066075
   vertex -11.999999999999995 20.784609690826528 -7.0
  endloop
 endfacet
 facet normal 0.06933400746188573 -0.14059545886872835 -0.987636427211333
  outer loop
   vertex -8.356612588296313 20.174647446162695 -6.657395614066075
   vertex -11.999999999999995 20.784609690826528 -7.0
   vertex -9.184402376762154 22.17310878027088 -7.0
  endloop
 endfacet
 facet normal -0.06933400746188562 0.14059545886872815 -0.987636427211333
  outer loop
   vertex -9.184402376762154 22.17310878027088 -7.0
   vertex -11.999999999999995 20.784609690826528 -7.0
   vertex -13.08155948031231 22.65792566213525 -6.6573956140660755
  endloop
 endfacet
 facet normal -0.06933400746188564 0.14059545886872804 -0.9876364272113332
  outer loop
   vertex -9.184402376762154 22.17310878027088 -7.0
   vertex -13.08155948031231 22.65792566213525 -6.6573956140660755
   vertex -10.012192165227992 24.171570114379065 -6.6573956140660755
  endloop
 endfacet
 facet normal -0.20113667705407148 0.4078648334483458 -0.8906123257511088
  outer loop
   vertex -10.012192165227992 24.171570114379065 -6.6573956140660755
   vertex -13.08155948031231 22.65792566213525 -6.6573956140660755
   vertex -14.057248383023648 24.347868414012417 -5.663118960624633
  endloop
 endfacet
 facet normal -0.20113667705407154 0.4078648334483454 -0.8906123257511092
  outer loop
   vertex -10.012192165227992 24.171570114379065 -6.6573956140660755
   vertex -14.057248383023648 24.347868414012417 -5.663118960624633
   vertex -10.7589521216482 25.974408129005873 -5.663118960624633
  endloop
 endfacet
 facet normal -0.31308031699611744 0.6348640795793228 -0.7063485793639781
  outer loop
   vertex -10.7589521216482 25.974408129005873 -5.663118960624633
   vertex -14.057248383023648 24.347868414012417 -5.663118960624633
   vertex -14.831559480312308 25.689014575380785 -4.1144967660473135
  endloop
 endfacet
 facet normal -0.3130803169961173 0.634864079579323 -0.7063485793639779
  outer loop
   vertex -10.7589521216482 25.974408129005873 -5.663118960624633
   vertex -14.831559480312308 25.689014575380785 -4.1144967660473135
   vertex -11.351584178505806 27.40514847816857 -4.1144967660473135
  endloop
 endfacet
 facet normal -0.39425594250716645 0.7994719644467295 -0.45321830265499347
  outer loop
   vertex -11.351584178505806 27.40514847816857 -4.1144967660473135
   vertex -14.831559480312308 25.689014575380785 -4.1144967660473135
   vertex -15.32869780703303 26.550083415650853 -2.163118960624634
  endloop
 endfacet
 facet normal -0.39425594250716633 0.7994719644467297 -0.4532183026549929
  outer loop
   vertex -11.351584178505806 27.40514847816857 -4.1144967660473135
   vertex -15.32869780703303 26.550083415650853 -2.163118960624634
   vertex -11.732077380965253 28.32374032793694 -2.163118960624634
  endloop
 endfacet
 facet normal -0.43686624859077977 0.885877117641659 -0.1561076976997776
  outer loop
   vertex -11.732077380965253 28.32374032793694 -2.163118960624634
   vertex -15.32869780703303 26.550083415650853 -2.163118960624634
   vertex -15.499999999999993 26.8467875173176 -1.7145055188062944e-15
  endloop
 endfacet
 facet normal -0.4368662485907797 0.8858771176416592 -0.15610769769977725
  outer loop
   vertex -11.732077380965253 28.32374032793694 -2.163118960624634
   vertex -15.499999999999993 26.8467875173176 -1.7145055188062944e-15
   vertex -11.863186403317782 28.64026550784989 -1.7145055188062944e-15
  endloop
 endfacet
 facet normal -0.5487589642136226 0.8212758281564528 0.1561076976997765
  outer loop
   vertex -15.499999999999993 26.8467875173176 0.0
   vertex -18.87160429927034 24.59395354902829 0.0
   vertex -18.66303996370455 24.322147215049185 2.1631189606246317
  endloop
 endfacet
 facet normal -0.5487589642136219 0.8212758281564531 0.1561076976997776
  outer loop
   vertex -15.499999999999993 26.8467875173176 0.0
   vertex -18.66303996370455 24.322147215049185 2.1631189606246317
   vertex -15.32869780703303 26.550083415650853 2.1631189606246317
  endloop
 endfacet
 facet normal -0.49523505957073394 0.7411716440275486 0.4532183026549924
  outer loop
   vertex -15.32869780703303 26.550083415650853 2.1631189606246317
   vertex -18.66303996370455 24.322147215049185 2.1631189606246317
   vertex -18.05776268732553 23.533334510867824 4.114496766047312
  endloop
 endfacet
 facet normal -0.49523505957073444 0.7411716440275488 0.4532183026549919
  outer loop
   vertex -15.32869780703303 26.550083415650853 2.1631189606246317
   vertex -18.05776268732553 23.533334510867824 4.114496766047312
   vertex -14.83155948031231 25.68901457538079 4.114496766047312
  endloop
 endfacet
 facet normal -0.3932682623678603 0.5885675477331839 0.706348579363978
  outer loop
   vertex -14.83155948031231 25.68901457538079 4.114496766047312
   vertex -18.05776268732553 23.533334510867824 4.114496766047312
   vertex -17.115021227160018 22.304729919950763 5.663118960624632
  endloop
 endfacet
 facet normal -0.39326826236785956 0.5885675477331836 0.7063485793639788
  outer loop
   vertex -14.83155948031231 25.68901457538079 4.114496766047312
   vertex -17.115021227160018 22.304729919950763 5.663118960624632
   vertex -14.057248383023648 24.347868414012417 5.663118960624632
  endloop
 endfacet
 facet normal -0.25265296854954056 0.378121888685786 0.8906123257511088
  outer loop
   vertex -14.057248383023648 24.347868414012417 5.663118960624632
   vertex -17.115021227160018 22.304729919950763 5.663118960624632
   vertex -15.927097685795006 20.7565978198485 6.657395614066075
  endloop
 endfacet
 facet normal -0.252652968549541 0.3781218886857861 0.8906123257511085
  outer loop
   vertex -14.057248383023648 24.347868414012417 5.663118960624632
   vertex -15.927097685795006 20.7565978198485 6.657395614066075
   vertex -13.081559480312311 22.657925662135252 6.657395614066075
  endloop
 endfacet
 facet normal -0.08709223530610598 0.13034274124253714 0.987636427211333
  outer loop
   vertex -13.081559480312311 22.657925662135252 6.657395614066075
   vertex -15.927097685795006 20.7565978198485 6.657395614066075
   vertex -14.610274296209296 19.040480166989646 7.0
  endloop
 endfacet
 facet normal -0.08709223530610581 0.13034274124253709 0.9876364272113332
  outer loop
   vertex -13.081559480312311 22.657925662135252 6.657395614066075
   vertex -14.610274296209296 19.040480166989646 7.0
   vertex -11.999999999999995 20.784609690826528 7.0
  endloop
 endfacet
 facet normal 0.08709223530610571 -0.13034274124253695 0.9876364272113332
  outer loop
   vertex -11.999999999999995 20.784609690826528 7.0
   vertex -14.610274296209296 19.040480166989646 7.0
   vertex -13.293450906623587 17.32436251413079 6.6573956140660755
  endloop
 endfacet
 facet normal 0.08709223530610577 -0.13034274124253697 0.987636427211333
  outer loop
   vertex -11.999999999999995 20.784609690826528 7.0
   vertex -13.293450906623587 17.32436251413079 6.6573956140660755
   vertex -10.91844051968768 18.911293719517808 6.6573956140660755
  endloop
 endfacet
 facet normal 0.2526529685495404 -0.37812188868578567 0.8906123257511088
  outer loop
   vertex -10.91844051968768 18.911293719517808 6.6573956140660755
   vertex -13.293450906623587 17.32436251413079 6.6573956140660755
   vertex -12.105527365258576 15.776230414028525 5.663118960624632
  endloop
 endfacet
 facet normal 0.2526529685495407 -0.3781218886857858 0.8906123257511087
  outer loop
   vertex -10.91844051968768 18.911293719517808 6.6573956140660755
   vertex -12.105527365258576 15.776230414028525 5.663118960624632
   vertex -9.942751616976341 17.22135096764064 5.663118960624632
  endloop
 endfacet
 facet normal 0.39326826236786044 -0.5885675477331843 0.7063485793639777
  outer loop
   vertex -9.942751616976341 17.22135096764064 5.663118960624632
   vertex -12.105527365258576 15.776230414028525 5.663118960624632
   vertex -11.162785905093065 14.547625823111467 4.114496766047313
  endloop
 endfacet
 facet normal 0.39326826236786044 -0.5885675477331842 0.7063485793639777
  outer loop
   vertex -9.942751616976341 17.22135096764064 5.663118960624632
   vertex -11.162785905093065 14.547625823111467 4.114496766047313
   vertex -9.168440519687682 15.880204806272273 4.114496766047313
  endloop
 endfacet
 facet normal 0.49523505957073377 -0.7411716440275482 0.45321830265499324
  outer loop
   vertex -9.168440519687682 15.880204806272273 4.114496766047313
   vertex -11.162785905093065 14.547625823111467 4.114496766047313
   vertex -10.557508628714043 13.758813118930105 2.1631189606246326
  endloop
 endfacet
 facet normal 0.4952350595707337 -0.7411716440275482 0.4532183026549933
  outer loop
   vertex -9.168440519687682 15.880204806272273 4.114496766047313
   vertex -10.557508628714043 13.758813118930105 2.1631189606246326
   vertex -8.671302192966959 15.019135966002205 2.1631189606246326
  endloop
 endfacet
 facet normal 0.548758964213622 -0.821275828156453 0.15610769769977734
  outer loop
   vertex -8.671302192966959 15.019135966002205 2.1631189606246326
   vertex -10.557508628714043 13.758813118930105 2.1631189606246326
   vertex -10.348944293148252 13.487006784950998 8.572527594031472e-16
  endloop
 endfacet
 facet normal 0.5487589642136224 -0.8212758281564528 0.15610769769977692
  outer loop
   vertex -8.671302192966959 15.019135966002205 2.1631189606246326
   vertex -10.348944293148252 13.487006784950998 8.572527594031472e-16
   vertex -8.499999999999996 14.722431864335459 8.572527594031472e-16
  endloop
 endfacet
 facet normal 0.5487589642136224 -0.8212758281564528 -0.15610769769977714
  outer loop
   vertex -8.499999999999996 14.722431864335459 8.572527594031472e-16
   vertex -10.348944293148252 13.487006784950998 8.572527594031472e-16
   vertex -10.557508628714043 13.758813118930105 -2.163118960624634
  endloop
 endfacet
 facet normal 0.548758964213622 -0.8212758281564531 -0.1561076976997767
  outer loop
   vertex -8.499999999999996 14.722431864335459 8.572527594031472e-16
   vertex -10.557508628714043 13.758813118930105 -2.163118960624634
   vertex -8.671302192966959 15.019135966002205 -2.163118960624634
  endloop
 endfacet
 facet normal 0.49523505957073405 -0.7411716440275486 -0.45321830265499247
  outer loop
   vertex -8.671302192966959 15.019135966002205 -2.163118960624634
   vertex -10.557508628714043 13.758813118930105 -2.163118960624634
   vertex -11.162785905093063 14.547625823111463 -4.114496766047311
  endloop
 endfacet
 facet normal 0.4952350595707344 -0.741171644027548 -0.4532183026549929
  outer loop
   vertex -8.671302192966959 15.019135966002205 -2.163118960624634
   vertex -11.162785905093063 14.547625823111463 -4.114496766047311
   vertex -9.16844051968768 15.880204806272271 -4.114496766047311
  endloop
 endfacet
 facet normal 0.3932682623678607 -0.588567547733184 -0.7063485793639778
  outer loop
   vertex -9.16844051968768 15.880204806272271 -4.114496766047311
   vertex -11.162785905093063 14.547625823111463 -4.114496766047311
   vertex -12.105527365258574 15.776230414028523 -5.663118960624631
  endloop
 endfacet
 facet normal 0.39326826236786033 -0.5885675477331849 -0.7063485793639771
  outer loop
   vertex -9.16844051968768 15.880204806272271 -4.114496766047311
   vertex -12.105527365258574 15.776230414028523 -5.663118960624631
   vertex -9.94275161697634 17.221350967640635 -5.663118960624631
  endloop
 endfacet
 facet normal 0.25265296854954056 -0.37812188868578595 -0.8906123257511087
  outer loop
   vertex -9.94275161697634 17.221350967640635 -5.663118960624631
   vertex -12.105527365258574 15.776230414028523 -5.663118960624631
   vertex -13.293450906623585 17.324362514130787 -6.657395614066075
  endloop
 endfacet
 facet normal 0.25265296854954056 -0.3781218886857859 -0.8906123257511088
  outer loop
   vertex -9.94275161697634 17.221350967640635 -5.663118960624631
   vertex -13.293450906623585 17.324362514130787 -6.657395614066075
   vertex -10.918440519687678 18.911293719517804 -6.657395614066075
  endloop
 endfacet
 facet normal 0.08709223530610581 -0.13034274124253706 -0.9876364272113333
  outer loop
   vertex -10.918440519687678 18.911293719517804 -6.657395614066075
   vertex -13.293450906623585 17.324362514130787 -6.657395614066075
   vertex -14.610274296209296 19.040480166989646 -7.0
  endloop
 endfacet
 facet normal 0.08709223530610581 -0.13034274124253709 -0.9876364272113332
  outer loop
   vertex -10.918440519687678 18.911293719517804 -6.657395614066075
   vertex -14.610274296209296 19.040480166989646 -7.0
   vertex -11.999999999999995 20.784609690826528 -7.0
  endloop
 endfacet
 facet normal -0.08709223530610584 0.1303427412425371 -0.9876364272113332
  outer loop
   vertex -11.999999999999995 20.784609690826528 -7.0
   vertex -14.610274296209296 19.040480166989646 -7.0
   vertex -15.927097685795005 20.756597819848498 -6.6573956140660755
  endloop
 endfacet
 facet normal -0.08709223530610584 0.13034274124253692 -0.9876364272113332
  outer loop
   vertex -11.999999999999995 20.784609690826528 -7.0
   vertex -15.927097685795005 20.756597819848498 -6.6573956140660755
   vertex -13.08155948031231 22.65792566213525 -6.6573956140660755
  endloop
 endfacet
 facet normal -0.25265296854954034 0.37812188868578517 -0.8906123257511092
  outer loop
   vertex -13.08155948031231 22.65792566213525 -6.6573956140660755
   vertex -15.927097685795005 20.756597819848498 -6.6573956140660755
   vertex -17.115021227160018 22.304729919950763 -5.663118960624633
  endloop
 endfacet
 facet normal -0.25265296854954034 0.3781218886857856 -0.8906123257511089
  outer loop
   vertex -13.08155948031231 22.65792566213525 -6.6573956140660755
   vertex -17.115021227160018 22.304729919950763 -5.663118960624633
   vertex -14.057248383023648 24.347868414012417 -5.663118960624633
  endloop
 endfacet
 facet normal -0.39326826236786033 0.5885675477331849 -0.7063485793639772
  outer loop
   vertex -14.057248383023648 24.347868414012417 -5.663118960624633
   vertex -17.115021227160018 22.304729919950763 -5.663118960624633
   vertex -18.057762687325525 23.53333451086782 -4.1144967660473135
  endloop
 endfacet
 facet normal -0.3932682623678605 0.5885675477331838 -0.706348579363978
  outer loop
   vertex -14.057248383023648 24.347868414012417 -5.663118960624633
   vertex -18.057762687325525 23.53333451086782 -4.1144967660473135
   vertex -14.831559480312308 25.689014575380785 -4.1144967660473135
  endloop
 endfacet
 facet normal -0.49523505957073394 0.7411716440275474 -0.4532183026549942
  outer loop
   vertex -14.831559480312308 25.689014575380785 -4.1144967660473135
   vertex -18.057762687325525 23.53333451086782 -4.1144967660473135
   vertex -18.66303996370455 24.322147215049185 -2.163118960624634
  endloop
 endfacet
 facet normal -0.49523505957073377 0.7411716440275482 -0.45321830265499335
  outer loop
   vertex -14.831559480312308 25.689014575380785 -4.1144967660473135
   vertex -18.66303996370455 24.322147215049185 -2.163118960624634
   vertex -15.32869780703303 26.550083415650853 -2.163118960624634
  endloop
 endfacet
 facet normal -0.548758964213622 0.8212758281564531 -0.15610769769977645
  outer loop
   vertex -15.32869780703303 26.550083415650853 -2.163118960624634
   vertex -18.66303996370455 24.322147215049185 -2.163118960624634
   vertex -18.87160429927034 24.59395354902829 -1.7145055188062944e-15
  endloop
 endfacet
 facet normal -0.5487589642136224 0.8212758281564526 -0.1561076976997775
  outer loop
   vertex -15.32869780703303 26.550083415650853 -2.163118960624634
   vertex -18.87160429927034 24.59395354902829 -1.7145055188062944e-15
   vertex -15.499999999999993 26.8467875173176 -1.7145055188062944e-15
  endloop
 endfacet
 facet normal -0.6512622618140418 0.742622281550812 0.15610769769977764
  outer loop
   vertex -18.87160429927034 24.59395354902829 0.0
   vertex -21.920310216782973 21.920310216782976 0.0
   vertex -21.67805233222484 21.678052332224844 2.1631189606246317
  endloop
 endfacet
 facet normal -0.6512622618140422 0.7426222815508118 0.15610769769977664
  outer loop
   vertex -18.87160429927034 24.59395354902829 0.0
   vertex -21.67805233222484 21.678052332224844 2.1631189606246317
   vertex -18.66303996370455 24.322147215049185 2.1631189606246317
  endloop
 endfacet
 facet normal -0.5877405674599491 0.670189671287453 0.45321830265499286
  outer loop
   vertex -18.66303996370455 24.322147215049185 2.1631189606246317
   vertex -21.67805233222484 21.678052332224844 2.1631189606246317
   vertex -20.97499256820093 20.974992568200932 4.114496766047312
  endloop
 endfacet
 facet normal -0.5877405674599494 0.670189671287453 0.45321830265499224
  outer loop
   vertex -18.66303996370455 24.322147215049185 2.1631189606246317
   vertex -20.97499256820093 20.974992568200932 4.114496766047312
   vertex -18.05776268732553 23.533334510867824 4.114496766047312
  endloop
 endfacet
 facet normal -0.4667272787359288 0.5322004619635762 0.7063485793639784
  outer loop
   vertex -18.05776268732553 23.533334510867824 4.114496766047312
   vertex -20.97499256820093 20.974992568200932 4.114496766047312
   vertex -19.87995131291931 19.879951312919314 5.663118960624632
  endloop
 endfacet
 facet normal -0.46672727873592934 0.5322004619635764 0.7063485793639781
  outer loop
   vertex -18.05776268732553 23.533334510867824 4.114496766047312
   vertex -19.87995131291931 19.879951312919314 5.663118960624632
   vertex -17.115021227160018 22.304729919950763 5.663118960624632
  endloop
 endfacet
 facet normal -0.29984629770449184 0.3419091735726182 0.8906123257511085
  outer loop
   vertex -17.115021227160018 22.304729919950763 5.663118960624632
   vertex -19.87995131291931 19.879951312919314 5.663118960624632
   vertex -18.500118834048013 18.500118834048017 6.657395614066075
  endloop
 endfacet
 facet normal -0.29984629770449117 0.34190917357261796 0.8906123257511088
  outer loop
   vertex -17.115021227160018 22.304729919950763 5.663118960624632
   vertex -18.500118834048013 18.500118834048017 6.657395614066075
   vertex -15.927097685795006 20.7565978198485 6.657395614066075
  endloop
 endfacet
 facet normal -0.10336029085770941 0.11785982317585081 0.9876364272113332
  outer loop
   vertex -15.927097685795006 20.7565978198485 6.657395614066075
   vertex -18.500118834048013 18.500118834048017 6.657395614066075
   vertex -16.97056274847714 16.970562748477143 7.0
  endloop
 endfacet
 facet normal -0.10336029085770948 0.11785982317585082 0.9876364272113332
  outer loop
   vertex -15.927097685795006 20.7565978198485 6.657395614066075
   vertex -16.97056274847714 16.970562748477143 7.0
   vertex -14.610274296209296 19.040480166989646 7.0
  endloop
 endfacet
 facet normal 0.10336029085770927 -0.1178598231758506 0.9876364272113332
  outer loop
   vertex -14.610274296209296 19.040480166989646 7.0
   vertex -16.97056274847714 16.970562748477143 7.0
   vertex -15.441006662906267 15.44100666290627 6.6573956140660755
  endloop
 endfacet
 facet normal 0.10336029085770926 -0.11785982317585063 0.9876364272113332
  outer loop
   vertex -14.610274296209296 19.040480166989646 7.0
   vertex -15.441006662906267 15.44100666290627 6.6573956140660755
   vertex -13.293450906623587 17.32436251413079 6.6573956140660755
  endloop
 endfacet
 facet normal 0.29984629770449117 -0.34190917357261796 0.8906123257511087
  outer loop
   vertex -13.293450906623587 17.32436251413079 6.6573956140660755
   vertex -15.441006662906267 15.44100666290627 6.6573956140660755
   vertex -14.061174184034966 14.06117418403497 5.663118960624632
  endloop
 endfacet
 facet normal 0.2998462977044909 -0.34190917357261785 0.8906123257511088
  outer loop
   vertex -13.293450906623587 17.32436251413079 6.6573956140660755
   vertex -14.061174184034966 14.06117418403497 5.663118960624632
   vertex -12.105527365258576 15.776230414028525 5.663118960624632
  endloop
 endfacet
 facet normal 0.46672727873592884 -0.532200461963577 0.7063485793639778
  outer loop
   vertex -12.105527365258576 15.776230414028525 5.663118960624632
   vertex -14.061174184034966 14.06117418403497 5.663118960624632
   vertex -12.966132928753352 12.966132928753353 4.114496766047313
  endloop
 endfacet
 facet normal 0.4667272787359291 -0.5322004619635772 0.7063485793639778
  outer loop
   vertex -12.105527365258576 15.776230414028525 5.663118960624632
   vertex -12.966132928753352 12.966132928753353 4.114496766047313
   vertex -11.162785905093065 14.547625823111467 4.114496766047313
  endloop
 endfacet
 facet normal 0.5877405674599487 -0.6701896712874528 0.45321830265499385
  outer loop
   vertex -11.162785905093065 14.547625823111467 4.114496766047313
   vertex -12.966132928753352 12.966132928753353 4.114496766047313
   vertex -12.263073164729438 12.26307316472944 2.1631189606246326
  endloop
 endfacet
 facet normal 0.5877405674599494 -0.6701896712874527 0.45321830265499324
  outer loop
   vertex -11.162785905093065 14.547625823111467 4.114496766047313
   vertex -12.263073164729438 12.26307316472944 2.1631189606246326
   vertex -10.557508628714043 13.758813118930105 2.1631189606246326
  endloop
 endfacet
 facet normal 0.6512622618140428 -0.7426222815508113 0.1561076976997766
  outer loop
   vertex -10.557508628714043 13.758813118930105 2.1631189606246326
   vertex -12.263073164729438 12.26307316472944 2.1631189606246326
   vertex -12.020815280171307 12.020815280171309 8.572527594031472e-16
  endloop
 endfacet
 facet normal 0.6512622618140421 -0.7426222815508118 0.15610769769977736
  outer loop
   vertex -10.557508628714043 13.758813118930105 2.1631189606246326
   vertex -12.020815280171307 12.020815280171309 8.572527594031472e-16
   vertex -10.348944293148252 13.487006784950998 8.572527594031472e-16
  endloop
 endfacet
 facet normal 0.6512622618140421 -0.7426222815508118 -0.1561076976997763
  outer loop
   vertex -10.348944293148252 13.487006784950998 8.572527594031472e-16
   vertex -12.020815280171307 12.020815280171309 8.572527594031472e-16
   vertex -12.263073164729438 12.26307316472944 -2.163118960624634
  endloop
 endfacet
 facet normal 0.6512622618140427 -0.7426222815508112 -0.1561076976997771
  outer loop
   vertex -10.348944293148252 13.487006784950998 8.572527594031472e-16
   vertex -12.263073164729438 12.26307316472944 -2.163118960624634
   vertex -10.557508628714043 13.758813118930105 -2.163118960624634
  endloop
 endfacet
 facet normal 0.5877405674599495 -0.6701896712874528 -0.45321830265499263
  outer loop
   vertex -10.557508628714043 13.758813118930105 -2.163118960624634
   vertex -12.263073164729438 12.26307316472944 -2.163118960624634
   vertex -12.966132928753348 12.96613292875335 -4.114496766047311
  endloop
 endfacet
 facet normal 0.5877405674599494 -0.6701896712874529 -0.45321830265499236
  outer loop
   vertex -10.557508628714043 13.758813118930105 -2.163118960624634
   vertex -12.966132928753348 12.96613292875335 -4.114496766047311
   vertex -11.162785905093063 14.547625823111463 -4.114496766047311
  endloop
 endfacet
 facet normal 0.46672727873592923 -0.5322004619635767 -0.7063485793639779
  outer loop
   vertex -11.162785905093063 14.547625823111463 -4.114496766047311
   vertex -12.966132928753348 12.96613292875335 -4.114496766047311
   vertex -14.061174184034964 14.061174184034966 -5.663118960624631
  endloop
 endfacet
 facet normal 0.4667272787359292 -0.5322004619635767 -0.7063485793639778
  outer loop
   vertex -11.162785905093063 14.547625823111463 -4.114496766047311
   vertex -14.061174184034964 14.061174184034966 -5.663118960624631
   vertex -12.105527365258574 15.776230414028523 -5.663118960624631
  endloop
 endfacet
 facet normal 0.2998462977044913 -0.34190917357261785 -0.8906123257511088
  outer loop
   vertex -12.105527365258574 15.776230414028523 -5.663118960624631
   vertex -14.061174184034964 14.061174184034966 -5.663118960624631
   vertex -15.441006662906265 15.441006662906267 -6.657395614066075
  endloop
 endfacet
 facet normal 0.2998462977044913 -0.341909173572618 -0.8906123257511087
  outer loop
   vertex -12.105527365258574 15.776230414028523 -5.663118960624631
   vertex -15.441006662906265 15.441006662906267 -6.657395614066075
   vertex -13.293450906623585 17.324362514130787 -6.657395614066075
  endloop
 endfacet
 facet normal 0.10336029085770936 -0.11785982317585073 -0.987636427211333
  outer loop
   vertex -13.293450906623585 17.324362514130787 -6.657395614066075
   vertex -15.441006662906265 15.441006662906267 -6.657395614066075
   vertex -16.97056274847714 16.970562748477143 -7.0
  endloop
 endfacet
 facet normal 0.10336029085770936 -0.11785982317585068 -0.9876364272113332
  outer loop
   vertex -13.293450906623585 17.324362514130787 -6.657395614066075
   vertex -16.97056274847714 16.970562748477143 -7.0
   vertex -14.610274296209296 19.040480166989646 -7.0
  endloop
 endfacet
 facet normal -0.10336029085770941 0.11785982317585075 -0.987636427211333
  outer loop
   vertex -14.610274296209296 19.040480166989646 -7.0
   vertex -16.97056274847714 16.970562748477143 -7.0
   vertex -18.50011883404801 18.500118834048013 -6.6573956140660755
  endloop
 endfacet
 facet normal -0.1033602908577094 0.1178598231758507 -0.9876364272113332
  outer loop
   vertex -14.610274296209296 19.040480166989646 -7.0
   vertex -18.50011883404801 18.500118834048013 -6.6573956140660755
   vertex -15.927097685795005 20.756597819848498 -6.6573956140660755
  endloop
 endfacet
 facet normal -0.29984629770449106 0.3419091735726177 -0.8906123257511089
  outer loop
   vertex -15.927097685795005 20.756597819848498 -6.6573956140660755
   vertex -18.50011883404801 18.500118834048013 -6.6573956140660755
   vertex -19.87995131291931 19.879951312919314 -5.663118960624633
  endloop
 endfacet
 facet normal -0.29984629770449095 0.34190917357261724 -0.890612325751109
  outer loop
   vertex -15.927097685795005 20.756597819848498 -6.6573956140660755
   vertex -19.87995131291931 19.879951312919314 -5.663118960624633
   vertex -17.115021227160018 22.304729919950763 -5.663118960624633
  endloop
 endfacet
 facet normal -0.466727278735929 0.532200461963576 -0.7063485793639787
  outer loop
   vertex -17.115021227160018 22.304729919950763 -5.663118960624633
   vertex -19.87995131291931 19.879951312919314 -5.663118960624633
   vertex -20.97499256820093 20.974992568200932 -4.1144967660473135
  endloop
 endfacet
 facet normal -0.46672727873592895 0.5322004619635777 -0.7063485793639771
  outer loop
   vertex -17.115021227160018 22.304729919950763 -5.663118960624633
   vertex -20.97499256820093 20.974992568200932 -4.1144967660473135
   vertex -18.057762687325525 23.53333451086782 -4.1144967660473135
  endloop
 endfacet
 facet normal -0.5877405674599484 0.6701896712874534 -0.4532183026549929
  outer loop
   vertex -18.057762687325525 23.53333451086782 -4.1144967660473135
   vertex -20.97499256820093 20.974992568200932 -4.1144967660473135
   vertex -21.67805233222484 21.678052332224844 -2.163118960624634
  endloop
 endfacet
 facet normal -0.5877405674599485 0.6701896712874525 -0.4532183026549942
  outer loop
   vertex -18.057762687325525 23.53333451086782 -4.1144967660473135
   vertex -21.67805233222484 21.678052332224844 -2.163118960624634
   vertex -18.66303996370455 24.322147215049185 -2.163118960624634
  endloop
 endfacet
 facet normal -0.651262261814042 0.7426222815508114 -0.15610769769977773
  outer loop
   vertex -18.66303996370455 24.322147215049185 -2.163118960624634
   vertex -21.67805233222484 21.678052332224844 -2.163118960624634
   vertex -21.920310216782973 21.920310216782976 -1.7145055188062944e-15
  endloop
 endfacet
 facet normal -0.6512622618140418 0.742622281550812 -0.15610769769977662
  outer loop
   vertex -18.66303996370455 24.322147215049185 -2.163118960624634
   vertex -21.920310216782973 21.920310216782976 -1.7145055188062944e-15
   vertex -18.87160429927034 24.59395354902829 -1.7145055188062944e-15
  endloop
 endfacet
 facet normal -0.7426222815508116 0.6512622618140422 0.15610769769977673
  outer loop
   vertex -21.920310216782973 21.920310216782976 0.0
   vertex -24.593953549028285 18.87160429927035 0.0
   vertex -24.32214721504918 18.663039963704556 2.1631189606246317
  endloop
 endfacet
 facet normal -0.7426222815508111 0.6512622618140426 0.15610769769977767
  outer loop
   vertex -21.920310216782973 21.920310216782976 0.0
   vertex -24.32214721504918 18.663039963704556 2.1631189606246317
   vertex -21.67805233222484 21.678052332224844 2.1631189606246317
  endloop
 endfacet
 facet normal -0.6701896712874529 0.5877405674599496 0.4532183026549922
  outer loop
   vertex -21.67805233222484 21.678052332224844 2.1631189606246317
   vertex -24.32214721504918 18.663039963704556 2.1631189606246317
   vertex -23.53333451086782 18.057762687325535 4.114496766047312
  endloop
 endfacet
 facet normal -0.6701896712874524 0.5877405674599498 0.4532183026549929
  outer loop
   vertex -21.67805233222484 21.678052332224844 2.1631189606246317
   vertex -23.53333451086782 18.057762687325535 4.114496766047312
   vertex -20.97499256820093 20.974992568200932 4.114496766047312
  endloop
 endfacet
 facet normal -0.5322004619635758 0.466727278735929 0.7063485793639787
  outer loop
   vertex -20.97499256820093 20.974992568200932 4.114496766047312
   vertex -23.53333451086782 18.057762687325535 4.114496766047312
   vertex -22.30472991995076 17.11502122716002 5.663118960624632
  endloop
 endfacet
 facet normal -0.5322004619635761 0.4667272787359291 0.7063485793639785
  outer loop
   vertex -20.97499256820093 20.974992568200932 4.114496766047312
   vertex -22.30472991995076 17.11502122716002 5.663118960624632
   vertex -19.87995131291931 19.879951312919314 5.663118960624632
  endloop
 endfacet
 facet normal -0.3419091735726179 0.29984629770449156 0.8906123257511086
  outer loop
   vertex -19.87995131291931 19.879951312919314 5.663118960624632
   vertex -22.30472991995076 17.11502122716002 5.663118960624632
   vertex -20.756597819848498 15.927097685795012 6.657395614066075
  endloop
 endfacet
 facet normal -0.3419091735726183 0.2998462977044916 0.8906123257511085
  outer loop
   vertex -19.87995131291931 19.879951312919314 5.663118960624632
   vertex -20.756597819848498 15.927097685795012 6.657395614066075
   vertex -18.500118834048013 18.500118834048017 6.657395614066075
  endloop
 endfacet
 facet normal -0.11785982317585081 0.10336029085770948 0.9876364272113332
  outer loop
   vertex -18.500118834048013 18.500118834048017 6.657395614066075
   vertex -20.756597819848498 15.927097685795012 6.657395614066075
   vertex -19.040480166989642 14.610274296209301 7.0
  endloop
 endfacet
 facet normal -0.11785982317585073 0.10336029085770947 0.9876364272113332
  outer loop
   vertex -18.500118834048013 18.500118834048017 6.657395614066075
   vertex -19.040480166989642 14.610274296209301 7.0
   vertex -16.97056274847714 16.970562748477143 7.0
  endloop
 endfacet
 facet normal 0.11785982317585054 -0.10336029085770931 0.987636427211333
  outer loop
   vertex -16.97056274847714 16.970562748477143 7.0
   vertex -19.040480166989642 14.610274296209301 7.0
   vertex -17.324362514130787 13.293450906623592 6.6573956140660755
  endloop
 endfacet
 facet normal 0.11785982317585057 -0.10336029085770933 0.9876364272113332
  outer loop
   vertex -16.97056274847714 16.970562748477143 7.0
   vertex -17.324362514130787 13.293450906623592 6.6573956140660755
   vertex -15.441006662906267 15.44100666290627 6.6573956140660755
  endloop
 endfacet
 facet normal 0.34190917357261774 -0.2998462977044913 0.8906123257511088
  outer loop
   vertex -15.441006662906267 15.44100666290627 6.6573956140660755
   vertex -17.324362514130787 13.293450906623592 6.6573956140660755
   vertex -15.776230414028523 12.10552736525858 5.663118960624632
  endloop
 endfacet
 facet normal 0.34190917357261785 -0.2998462977044913 0.8906123257511088
  outer loop
   vertex -15.441006662906267 15.44100666290627 6.6573956140660755
   vertex -15.776230414028523 12.10552736525858 5.663118960624632
   vertex -14.061174184034966 14.06117418403497 5.663118960624632
  endloop
 endfacet
 facet normal 0.532200461963577 -0.46672727873592923 0.7063485793639777
  outer loop
   vertex -14.061174184034966 14.06117418403497 5.663118960624632
   vertex -15.776230414028523 12.10552736525858 5.663118960624632
   vertex -14.547625823111463 11.16278590509307 4.114496766047313
  endloop
 endfacet
 facet normal 0.5322004619635768 -0.46672727873592934 0.7063485793639778
  outer loop
   vertex -14.061174184034966 14.06117418403497 5.663118960624632
   vertex -14.547625823111463 11.16278590509307 4.114496766047313
   vertex -12.966132928753352 12.966132928753353 4.114496766047313
  endloop
 endfacet
 facet normal 0.6701896712874527 -0.5877405674599492 0.4532183026549931
  outer loop
   vertex -12.966132928753352 12.966132928753353 4.114496766047313
   vertex -14.547625823111463 11.16278590509307 4.114496766047313
   vertex -13.758813118930103 10.557508628714046 2.1631189606246326
  endloop
 endfacet
 facet normal 0.670189671287452 -0.5877405674599496 0.45321830265499385
  outer loop
   vertex -12.966132928753352 12.966132928753353 4.114496766047313
   vertex -13.758813118930103 10.557508628714046 2.1631189606246326
   vertex -12.263073164729438 12.26307316472944 2.1631189606246326
  endloop
 endfacet
 facet normal 0.7426222815508108 -0.651262261814043 0.15610769769977736
  outer loop
   vertex -12.263073164729438 12.26307316472944 2.1631189606246326
   vertex -13.758813118930103 10.557508628714046 2.1631189606246326
   vertex -13.487006784950996 10.348944293148255 8.572527594031472e-16
  endloop
 endfacet
 facet normal 0.7426222815508114 -0.6512622618140426 0.15610769769977656
  outer loop
   vertex -12.263073164729438 12.26307316472944 2.1631189606246326
   vertex -13.487006784950996 10.348944293148255 8.572527594031472e-16
   vertex -12.020815280171307 12.020815280171309 8.572527594031472e-16
  endloop
 endfacet
 facet normal 0.7426222815508114 -0.6512622618140425 -0.15610769769977703
  outer loop
   vertex -12.020815280171307 12.020815280171309 8.572527594031472e-16
   vertex -13.487006784950996 10.348944293148255 8.572527594031472e-16
   vertex -13.758813118930103 10.557508628714046 -2.163118960624634
  endloop
 endfacet
 facet normal 0.742622281550811 -0.6512622618140431 -0.15610769769977637
  outer loop
   vertex -12.020815280171307 12.020815280171309 8.572527594031472e-16
   vertex -13.758813118930103 10.557508628714046 -2.163118960624634
   vertex -12.263073164729438 12.26307316472944 -2.163118960624634
  endloop
 endfacet
 facet normal 0.6701896712874525 -0.58774056745995 -0.4532183026549924
  outer loop
   vertex -12.263073164729438 12.26307316472944 -2.163118960624634
   vertex -13.758813118930103 10.557508628714046 -2.163118960624634
   vertex -14.547625823111462 11.162785905093067 -4.114496766047311
  endloop
 endfacet
 facet normal 0.6701896712874525 -0.5877405674599497 -0.45321830265499263
  outer loop
   vertex -12.263073164729438 12.26307316472944 -2.163118960624634
   vertex -14.547625823111462 11.162785905093067 -4.114496766047311
   vertex -12.966132928753348 12.96613292875335 -4.114496766047311
  endloop
 endfacet
 facet normal 0.5322004619635765 -0.4667272787359295 -0.7063485793639778
  outer loop
   vertex -12.966132928753348 12.96613292875335 -4.114496766047311
   vertex -14.547625823111462 11.162785905093067 -4.114496766047311
   vertex -15.776230414028522 12.105527365258578 -5.663118960624631
  endloop
 endfacet
 facet normal 0.5322004619635766 -0.4667272787359294 -0.7063485793639779
  outer loop
   vertex -12.966132928753348 12.96613292875335 -4.114496766047311
   vertex -15.776230414028522 12.105527365258578 -5.663118960624631
   vertex -14.061174184034964 14.061174184034966 -5.663118960624631
  endloop
 endfacet
 facet normal 0.34190917357261785 -0.2998462977044915 -0.8906123257511087
  outer loop
   vertex -14.061174184034964 14.061174184034966 -5.663118960624631
   vertex -15.776230414028522 12.105527365258578 -5.663118960624631
   vertex -17.324362514130783 13.29345090662359 -6.657395614066075
  endloop
 endfacet
 facet normal 0.3419091735726178 -0.2998462977044912 -0.8906123257511087
  outer loop
   vertex -14.061174184034964 14.061174184034966 -5.663118960624631
   vertex -17.324362514130783 13.29345090662359 -6.657395614066075
   vertex -15.441006662906265 15.441006662906267 -6.657395614066075
  endloop
 endfacet
 facet normal 0.11785982317585064 -0.10336029085770937 -0.987636427211333
  outer loop
   vertex -15.441006662906265 15.441006662906267 -6.657395614066075
   vertex -17.324362514130783 13.29345090662359 -6.657395614066075
   vertex -19.040480166989642 14.610274296209301 -7.0
  endloop
 endfacet
 facet normal 0.11785982317585067 -0.10336029085770942 -0.9876364272113332
  outer loop
   vertex -15.441006662906265 15.441006662906267 -6.657395614066075
   vertex -19.040480166989642 14.610274296209301 -7.0
   vertex -16.97056274847714 16.970562748477143 -7.0
  endloop
 endfacet
 facet normal -0.11785982317585068 0.10336029085770942 -0.987636427211333
  outer loop
   vertex -16.97056274847714 16.970562748477143 -7.0
   vertex -19.040480166989642 14.610274296209301 -7.0
   vertex -20.756597819848494 15.92709768579501 -6.6573956140660755
  endloop
 endfacet
 facet normal -0.11785982317585067 0.10336029085770945 -0.9876364272113332
  outer loop
   vertex -16.97056274847714 16.970562748477143 -7.0
   vertex -20.756597819848494 15.92709768579501 -6.6573956140660755
   vertex -18.50011883404801 18.500118834048013 -6.6573956140660755
  endloop
 endfacet
 facet normal -0.34190917357261746 0.2998462977044911 -0.890612325751109
  outer loop
   vertex -18.50011883404801 18.500118834048013 -6.6573956140660755
   vertex -20.756597819848494 15.92709768579501 -6.6573956140660755
   vertex -22.30472991995076 17.11502122716002 -5.663118960624633
  endloop
 endfacet
 facet normal -0.3419091735726175 0.2998462977044912 -0.8906123257511089
  outer loop
   vertex -18.50011883404801 18.500118834048013 -6.6573956140660755
   vertex -22.30472991995076 17.11502122716002 -5.663118960624633
   vertex -19.87995131291931 19.879951312919314 -5.663118960624633
  endloop
 endfacet
 facet normal -0.5322004619635767 0.4667272787359296 -0.7063485793639777
  outer loop
   vertex -19.87995131291931 19.879951312919314 -5.663118960624633
   vertex -22.30472991995076 17.11502122716002 -5.663118960624633
   vertex -23.533334510867817 18.057762687325532 -4.1144967660473135
  endloop
 endfacet
 facet normal -0.5322004619635765 0.46672727873592834 -0.7063485793639788
  outer loop
   vertex -19.87995131291931 19.879951312919314 -5.663118960624633
   vertex -23.533334510867817 18.057762687325532 -4.1144967660473135
   vertex -20.97499256820093 20.974992568200932 -4.1144967660473135
  endloop
 endfacet
 facet normal -0.6701896712874527 0.5877405674599484 -0.45321830265499424
  outer loop
   vertex -20.97499256820093 20.974992568200932 -4.1144967660473135
   vertex -23.533334510867817 18.057762687325532 -4.1144967660473135
   vertex -24.32214721504918 18.663039963704556 -2.163118960624634
  endloop
 endfacet
 facet normal -0.6701896712874527 0.5877405674599494 -0.453218302654993
  outer loop
   vertex -20.97499256820093 20.974992568200932 -4.1144967660473135
   vertex -24.32214721504918 18.663039963704556 -2.163118960624634
   vertex -21.67805233222484 21.678052332224844 -2.163118960624634
  endloop
 endfacet
 facet normal -0.7426222815508113 0.6512622618140427 -0.15610769769977667
  outer loop
   vertex -21.67805233222484 21.678052332224844 -2.163118960624634
   vertex -24.32214721504918 18.663039963704556 -2.163118960624634
   vertex -24.593953549028285 18.87160429927035 -1.7145055188062944e-15
  endloop
 endfacet
 facet normal -0.7426222815508117 0.6512622618140421 -0.15610769769977764
  outer loop
   vertex -21.67805233222484 21.678052332224844 -2.163118960624634
   vertex -24.593953549028285 18.87160429927035 -1.7145055188062944e-15
   vertex -21.920310216782973 21.920310216782976 -1.7145055188062944e-15
  endloop
 endfacet
 facet normal -0.8212758281564523 0.5487589642136228 0.15610769769977761
  outer loop
   vertex -24.593953549028285 18.87160429927035 0.0
   vertex -26.8467875173176 15.499999999999998 0.0
   vertex -26.550083415650853 15.328697807033036 2.1631189606246317
  endloop
 endfacet
 facet normal -0.8212758281564527 0.5487589642136224 0.15610769769977648
  outer loop
   vertex -24.593953549028285 18.87160429927035 0.0
   vertex -26.550083415650853 15.328697807033036 2.1631189606246317
   vertex -24.32214721504918 18.663039963704556 2.1631189606246317
  endloop
 endfacet
 facet normal -0.7411716440275485 0.49523505957073444 0.4532183026549919
  outer loop
   vertex -24.32214721504918 18.663039963704556 2.1631189606246317
   vertex -26.550083415650853 15.328697807033036 2.1631189606246317
   vertex -25.68901457538079 14.831559480312315 4.114496766047312
  endloop
 endfacet
 facet normal -0.7411716440275482 0.49523505957073455 0.45321830265499236
  outer loop
   vertex -24.32214721504918 18.663039963704556 2.1631189606246317
   vertex -25.68901457538079 14.831559480312315 4.114496766047312
   vertex -23.53333451086782 18.057762687325535 4.114496766047312
  endloop
 endfacet
 facet normal -0.5885675477331832 0.3932682623678603 0.7063485793639788
  outer loop
   vertex -23.53333451086782 18.057762687325535 4.114496766047312
   vertex -25.68901457538079 14.831559480312315 4.114496766047312
   vertex -24.347868414012417 14.057248383023653 5.663118960624632
  endloop
 endfacet
 facet normal -0.5885675477331834 0.3932682623678602 0.7063485793639784
  outer loop
   vertex -23.53333451086782 18.057762687325535 4.114496766047312
   vertex -24.347868414012417 14.057248383023653 5.663118960624632
   vertex -22.30472991995076 17.11502122716002 5.663118960624632
  endloop
 endfacet
 facet normal -0.37812188868578583 0.25265296854954106 0.8906123257511086
  outer loop
   vertex -22.30472991995076 17.11502122716002 5.663118960624632
   vertex -24.347868414012417 14.057248383023653 5.663118960624632
   vertex -22.657925662135252 13.081559480312315 6.657395614066075
  endloop
 endfacet
 facet normal -0.37812188868578567 0.25265296854954106 0.8906123257511087
  outer loop
   vertex -22.30472991995076 17.11502122716002 5.663118960624632
   vertex -22.657925662135252 13.081559480312315 6.657395614066075
   vertex -20.756597819848498 15.927097685795012 6.657395614066075
  endloop
 endfacet
 facet normal -0.13034274124253697 0.08709223530610596 0.987636427211333
  outer loop
   vertex -20.756597819848498 15.927097685795012 6.657395614066075
   vertex -22.657925662135252 13.081559480312315 6.657395614066075
   vertex -20.784609690826528 11.999999999999998 7.0
  endloop
 endfacet
 facet normal -0.13034274124253714 0.08709223530610598 0.987636427211333
  outer loop
   vertex -20.756597819848498 15.927097685795012 6.657395614066075
   vertex -20.784609690826528 11.999999999999998 7.0
   vertex -19.040480166989642 14.610274296209301 7.0
  endloop
 endfacet
 facet normal 0.13034274124253695 -0.08709223530610583 0.9876364272113332
  outer loop
   vertex -19.040480166989642 14.610274296209301 7.0
   vertex -20.784609690826528 11.999999999999998 7.0
   vertex -18.911293719517808 10.918440519687683 6.6573956140660755
  endloop
 endfacet
 facet normal 0.13034274124253686 -0.08709223530610584 0.9876364272113333
  outer loop
   vertex -19.040480166989642 14.610274296209301 7.0
   vertex -18.911293719517808 10.918440519687683 6.6573956140660755
   vertex -17.324362514130787 13.293450906623592 6.6573956140660755
  endloop
 endfacet
 facet normal 0.37812188868578556 -0.2526529685495407 0.8906123257511088
  outer loop
   vertex -17.324362514130787 13.293450906623592 6.6573956140660755
   vertex -18.911293719517808 10.918440519687683 6.6573956140660755
   vertex -17.22135096764064 9.942751616976343 5.663118960624632
  endloop
 endfacet
 facet normal 0.3781218886857856 -0.2526529685495407 0.8906123257511089
  outer loop
   vertex -17.324362514130787 13.293450906623592 6.6573956140660755
   vertex -17.22135096764064 9.942751616976343 5.663118960624632
   vertex -15.776230414028523 12.10552736525858 5.663118960624632
  endloop
 endfacet
 facet normal 0.5885675477331841 -0.3932682623678605 0.7063485793639777
  outer loop
   vertex -15.776230414028523 12.10552736525858 5.663118960624632
   vertex -17.22135096764064 9.942751616976343 5.663118960624632
   vertex -15.880204806272273 9.168440519687683 4.114496766047313
  endloop
 endfacet
 facet normal 0.5885675477331841 -0.3932682623678606 0.7063485793639779
  outer loop
   vertex -15.776230414028523 12.10552736525858 5.663118960624632
   vertex -15.880204806272273 9.168440519687683 4.114496766047313
   vertex -14.547625823111463 11.16278590509307 4.114496766047313
  endloop
 endfacet
 facet normal 0.741171644027548 -0.4952350595707341 0.45321830265499335
  outer loop
   vertex -14.547625823111463 11.16278590509307 4.114496766047313
   vertex -15.880204806272273 9.168440519687683 4.114496766047313
   vertex -15.019135966002205 8.67130219296696 2.1631189606246326
  endloop
 endfacet
 facet normal 0.7411716440275482 -0.49523505957073405 0.45321830265499313
  outer loop
   vertex -14.547625823111463 11.16278590509307 4.114496766047313
   vertex -15.019135966002205 8.67130219296696 2.1631189606246326
   vertex -13.758813118930103 10.557508628714046 2.1631189606246326
  endloop
 endfacet
 facet normal 0.821275828156453 -0.5487589642136221 0.1561076976997769
  outer loop
   vertex -13.758813118930103 10.557508628714046 2.1631189606246326
   vertex -15.019135966002205 8.67130219296696 2.1631189606246326
   vertex -14.722431864335459 8.499999999999998 8.572527594031472e-16
  endloop
 endfacet
 facet normal 0.8212758281564526 -0.5487589642136225 0.15610769769977734
  outer loop
   vertex -13.758813118930103 10.557508628714046 2.1631189606246326
   vertex -14.722431864335459 8.499999999999998 8.572527594031472e-16
   vertex -13.487006784950996 10.348944293148255 8.572527594031472e-16
  endloop
 endfacet
 facet normal 0.8212758281564527 -0.5487589642136225 -0.15610769769977675
  outer loop
   vertex -13.487006784950996 10.348944293148255 8.572527594031472e-16
   vertex -14.722431864335459 8.499999999999998 8.572527594031472e-16
   vertex -15.019135966002205 8.67130219296696 -2.163118960624634
  endloop
 endfacet
 facet normal 0.821275828156453 -0.5487589642136221 -0.15610769769977714
  outer loop
   vertex -13.487006784950996 10.348944293148255 8.572527594031472e-16
   vertex -15.019135966002205 8.67130219296696 -2.163118960624634
   vertex -13.758813118930103 10.557508628714046 -2.163118960624634
  endloop
 endfacet
 facet normal 0.7411716440275482 -0.49523505957073394 -0.45321830265499297
  outer loop
   vertex -13.758813118930103 10.557508628714046 -2.163118960624634
   vertex -15.019135966002205 8.67130219296696 -2.163118960624634
   vertex -15.880204806272271 9.168440519687682 -4.114496766047311
  endloop
 endfacet
 facet normal 0.7411716440275482 -0.49523505957073477 -0.45321830265499247
  outer loop
   vertex -13.758813118930103 10.557508628714046 -2.163118960624634
   vertex -15.880204806272271 9.168440519687682 -4.114496766047311
   vertex -14.547625823111462 11.162785905093067 -4.114496766047311
  endloop
 endfacet
 facet normal 0.5885675477331844 -0.39326826236786117 -0.7063485793639772
  outer loop
   vertex -14.547625823111462 11.162785905093067 -4.114496766047311
   vertex -15.880204806272271 9.168440519687682 -4.114496766047311
   vertex -17.221350967640635 9.942751616976341 -5.663118960624631
  endloop
 endfacet
 facet normal 0.5885675477331844 -0.3932682623678602 -0.7063485793639778
  outer loop
   vertex -14.547625823111462 11.162785905093067 -4.114496766047311
   vertex -17.221350967640635 9.942751616976341 -5.663118960624631
   vertex -15.776230414028522 12.105527365258578 -5.663118960624631
  endloop
 endfacet
 facet normal 0.37812188868578567 -0.25265296854954045 -0.8906123257511088
  outer loop
   vertex -15.776230414028522 12.105527365258578 -5.663118960624631
   vertex -17.221350967640635 9.942751616976341 -5.663118960624631
   vertex -18.911293719517804 10.918440519687682 -6.657395614066075
  endloop
 endfacet
 facet normal 0.3781218886857858 -0.2526529685495409 -0.8906123257511086
  outer loop
   vertex -15.776230414028522 12.105527365258578 -5.663118960624631
   vertex -18.911293719517804 10.918440519687682 -6.657395614066075
   vertex -17.324362514130783 13.29345090662359 -6.657395614066075
  endloop
 endfacet
 facet normal 0.130342741242537 -0.08709223530610591 -0.9876364272113332
  outer loop
   vertex -17.324362514130783 13.29345090662359 -6.657395614066075
   vertex -18.911293719517804 10.918440519687682 -6.657395614066075
   vertex -20.784609690826528 11.999999999999998 -7.0
  endloop
 endfacet
 facet normal 0.13034274124253697 -0.08709223530610587 -0.9876364272113332
  outer loop
   vertex -17.324362514130783 13.29345090662359 -6.657395614066075
   vertex -20.784609690826528 11.999999999999998 -7.0
   vertex -19.040480166989642 14.610274296209301 -7.0
  endloop
 endfacet
 facet normal -0.13034274124253692 0.08709223530610581 -0.9876364272113332
  outer loop
   vertex -19.040480166989642 14.610274296209301 -7.0
   vertex -20.784609690826528 11.999999999999998 -7.0
   vertex -22.65792566213525 13.081559480312313 -6.6573956140660755
  endloop
 endfacet
 facet normal -0.130342741242537 0.08709223530610598 -0.9876364272113332
  outer loop
   vertex -19.040480166989642 14.610274296209301 -7.0
   vertex -22.65792566213525 13.081559480312313 -6.6573956140660755
   vertex -20.756597819848494 15.92709768579501 -6.6573956140660755
  endloop
 endfacet
 facet normal -0.3781218886857853 0.2526529685495407 -0.890612325751109
  outer loop
   vertex -20.756597819848494 15.92709768579501 -6.6573956140660755
   vertex -22.65792566213525 13.081559480312313 -6.6573956140660755
   vertex -24.347868414012417 14.057248383023653 -5.663118960624633
  endloop
 endfacet
 facet normal -0.37812188868578517 0.25265296854954056 -0.8906123257511089
  outer loop
   vertex -20.756597819848494 15.92709768579501 -6.6573956140660755
   vertex -24.347868414012417 14.057248383023653 -5.663118960624633
   vertex -22.30472991995076 17.11502122716002 -5.663118960624633
  endloop
 endfacet
 facet normal -0.5885675477331838 0.3932682623678605 -0.7063485793639781
  outer loop
   vertex -22.30472991995076 17.11502122716002 -5.663118960624633
   vertex -24.347868414012417 14.057248383023653 -5.663118960624633
   vertex -25.689014575380785 14.831559480312313 -4.1144967660473135
  endloop
 endfacet
 facet normal -0.5885675477331841 0.393268262367861 -0.7063485793639778
  outer loop
   vertex -22.30472991995076 17.11502122716002 -5.663118960624633
   vertex -25.689014575380785 14.831559480312313 -4.1144967660473135
   vertex -23.533334510867817 18.057762687325532 -4.1144967660473135
  endloop
 endfacet
 facet normal -0.7411716440275478 0.49523505957073455 -0.45321830265499347
  outer loop
   vertex -23.533334510867817 18.057762687325532 -4.1144967660473135
   vertex -25.689014575380785 14.831559480312313 -4.1144967660473135
   vertex -26.550083415650853 15.328697807033036 -2.163118960624634
  endloop
 endfacet
 facet normal -0.7411716440275475 0.4952350595707338 -0.45321830265499424
  outer loop
   vertex -23.533334510867817 18.057762687325532 -4.1144967660473135
   vertex -26.550083415650853 15.328697807033036 -2.163118960624634
   vertex -24.32214721504918 18.663039963704556 -2.163118960624634
  endloop
 endfacet
 facet normal -0.8212758281564528 0.5487589642136224 -0.15610769769977764
  outer loop
   vertex -24.32214721504918 18.663039963704556 -2.163118960624634
   vertex -26.550083415650853 15.328697807033036 -2.163118960624634
   vertex -26.8467875173176 15.499999999999998 -1.7145055188062944e-15
  endloop
 endfacet
 facet normal -0.8212758281564525 0.5487589642136229 -0.15610769769977642
  outer loop
   vertex -24.32214721504918 18.663039963704556 -2.163118960624634
   vertex -26.8467875173176 15.499999999999998 -1.7145055188062944e-15
   vertex -24.593953549028285 18.87160429927035 -1.7145055188062944e-15
  endloop
 endfacet
 facet normal -0.8858771176416591 0.4368662485907797 0.1561076976997773
  outer loop
   vertex -26.8467875173176 15.499999999999998 0.0
   vertex -28.64026550784989 11.863186403317787 0.0
   vertex -28.32374032793694 11.732077380965258 2.1631189606246317
  endloop
 endfacet
 facet normal -0.8858771176416591 0.43686624859077977 0.1561076976997776
  outer loop
   vertex -26.8467875173176 15.499999999999998 0.0
   vertex -28.32374032793694 11.732077380965258 2.1631189606246317
   vertex -26.550083415650853 15.328697807033036 2.1631189606246317
  endloop
 endfacet
 facet normal -0.7994719644467297 0.3942559425071663 0.45321830265499286
  outer loop
   vertex -26.550083415650853 15.328697807033036 2.1631189606246317
   vertex -28.32374032793694 11.732077380965258 2.1631189606246317
   vertex -27.40514847816857 11.351584178505812 4.114496766047312
  endloop
 endfacet
 facet normal -0.7994719644467305 0.39425594250716595 0.4532183026549918
  outer loop
   vertex -26.550083415650853 15.328697807033036 2.1631189606246317
   vertex -27.40514847816857 11.351584178505812 4.114496766047312
   vertex -25.68901457538079 14.831559480312315 4.114496766047312
  endloop
 endfacet
 facet normal -0.6348640795793234 0.31308031699611677 0.7063485793639777
  outer loop
   vertex -25.68901457538079 14.831559480312315 4.114496766047312
   vertex -27.40514847816857 11.351584178505812 4.114496766047312
   vertex -25.974408129005873 10.758952121648205 5.663118960624632
  endloop
 endfacet
 facet normal -0.634864079579322 0.3130803169961171 0.7063485793639788
  outer loop
   vertex -25.68901457538079 14.831559480312315 4.114496766047312
   vertex -25.974408129005873 10.758952121648205 5.663118960624632
   vertex -24.347868414012417 14.057248383023653 5.663118960624632
  endloop
 endfacet
 facet normal -0.4078648334483459 0.20113667705407176 0.8906123257511087
  outer loop
   vertex -24.347868414012417 14.057248383023653 5.663118960624632
   vertex -25.974408129005873 10.758952121648205 5.663118960624632
   vertex -24.17157011437907 10.012192165227997 6.657395614066075
  endloop
 endfacet
 facet normal -0.4078648334483463 0.20113667705407182 0.8906123257511087
  outer loop
   vertex -24.347868414012417 14.057248383023653 5.663118960624632
   vertex -24.17157011437907 10.012192165227997 6.657395614066075
   vertex -22.657925662135252 13.081559480312315 6.657395614066075
  endloop
 endfacet
 facet normal -0.14059545886872818 0.0693340074618857 0.9876364272113332
  outer loop
   vertex -22.657925662135252 13.081559480312315 6.657395614066075
   vertex -24.17157011437907 10.012192165227997 6.657395614066075
   vertex -22.17310878027088 9.184402376762158 7.0
  endloop
 endfacet
 facet normal -0.1405954588687283 0.0693340074618857 0.9876364272113333
  outer loop
   vertex -22.657925662135252 13.081559480312315 6.657395614066075
   vertex -22.17310878027088 9.184402376762158 7.0
   vertex -20.784609690826528 11.999999999999998 7.0
  endloop
 endfacet
 facet normal 0.14059545886872826 -0.06933400746188567 0.987636427211333
  outer loop
   vertex -20.784609690826528 11.999999999999998 7.0
   vertex -22.17310878027088 9.184402376762158 7.0
   vertex -20.174647446162698 8.356612588296318 6.6573956140660755
  endloop
 endfacet
 facet normal 0.14059545886872812 -0.0693340074618857 0.9876364272113332
  outer loop
   vertex -20.784609690826528 11.999999999999998 7.0
   vertex -20.174647446162698 8.356612588296318 6.6573956140660755
   vertex -18.911293719517808 10.918440519687683 6.6573956140660755
  endloop
 endfacet
 facet normal 0.40786483344834573 -0.20113667705407157 0.8906123257511088
  outer loop
   vertex -18.911293719517808 10.918440519687683 6.6573956140660755
   vertex -20.174647446162698 8.356612588296318 6.6573956140660755
   vertex -18.37180943153589 7.609852631876111 5.663118960624632
  endloop
 endfacet
 facet normal 0.40786483344834595 -0.20113667705407148 0.8906123257511089
  outer loop
   vertex -18.911293719517808 10.918440519687683 6.6573956140660755
   vertex -18.37180943153589 7.609852631876111 5.663118960624632
   vertex -17.22135096764064 9.942751616976343 5.663118960624632
  endloop
 endfacet
 facet normal 0.6348640795793231 -0.31308031699611716 0.7063485793639779
  outer loop
   vertex -17.22135096764064 9.942751616976343 5.663118960624632
   vertex -18.37180943153589 7.609852631876111 5.663118960624632
   vertex -16.941069082373193 7.017220575018504 4.114496766047313
  endloop
 endfacet
 facet normal 0.6348640795793233 -0.31308031699611694 0.7063485793639777
  outer loop
   vertex -17.22135096764064 9.942751616976343 5.663118960624632
   vertex -16.941069082373193 7.017220575018504 4.114496766047313
   vertex -15.880204806272273 9.168440519687683 4.114496766047313
  endloop
 endfacet
 facet normal 0.7994719644467299 -0.39425594250716595 0.4532183026549932
  outer loop
   vertex -15.880204806272273 9.168440519687683 4.114496766047313
   vertex -16.941069082373193 7.017220575018504 4.114496766047313
   vertex -16.022477232604825 6.636727372559056 2.1631189606246326
  endloop
 endfacet
 facet normal 0.7994719644467297 -0.394255942507166 0.4532183026549933
  outer loop
   vertex -15.880204806272273 9.168440519687683 4.114496766047313
   vertex -16.022477232604825 6.636727372559056 2.1631189606246326
   vertex -15.019135966002205 8.67130219296696 2.1631189606246326
  endloop
 endfacet
 facet normal 0.8858771176416592 -0.4368662485907796 0.15610769769977711
  outer loop
   vertex -15.019135966002205 8.67130219296696 2.1631189606246326
   vertex -16.022477232604825 6.636727372559056 2.1631189606246326
   vertex -15.705952052691874 6.505618350206528 8.572527594031472e-16
  endloop
 endfacet
 facet normal 0.8858771176416593 -0.4368662485907795 0.1561076976997769
  outer loop
   vertex -15.019135966002205 8.67130219296696 2.1631189606246326
   vertex -15.705952052691874 6.505618350206528 8.572527594031472e-16
   vertex -14.722431864335459 8.499999999999998 8.572527594031472e-16
  endloop
 endfacet
 facet normal 0.8858771176416593 -0.4368662485907794 -0.15610769769977692
  outer loop
   vertex -14.722431864335459 8.499999999999998 8.572527594031472e-16
   vertex -15.705952052691874 6.505618350206528 8.572527594031472e-16
   vertex -16.022477232604825 6.636727372559056 -2.163118960624634
  endloop
 endfacet
 facet normal 0.8858771176416593 -0.43686624859077966 -0.15610769769977667
  outer loop
   vertex -14.722431864335459 8.499999999999998 8.572527594031472e-16
   vertex -16.022477232604825 6.636727372559056 -2.163118960624634
   vertex -15.019135966002205 8.67130219296696 -2.163118960624634
  endloop
 endfacet
 facet normal 0.7994719644467295 -0.394255942507166 -0.45321830265499347
  outer loop
   vertex -15.019135966002205 8.67130219296696 -2.163118960624634
   vertex -16.022477232604825 6.636727372559056 -2.163118960624634
   vertex -16.941069082373193 7.017220575018502 -4.114496766047311
  endloop
 endfacet
 facet normal 0.7994719644467296 -0.39425594250716656 -0.453218302654993
  outer loop
   vertex -15.019135966002205 8.67130219296696 -2.163118960624634
   vertex -16.941069082373193 7.017220575018502 -4.114496766047311
   vertex -15.880204806272271 9.168440519687682 -4.114496766047311
  endloop
 endfacet
 facet normal 0.6348640795793238 -0.3130803169961177 -0.706348579363977
  outer loop
   vertex -15.880204806272271 9.168440519687682 -4.114496766047311
   vertex -16.941069082373193 7.017220575018502 -4.114496766047311
   vertex -18.371809431535887 7.609852631876109 -5.663118960624631
  endloop
 endfacet
 facet normal 0.6348640795793237 -0.3130803169961174 -0.7063485793639771
  outer loop
   vertex -15.880204806272271 9.168440519687682 -4.114496766047311
   vertex -18.371809431535887 7.609852631876109 -5.663118960624631
   vertex -17.221350967640635 9.942751616976341 -5.663118960624631
  endloop
 endfacet
 facet normal 0.40786483344834584 -0.20113667705407146 -0.8906123257511089
  outer loop
   vertex -17.221350967640635 9.942751616976341 -5.663118960624631
   vertex -18.371809431535887 7.609852631876109 -5.663118960624631
   vertex -20.174647446162695 8.356612588296317 -6.657395614066075
  endloop
 endfacet
 facet normal 0.40786483344834584 -0.2011366770540716 -0.8906123257511088
  outer loop
   vertex -17.221350967640635 9.942751616976341 -5.663118960624631
   vertex -20.174647446162695 8.356612588296317 -6.657395614066075
   vertex -18.911293719517804 10.918440519687682 -6.657395614066075
  endloop
 endfacet
 facet normal 0.1405954588687283 -0.06933400746188577 -0.987636427211333
  outer loop
   vertex -18.911293719517804 10.918440519687682 -6.657395614066075
   vertex -20.174647446162695 8.356612588296317 -6.657395614066075
   vertex -22.17310878027088 9.184402376762158 -7.0
  endloop
 endfacet
 facet normal 0.14059545886872823 -0.06933400746188569 -0.9876364272113332
  outer loop
   vertex -18.911293719517804 10.918440519687682 -6.657395614066075
   vertex -22.17310878027088 9.184402376762158 -7.0
   vertex -20.784609690826528 11.999999999999998 -7.0
  endloop
 endfacet
 facet normal -0.14059545886872807 0.06933400746188559 -0.987636427211333
  outer loop
   vertex -20.784609690826528 11.999999999999998 -7.0
   vertex -22.17310878027088 9.184402376762158 -7.0
   vertex -24.171570114379065 10.012192165227995 -6.6573956140660755
  endloop
 endfacet
 facet normal -0.14059545886872815 0.06933400746188569 -0.9876364272113333
  outer loop
   vertex -20.784609690826528 11.999999999999998 -7.0
   vertex -24.171570114379065 10.012192165227995 -6.6573956140660755
   vertex -22.65792566213525 13.081559480312313 -6.6573956140660755
  endloop
 endfacet
 facet normal -0.4078648334483454 0.20113667705407132 -0.8906123257511092
  outer loop
   vertex -22.65792566213525 13.081559480312313 -6.6573956140660755
   vertex -24.171570114379065 10.012192165227995 -6.6573956140660755
   vertex -25.974408129005873 10.758952121648205 -5.663118960624633
  endloop
 endfacet
 facet normal -0.40786483344834557 0.20113667705407162 -0.890612325751109
  outer loop
   vertex -22.65792566213525 13.081559480312313 -6.6573956140660755
   vertex -25.974408129005873 10.758952121648205 -5.663118960624633
   vertex -24.347868414012417 14.057248383023653 -5.663118960624633
  endloop
 endfacet
 facet normal -0.634864079579323 0.3130803169961175 -0.7063485793639779
  outer loop
   vertex -24.347868414012417 14.057248383023653 -5.663118960624633
   vertex -25.974408129005873 10.758952121648205 -5.663118960624633
   vertex -27.40514847816857 11.351584178505812 -4.1144967660473135
  endloop
 endfacet
 facet normal -0.6348640795793228 0.3130803169961172 -0.706348579363978
  outer loop
   vertex -24.347868414012417 14.057248383023653 -5.663118960624633
   vertex -27.40514847816857 11.351584178505812 -4.1144967660473135
   vertex -25.689014575380785 14.831559480312313 -4.1144967660473135
  endloop
 endfacet
 facet normal -0.7994719644467296 0.39425594250716656 -0.45321830265499297
  outer loop
   vertex -25.689014575380785 14.831559480312313 -4.1144967660473135
   vertex -27.40514847816857 11.351584178505812 -4.1144967660473135
   vertex -28.32374032793694 11.732077380965258 -2.163118960624634
  endloop
 endfacet
 facet normal -0.7994719644467295 0.3942559425071662 -0.45321830265499335
  outer loop
   vertex -25.689014575380785 14.831559480312313 -4.1144967660473135
   vertex -28.32374032793694 11.732077380965258 -2.163118960624634
   vertex -26.550083415650853 15.328697807033036 -2.163118960624634
  endloop
 endfacet
 facet normal -0.8858771176416592 0.4368662485907799 -0.1561076976997772
  outer loop
   vertex -26.550083415650853 15.328697807033036 -2.163118960624634
   vertex -28.32374032793694 11.732077380965258 -2.163118960624634
   vertex -28.64026550784989 11.863186403317787 -1.7145055188062944e-15
  endloop
 endfacet
 facet normal -0.8858771176416591 0.43686624859077966 -0.15610769769977756
  outer loop
   vertex -26.550083415650853 15.328697807033036 -2.163118960624634
   vertex -28.64026550784989 11.863186403317787 -1.7145055188062944e-15
   vertex -26.8467875173176 15.499999999999998 -1.7145055188062944e-15
  endloop
 endfacet
 facet normal -0.9353208040324787 0.3174986303323411 0.15610769769977678
  outer loop
   vertex -28.64026550784989 11.863186403317787 0.0
   vertex -29.943700614961113 8.023390398178151 0.0
   vertex -29.61277019038763 7.934717858162798 2.1631189606246317
  endloop
 endfacet
 facet normal -0.9353208040324786 0.3174986303323414 0.15610769769977723
  outer loop
   vertex -28.64026550784989 11.863186403317787 0.0
   vertex -29.61277019038763 7.934717858162798 2.1631189606246317
   vertex -28.32374032793694 11.732077380965258 2.1631189606246317
  endloop
 endfacet
 facet normal -0.8440930978987243 0.286530996958902 0.45321830265499247
  outer loop
   vertex -28.32374032793694 11.732077380965258 2.1631189606246317
   vertex -29.61277019038763 7.934717858162798 2.1631189606246317
   vertex -28.652372692352273 7.6773801241513535 4.114496766047312
  endloop
 endfacet
 facet normal -0.8440930978987239 0.2865309969589022 0.4532183026549929
  outer loop
   vertex -28.32374032793694 11.732077380965258 2.1631189606246317
   vertex -28.652372692352273 7.6773801241513535 4.114496766047312
   vertex -27.40514847816857 11.351584178505812 4.114496766047312
  endloop
 endfacet
 facet normal -0.6702979110062833 0.22753548059830686 0.7063485793639781
  outer loop
   vertex -27.40514847816857 11.351584178505812 4.114496766047312
   vertex -28.652372692352273 7.6773801241513535 4.114496766047312
   vertex -27.156518519445584 7.27656720652628 5.663118960624632
  endloop
 endfacet
 facet normal -0.6702979110062839 0.22753548059830667 0.7063485793639777
  outer loop
   vertex -27.40514847816857 11.351584178505812 4.114496766047312
   vertex -27.156518519445584 7.27656720652628 5.663118960624632
   vertex -25.974408129005873 10.758952121648205 5.663118960624632
  endloop
 endfacet
 facet normal -0.43062909782911 0.14617888124858439 0.8906123257511087
  outer loop
   vertex -25.974408129005873 10.758952121648205 5.663118960624632
   vertex -27.156518519445584 7.27656720652628 5.663118960624632
   vertex -25.271632300340535 6.77151346629253 6.657395614066075
  endloop
 endfacet
 facet normal -0.43062909782911 0.1461788812485844 0.8906123257511087
  outer loop
   vertex -25.974408129005873 10.758952121648205 5.663118960624632
   vertex -25.271632300340535 6.77151346629253 6.657395614066075
   vertex -24.17157011437907 10.012192165227997 6.657395614066075
  endloop
 endfacet
 facet normal -0.14844254921325029 0.05038945552697397 0.9876364272113332
  outer loop
   vertex -24.17157011437907 10.012192165227997 6.657395614066075
   vertex -25.271632300340535 6.77151346629253 6.657395614066075
   vertex -23.182219830937637 6.211657082460505 7.0
  endloop
 endfacet
 facet normal -0.14844254921325004 0.05038945552697405 0.9876364272113332
  outer loop
   vertex -24.17157011437907 10.012192165227997 6.657395614066075
   vertex -23.182219830937637 6.211657082460505 7.0
   vertex -22.17310878027088 9.184402376762158 7.0
  endloop
 endfacet
 facet normal 0.1484425492132501 -0.050389455526974054 0.987636427211333
  outer loop
   vertex -22.17310878027088 9.184402376762158 7.0
   vertex -23.182219830937637 6.211657082460505 7.0
   vertex -21.092807361534742 5.65180069862848 6.6573956140660755
  endloop
 endfacet
 facet normal 0.1484425492132501 -0.05038945552697406 0.9876364272113332
  outer loop
   vertex -22.17310878027088 9.184402376762158 7.0
   vertex -21.092807361534742 5.65180069862848 6.6573956140660755
   vertex -20.174647446162698 8.356612588296318 6.6573956140660755
  endloop
 endfacet
 facet normal 0.43062909782910963 -0.14617888124858472 0.8906123257511088
  outer loop
   vertex -20.174647446162698 8.356612588296318 6.6573956140660755
   vertex -21.092807361534742 5.65180069862848 6.6573956140660755
   vertex -19.20792114242969 5.146746958394729 5.663118960624632
  endloop
 endfacet
 facet normal 0.43062909782910963 -0.14617888124858477 0.890612325751109
  outer loop
   vertex -20.174647446162698 8.356612588296318 6.6573956140660755
   vertex -19.20792114242969 5.146746958394729 5.663118960624632
   vertex -18.37180943153589 7.609852631876111 5.663118960624632
  endloop
 endfacet
 facet normal 0.6702979110062838 -0.22753548059830742 0.7063485793639775
  outer loop
   vertex -18.37180943153589 7.609852631876111 5.663118960624632
   vertex -19.20792114242969 5.146746958394729 5.663118960624632
   vertex -17.712066969523004 4.745934040769656 4.114496766047313
  endloop
 endfacet
 facet normal 0.6702979110062834 -0.22753548059830775 0.7063485793639779
  outer loop
   vertex -18.37180943153589 7.609852631876111 5.663118960624632
   vertex -17.712066969523004 4.745934040769656 4.114496766047313
   vertex -16.941069082373193 7.017220575018504 4.114496766047313
  endloop
 endfacet
 facet normal 0.8440930978987232 -0.286530996958903 0.4532183026549937
  outer loop
   vertex -16.941069082373193 7.017220575018504 4.114496766047313
   vertex -17.712066969523004 4.745934040769656 4.114496766047313
   vertex -16.751669471487645 4.488596306758211 2.1631189606246326
  endloop
 endfacet
 facet normal 0.8440930978987237 -0.2865309969589026 0.45321830265499313
  outer loop
   vertex -16.941069082373193 7.017220575018504 4.114496766047313
   vertex -16.751669471487645 4.488596306758211 2.1631189606246326
   vertex -16.022477232604825 6.636727372559056 2.1631189606246326
  endloop
 endfacet
 facet normal 0.9353208040324785 -0.3174986303323422 0.1561076976997769
  outer loop
   vertex -16.022477232604825 6.636727372559056 2.1631189606246326
   vertex -16.751669471487645 4.488596306758211 2.1631189606246326
   vertex -16.42073904691416 4.399923766742857 8.572527594031472e-16
  endloop
 endfacet
 facet normal 0.9353208040324783 -0.31749863033234244 0.15610769769977711
  outer loop
   vertex -16.022477232604825 6.636727372559056 2.1631189606246326
   vertex -16.42073904691416 4.399923766742857 8.572527594031472e-16
   vertex -15.705952052691874 6.505618350206528 8.572527594031472e-16
  endloop
 endfacet
 facet normal 0.9353208040324783 -0.31749863033234244 -0.15610769769977664
  outer loop
   vertex -15.705952052691874 6.505618350206528 8.572527594031472e-16
   vertex -16.42073904691416 4.399923766742857 8.572527594031472e-16
   vertex -16.751669471487645 4.488596306758211 -2.163118960624634
  endloop
 endfacet
 facet normal 0.9353208040324784 -0.31749863033234227 -0.1561076976997769
  outer loop
   vertex -15.705952052691874 6.505618350206528 8.572527594031472e-16
   vertex -16.751669471487645 4.488596306758211 -2.163118960624634
   vertex -16.022477232604825 6.636727372559056 -2.163118960624634
  endloop
 endfacet
 facet normal 0.8440930978987238 -0.2865309969589026 -0.45321830265499297
  outer loop
   vertex -16.022477232604825 6.636727372559056 -2.163118960624634
   vertex -16.751669471487645 4.488596306758211 -2.163118960624634
   vertex -17.712066969523 4.745934040769655 -4.114496766047311
  endloop
 endfacet
 facet normal 0.8440930978987238 -0.28653099695890205 -0.4532183026549936
  outer loop
   vertex -16.022477232604825 6.636727372559056 -2.163118960624634
   vertex -17.712066969523 4.745934040769655 -4.114496766047311
   vertex -16.941069082373193 7.017220575018502 -4.114496766047311
  endloop
 endfacet
 facet normal 0.6702979110062841 -0.22753548059830708 -0.7063485793639772
  outer loop
   vertex -16.941069082373193 7.017220575018502 -4.114496766047311
   vertex -17.712066969523 4.745934040769655 -4.114496766047311
   vertex -19.207921142429687 5.146746958394728 -5.663118960624631
  endloop
 endfacet
 facet normal 0.6702979110062843 -0.22753548059830772 -0.7063485793639769
  outer loop
   vertex -16.941069082373193 7.017220575018502 -4.114496766047311
   vertex -19.207921142429687 5.146746958394728 -5.663118960624631
   vertex -18.371809431535887 7.609852631876109 -5.663118960624631
  endloop
 endfacet
 facet normal 0.43062909782910963 -0.1461788812485848 -0.8906123257511088
  outer loop
   vertex -18.371809431535887 7.609852631876109 -5.663118960624631
   vertex -19.207921142429687 5.146746958394728 -5.663118960624631
   vertex -21.09280736153474 5.651800698628479 -6.657395614066075
  endloop
 endfacet
 facet normal 0.43062909782910963 -0.14617888124858475 -0.8906123257511089
  outer loop
   vertex -18.371809431535887 7.609852631876109 -5.663118960624631
   vertex -21.09280736153474 5.651800698628479 -6.657395614066075
   vertex -20.174647446162695 8.356612588296317 -6.657395614066075
  endloop
 endfacet
 facet normal 0.1484425492132502 -0.0503894555269741 -0.987636427211333
  outer loop
   vertex -20.174647446162695 8.356612588296317 -6.657395614066075
   vertex -21.09280736153474 5.651800698628479 -6.657395614066075
   vertex -23.182219830937637 6.211657082460505 -7.0
  endloop
 endfacet
 facet normal 0.14844254921325023 -0.05038945552697411 -0.9876364272113332
  outer loop
   vertex -20.174647446162695 8.356612588296317 -6.657395614066075
   vertex -23.182219830937637 6.211657082460505 -7.0
   vertex -22.17310878027088 9.184402376762158 -7.0
  endloop
 endfacet
 facet normal -0.14844254921325012 0.05038945552697407 -0.987636427211333
  outer loop
   vertex -22.17310878027088 9.184402376762158 -7.0
   vertex -23.182219830937637 6.211657082460505 -7.0
   vertex -25.27163230034053 6.771513466292529 -6.6573956140660755
  endloop
 endfacet
 facet normal -0.14844254921324995 0.05038945552697388 -0.9876364272113333
  outer loop
   vertex -22.17310878027088 9.184402376762158 -7.0
   vertex -25.27163230034053 6.771513466292529 -6.6573956140660755
   vertex -24.171570114379065 10.012192165227995 -6.6573956140660755
  endloop
 endfacet
 facet normal -0.43062909782910946 0.14617888124858427 -0.890612325751109
  outer loop
   vertex -24.171570114379065 10.012192165227995 -6.6573956140660755
   vertex -25.27163230034053 6.771513466292529 -6.6573956140660755
   vertex -27.156518519445584 7.27656720652628 -5.663118960624633
  endloop
 endfacet
 facet normal -0.43062909782910935 0.1461788812485842 -0.8906123257511092
  outer loop
   vertex -24.171570114379065 10.012192165227995 -6.6573956140660755
   vertex -27.156518519445584 7.27656720652628 -5.663118960624633
   vertex -25.974408129005873 10.758952121648205 -5.663118960624633
  endloop
 endfacet
 facet normal -0.670297911006284 0.22753548059830667 -0.7063485793639775
  outer loop
   vertex -25.974408129005873 10.758952121648205 -5.663118960624633
   vertex -27.156518519445584 7.27656720652628 -5.663118960624633
   vertex -28.65237269235227 7.677380124151353 -4.1144967660473135
  endloop
 endfacet
 facet normal -0.6702979110062838 0.22753548059830636 -0.7063485793639779
  outer loop
   vertex -25.974408129005873 10.758952121648205 -5.663118960624633
   vertex -28.65237269235227 7.677380124151353 -4.1144967660473135
   vertex -27.40514847816857 11.351584178505812 -4.1144967660473135
  endloop
 endfacet
 facet normal -0.8440930978987238 0.2865309969589013 -0.45321830265499385
  outer loop
   vertex -27.40514847816857 11.351584178505812 -4.1144967660473135
   vertex -28.65237269235227 7.677380124151353 -4.1144967660473135
   vertex -29.61277019038763 7.934717858162798 -2.163118960624634
  endloop
 endfacet
 facet normal -0.844093097898724 0.28653099695890183 -0.45321830265499297
  outer loop
   vertex -27.40514847816857 11.351584178505812 -4.1144967660473135
   vertex -29.61277019038763 7.934717858162798 -2.163118960624634
   vertex -28.32374032793694 11.732077380965258 -2.163118960624634
  endloop
 endfacet
 facet normal -0.9353208040324786 0.3174986303323414 -0.15610769769977673
  outer loop
   vertex -28.32374032793694 11.732077380965258 -2.163118960624634
   vertex -29.61277019038763 7.934717858162798 -2.163118960624634
   vertex -29.943700614961113 8.023390398178151 -1.7145055188062944e-15
  endloop
 endfacet
 facet normal -0.9353208040324787 0.3174986303323411 -0.1561076976997772
  outer loop
   vertex -28.32374032793694 11.732077380965258 -2.163118960624634
   vertex -29.943700614961113 8.023390398178151 -1.7145055188062944e-15
   vertex -28.64026550784989 11.863186403317787 -1.7145055188062944e-15
  endloop
 endfacet
 facet normal -0.9687608921463838 0.19269852248166702 0.15610769769977675
  outer loop
   vertex -29.943700614961113 8.023390398178151 0.0
   vertex -30.73479070258812 4.046311958821599 0.0
   vertex -30.395117344669803 4.001593112887755 2.1631189606246317
  endloop
 endfacet
 facet normal -0.9687608921463838 0.19269852248166702 0.15610769769977675
  outer loop
   vertex -29.943700614961113 8.023390398178151 0.0
   vertex -30.395117344669803 4.001593112887755 2.1631189606246317
   vertex -29.61277019038763 7.934717858162798 2.1631189606246317
  endloop
 endfacet
 facet normal -0.8742715644188515 0.17390342661127117 0.4532183026549926
  outer loop
   vertex -29.61277019038763 7.934717858162798 2.1631189606246317
   vertex -30.395117344669803 4.001593112887755 2.1631189606246317
   vertex -29.409346865831335 3.8718139673007474 4.114496766047312
  endloop
 endfacet
 facet normal -0.8742715644188515 0.17390342661127112 0.45321830265499247
  outer loop
   vertex -29.61277019038763 7.934717858162798 2.1631189606246317
   vertex -29.409346865831335 3.8718139673007474 4.114496766047312
   vertex -28.652372692352273 7.6773801241513535 4.114496766047312
  endloop
 endfacet
 facet normal -0.6942627593342352 0.13809744904270663 0.7063485793639787
  outer loop
   vertex -28.652372692352273 7.6773801241513535 4.114496766047312
   vertex -29.409346865831335 3.8718139673007474 4.114496766047312
   vertex -27.873973348808214 3.6696782090551094 5.663118960624632
  endloop
 endfacet
 facet normal -0.6942627593342358 0.13809744904270627 0.706348579363978
  outer loop
   vertex -28.652372692352273 7.6773801241513535 4.114496766047312
   vertex -27.873973348808214 3.6696782090551094 5.663118960624632
   vertex -27.156518519445584 7.27656720652628 5.663118960624632
  endloop
 endfacet
 facet normal -0.44602517895307625 0.08871992425649182 0.8906123257511087
  outer loop
   vertex -27.156518519445584 7.27656720652628 5.663118960624632
   vertex -27.873973348808214 3.6696782090551094 5.663118960624632
   vertex -25.939289851023 3.4149722945305667 6.657395614066075
  endloop
 endfacet
 facet normal -0.44602517895307586 0.08871992425649196 0.8906123257511087
  outer loop
   vertex -27.156518519445584 7.27656720652628 5.663118960624632
   vertex -25.939289851023 3.4149722945305667 6.657395614066075
   vertex -25.271632300340535 6.77151346629253 6.657395614066075
  endloop
 endfacet
 facet normal -0.15374974638468344 0.030582726037399397 0.987636427211333
  outer loop
   vertex -25.271632300340535 6.77151346629253 6.657395614066075
   vertex -25.939289851023 3.4149722945305667 6.657395614066075
   vertex -23.79467667297145 3.1326286132812378 7.0
  endloop
 endfacet
 facet normal -0.15374974638468353 0.030582726037399376 0.9876364272113332
  outer loop
   vertex -25.271632300340535 6.77151346629253 6.657395614066075
   vertex -23.79467667297145 3.1326286132812378 7.0
   vertex -23.182219830937637 6.211657082460505 7.0
  endloop
 endfacet
 facet normal 0.15374974638468328 -0.030582726037399317 0.9876364272113332
  outer loop
   vertex -23.182219830937637 6.211657082460505 7.0
   vertex -23.79467667297145 3.1326286132812378 7.0
   vertex -21.650063494919902 2.8502849320319092 6.6573956140660755
  endloop
 endfacet
 facet normal 0.1537497463846834 -0.030582726037399286 0.987636427211333
  outer loop
   vertex -23.182219830937637 6.211657082460505 7.0
   vertex -21.650063494919902 2.8502849320319092 6.6573956140660755
   vertex -21.092807361534742 5.65180069862848 6.6573956140660755
  endloop
 endfacet
 facet normal 0.4460251789530759 -0.08871992425649165 0.8906123257511087
  outer loop
   vertex -21.092807361534742 5.65180069862848 6.6573956140660755
   vertex -21.650063494919902 2.8502849320319092 6.6573956140660755
   vertex -19.715379997134683 2.595579017507366 5.663118960624632
  endloop
 endfacet
 facet normal 0.44602517895307553 -0.08871992425649183 0.8906123257511089
  outer loop
   vertex -21.092807361534742 5.65180069862848 6.6573956140660755
   vertex -19.715379997134683 2.595579017507366 5.663118960624632
   vertex -19.20792114242969 5.146746958394729 5.663118960624632
  endloop
 endfacet
 facet normal 0.6942627593342358 -0.13809744904270657 0.7063485793639781
  outer loop
   vertex -19.20792114242969 5.146746958394729 5.663118960624632
   vertex -19.715379997134683 2.595579017507366 5.663118960624632
   vertex -18.180006480111565 2.3934432592617285 4.114496766047313
  endloop
 endfacet
 facet normal 0.6942627593342365 -0.13809744904270596 0.7063485793639775
  outer loop
   vertex -19.20792114242969 5.146746958394729 5.663118960624632
   vertex -18.180006480111565 2.3934432592617285 4.114496766047313
   vertex -17.712066969523004 4.745934040769656 4.114496766047313
  endloop
 endfacet
 facet normal 0.8742715644188517 -0.17390342661127 0.4532183026549926
  outer loop
   vertex -17.712066969523004 4.745934040769656 4.114496766047313
   vertex -18.180006480111565 2.3934432592617285 4.114496766047313
   vertex -17.194236001273097 2.263664113674721 2.1631189606246326
  endloop
 endfacet
 facet normal 0.8742715644188508 -0.17390342661127114 0.45321830265499374
  outer loop
   vertex -17.712066969523004 4.745934040769656 4.114496766047313
   vertex -17.194236001273097 2.263664113674721 2.1631189606246326
   vertex -16.751669471487645 4.488596306758211 2.1631189606246326
  endloop
 endfacet
 facet normal 0.9687608921463836 -0.19269852248166705 0.15610769769977828
  outer loop
   vertex -16.751669471487645 4.488596306758211 2.1631189606246326
   vertex -17.194236001273097 2.263664113674721 2.1631189606246326
   vertex -16.854562643354775 2.2189452677408767 8.572527594031472e-16
  endloop
 endfacet
 facet normal 0.9687608921463841 -0.1926985224816657 0.1561076976997768
  outer loop
   vertex -16.751669471487645 4.488596306758211 2.1631189606246326
   vertex -16.854562643354775 2.2189452677408767 8.572527594031472e-16
   vertex -16.42073904691416 4.399923766742857 8.572527594031472e-16
  endloop
 endfacet
 facet normal 0.968760892146384 -0.1926985224816657 -0.1561076976997781
  outer loop
   vertex -16.42073904691416 4.399923766742857 8.572527594031472e-16
   vertex -16.854562643354775 2.2189452677408767 8.572527594031472e-16
   vertex -17.194236001273097 2.263664113674721 -2.163118960624634
  endloop
 endfacet
 facet normal 0.968760892146384 -0.1926985224816671 -0.15610769769977662
  outer loop
   vertex -16.42073904691416 4.399923766742857 8.572527594031472e-16
   vertex -17.194236001273097 2.263664113674721 -2.163118960624634
   vertex -16.751669471487645 4.488596306758211 -2.163118960624634
  endloop
 endfacet
 facet normal 0.8742715644188517 -0.1739034266112713 -0.4532183026549918
  outer loop
   vertex -16.751669471487645 4.488596306758211 -2.163118960624634
   vertex -17.194236001273097 2.263664113674721 -2.163118960624634
   vertex -18.18000648011156 2.393443259261728 -4.114496766047311
  endloop
 endfacet
 facet normal 0.8742715644188513 -0.17390342661126995 -0.4532183026549929
  outer loop
   vertex -16.751669471487645 4.488596306758211 -2.163118960624634
   vertex -18.18000648011156 2.393443259261728 -4.114496766047311
   vertex -17.712066969523 4.745934040769655 -4.114496766047311
  endloop
 endfacet
 facet normal 0.6942627593342362 -0.13809744904270593 -0.7063485793639779
  outer loop
   vertex -17.712066969523 4.745934040769655 -4.114496766047311
   vertex -18.18000648011156 2.393443259261728 -4.114496766047311
   vertex -19.71537999713468 2.5955790175073656 -5.663118960624631
  endloop
 endfacet
 facet normal 0.6942627593342365 -0.1380974490427068 -0.7063485793639771
  outer loop
   vertex -17.712066969523 4.745934040769655 -4.114496766047311
   vertex -19.71537999713468 2.5955790175073656 -5.663118960624631
   vertex -19.207921142429687 5.146746958394728 -5.663118960624631
  endloop
 endfacet
 facet normal 0.44602517895307586 -0.08871992425649194 -0.8906123257511087
  outer loop
   vertex -19.207921142429687 5.146746958394728 -5.663118960624631
   vertex -19.71537999713468 2.5955790175073656 -5.663118960624631
   vertex -21.6500634949199 2.850284932031909 -6.657395614066075
  endloop
 endfacet
 facet normal 0.4460251789530756 -0.08871992425649164 -0.8906123257511088
  outer loop
   vertex -19.207921142429687 5.146746958394728 -5.663118960624631
   vertex -21.6500634949199 2.850284932031909 -6.657395614066075
   vertex -21.09280736153474 5.651800698628479 -6.657395614066075
  endloop
 endfacet
 facet normal 0.15374974638468342 -0.0305827260373993 -0.9876364272113332
  outer loop
   vertex -21.09280736153474 5.651800698628479 -6.657395614066075
   vertex -21.6500634949199 2.850284932031909 -6.657395614066075
   vertex -23.79467667297145 3.1326286132812378 -7.0
  endloop
 endfacet
 facet normal 0.15374974638468347 -0.030582726037399352 -0.987636427211333
  outer loop
   vertex -21.09280736153474 5.651800698628479 -6.657395614066075
   vertex -23.79467667297145 3.1326286132812378 -7.0
   vertex -23.182219830937637 6.211657082460505 -7.0
  endloop
 endfacet
 facet normal -0.1537497463846833 0.030582726037399324 -0.9876364272113332
  outer loop
   vertex -23.182219830937637 6.211657082460505 -7.0
   vertex -23.79467667297145 3.1326286132812378 -7.0
   vertex -25.939289851022995 3.4149722945305663 -6.6573956140660755
  endloop
 endfacet
 facet normal -0.15374974638468336 0.030582726037399387 -0.9876364272113332
  outer loop
   vertex -23.182219830937637 6.211657082460505 -7.0
   vertex -25.939289851022995 3.4149722945305663 -6.6573956140660755
   vertex -25.27163230034053 6.771513466292529 -6.6573956140660755
  endloop
 endfacet
 facet normal -0.44602517895307553 0.08871992425649187 -0.8906123257511088
  outer loop
   vertex -25.27163230034053 6.771513466292529 -6.6573956140660755
   vertex -25.939289851022995 3.4149722945305663 -6.6573956140660755
   vertex -27.873973348808214 3.6696782090551094 -5.663118960624633
  endloop
 endfacet
 facet normal -0.4460251789530753 0.08871992425649161 -0.890612325751109
  outer loop
   vertex -25.27163230034053 6.771513466292529 -6.6573956140660755
   vertex -27.873973348808214 3.6696782090551094 -5.663118960624633
   vertex -27.156518519445584 7.27656720652628 -5.663118960624633
  endloop
 endfacet
 facet normal -0.6942627593342358 0.1380974490427063 -0.706348579363978
  outer loop
   vertex -27.156518519445584 7.27656720652628 -5.663118960624633
   vertex -27.873973348808214 3.6696782090551094 -5.663118960624633
   vertex -29.40934686583133 3.871813967300747 -4.1144967660473135
  endloop
 endfacet
 facet normal -0.6942627593342362 0.13809744904270693 -0.7063485793639775
  outer loop
   vertex -27.156518519445584 7.27656720652628 -5.663118960624633
   vertex -29.40934686583133 3.871813967300747 -4.1144967660473135
   vertex -28.65237269235227 7.677380124151353 -4.1144967660473135
  endloop
 endfacet
 facet normal -0.8742715644188507 0.17390342661127098 -0.45321830265499385
  outer loop
   vertex -28.65237269235227 7.677380124151353 -4.1144967660473135
   vertex -29.40934686583133 3.871813967300747 -4.1144967660473135
   vertex -30.395117344669803 4.001593112887755 -2.163118960624634
  endloop
 endfacet
 facet normal -0.8742715644188508 0.17390342661127103 -0.45321830265499385
  outer loop
   vertex -28.65237269235227 7.677380124151353 -4.1144967660473135
   vertex -30.395117344669803 4.001593112887755 -2.163118960624634
   vertex -29.61277019038763 7.934717858162798 -2.163118960624634
  endloop
 endfacet
 facet normal -0.9687608921463838 0.19269852248166702 -0.15610769769977662
  outer loop
   vertex -29.61277019038763 7.934717858162798 -2.163118960624634
   vertex -30.395117344669803 4.001593112887755 -2.163118960624634
   vertex -30.73479070258812 4.046311958821599 -1.7145055188062944e-15
  endloop
 endfacet
 facet normal -0.9687608921463838 0.192698522481667 -0.15610769769977673
  outer loop
   vertex -29.61277019038763 7.934717858162798 -2.163118960624634
   vertex -30.73479070258812 4.046311958821599 -1.7145055188062944e-15
   vertex -29.943700614961113 8.023390398178151 -1.7145055188062944e-15
  endloop
 endfacet
 facet normal -0.9856252128044023 0.06460128948520702 0.15610769769977703
  outer loop
   vertex -30.73479070258812 4.046311958821599 0.0
   vertex -31.0 3.796405077356795e-15 0.0
   vertex -30.657395614066075 3.754448140896012e-15 2.1631189606246317
  endloop
 endfacet
 facet normal -0.9856252128044025 0.06460128948520684 0.1561076976997767
  outer loop
   vertex -30.73479070258812 4.046311958821599 0.0
   vertex -30.657395614066075 3.754448140896012e-15 2.1631189606246317
   vertex -30.395117344669803 4.001593112887755 2.1631189606246317
  endloop
 endfacet
 facet normal -0.8894910020779011 0.05830032041918211 0.4532183026549922
  outer loop
   vertex -30.395117344669803 4.001593112887755 2.1631189606246317
   vertex -30.657395614066075 3.754448140896012e-15 2.1631189606246317
   vertex -29.663118960624633 3.632684368785612e-15 4.114496766047312
  endloop
 endfacet
 facet normal -0.8894910020779009 0.058300320419182323 0.4532183026549926
  outer loop
   vertex -30.395117344669803 4.001593112887755 2.1631189606246317
   vertex -29.663118960624633 3.632684368785612e-15 4.114496766047312
   vertex -29.409346865831335 3.8718139673007474 4.114496766047312
  endloop
 endfacet
 facet normal -0.7063485793639771 0.04629653184613953 0.7063485793639783
  outer loop
   vertex -29.409346865831335 3.8718139673007474 4.114496766047312
   vertex -29.663118960624633 3.632684368785612e-15 4.114496766047312
   vertex -28.11449676604731 3.443032847417845e-15 5.663118960624632
  endloop
 endfacet
 facet normal -0.706348579363977 0.04629653184613973 0.7063485793639788
  outer loop
   vertex -29.409346865831335 3.8718139673007474 4.114496766047312
   vertex -28.11449676604731 3.443032847417845e-15 5.663118960624632
   vertex -27.873973348808214 3.6696782090551094 5.663118960624632
  endloop
 endfacet
 facet normal -0.4537896456036127 0.02974294476256088 0.8906123257511087
  outer loop
   vertex -27.873973348808214 3.6696782090551094 5.663118960624632
   vertex -28.11449676604731 3.443032847417845e-15 5.663118960624632
   vertex -26.163118960624633 3.2040579890840384e-15 6.657395614066075
  endloop
 endfacet
 facet normal -0.45378964560361285 0.029742944762560796 0.8906123257511086
  outer loop
   vertex -27.873973348808214 3.6696782090551094 5.663118960624632
   vertex -26.163118960624633 3.2040579890840384e-15 6.657395614066075
   vertex -25.939289851023 3.4149722945305667 6.657395614066075
  endloop
 endfacet
 facet normal -0.15642624276799175 0.010252717626191383 0.9876364272113332
  outer loop
   vertex -25.939289851023 3.4149722945305667 6.657395614066075
   vertex -26.163118960624633 3.2040579890840384e-15 6.657395614066075
   vertex -24.0 2.9391523179536475e-15 7.0
  endloop
 endfacet
 facet normal -0.15642624276799175 0.010252717626191394 0.9876364272113332
  outer loop
   vertex -25.939289851023 3.4149722945305667 6.657395614066075
   vertex -24.0 2.9391523179536475e-15 7.0
   vertex -23.79467667297145 3.1326286132812378 7.0
  endloop
 endfacet
 facet normal 0.15642624276799158 -0.010252717626191373 0.987636427211333
  outer loop
   vertex -23.79467667297145 3.1326286132812378 7.0
   vertex -24.0 2.9391523179536475e-15 7.0
   vertex -21.83688103937537 2.6742466468232574e-15 6.6573956140660755
  endloop
 endfacet
 facet normal 0.1564262427679916 -0.01025271762619138 0.9876364272113332
  outer loop
   vertex -23.79467667297145 3.1326286132812378 7.0
   vertex -21.83688103937537 2.6742466468232574e-15 6.6573956140660755
   vertex -21.650063494919902 2.8502849320319092 6.6573956140660755
  endloop
 endfacet
 facet normal 0.4537896456036124 -0.029742944762560758 0.8906123257511087
  outer loop
   vertex -21.650063494919902 2.8502849320319092 6.6573956140660755
   vertex -21.83688103937537 2.6742466468232574e-15 6.6573956140660755
   vertex -19.88550323395269 2.4352717884894504e-15 5.663118960624632
  endloop
 endfacet
 facet normal 0.45378964560361257 -0.029742944762560616 0.8906123257511088
  outer loop
   vertex -21.650063494919902 2.8502849320319092 6.6573956140660755
   vertex -19.88550323395269 2.4352717884894504e-15 5.663118960624632
   vertex -19.715379997134683 2.595579017507366 5.663118960624632
  endloop
 endfacet
 facet normal 0.7063485793639779 -0.04629653184613944 0.7063485793639779
  outer loop
   vertex -19.715379997134683 2.595579017507366 5.663118960624632
   vertex -19.88550323395269 2.4352717884894504e-15 5.663118960624632
   vertex -18.33688103937537 2.245620267121684e-15 4.114496766047313
  endloop
 endfacet
 facet normal 0.7063485793639775 -0.04629653184613972 0.7063485793639781
  outer loop
   vertex -19.715379997134683 2.595579017507366 5.663118960624632
   vertex -18.33688103937537 2.245620267121684e-15 4.114496766047313
   vertex -18.180006480111565 2.3934432592617285 4.114496766047313
  endloop
 endfacet
 facet normal 0.8894910020779004 -0.058300320419182476 0.45321830265499347
  outer loop
   vertex -18.180006480111565 2.3934432592617285 4.114496766047313
   vertex -18.33688103937537 2.245620267121684e-15 4.114496766047313
   vertex -17.342604385933925 2.123856495011283e-15 2.1631189606246326
  endloop
 endfacet
 facet normal 0.8894910020779009 -0.05830032041918152 0.45321830265499247
  outer loop
   vertex -18.180006480111565 2.3934432592617285 4.114496766047313
   vertex -17.342604385933925 2.123856495011283e-15 2.1631189606246326
   vertex -17.194236001273097 2.263664113674721 2.1631189606246326
  endloop
 endfacet
 facet normal 0.9856252128044024 -0.06460128948520623 0.15610769769977706
  outer loop
   vertex -17.194236001273097 2.263664113674721 2.1631189606246326
   vertex -17.342604385933925 2.123856495011283e-15 2.1631189606246326
   vertex -17.0 2.0818995585505003e-15 8.572527594031472e-16
  endloop
 endfacet
 facet normal 0.9856252128044022 -0.06460128948520745 0.1561076976997783
  outer loop
   vertex -17.194236001273097 2.263664113674721 2.1631189606246326
   vertex -17.0 2.0818995585505003e-15 8.572527594031472e-16
   vertex -16.854562643354775 2.2189452677408767 8.572527594031472e-16
  endloop
 endfacet
 facet normal 0.9856252128044024 -0.06460128948520745 -0.15610769769977684
  outer loop
   vertex -16.854562643354775 2.2189452677408767 8.572527594031472e-16
   vertex -17.0 2.0818995585505003e-15 8.572527594031472e-16
   vertex -17.342604385933925 2.123856495011283e-15 -2.163118960624634
  endloop
 endfacet
 facet normal 0.9856252128044024 -0.06460128948520626 -0.1561076976997781
  outer loop
   vertex -16.854562643354775 2.2189452677408767 8.572527594031472e-16
   vertex -17.342604385933925 2.123856495011283e-15 -2.163118960624634
   vertex -17.194236001273097 2.263664113674721 -2.163118960624634
  endloop
 endfacet
 facet normal 0.8894910020779009 -0.05830032041918154 -0.45321830265499274
  outer loop
   vertex -17.194236001273097 2.263664113674721 -2.163118960624634
   vertex -17.342604385933925 2.123856495011283e-15 -2.163118960624634
   vertex -18.336881039375367 2.2456202671216836e-15 -4.114496766047311
  endloop
 endfacet
 facet normal 0.8894910020779011 -0.05830032041918251 -0.45321830265499186
  outer loop
   vertex -17.194236001273097 2.263664113674721 -2.163118960624634
   vertex -18.336881039375367 2.2456202671216836e-15 -4.114496766047311
   vertex -18.18000648011156 2.393443259261728 -4.114496766047311
  endloop
 endfacet
 facet normal 0.706348579363978 -0.04629653184613975 -0.7063485793639775
  outer loop
   vertex -18.18000648011156 2.393443259261728 -4.114496766047311
   vertex -18.336881039375367 2.2456202671216836e-15 -4.114496766047311
   vertex -19.885503233952686 2.43527178848945e-15 -5.663118960624631
  endloop
 endfacet
 facet normal 0.7063485793639778 -0.0462965318461394 -0.7063485793639778
  outer loop
   vertex -18.18000648011156 2.393443259261728 -4.114496766047311
   vertex -19.885503233952686 2.43527178848945e-15 -5.663118960624631
   vertex -19.71537999713468 2.5955790175073656 -5.663118960624631
  endloop
 endfacet
 facet normal 0.4537896456036124 -0.02974294476256064 -0.8906123257511088
  outer loop
   vertex -19.71537999713468 2.5955790175073656 -5.663118960624631
   vertex -19.885503233952686 2.43527178848945e-15 -5.663118960624631
   vertex -21.836881039375367 2.674246646823257e-15 -6.657395614066075
  endloop
 endfacet
 facet normal 0.45378964560361246 -0.02974294476256075 -0.8906123257511087
  outer loop
   vertex -19.71537999713468 2.5955790175073656 -5.663118960624631
   vertex -21.836881039375367 2.674246646823257e-15 -6.657395614066075
   vertex -21.6500634949199 2.850284932031909 -6.657395614066075
  endloop
 endfacet
 facet normal 0.15642624276799172 -0.010252717626191385 -0.987636427211333
  outer loop
   vertex -21.6500634949199 2.850284932031909 -6.657395614066075
   vertex -21.836881039375367 2.674246646823257e-15 -6.657395614066075
   vertex -24.0 2.9391523179536475e-15 -7.0
  endloop
 endfacet
 facet normal 0.15642624276799175 -0.010252717626191378 -0.9876364272113332
  outer loop
   vertex -21.6500634949199 2.850284932031909 -6.657395614066075
   vertex -24.0 2.9391523179536475e-15 -7.0
   vertex -23.79467667297145 3.1326286132812378 -7.0
  endloop
 endfacet
 facet normal -0.15642624276799158 0.010252717626191373 -0.987636427211333
  outer loop
   vertex -23.79467667297145 3.1326286132812378 -7.0
   vertex -24.0 2.9391523179536475e-15 -7.0
   vertex -26.16311896062463 3.204057989084038e-15 -6.6573956140660755
  endloop
 endfacet
 facet normal -0.15642624276799158 0.010252717626191362 -0.9876364272113332
  outer loop
   vertex -23.79467667297145 3.1326286132812378 -7.0
   vertex -26.16311896062463 3.204057989084038e-15 -6.6573956140660755
   vertex -25.939289851022995 3.4149722945305663 -6.6573956140660755
  endloop
 endfacet
 facet normal -0.45378964560361207 0.029742944762560744 -0.8906123257511089
  outer loop
   vertex -25.939289851022995 3.4149722945305663 -6.6573956140660755
   vertex -26.16311896062463 3.204057989084038e-15 -6.6573956140660755
   vertex -28.11449676604731 3.443032847417845e-15 -5.663118960624633
  endloop
 endfacet
 facet normal -0.4537896456036122 0.029742944762560855 -0.8906123257511089
  outer loop
   vertex -25.939289851022995 3.4149722945305663 -6.6573956140660755
   vertex -28.11449676604731 3.443032847417845e-15 -5.663118960624633
   vertex -27.873973348808214 3.6696782090551094 -5.663118960624633
  endloop
 endfacet
 facet normal -0.7063485793639778 0.04629653184613978 -0.7063485793639779
  outer loop
   vertex -27.873973348808214 3.6696782090551094 -5.663118960624633
   vertex -28.11449676604731 3.443032847417845e-15 -5.663118960624633
   vertex -29.66311896062463 3.6326843687856114e-15 -4.1144967660473135
  endloop
 endfacet
 facet normal -0.7063485793639777 0.046296531846139535 -0.7063485793639781
  outer loop
   vertex -27.873973348808214 3.6696782090551094 -5.663118960624633
   vertex -29.66311896062463 3.6326843687856114e-15 -4.1144967660473135
   vertex -29.40934686583133 3.871813967300747 -4.1144967660473135
  endloop
 endfacet
 facet normal -0.8894910020779003 0.05830032041918229 -0.45321830265499347
  outer loop
   vertex -29.40934686583133 3.871813967300747 -4.1144967660473135
   vertex -29.66311896062463 3.6326843687856114e-15 -4.1144967660473135
   vertex -30.657395614066075 3.754448140896012e-15 -2.163118960624634
  endloop
 endfacet
 facet normal -0.8894910020779002 0.058300320419182074 -0.4532183026549939
  outer loop
   vertex -29.40934686583133 3.871813967300747 -4.1144967660473135
   vertex -30.657395614066075 3.754448140896012e-15 -2.163118960624634
   vertex -30.395117344669803 4.001593112887755 -2.163118960624634
  endloop
 endfacet
 facet normal -0.9856252128044025 0.06460128948520685 -0.15610769769977706
  outer loop
   vertex -30.395117344669803 4.001593112887755 -2.163118960624634
   vertex -30.657395614066075 3.754448140896012e-15 -2.163118960624634
   vertex -31.0 3.796405077356795e-15 -1.7145055188062944e-15
  endloop
 endfacet
 facet normal -0.9856252128044023 0.06460128948520703 -0.15610769769977667
  outer loop
   vertex -30.395117344669803 4.001593112887755 -2.163118960624634
   vertex -31.0 3.796405077356795e-15 -1.7145055188062944e-15
   vertex -30.73479070258812 4.046311958821599 -1.7145055188062944e-15
  endloop
 endfacet
 facet normal -0.9856252128044023 -0.06460128948520683 0.15610769769977667
  outer loop
   vertex -31.0 3.796405077356795e-15 0.0
   vertex -30.73479070258812 -4.0463119588216045 0.0
   vertex -30.395117344669803 -4.00159311288776 2.1631189606246317
  endloop
 endfacet
 facet normal -0.9856252128044023 -0.06460128948520666 0.15610769769977706
  outer loop
   vertex -31.0 3.796405077356795e-15 0.0
   vertex -30.395117344669803 -4.00159311288776 2.1631189606246317
   vertex -30.657395614066075 3.754448140896012e-15 2.1631189606246317
  endloop
 endfacet
 facet normal -0.889491002077901 -0.05830032041918192 0.4532183026549925
  outer loop
   vertex -30.657395614066075 3.754448140896012e-15 2.1631189606246317
   vertex -30.395117344669803 -4.00159311288776 2.1631189606246317
   vertex -29.409346865831335 -3.8718139673007532 4.114496766047312
  endloop
 endfacet
 facet normal -0.8894910020779011 -0.05830032041918214 0.4532183026549922
  outer loop
   vertex -30.657395614066075 3.754448140896012e-15 2.1631189606246317
   vertex -29.409346865831335 -3.8718139673007532 4.114496766047312
   vertex -29.663118960624633 3.632684368785612e-15 4.114496766047312
  endloop
 endfacet
 facet normal -0.706348579363977 -0.04629653184613937 0.7063485793639787
  outer loop
   vertex -29.663118960624633 3.632684368785612e-15 4.114496766047312
   vertex -29.409346865831335 -3.8718139673007532 4.114496766047312
   vertex -27.873973348808214 -3.6696782090551148 5.663118960624632
  endloop
 endfacet
 facet normal -0.7063485793639772 -0.046296531846139535 0.7063485793639784
  outer loop
   vertex -29.663118960624633 3.632684368785612e-15 4.114496766047312
   vertex -27.873973348808214 -3.6696782090551148 5.663118960624632
   vertex -28.11449676604731 3.443032847417845e-15 5.663118960624632
  endloop
 endfacet
 facet normal -0.45378964560361285 -0.029742944762560786 0.8906123257511085
  outer loop
   vertex -28.11449676604731 3.443032847417845e-15 5.663118960624632
   vertex -27.873973348808214 -3.6696782090551148 5.663118960624632
   vertex -25.939289851023 -3.414972294530572 6.657395614066075
  endloop
 endfacet
 facet normal -0.45378964560361273 -0.029742944762560716 0.8906123257511087
  outer loop
   vertex -28.11449676604731 3.443032847417845e-15 5.663118960624632
   vertex -25.939289851023 -3.414972294530572 6.657395614066075
   vertex -26.163118960624633 3.2040579890840384e-15 6.657395614066075
  endloop
 endfacet
 facet normal -0.1564262427679917 -0.010252717626191347 0.987636427211333
  outer loop
   vertex -26.163118960624633 3.2040579890840384e-15 6.657395614066075
   vertex -25.939289851023 -3.414972294530572 6.657395614066075
   vertex -23.79467667297145 -3.132628613281242 7.0
  endloop
 endfacet
 facet normal -0.15642624276799175 -0.010252717626191343 0.987636427211333
  outer loop
   vertex -26.163118960624633 3.2040579890840384e-15 6.657395614066075
   vertex -23.79467667297145 -3.132628613281242 7.0
   vertex -24.0 2.9391523179536475e-15 7.0
  endloop
 endfacet
 facet normal 0.15642624276799155 0.01025271762619134 0.9876364272113332
  outer loop
   vertex -24.0 2.9391523179536475e-15 7.0
   vertex -23.79467667297145 -3.132628613281242 7.0
   vertex -21.650063494919902 -2.8502849320319132 6.6573956140660755
  endloop
 endfacet
 facet normal 0.1564262427679916 0.010252717626191328 0.9876364272113333
  outer loop
   vertex -24.0 2.9391523179536475e-15 7.0
   vertex -21.650063494919902 -2.8502849320319132 6.6573956140660755
   vertex -21.83688103937537 2.6742466468232574e-15 6.6573956140660755
  endloop
 endfacet
 facet normal 0.45378964560361257 0.029742944762560675 0.8906123257511087
  outer loop
   vertex -21.83688103937537 2.6742466468232574e-15 6.6573956140660755
   vertex -21.650063494919902 -2.8502849320319132 6.6573956140660755
   vertex -19.715379997134683 -2.59557901750737 5.663118960624632
  endloop
 endfacet
 facet normal 0.4537896456036124 0.029742944762560508 0.8906123257511088
  outer loop
   vertex -21.83688103937537 2.6742466468232574e-15 6.6573956140660755
   vertex -19.715379997134683 -2.59557901750737 5.663118960624632
   vertex -19.88550323395269 2.4352717884894504e-15 5.663118960624632
  endloop
 endfacet
 facet normal 0.7063485793639777 0.04629653184613927 0.706348579363978
  outer loop
   vertex -19.88550323395269 2.4352717884894504e-15 5.663118960624632
   vertex -19.715379997134683 -2.59557901750737 5.663118960624632
   vertex -18.180006480111565 -2.393443259261732 4.114496766047313
  endloop
 endfacet
 facet normal 0.7063485793639779 0.04629653184613959 0.7063485793639779
  outer loop
   vertex -19.88550323395269 2.4352717884894504e-15 5.663118960624632
   vertex -18.180006480111565 -2.393443259261732 4.114496766047313
   vertex -18.33688103937537 2.245620267121684e-15 4.114496766047313
  endloop
 endfacet
 facet normal 0.8894910020779009 0.058300320419182323 0.4532183026549926
  outer loop
   vertex -18.33688103937537 2.245620267121684e-15 4.114496766047313
   vertex -18.180006480111565 -2.393443259261732 4.114496766047313
   vertex -17.194236001273097 -2.263664113674724 2.1631189606246326
  endloop
 endfacet
 facet normal 0.8894910020779005 0.0583003204191813 0.45321830265499347
  outer loop
   vertex -18.33688103937537 2.245620267121684e-15 4.114496766047313
   vertex -17.194236001273097 -2.263664113674724 2.1631189606246326
   vertex -17.342604385933925 2.123856495011283e-15 2.1631189606246326
  endloop
 endfacet
 facet normal 0.9856252128044023 0.064601289485206 0.15610769769977825
  outer loop
   vertex -17.342604385933925 2.123856495011283e-15 2.1631189606246326
   vertex -17.194236001273097 -2.263664113674724 2.1631189606246326
   vertex -16.854562643354775 -2.21894526774088 8.572527594031472e-16
  endloop
 endfacet
 facet normal 0.9856252128044024 0.06460128948520726 0.15610769769977706
  outer loop
   vertex -17.342604385933925 2.123856495011283e-15 2.1631189606246326
   vertex -16.854562643354775 -2.21894526774088 8.572527594031472e-16
   vertex -17.0 2.0818995585505003e-15 8.572527594031472e-16
  endloop
 endfacet
 facet normal 0.9856252128044023 0.06460128948520721 -0.1561076976997781
  outer loop
   vertex -17.0 2.0818995585505003e-15 8.572527594031472e-16
   vertex -16.854562643354775 -2.21894526774088 8.572527594031472e-16
   vertex -17.194236001273097 -2.263664113674724 -2.163118960624634
  endloop
 endfacet
 facet normal 0.9856252128044024 0.064601289485206 -0.1561076976997768
  outer loop
   vertex -17.0 2.0818995585505003e-15 8.572527594031472e-16
   vertex -17.194236001273097 -2.263664113674724 -2.163118960624634
   vertex -17.342604385933925 2.123856495011283e-15 -2.163118960624634
  endloop
 endfacet
 facet normal 0.8894910020779012 0.058300320419181366 -0.45321830265499174
  outer loop
   vertex -17.342604385933925 2.123856495011283e-15 -2.163118960624634
   vertex -17.194236001273097 -2.263664113674724 -2.163118960624634
   vertex -18.18000648011156 -2.3934432592617316 -4.114496766047311
  endloop
 endfacet
 facet normal 0.8894910020779008 0.05830032041918228 -0.4532183026549927
  outer loop
   vertex -17.342604385933925 2.123856495011283e-15 -2.163118960624634
   vertex -18.18000648011156 -2.3934432592617316 -4.114496766047311
   vertex -18.336881039375367 2.2456202671216836e-15 -4.114496766047311
  endloop
 endfacet
 facet normal 0.7063485793639778 0.04629653184613958 -0.7063485793639779
  outer loop
   vertex -18.336881039375367 2.2456202671216836e-15 -4.114496766047311
   vertex -18.18000648011156 -2.3934432592617316 -4.114496766047311
   vertex -19.71537999713468 -2.5955790175073696 -5.663118960624631
  endloop
 endfacet
 facet normal 0.7063485793639781 0.04629653184613926 -0.7063485793639775
  outer loop
   vertex -18.336881039375367 2.2456202671216836e-15 -4.114496766047311
   vertex -19.71537999713468 -2.5955790175073696 -5.663118960624631
   vertex -19.885503233952686 2.43527178848945e-15 -5.663118960624631
  endloop
 endfacet
 facet normal 0.45378964560361257 0.029742944762560553 -0.8906123257511087
  outer loop
   vertex -19.885503233952686 2.43527178848945e-15 -5.663118960624631
   vertex -19.71537999713468 -2.5955790175073696 -5.663118960624631
   vertex -21.6500634949199 -2.850284932031913 -6.657395614066075
  endloop
 endfacet
 facet normal 0.45378964560361246 0.029742944762560654 -0.8906123257511087
  outer loop
   vertex -19.885503233952686 2.43527178848945e-15 -5.663118960624631
   vertex -21.6500634949199 -2.850284932031913 -6.657395614066075
   vertex -21.836881039375367 2.674246646823257e-15 -6.657395614066075
  endloop
 endfacet
 facet normal 0.15642624276799172 0.010252717626191352 -0.9876364272113332
  outer loop
   vertex -21.836881039375367 2.674246646823257e-15 -6.657395614066075
   vertex -21.6500634949199 -2.850284932031913 -6.657395614066075
   vertex -23.79467667297145 -3.132628613281242 -7.0
  endloop
 endfacet
 facet normal 0.15642624276799172 0.010252717626191359 -0.9876364272113332
  outer loop
   vertex -21.836881039375367 2.674246646823257e-15 -6.657395614066075
   vertex -23.79467667297145 -3.132628613281242 -7.0
   vertex -24.0 2.9391523179536475e-15 -7.0
  endloop
 endfacet
 facet normal -0.15642624276799155 -0.01025271762619134 -0.9876364272113332
  outer loop
   vertex -24.0 2.9391523179536475e-15 -7.0
   vertex -23.79467667297145 -3.132628613281242 -7.0
   vertex -25.939289851022995 -3.4149722945305716 -6.6573956140660755
  endloop
 endfacet
 facet normal -0.15642624276799155 -0.010252717626191342 -0.9876364272113332
  outer loop
   vertex -24.0 2.9391523179536475e-15 -7.0
   vertex -25.939289851022995 -3.4149722945305716 -6.6573956140660755
   vertex -26.16311896062463 3.204057989084038e-15 -6.6573956140660755
  endloop
 endfacet
 facet normal -0.4537896456036121 -0.02974294476256065 -0.8906123257511088
  outer loop
   vertex -26.16311896062463 3.204057989084038e-15 -6.6573956140660755
   vertex -25.939289851022995 -3.4149722945305716 -6.6573956140660755
   vertex -27.873973348808214 -3.6696782090551148 -5.663118960624633
  endloop
 endfacet
 facet normal -0.4537896456036121 -0.029742944762560723 -0.890612325751109
  outer loop
   vertex -26.16311896062463 3.204057989084038e-15 -6.6573956140660755
   vertex -27.873973348808214 -3.6696782090551148 -5.663118960624633
   vertex -28.11449676604731 3.443032847417845e-15 -5.663118960624633
  endloop
 endfacet
 facet normal -0.7063485793639775 -0.046296531846139605 -0.706348579363978
  outer loop
   vertex -28.11449676604731 3.443032847417845e-15 -5.663118960624633
   vertex -27.873973348808214 -3.6696782090551148 -5.663118960624633
   vertex -29.40934686583133 -3.871813967300753 -4.1144967660473135
  endloop
 endfacet
 facet normal -0.7063485793639778 -0.04629653184613944 -0.7063485793639778
  outer loop
   vertex -28.11449676604731 3.443032847417845e-15 -5.663118960624633
   vertex -29.40934686583133 -3.871813967300753 -4.1144967660473135
   vertex -29.66311896062463 3.6326843687856114e-15 -4.1144967660473135
  endloop
 endfacet
 facet normal -0.8894910020779002 -0.058300320419182095 -0.4532183026549939
  outer loop
   vertex -29.66311896062463 3.6326843687856114e-15 -4.1144967660473135
   vertex -29.40934686583133 -3.871813967300753 -4.1144967660473135
   vertex -30.395117344669803 -4.00159311288776 -2.163118960624634
  endloop
 endfacet
 facet normal -0.8894910020779004 -0.05830032041918188 -0.4532183026549936
  outer loop
   vertex -29.66311896062463 3.6326843687856114e-15 -4.1144967660473135
   vertex -30.395117344669803 -4.00159311288776 -2.163118960624634
   vertex -30.657395614066075 3.754448140896012e-15 -2.163118960624634
  endloop
 endfacet
 facet normal -0.9856252128044025 -0.06460128948520666 -0.1561076976997767
  outer loop
   vertex -30.657395614066075 3.754448140896012e-15 -2.163118960624634
   vertex -30.395117344669803 -4.00159311288776 -2.163118960624634
   vertex -30.73479070258812 -4.0463119588216045 -1.7145055188062944e-15
  endloop
 endfacet
 facet normal -0.9856252128044023 -0.06460128948520683 -0.156107697699777
  outer loop
   vertex -30.657395614066075 3.754448140896012e-15 -2.163118960624634
   vertex -30.73479070258812 -4.0463119588216045 -1.7145055188062944e-15
   vertex -31.0 3.796405077356795e-15 -1.7145055188062944e-15
  endloop
 endfacet
 facet normal -0.9687608921463838 -0.19269852248166647 0.15610769769977684
  outer loop
   vertex -30.73479070258812 -4.0463119588216045 0.0
   vertex -29.94370061496112 -8.023390398178131 0.0
   vertex -29.612770190387636 -7.934717858162777 2.1631189606246317
  endloop
 endfacet
 facet normal -0.9687608921463841 -0.19269852248166658 0.15610769769977675
  outer loop
   vertex -30.73479070258812 -4.0463119588216045 0.0
   vertex -29.612770190387636 -7.934717858162777 2.1631189606246317
   vertex -30.395117344669803 -4.00159311288776 2.1631189606246317
  endloop
 endfacet
 facet normal -0.8742715644188516 -0.17390342661127076 0.4532183026549924
  outer loop
   vertex -30.395117344669803 -4.00159311288776 2.1631189606246317
   vertex -29.612770190387636 -7.934717858162777 2.1631189606246317
   vertex -28.65237269235228 -7.677380124151333 4.114496766047312
  endloop
 endfacet
 facet normal -0.8742715644188515 -0.1739034266112707 0.4532183026549925
  outer loop
   vertex -30.395117344669803 -4.00159311288776 2.1631189606246317
   vertex -28.65237269235228 -7.677380124151333 4.114496766047312
   vertex -29.409346865831335 -3.8718139673007532 4.114496766047312
  endloop
 endfacet
 facet normal -0.694262759334236 -0.13809744904270643 0.7063485793639781
  outer loop
   vertex -29.409346865831335 -3.8718139673007532 4.114496766047312
   vertex -28.65237269235228 -7.677380124151333 4.114496766047312
   vertex -27.15651851944559 -7.276567206526261 5.663118960624632
  endloop
 endfacet
 facet normal -0.6942627593342353 -0.13809744904270577 0.7063485793639789
  outer loop
   vertex -29.409346865831335 -3.8718139673007532 4.114496766047312
   vertex -27.15651851944559 -7.276567206526261 5.663118960624632
   vertex -27.873973348808214 -3.6696782090551148 5.663118960624632
  endloop
 endfacet
 facet normal -0.4460251789530761 -0.08871992425649149 0.8906123257511087
  outer loop
   vertex -27.873973348808214 -3.6696782090551148 5.663118960624632
   vertex -27.15651851944559 -7.276567206526261 5.663118960624632
   vertex -25.271632300340542 -6.771513466292512 6.657395614066075
  endloop
 endfacet
 facet normal -0.44602517895307625 -0.08871992425649165 0.8906123257511086
  outer loop
   vertex -27.873973348808214 -3.6696782090551148 5.663118960624632
   vertex -25.271632300340542 -6.771513466292512 6.657395614066075
   vertex -25.939289851023 -3.414972294530572 6.657395614066075
  endloop
 endfacet
 facet normal -0.1537497463846833 -0.030582726037399255 0.9876364272113332
  outer loop
   vertex -25.939289851023 -3.414972294530572 6.657395614066075
   vertex -25.271632300340542 -6.771513466292512 6.657395614066075
   vertex -23.18221983093764 -6.211657082460489 7.0
  endloop
 endfacet
 facet normal -0.1537497463846834 -0.030582726037399366 0.9876364272113332
  outer loop
   vertex -25.939289851023 -3.414972294530572 6.657395614066075
   vertex -23.18221983093764 -6.211657082460489 7.0
   vertex -23.79467667297145 -3.132628613281242 7.0
  endloop
 endfacet
 facet normal 0.15374974638468336 0.030582726037399366 0.987636427211333
  outer loop
   vertex -23.79467667297145 -3.132628613281242 7.0
   vertex -23.18221983093764 -6.211657082460489 7.0
   vertex -21.092807361534746 -5.651800698628466 6.6573956140660755
  endloop
 endfacet
 facet normal 0.1537497463846833 0.030582726037399272 0.9876364272113332
  outer loop
   vertex -23.79467667297145 -3.132628613281242 7.0
   vertex -21.092807361534746 -5.651800698628466 6.6573956140660755
   vertex -21.650063494919902 -2.8502849320319132 6.6573956140660755
  endloop
 endfacet
 facet normal 0.44602517895307564 0.08871992425649163 0.8906123257511089
  outer loop
   vertex -21.650063494919902 -2.8502849320319132 6.6573956140660755
   vertex -21.092807361534746 -5.651800698628466 6.6573956140660755
   vertex -19.207921142429694 -5.146746958394716 5.663118960624632
  endloop
 endfacet
 facet normal 0.44602517895307586 0.08871992425649193 0.8906123257511087
  outer loop
   vertex -21.650063494919902 -2.8502849320319132 6.6573956140660755
   vertex -19.207921142429694 -5.146746958394716 5.663118960624632
   vertex -19.715379997134683 -2.59557901750737 5.663118960624632
  endloop
 endfacet
 facet normal 0.6942627593342365 0.13809744904270668 0.7063485793639774
  outer loop
   vertex -19.715379997134683 -2.59557901750737 5.663118960624632
   vertex -19.207921142429694 -5.146746958394716 5.663118960624632
   vertex -17.712066969523008 -4.745934040769645 4.114496766047313
  endloop
 endfacet
 facet normal 0.6942627593342359 0.13809744904270563 0.7063485793639782
  outer loop
   vertex -19.715379997134683 -2.59557901750737 5.663118960624632
   vertex -17.712066969523008 -4.745934040769645 4.114496766047313
   vertex -18.180006480111565 -2.393443259261732 4.114496766047313
  endloop
 endfacet
 facet normal 0.8742715644188511 0.17390342661126967 0.45321830265499374
  outer loop
   vertex -18.180006480111565 -2.393443259261732 4.114496766047313
   vertex -17.712066969523008 -4.745934040769645 4.114496766047313
   vertex -16.75166947148765 -4.4885963067581995 2.1631189606246326
  endloop
 endfacet
 facet normal 0.8742715644188515 0.173903426611271 0.4532183026549926
  outer loop
   vertex -18.180006480111565 -2.393443259261732 4.114496766047313
   vertex -16.75166947148765 -4.4885963067581995 2.1631189606246326
   vertex -17.194236001273097 -2.263664113674724 2.1631189606246326
  endloop
 endfacet
 facet normal 0.9687608921463838 0.19269852248166686 0.15610769769977675
  outer loop
   vertex -17.194236001273097 -2.263664113674724 2.1631189606246326
   vertex -16.75166947148765 -4.4885963067581995 2.1631189606246326
   vertex -16.420739046914164 -4.399923766742846 8.572527594031472e-16
  endloop
 endfacet
 facet normal 0.968760892146384 0.1926985224816653 0.15610769769977828
  outer loop
   vertex -17.194236001273097 -2.263664113674724 2.1631189606246326
   vertex -16.420739046914164 -4.399923766742846 8.572527594031472e-16
   vertex -16.854562643354775 -2.21894526774088 8.572527594031472e-16
  endloop
 endfacet
 facet normal 0.9687608921463843 0.19269852248166539 -0.15610769769977653
  outer loop
   vertex -16.854562643354775 -2.21894526774088 8.572527594031472e-16
   vertex -16.420739046914164 -4.399923766742846 8.572527594031472e-16
   vertex -16.75166947148765 -4.4885963067581995 -2.163118960624634
  endloop
 endfacet
 facet normal 0.9687608921463836 0.1926985224816668 -0.15610769769977806
  outer loop
   vertex -16.854562643354775 -2.21894526774088 8.572527594031472e-16
   vertex -16.75166947148765 -4.4885963067581995 -2.163118960624634
   vertex -17.194236001273097 -2.263664113674724 -2.163118960624634
  endloop
 endfacet
 facet normal 0.8742715644188512 0.17390342661127098 -0.4532183026549931
  outer loop
   vertex -17.194236001273097 -2.263664113674724 -2.163118960624634
   vertex -16.75166947148765 -4.4885963067581995 -2.163118960624634
   vertex -17.712066969523004 -4.745934040769644 -4.114496766047311
  endloop
 endfacet
 facet normal 0.8742715644188521 0.1739034266112699 -0.4532183026549919
  outer loop
   vertex -17.194236001273097 -2.263664113674724 -2.163118960624634
   vertex -17.712066969523004 -4.745934040769644 -4.114496766047311
   vertex -18.18000648011156 -2.3934432592617316 -4.114496766047311
  endloop
 endfacet
 facet normal 0.6942627593342369 0.13809744904270593 -0.7063485793639772
  outer loop
   vertex -18.18000648011156 -2.3934432592617316 -4.114496766047311
   vertex -17.712066969523004 -4.745934040769644 -4.114496766047311
   vertex -19.20792114242969 -5.146746958394715 -5.663118960624631
  endloop
 endfacet
 facet normal 0.694262759334236 0.13809744904270663 -0.7063485793639778
  outer loop
   vertex -18.18000648011156 -2.3934432592617316 -4.114496766047311
   vertex -19.20792114242969 -5.146746958394715 -5.663118960624631
   vertex -19.71537999713468 -2.5955790175073696 -5.663118960624631
  endloop
 endfacet
 facet normal 0.44602517895307553 0.08871992425649186 -0.8906123257511088
  outer loop
   vertex -19.71537999713468 -2.5955790175073696 -5.663118960624631
   vertex -19.20792114242969 -5.146746958394715 -5.663118960624631
   vertex -21.092807361534742 -5.651800698628465 -6.657395614066075
  endloop
 endfacet
 facet normal 0.4460251789530759 0.08871992425649167 -0.8906123257511087
  outer loop
   vertex -19.71537999713468 -2.5955790175073696 -5.663118960624631
   vertex -21.092807361534742 -5.651800698628465 -6.657395614066075
   vertex -21.6500634949199 -2.850284932031913 -6.657395614066075
  endloop
 endfacet
 facet normal 0.1537497463846835 0.030582726037399317 -0.987636427211333
  outer loop
   vertex -21.6500634949199 -2.850284932031913 -6.657395614066075
   vertex -21.092807361534742 -5.651800698628465 -6.657395614066075
   vertex -23.18221983093764 -6.211657082460489 -7.0
  endloop
 endfacet
 facet normal 0.15374974638468342 0.030582726037399383 -0.9876364272113332
  outer loop
   vertex -21.6500634949199 -2.850284932031913 -6.657395614066075
   vertex -23.18221983093764 -6.211657082460489 -7.0
   vertex -23.79467667297145 -3.132628613281242 -7.0
  endloop
 endfacet
 facet normal -0.1537497463846831 -0.030582726037399314 -0.987636427211333
  outer loop
   vertex -23.79467667297145 -3.132628613281242 -7.0
   vertex -23.18221983093764 -6.211657082460489 -7.0
   vertex -25.27163230034054 -6.771513466292511 -6.6573956140660755
  endloop
 endfacet
 facet normal -0.15374974638468328 -0.030582726037399272 -0.9876364272113332
  outer loop
   vertex -23.79467667297145 -3.132628613281242 -7.0
   vertex -25.27163230034054 -6.771513466292511 -6.6573956140660755
   vertex -25.939289851022995 -3.4149722945305716 -6.6573956140660755
  endloop
 endfacet
 facet normal -0.4460251789530753 -0.08871992425649151 -0.890612325751109
  outer loop
   vertex -25.939289851022995 -3.4149722945305716 -6.6573956140660755
   vertex -25.27163230034054 -6.771513466292511 -6.6573956140660755
   vertex -27.15651851944559 -7.276567206526261 -5.663118960624633
  endloop
 endfacet
 facet normal -0.4460251789530757 -0.08871992425649142 -0.8906123257511089
  outer loop
   vertex -25.939289851022995 -3.4149722945305716 -6.6573956140660755
   vertex -27.15651851944559 -7.276567206526261 -5.663118960624633
   vertex -27.873973348808214 -3.6696782090551148 -5.663118960624633
  endloop
 endfacet
 facet normal -0.6942627593342366 -0.13809744904270602 -0.7063485793639774
  outer loop
   vertex -27.873973348808214 -3.6696782090551148 -5.663118960624633
   vertex -27.15651851944559 -7.276567206526261 -5.663118960624633
   vertex -28.652372692352277 -7.677380124151332 -4.1144967660473135
  endloop
 endfacet
 facet normal -0.6942627593342358 -0.13809744904270643 -0.706348579363978
  outer loop
   vertex -27.873973348808214 -3.6696782090551148 -5.663118960624633
   vertex -28.652372692352277 -7.677380124151332 -4.1144967660473135
   vertex -29.40934686583133 -3.871813967300753 -4.1144967660473135
  endloop
 endfacet
 facet normal -0.8742715644188508 -0.17390342661127056 -0.4532183026549938
  outer loop
   vertex -29.40934686583133 -3.871813967300753 -4.1144967660473135
   vertex -28.652372692352277 -7.677380124151332 -4.1144967660473135
   vertex -29.612770190387636 -7.934717858162777 -2.163118960624634
  endloop
 endfacet
 facet normal -0.8742715644188508 -0.1739034266112706 -0.4532183026549939
  outer loop
   vertex -29.40934686583133 -3.871813967300753 -4.1144967660473135
   vertex -29.612770190387636 -7.934717858162777 -2.163118960624634
   vertex -30.395117344669803 -4.00159311288776 -2.163118960624634
  endloop
 endfacet
 facet normal -0.9687608921463841 -0.19269852248166655 -0.1561076976997768
  outer loop
   vertex -30.395117344669803 -4.00159311288776 -2.163118960624634
   vertex -29.612770190387636 -7.934717858162777 -2.163118960624634
   vertex -29.94370061496112 -8.023390398178131 -1.7145055188062944e-15
  endloop
 endfacet
 facet normal -0.9687608921463841 -0.19269852248166652 -0.1561076976997767
  outer loop
   vertex -30.395117344669803 -4.00159311288776 -2.163118960624634
   vertex -29.94370061496112 -8.023390398178131 -1.7145055188062944e-15
   vertex -30.73479070258812 -4.0463119588216045 -1.7145055188062944e-15
  endloop
 endfacet
 facet normal -0.9353208040324789 -0.31749863033234105 0.15610769769977698
  outer loop
   vertex -29.94370061496112 -8.023390398178131 0.0
   vertex -28.640265507849893 -11.86318640331778 0.0
   vertex -28.323740327936942 -11.732077380965253 2.1631189606246317
  endloop
 endfacet
 facet normal -0.9353208040324787 -0.31749863033234094 0.15610769769977684
  outer loop
   vertex -29.94370061496112 -8.023390398178131 0.0
   vertex -28.323740327936942 -11.732077380965253 2.1631189606246317
   vertex -29.612770190387636 -7.934717858162777 2.1631189606246317
  endloop
 endfacet
 facet normal -0.8440930978987241 -0.2865309969589016 0.45321830265499297
  outer loop
   vertex -29.612770190387636 -7.934717858162777 2.1631189606246317
   vertex -28.323740327936942 -11.732077380965253 2.1631189606246317
   vertex -27.405148478168574 -11.351584178505806 4.114496766047312
  endloop
 endfacet
 facet normal -0.8440930978987243 -0.28653099695890194 0.4532183026549925
  outer loop
   vertex -29.612770190387636 -7.934717858162777 2.1631189606246317
   vertex -27.405148478168574 -11.351584178505806 4.114496766047312
   vertex -28.65237269235228 -7.677380124151333 4.114496766047312
  endloop
 endfacet
 facet normal -0.670297911006283 -0.22753548059830647 0.7063485793639787
  outer loop
   vertex -28.65237269235228 -7.677380124151333 4.114496766047312
   vertex -27.405148478168574 -11.351584178505806 4.114496766047312
   vertex -25.974408129005873 -10.758952121648198 5.663118960624632
  endloop
 endfacet
 facet normal -0.6702979110062833 -0.22753548059830703 0.706348579363978
  outer loop
   vertex -28.65237269235228 -7.677380124151333 4.114496766047312
   vertex -25.974408129005873 -10.758952121648198 5.663118960624632
   vertex -27.15651851944559 -7.276567206526261 5.663118960624632
  endloop
 endfacet
 facet normal -0.43062909782911063 -0.14617888124858497 0.8906123257511085
  outer loop
   vertex -27.15651851944559 -7.276567206526261 5.663118960624632
   vertex -25.974408129005873 -10.758952121648198 5.663118960624632
   vertex -24.171570114379072 -10.012192165227992 6.657395614066075
  endloop
 endfacet
 facet normal -0.43062909782911013 -0.14617888124858439 0.8906123257511087
  outer loop
   vertex -27.15651851944559 -7.276567206526261 5.663118960624632
   vertex -24.171570114379072 -10.012192165227992 6.657395614066075
   vertex -25.271632300340542 -6.771513466292512 6.657395614066075
  endloop
 endfacet
 facet normal -0.1484425492132501 -0.050389455526973874 0.987636427211333
  outer loop
   vertex -25.271632300340542 -6.771513466292512 6.657395614066075
   vertex -24.171570114379072 -10.012192165227992 6.657395614066075
   vertex -22.173108780270883 -9.184402376762153 7.0
  endloop
 endfacet
 facet normal -0.1484425492132501 -0.050389455526973874 0.9876364272113332
  outer loop
   vertex -25.271632300340542 -6.771513466292512 6.657395614066075
   vertex -22.173108780270883 -9.184402376762153 7.0
   vertex -23.18221983093764 -6.211657082460489 7.0
  endloop
 endfacet
 facet normal 0.14844254921325015 0.05038945552697391 0.9876364272113332
  outer loop
   vertex -23.18221983093764 -6.211657082460489 7.0
   vertex -22.173108780270883 -9.184402376762153 7.0
   vertex -20.1746474461627 -8.356612588296313 6.6573956140660755
  endloop
 endfacet
 facet normal 0.14844254921325015 0.05038945552697391 0.987636427211333
  outer loop
   vertex -23.18221983093764 -6.211657082460489 7.0
   vertex -20.1746474461627 -8.356612588296313 6.6573956140660755
   vertex -21.092807361534746 -5.651800698628466 6.6573956140660755
  endloop
 endfacet
 facet normal 0.43062909782910985 0.1461788812485843 0.8906123257511089
  outer loop
   vertex -21.092807361534746 -5.651800698628466 6.6573956140660755
   vertex -20.1746474461627 -8.356612588296313 6.6573956140660755
   vertex -18.371809431535894 -7.609852631876106 5.663118960624632
  endloop
 endfacet
 facet normal 0.43062909782910985 0.14617888124858433 0.8906123257511089
  outer loop
   vertex -21.092807361534746 -5.651800698628466 6.6573956140660755
   vertex -18.371809431535894 -7.609852631876106 5.663118960624632
   vertex -19.207921142429694 -5.146746958394716 5.663118960624632
  endloop
 endfacet
 facet normal 0.6702979110062838 0.2275354805983066 0.7063485793639778
  outer loop
   vertex -19.207921142429694 -5.146746958394716 5.663118960624632
   vertex -18.371809431535894 -7.609852631876106 5.663118960624632
   vertex -16.941069082373197 -7.0172205750184995 4.114496766047313
  endloop
 endfacet
 facet normal 0.670297911006284 0.22753548059830728 0.7063485793639773
  outer loop
   vertex -19.207921142429694 -5.146746958394716 5.663118960624632
   vertex -16.941069082373197 -7.0172205750184995 4.114496766047313
   vertex -17.712066969523008 -4.745934040769645 4.114496766047313
  endloop
 endfacet
 facet normal 0.8440930978987239 0.2865309969589024 0.453218302654993
  outer loop
   vertex -17.712066969523008 -4.745934040769645 4.114496766047313
   vertex -16.941069082373197 -7.0172205750184995 4.114496766047313
   vertex -16.022477232604828 -6.6367273725590525 2.1631189606246326
  endloop
 endfacet
 facet normal 0.8440930978987238 0.2865309969589015 0.45321830265499374
  outer loop
   vertex -17.712066969523008 -4.745934040769645 4.114496766047313
   vertex -16.022477232604828 -6.6367273725590525 2.1631189606246326
   vertex -16.75166947148765 -4.4885963067581995 2.1631189606246326
  endloop
 endfacet
 facet normal 0.9353208040324785 0.31749863033234105 0.1561076976997778
  outer loop
   vertex -16.75166947148765 -4.4885963067581995 2.1631189606246326
   vertex -16.022477232604828 -6.6367273725590525 2.1631189606246326
   vertex -15.705952052691876 -6.505618350206524 8.572527594031472e-16
  endloop
 endfacet
 facet normal 0.9353208040324783 0.3174986303323421 0.15610769769977673
  outer loop
   vertex -16.75166947148765 -4.4885963067581995 2.1631189606246326
   vertex -15.705952052691876 -6.505618350206524 8.572527594031472e-16
   vertex -16.420739046914164 -4.399923766742846 8.572527594031472e-16
  endloop
 endfacet
 facet normal 0.9353208040324782 0.31749863033234205 -0.1561076976997776
  outer loop
   vertex -16.420739046914164 -4.399923766742846 8.572527594031472e-16
   vertex -15.705952052691876 -6.505618350206524 8.572527594031472e-16
   vertex -16.022477232604828 -6.6367273725590525 -2.163118960624634
  endloop
 endfacet
 facet normal 0.9353208040324787 0.31749863033234116 -0.15610769769977653
  outer loop
   vertex -16.420739046914164 -4.399923766742846 8.572527594031472e-16
   vertex -16.022477232604828 -6.6367273725590525 -2.163118960624634
   vertex -16.75166947148765 -4.4885963067581995 -2.163118960624634
  endloop
 endfacet
 facet normal 0.8440930978987246 0.2865309969589019 -0.45321830265499236
  outer loop
   vertex -16.75166947148765 -4.4885963067581995 -2.163118960624634
   vertex -16.022477232604828 -6.6367273725590525 -2.163118960624634
   vertex -16.941069082373193 -7.017220575018499 -4.114496766047311
  endloop
 endfacet
 facet normal 0.844093097898724 0.28653099695890244 -0.453218302654993
  outer loop
   vertex -16.75166947148765 -4.4885963067581995 -2.163118960624634
   vertex -16.941069082373193 -7.017220575018499 -4.114496766047311
   vertex -17.712066969523004 -4.745934040769644 -4.114496766047311
  endloop
 endfacet
 facet normal 0.6702979110062838 0.22753548059830722 -0.7063485793639777
  outer loop
   vertex -17.712066969523004 -4.745934040769644 -4.114496766047311
   vertex -16.941069082373193 -7.017220575018499 -4.114496766047311
   vertex -18.37180943153589 -7.609852631876104 -5.663118960624631
  endloop
 endfacet
 facet normal 0.6702979110062843 0.22753548059830686 -0.7063485793639773
  outer loop
   vertex -17.712066969523004 -4.745934040769644 -4.114496766047311
   vertex -18.37180943153589 -7.609852631876104 -5.663118960624631
   vertex -19.20792114242969 -5.146746958394715 -5.663118960624631
  endloop
 endfacet
 facet normal 0.4306290978291098 0.14617888124858433 -0.890612325751109
  outer loop
   vertex -19.20792114242969 -5.146746958394715 -5.663118960624631
   vertex -18.37180943153589 -7.609852631876104 -5.663118960624631
   vertex -20.174647446162698 -8.356612588296313 -6.657395614066075
  endloop
 endfacet
 facet normal 0.43062909782910974 0.14617888124858422 -0.8906123257511088
  outer loop
   vertex -19.20792114242969 -5.146746958394715 -5.663118960624631
   vertex -20.174647446162698 -8.356612588296313 -6.657395614066075
   vertex -21.092807361534742 -5.651800698628465 -6.657395614066075
  endloop
 endfacet
 facet normal 0.1484425492132503 0.05038945552697395 -0.9876364272113332
  outer loop
   vertex -21.092807361534742 -5.651800698628465 -6.657395614066075
   vertex -20.174647446162698 -8.356612588296313 -6.657395614066075
   vertex -22.173108780270883 -9.184402376762153 -7.0
  endloop
 endfacet
 facet normal 0.14844254921325029 0.05038945552697395 -0.987636427211333
  outer loop
   vertex -21.092807361534742 -5.651800698628465 -6.657395614066075
   vertex -22.173108780270883 -9.184402376762153 -7.0
   vertex -23.18221983093764 -6.211657082460489 -7.0
  endloop
 endfacet
 facet normal -0.14844254921324998 -0.05038945552697384 -0.9876364272113332
  outer loop
   vertex -23.18221983093764 -6.211657082460489 -7.0
   vertex -22.173108780270883 -9.184402376762153 -7.0
   vertex -24.17157011437907 -10.01219216522799 -6.6573956140660755
  endloop
 endfacet
 facet normal -0.14844254921324998 -0.050389455526973846 -0.9876364272113332
  outer loop
   vertex -23.18221983093764 -6.211657082460489 -7.0
   vertex -24.17157011437907 -10.01219216522799 -6.6573956140660755
   vertex -25.27163230034054 -6.771513466292511 -6.6573956140660755
  endloop
 endfacet
 facet normal -0.4306290978291101 -0.14617888124858439 -0.8906123257511087
  outer loop
   vertex -25.27163230034054 -6.771513466292511 -6.6573956140660755
   vertex -24.17157011437907 -10.01219216522799 -6.6573956140660755
   vertex -25.974408129005873 -10.758952121648198 -5.663118960624633
  endloop
 endfacet
 facet normal -0.43062909782910946 -0.14617888124858458 -0.890612325751109
  outer loop
   vertex -25.27163230034054 -6.771513466292511 -6.6573956140660755
   vertex -25.974408129005873 -10.758952121648198 -5.663118960624633
   vertex -27.15651851944559 -7.276567206526261 -5.663118960624633
  endloop
 endfacet
 facet normal -0.6702979110062836 -0.22753548059830714 -0.706348579363978
  outer loop
   vertex -27.15651851944559 -7.276567206526261 -5.663118960624633
   vertex -25.974408129005873 -10.758952121648198 -5.663118960624633
   vertex -27.40514847816857 -11.351584178505805 -4.1144967660473135
  endloop
 endfacet
 facet normal -0.670297911006284 -0.22753548059830683 -0.7063485793639773
  outer loop
   vertex -27.15651851944559 -7.276567206526261 -5.663118960624633
   vertex -27.40514847816857 -11.351584178505805 -4.1144967660473135
   vertex -28.652372692352277 -7.677380124151332 -4.1144967660473135
  endloop
 endfacet
 facet normal -0.8440930978987234 -0.2865309969589017 -0.45321830265499446
  outer loop
   vertex -28.652372692352277 -7.677380124151332 -4.1144967660473135
   vertex -27.40514847816857 -11.351584178505805 -4.1144967660473135
   vertex -28.323740327936942 -11.732077380965253 -2.163118960624634
  endloop
 endfacet
 facet normal -0.8440930978987238 -0.2865309969589015 -0.4532183026549939
  outer loop
   vertex -28.652372692352277 -7.677380124151332 -4.1144967660473135
   vertex -28.323740327936942 -11.732077380965253 -2.163118960624634
   vertex -29.612770190387636 -7.934717858162777 -2.163118960624634
  endloop
 endfacet
 facet normal -0.9353208040324787 -0.31749863033234105 -0.15610769769977695
  outer loop
   vertex -29.612770190387636 -7.934717858162777 -2.163118960624634
   vertex -28.323740327936942 -11.732077380965253 -2.163118960624634
   vertex -28.640265507849893 -11.86318640331778 -1.7145055188062944e-15
  endloop
 endfacet
 facet normal -0.9353208040324787 -0.317498630332341 -0.15610769769977684
  outer loop
   vertex -29.612770190387636 -7.934717858162777 -2.163118960624634
   vertex -28.640265507849893 -11.86318640331778 -1.7145055188062944e-15
   vertex -29.94370061496112 -8.023390398178131 -1.7145055188062944e-15
  endloop
 endfacet
 facet normal -0.8858771176416591 -0.43686624859077994 0.15610769769977767
  outer loop
   vertex -28.640265507849893 -11.86318640331778 0.0
   vertex -26.846787517317598 -15.500000000000004 0.0
   vertex -26.55008341565085 -15.328697807033041 2.1631189606246317
  endloop
 endfacet
 facet normal -0.8858771176416589 -0.4368662485907802 0.1561076976997769
  outer loop
   vertex -28.640265507849893 -11.86318640331778 0.0
   vertex -26.55008341565085 -15.328697807033041 2.1631189606246317
   vertex -28.323740327936942 -11.732077380965253 2.1631189606246317
  endloop
 endfacet
 facet normal -0.7994719644467302 -0.39425594250716695 0.4532183026549919
  outer loop
   vertex -28.323740327936942 -11.732077380965253 2.1631189606246317
   vertex -26.55008341565085 -15.328697807033041 2.1631189606246317
   vertex -25.689014575380785 -14.83155948031232 4.114496766047312
  endloop
 endfacet
 facet normal -0.7994719644467299 -0.3942559425071661 0.45321830265499286
  outer loop
   vertex -28.323740327936942 -11.732077380965253 2.1631189606246317
   vertex -25.689014575380785 -14.83155948031232 4.114496766047312
   vertex -27.405148478168574 -11.351584178505806 4.114496766047312
  endloop
 endfacet
 facet normal -0.6348640795793223 -0.31308031699611655 0.7063485793639789
  outer loop
   vertex -27.405148478168574 -11.351584178505806 4.114496766047312
   vertex -25.689014575380785 -14.83155948031232 4.114496766047312
   vertex -24.347868414012414 -14.057248383023659 5.663118960624632
  endloop
 endfacet
 facet normal -0.6348640795793224 -0.31308031699611677 0.7063485793639785
  outer loop
   vertex -27.405148478168574 -11.351584178505806 4.114496766047312
   vertex -24.347868414012414 -14.057248383023659 5.663118960624632
   vertex -25.974408129005873 -10.758952121648198 5.663118960624632
  endloop
 endfacet
 facet normal -0.4078648334483463 -0.20113667705407165 0.8906123257511085
  outer loop
   vertex -25.974408129005873 -10.758952121648198 5.663118960624632
   vertex -24.347868414012414 -14.057248383023659 5.663118960624632
   vertex -22.65792566213525 -13.08155948031232 6.657395614066075
  endloop
 endfacet
 facet normal -0.4078648334483466 -0.20113667705407218 0.8906123257511084
  outer loop
   vertex -25.974408129005873 -10.758952121648198 5.663118960624632
   vertex -22.65792566213525 -13.08155948031232 6.657395614066075
   vertex -24.171570114379072 -10.012192165227992 6.657395614066075
  endloop
 endfacet
 facet normal -0.14059545886872837 -0.06933400746188588 0.987636427211333
  outer loop
   vertex -24.171570114379072 -10.012192165227992 6.657395614066075
   vertex -22.65792566213525 -13.08155948031232 6.657395614066075
   vertex -20.784609690826528 -12.000000000000004 7.0
  endloop
 endfacet
 facet normal -0.1405954588687282 -0.06933400746188556 0.9876364272113332
  outer loop
   vertex -24.171570114379072 -10.012192165227992 6.657395614066075
   vertex -20.784609690826528 -12.000000000000004 7.0
   vertex -22.173108780270883 -9.184402376762153 7.0
  endloop
 endfacet
 facet normal 0.14059545886872812 0.06933400746188553 0.9876364272113332
  outer loop
   vertex -22.173108780270883 -9.184402376762153 7.0
   vertex -20.784609690826528 -12.000000000000004 7.0
   vertex -18.911293719517808 -10.918440519687687 6.6573956140660755
  endloop
 endfacet
 facet normal 0.1405954588687282 0.0693340074618857 0.987636427211333
  outer loop
   vertex -22.173108780270883 -9.184402376762153 7.0
   vertex -18.911293719517808 -10.918440519687687 6.6573956140660755
   vertex -20.1746474461627 -8.356612588296313 6.6573956140660755
  endloop
 endfacet
 facet normal 0.407864833448346 0.20113667705407154 0.8906123257511088
  outer loop
   vertex -20.1746474461627 -8.356612588296313 6.6573956140660755
   vertex -18.911293719517808 -10.918440519687687 6.6573956140660755
   vertex -17.22135096764064 -9.942751616976347 5.663118960624632
  endloop
 endfacet
 facet normal 0.40786483344834584 0.2011366770540714 0.8906123257511088
  outer loop
   vertex -20.1746474461627 -8.356612588296313 6.6573956140660755
   vertex -17.22135096764064 -9.942751616976347 5.663118960624632
   vertex -18.371809431535894 -7.609852631876106 5.663118960624632
  endloop
 endfacet
 facet normal 0.6348640795793229 0.31308031699611694 0.7063485793639781
  outer loop
   vertex -18.371809431535894 -7.609852631876106 5.663118960624632
   vertex -17.22135096764064 -9.942751616976347 5.663118960624632
   vertex -15.880204806272271 -9.168440519687687 4.114496766047313
  endloop
 endfacet
 facet normal 0.634864079579323 0.3130803169961172 0.7063485793639778
  outer loop
   vertex -18.371809431535894 -7.609852631876106 5.663118960624632
   vertex -15.880204806272271 -9.168440519687687 4.114496766047313
   vertex -16.941069082373197 -7.0172205750184995 4.114496766047313
  endloop
 endfacet
 facet normal 0.7994719644467295 0.3942559425071664 0.45321830265499335
  outer loop
   vertex -16.941069082373197 -7.0172205750184995 4.114496766047313
   vertex -15.880204806272271 -9.168440519687687 4.114496766047313
   vertex -15.019135966002203 -8.671302192966964 2.1631189606246326
  endloop
 endfacet
 facet normal 0.7994719644467295 0.39425594250716667 0.453218302654993
  outer loop
   vertex -16.941069082373197 -7.0172205750184995 4.114496766047313
   vertex -15.019135966002203 -8.671302192966964 2.1631189606246326
   vertex -16.022477232604828 -6.6367273725590525 2.1631189606246326
  endloop
 endfacet
 facet normal 0.8858771176416589 0.43686624859078027 0.1561076976997769
  outer loop
   vertex -16.022477232604828 -6.6367273725590525 2.1631189606246326
   vertex -15.019135966002203 -8.671302192966964 2.1631189606246326
   vertex -14.722431864335457 -8.500000000000002 8.572527594031472e-16
  endloop
 endfacet
 facet normal 0.8858771176416592 0.43686624859077944 0.1561076976997778
  outer loop
   vertex -16.022477232604828 -6.6367273725590525 2.1631189606246326
   vertex -14.722431864335457 -8.500000000000002 8.572527594031472e-16
   vertex -15.705952052691876 -6.505618350206524 8.572527594031472e-16
  endloop
 endfacet
 facet normal 0.8858771176416593 0.43686624859077955 -0.15610769769977664
  outer loop
   vertex -15.705952052691876 -6.505618350206524 8.572527594031472e-16
   vertex -14.722431864335457 -8.500000000000002 8.572527594031472e-16
   vertex -15.019135966002203 -8.671302192966964 -2.163118960624634
  endloop
 endfacet
 facet normal 0.8858771176416588 0.4368662485907802 -0.15610769769977756
  outer loop
   vertex -15.705952052691876 -6.505618350206524 8.572527594031472e-16
   vertex -15.019135966002203 -8.671302192966964 -2.163118960624634
   vertex -16.022477232604828 -6.6367273725590525 -2.163118960624634
  endloop
 endfacet
 facet normal 0.7994719644467297 0.39425594250716683 -0.45321830265499247
  outer loop
   vertex -16.022477232604828 -6.6367273725590525 -2.163118960624634
   vertex -15.019135966002203 -8.671302192966964 -2.163118960624634
   vertex -15.880204806272268 -9.168440519687685 -4.114496766047311
  endloop
 endfacet
 facet normal 0.79947196444673 0.3942559425071667 -0.45321830265499224
  outer loop
   vertex -16.022477232604828 -6.6367273725590525 -2.163118960624634
   vertex -15.880204806272268 -9.168440519687685 -4.114496766047311
   vertex -16.941069082373193 -7.017220575018499 -4.114496766047311
  endloop
 endfacet
 facet normal 0.634864079579323 0.3130803169961173 -0.7063485793639779
  outer loop
   vertex -16.941069082373193 -7.017220575018499 -4.114496766047311
   vertex -15.880204806272268 -9.168440519687685 -4.114496766047311
   vertex -17.221350967640635 -9.942751616976345 -5.663118960624631
  endloop
 endfacet
 facet normal 0.6348640795793233 0.31308031699611716 -0.7063485793639775
  outer loop
   vertex -16.941069082373193 -7.017220575018499 -4.114496766047311
   vertex -17.221350967640635 -9.942751616976345 -5.663118960624631
   vertex -18.37180943153589 -7.609852631876104 -5.663118960624631
  endloop
 endfacet
 facet normal 0.4078648334483459 0.20113667705407146 -0.8906123257511088
  outer loop
   vertex -18.37180943153589 -7.609852631876104 -5.663118960624631
   vertex -17.221350967640635 -9.942751616976345 -5.663118960624631
   vertex -18.911293719517804 -10.918440519687685 -6.657395614066075
  endloop
 endfacet
 facet normal 0.4078648334483457 0.20113667705407154 -0.890612325751109
  outer loop
   vertex -18.37180943153589 -7.609852631876104 -5.663118960624631
   vertex -18.911293719517804 -10.918440519687685 -6.657395614066075
   vertex -20.174647446162698 -8.356612588296313 -6.657395614066075
  endloop
 endfacet
 facet normal 0.1405954588687282 0.06933400746188573 -0.9876364272113333
  outer loop
   vertex -20.174647446162698 -8.356612588296313 -6.657395614066075
   vertex -18.911293719517804 -10.918440519687685 -6.657395614066075
   vertex -20.784609690826528 -12.000000000000004 -7.0
  endloop
 endfacet
 facet normal 0.14059545886872843 0.06933400746188569 -0.9876364272113332
  outer loop
   vertex -20.174647446162698 -8.356612588296313 -6.657395614066075
   vertex -20.784609690826528 -12.000000000000004 -7.0
   vertex -22.173108780270883 -9.184402376762153 -7.0
  endloop
 endfacet
 facet normal -0.1405954588687284 -0.06933400746188566 -0.9876364272113332
  outer loop
   vertex -22.173108780270883 -9.184402376762153 -7.0
   vertex -20.784609690826528 -12.000000000000004 -7.0
   vertex -22.657925662135245 -13.081559480312318 -6.6573956140660755
  endloop
 endfacet
 facet normal -0.14059545886872807 -0.06933400746188573 -0.9876364272113332
  outer loop
   vertex -22.173108780270883 -9.184402376762153 -7.0
   vertex -22.657925662135245 -13.081559480312318 -6.6573956140660755
   vertex -24.17157011437907 -10.01219216522799 -6.6573956140660755
  endloop
 endfacet
 facet normal -0.4078648334483455 -0.20113667705407162 -0.890612325751109
  outer loop
   vertex -24.17157011437907 -10.01219216522799 -6.6573956140660755
   vertex -22.657925662135245 -13.081559480312318 -6.6573956140660755
   vertex -24.347868414012414 -14.057248383023659 -5.663118960624633
  endloop
 endfacet
 facet normal -0.40786483344834606 -0.20113667705407154 -0.8906123257511089
  outer loop
   vertex -24.17157011437907 -10.01219216522799 -6.6573956140660755
   vertex -24.347868414012414 -14.057248383023659 -5.663118960624633
   vertex -25.974408129005873 -10.758952121648198 -5.663118960624633
  endloop
 endfacet
 facet normal -0.634864079579323 -0.31308031699611705 -0.7063485793639781
  outer loop
   vertex -25.974408129005873 -10.758952121648198 -5.663118960624633
   vertex -24.347868414012414 -14.057248383023659 -5.663118960624633
   vertex -25.68901457538078 -14.831559480312318 -4.1144967660473135
  endloop
 endfacet
 facet normal -0.6348640795793231 -0.3130803169961169 -0.7063485793639778
  outer loop
   vertex -25.974408129005873 -10.758952121648198 -5.663118960624633
   vertex -25.68901457538078 -14.831559480312318 -4.1144967660473135
   vertex -27.40514847816857 -11.351584178505805 -4.1144967660473135
  endloop
 endfacet
 facet normal -0.7994719644467296 -0.394255942507166 -0.4532183026549934
  outer loop
   vertex -27.40514847816857 -11.351584178505805 -4.1144967660473135
   vertex -25.68901457538078 -14.831559480312318 -4.1144967660473135
   vertex -26.55008341565085 -15.328697807033041 -2.163118960624634
  endloop
 endfacet
 facet normal -0.799471964446729 -0.39425594250716633 -0.4532183026549944
  outer loop
   vertex -27.40514847816857 -11.351584178505805 -4.1144967660473135
   vertex -26.55008341565085 -15.328697807033041 -2.163118960624634
   vertex -28.323740327936942 -11.732077380965253 -2.163118960624634
  endloop
 endfacet
 facet normal -0.8858771176416588 -0.43686624859078016 -0.1561076976997776
  outer loop
   vertex -28.323740327936942 -11.732077380965253 -2.163118960624634
   vertex -26.55008341565085 -15.328697807033041 -2.163118960624634
   vertex -26.846787517317598 -15.500000000000004 -1.7145055188062944e-15
  endloop
 endfacet
 facet normal -0.8858771176416591 -0.43686624859077994 -0.1561076976997769
  outer loop
   vertex -28.323740327936942 -11.732077380965253 -2.163118960624634
   vertex -26.846787517317598 -15.500000000000004 -1.7145055188062944e-15
   vertex -28.640265507849893 -11.86318640331778 -1.7145055188062944e-15
  endloop
 endfacet
 facet normal -0.8212758281564524 -0.5487589642136231 0.15610769769977642
  outer loop
   vertex -26.846787517317598 -15.500000000000004 0.0
   vertex -24.593953549028296 -18.87160429927033 0.0
   vertex -24.322147215049192 -18.663039963704538 2.1631189606246317
  endloop
 endfacet
 facet normal -0.8212758281564526 -0.5487589642136225 0.15610769769977756
  outer loop
   vertex -26.846787517317598 -15.500000000000004 0.0
   vertex -24.322147215049192 -18.663039963704538 2.1631189606246317
   vertex -26.55008341565085 -15.328697807033041 2.1631189606246317
  endloop
 endfacet
 facet normal -0.7411716440275482 -0.49523505957073455 0.4532183026549924
  outer loop
   vertex -26.55008341565085 -15.328697807033041 2.1631189606246317
   vertex -24.322147215049192 -18.663039963704538 2.1631189606246317
   vertex -23.53333451086783 -18.057762687325518 4.114496766047312
  endloop
 endfacet
 facet normal -0.7411716440275483 -0.49523505957073494 0.45321830265499186
  outer loop
   vertex -26.55008341565085 -15.328697807033041 2.1631189606246317
   vertex -23.53333451086783 -18.057762687325518 4.114496766047312
   vertex -25.689014575380785 -14.83155948031232 4.114496766047312
  endloop
 endfacet
 facet normal -0.5885675477331835 -0.3932682623678607 0.7063485793639781
  outer loop
   vertex -25.689014575380785 -14.83155948031232 4.114496766047312
   vertex -23.53333451086783 -18.057762687325518 4.114496766047312
   vertex -22.30472991995077 -17.115021227160007 5.663118960624632
  endloop
 endfacet
 facet normal -0.5885675477331833 -0.39326826236785994 0.7063485793639787
  outer loop
   vertex -25.689014575380785 -14.83155948031232 4.114496766047312
   vertex -22.30472991995077 -17.115021227160007 5.663118960624632
   vertex -24.347868414012414 -14.057248383023659 5.663118960624632
  endloop
 endfacet
 facet normal -0.37812188868578583 -0.2526529685495409 0.8906123257511087
  outer loop
   vertex -24.347868414012414 -14.057248383023659 5.663118960624632
   vertex -22.30472991995077 -17.115021227160007 5.663118960624632
   vertex -20.75659781984851 -15.927097685794998 6.657395614066075
  endloop
 endfacet
 facet normal -0.3781218886857859 -0.252652968549541 0.8906123257511086
  outer loop
   vertex -24.347868414012414 -14.057248383023659 5.663118960624632
   vertex -20.75659781984851 -15.927097685794998 6.657395614066075
   vertex -22.65792566213525 -13.08155948031232 6.657395614066075
  endloop
 endfacet
 facet normal -0.13034274124253695 -0.08709223530610591 0.9876364272113332
  outer loop
   vertex -22.65792566213525 -13.08155948031232 6.657395614066075
   vertex -20.75659781984851 -15.927097685794998 6.657395614066075
   vertex -19.04048016698965 -14.610274296209287 7.0
  endloop
 endfacet
 facet normal -0.13034274124253706 -0.08709223530610621 0.987636427211333
  outer loop
   vertex -22.65792566213525 -13.08155948031232 6.657395614066075
   vertex -19.04048016698965 -14.610274296209287 7.0
   vertex -20.784609690826528 -12.000000000000004 7.0
  endloop
 endfacet
 facet normal 0.13034274124253678 0.08709223530610602 0.987636427211333
  outer loop
   vertex -20.784609690826528 -12.000000000000004 7.0
   vertex -19.04048016698965 -14.610274296209287 7.0
   vertex -17.324362514130794 -13.29345090662358 6.6573956140660755
  endloop
 endfacet
 facet normal 0.13034274124253675 0.08709223530610594 0.9876364272113332
  outer loop
   vertex -20.784609690826528 -12.000000000000004 7.0
   vertex -17.324362514130794 -13.29345090662358 6.6573956140660755
   vertex -18.911293719517808 -10.918440519687687 6.6573956140660755
  endloop
 endfacet
 facet normal 0.37812188868578545 0.2526529685495412 0.8906123257511087
  outer loop
   vertex -18.911293719517808 -10.918440519687687 6.6573956140660755
   vertex -17.324362514130794 -13.29345090662358 6.6573956140660755
   vertex -15.77623041402853 -12.105527365258569 5.663118960624632
  endloop
 endfacet
 facet normal 0.3781218886857854 0.252652968549541 0.8906123257511088
  outer loop
   vertex -18.911293719517808 -10.918440519687687 6.6573956140660755
   vertex -15.77623041402853 -12.105527365258569 5.663118960624632
   vertex -17.22135096764064 -9.942751616976347 5.663118960624632
  endloop
 endfacet
 facet normal 0.5885675477331839 0.39326826236786094 0.7063485793639778
  outer loop
   vertex -17.22135096764064 -9.942751616976347 5.663118960624632
   vertex -15.77623041402853 -12.105527365258569 5.663118960624632
   vertex -14.54762582311147 -11.16278590509306 4.114496766047313
  endloop
 endfacet
 facet normal 0.5885675477331839 0.39326826236786055 0.7063485793639781
  outer loop
   vertex -17.22135096764064 -9.942751616976347 5.663118960624632
   vertex -14.54762582311147 -11.16278590509306 4.114496766047313
   vertex -15.880204806272271 -9.168440519687687 4.114496766047313
  endloop
 endfacet
 facet normal 0.7411716440275478 0.49523505957073416 0.45321830265499363
  outer loop
   vertex -15.880204806272271 -9.168440519687687 4.114496766047313
   vertex -14.54762582311147 -11.16278590509306 4.114496766047313
   vertex -13.758813118930108 -10.557508628714036 2.1631189606246326
  endloop
 endfacet
 facet normal 0.7411716440275478 0.49523505957073455 0.45321830265499335
  outer loop
   vertex -15.880204806272271 -9.168440519687687 4.114496766047313
   vertex -13.758813118930108 -10.557508628714036 2.1631189606246326
   vertex -15.019135966002203 -8.671302192966964 2.1631189606246326
  endloop
 endfacet
 facet normal 0.8212758281564523 0.5487589642136228 0.15610769769977734
  outer loop
   vertex -15.019135966002203 -8.671302192966964 2.1631189606246326
   vertex -13.758813118930108 -10.557508628714036 2.1631189606246326
   vertex -13.487006784951001 -10.348944293148245 8.572527594031472e-16
  endloop
 endfacet
 facet normal 0.8212758281564523 0.5487589642136232 0.1561076976997769
  outer loop
   vertex -15.019135966002203 -8.671302192966964 2.1631189606246326
   vertex -13.487006784951001 -10.348944293148245 8.572527594031472e-16
   vertex -14.722431864335457 -8.500000000000002 8.572527594031472e-16
  endloop
 endfacet
 facet normal 0.8212758281564522 0.5487589642136232 -0.15610769769977717
  outer loop
   vertex -14.722431864335457 -8.500000000000002 8.572527594031472e-16
   vertex -13.487006784951001 -10.348944293148245 8.572527594031472e-16
   vertex -13.758813118930108 -10.557508628714036 -2.163118960624634
  endloop
 endfacet
 facet normal 0.8212758281564525 0.5487589642136229 -0.15610769769977667
  outer loop
   vertex -14.722431864335457 -8.500000000000002 8.572527594031472e-16
   vertex -13.758813118930108 -10.557508628714036 -2.163118960624634
   vertex -15.019135966002203 -8.671302192966964 -2.163118960624634
  endloop
 endfacet
 facet normal 0.741171644027548 0.49523505957073466 -0.4532183026549928
  outer loop
   vertex -15.019135966002203 -8.671302192966964 -2.163118960624634
   vertex -13.758813118930108 -10.557508628714036 -2.163118960624634
   vertex -14.547625823111467 -11.162785905093058 -4.114496766047311
  endloop
 endfacet
 facet normal 0.7411716440275482 0.49523505957073444 -0.4532183026549924
  outer loop
   vertex -15.019135966002203 -8.671302192966964 -2.163118960624634
   vertex -14.547625823111467 -11.162785905093058 -4.114496766047311
   vertex -15.880204806272268 -9.168440519687685 -4.114496766047311
  endloop
 endfacet
 facet normal 0.5885675477331842 0.39326826236786083 -0.7063485793639775
  outer loop
   vertex -15.880204806272268 -9.168440519687685 -4.114496766047311
   vertex -14.547625823111467 -11.162785905093058 -4.114496766047311
   vertex -15.776230414028527 -12.105527365258567 -5.663118960624631
  endloop
 endfacet
 facet normal 0.5885675477331838 0.39326826236786094 -0.706348579363978
  outer loop
   vertex -15.880204806272268 -9.168440519687685 -4.114496766047311
   vertex -15.776230414028527 -12.105527365258567 -5.663118960624631
   vertex -17.221350967640635 -9.942751616976345 -5.663118960624631
  endloop
 endfacet
 facet normal 0.37812188868578556 0.2526529685495411 -0.8906123257511086
  outer loop
   vertex -17.221350967640635 -9.942751616976345 -5.663118960624631
   vertex -15.776230414028527 -12.105527365258567 -5.663118960624631
   vertex -17.32436251413079 -13.293450906623578 -6.657395614066075
  endloop
 endfacet
 facet normal 0.37812188868578533 0.2526529685495411 -0.8906123257511088
  outer loop
   vertex -17.221350967640635 -9.942751616976345 -5.663118960624631
   vertex -17.32436251413079 -13.293450906623578 -6.657395614066075
   vertex -18.911293719517804 -10.918440519687685 -6.657395614066075
  endloop
 endfacet
 facet normal 0.13034274124253692 0.08709223530610605 -0.9876364272113332
  outer loop
   vertex -18.911293719517804 -10.918440519687685 -6.657395614066075
   vertex -17.32436251413079 -13.293450906623578 -6.657395614066075
   vertex -19.04048016698965 -14.610274296209287 -7.0
  endloop
 endfacet
 facet normal 0.13034274124253684 0.08709223530610606 -0.987636427211333
  outer loop
   vertex -18.911293719517804 -10.918440519687685 -6.657395614066075
   vertex -19.04048016698965 -14.610274296209287 -7.0
   vertex -20.784609690826528 -12.000000000000004 -7.0
  endloop
 endfacet
 facet normal -0.13034274124253672 -0.08709223530610599 -0.9876364272113332
  outer loop
   vertex -20.784609690826528 -12.000000000000004 -7.0
   vertex -19.04048016698965 -14.610274296209287 -7.0
   vertex -20.756597819848505 -15.927097685794996 -6.6573956140660755
  endloop
 endfacet
 facet normal -0.13034274124253706 -0.08709223530610598 -0.987636427211333
  outer loop
   vertex -20.784609690826528 -12.000000000000004 -7.0
   vertex -20.756597819848505 -15.927097685794996 -6.6573956140660755
   vertex -22.657925662135245 -13.081559480312318 -6.6573956140660755
  endloop
 endfacet
 facet normal -0.37812188868578517 -0.2526529685495405 -0.890612325751109
  outer loop
   vertex -22.657925662135245 -13.081559480312318 -6.6573956140660755
   vertex -20.756597819848505 -15.927097685794996 -6.6573956140660755
   vertex -22.30472991995077 -17.115021227160007 -5.663118960624633
  endloop
 endfacet
 facet normal -0.3781218886857854 -0.25265296854954056 -0.890612325751109
  outer loop
   vertex -22.657925662135245 -13.081559480312318 -6.6573956140660755
   vertex -22.30472991995077 -17.115021227160007 -5.663118960624633
   vertex -24.347868414012414 -14.057248383023659 -5.663118960624633
  endloop
 endfacet
 facet normal -0.5885675477331843 -0.39326826236786067 -0.7063485793639778
  outer loop
   vertex -24.347868414012414 -14.057248383023659 -5.663118960624633
   vertex -22.30472991995077 -17.115021227160007 -5.663118960624633
   vertex -23.533334510867828 -18.057762687325518 -4.1144967660473135
  endloop
 endfacet
 facet normal -0.5885675477331838 -0.3932682623678607 -0.7063485793639781
  outer loop
   vertex -24.347868414012414 -14.057248383023659 -5.663118960624633
   vertex -23.533334510867828 -18.057762687325518 -4.1144967660473135
   vertex -25.68901457538078 -14.831559480312318 -4.1144967660473135
  endloop
 endfacet
 facet normal -0.7411716440275478 -0.4952350595707343 -0.4532183026549935
  outer loop
   vertex -25.68901457538078 -14.831559480312318 -4.1144967660473135
   vertex -23.533334510867828 -18.057762687325518 -4.1144967660473135
   vertex -24.322147215049192 -18.663039963704538 -2.163118960624634
  endloop
 endfacet
 facet normal -0.7411716440275478 -0.4952350595707342 -0.45321830265499335
  outer loop
   vertex -25.68901457538078 -14.831559480312318 -4.1144967660473135
   vertex -24.322147215049192 -18.663039963704538 -2.163118960624634
   vertex -26.55008341565085 -15.328697807033041 -2.163118960624634
  endloop
 endfacet
 facet normal -0.8212758281564528 -0.5487589642136227 -0.1561076976997765
  outer loop
   vertex -26.55008341565085 -15.328697807033041 -2.163118960624634
   vertex -24.322147215049192 -18.663039963704538 -2.163118960624634
   vertex -24.593953549028296 -18.87160429927033 -1.7145055188062944e-15
  endloop
 endfacet
 facet normal -0.8212758281564522 -0.548758964213623 -0.1561076976997775
  outer loop
   vertex -26.55008341565085 -15.328697807033041 -2.163118960624634
   vertex -24.593953549028296 -18.87160429927033 -1.7145055188062944e-15
   vertex -26.846787517317598 -15.500000000000004 -1.7145055188062944e-15
  endloop
 endfacet
 facet normal -0.7426222815508127 -0.6512622618140409 0.15610769769977773
  outer loop
   vertex -24.593953549028296 -18.87160429927033 0.0
   vertex -21.92031021678298 -21.920310216782973 0.0
   vertex -21.678052332224848 -21.67805233222484 2.1631189606246317
  endloop
 endfacet
 facet normal -0.7426222815508124 -0.6512622618140415 0.15610769769977664
  outer loop
   vertex -24.593953549028296 -18.87160429927033 0.0
   vertex -21.678052332224848 -21.67805233222484 2.1631189606246317
   vertex -24.322147215049192 -18.663039963704538 2.1631189606246317
  endloop
 endfacet
 facet normal -0.6701896712874538 -0.5877405674599484 0.45321830265499286
  outer loop
   vertex -24.322147215049192 -18.663039963704538 2.1631189606246317
   vertex -21.678052332224848 -21.67805233222484 2.1631189606246317
   vertex -20.974992568200935 -20.97499256820093 4.114496766047312
  endloop
 endfacet
 facet normal -0.6701896712874537 -0.5877405674599488 0.4532183026549924
  outer loop
   vertex -24.322147215049192 -18.663039963704538 2.1631189606246317
   vertex -20.974992568200935 -20.97499256820093 4.114496766047312
   vertex -23.53333451086783 -18.057762687325518 4.114496766047312
  endloop
 endfacet
 facet normal -0.5322004619635768 -0.46672727873592834 0.7063485793639784
  outer loop
   vertex -23.53333451086783 -18.057762687325518 4.114496766047312
   vertex -20.974992568200935 -20.97499256820093 4.114496766047312
   vertex -19.879951312919317 -19.87995131291931 5.663118960624632
  endloop
 endfacet
 facet normal -0.5322004619635767 -0.46672727873592856 0.7063485793639782
  outer loop
   vertex -23.53333451086783 -18.057762687325518 4.114496766047312
   vertex -19.879951312919317 -19.87995131291931 5.663118960624632
   vertex -22.30472991995077 -17.115021227160007 5.663118960624632
  endloop
 endfacet
 facet normal -0.34190917357261846 -0.2998462977044914 0.8906123257511084
  outer loop
   vertex -22.30472991995077 -17.115021227160007 5.663118960624632
   vertex -19.879951312919317 -19.87995131291931 5.663118960624632
   vertex -18.50011883404802 -18.500118834048013 6.657395614066075
  endloop
 endfacet
 facet normal -0.34190917357261846 -0.299846297704491 0.8906123257511087
  outer loop
   vertex -22.30472991995077 -17.115021227160007 5.663118960624632
   vertex -18.50011883404802 -18.500118834048013 6.657395614066075
   vertex -20.75659781984851 -15.927097685794998 6.657395614066075
  endloop
 endfacet
 facet normal -0.11785982317585077 -0.10336029085770918 0.9876364272113332
  outer loop
   vertex -20.75659781984851 -15.927097685794998 6.657395614066075
   vertex -18.50011883404802 -18.500118834048013 6.657395614066075
   vertex -16.970562748477143 -16.97056274847714 7.0
  endloop
 endfacet
 facet normal -0.11785982317585078 -0.10336029085770923 0.987636427211333
  outer loop
   vertex -20.75659781984851 -15.927097685794998 6.657395614066075
   vertex -16.970562748477143 -16.97056274847714 7.0
   vertex -19.04048016698965 -14.610274296209287 7.0
  endloop
 endfacet
 facet normal 0.11785982317585078 0.10336029085770923 0.9876364272113332
  outer loop
   vertex -19.04048016698965 -14.610274296209287 7.0
   vertex -16.970562748477143 -16.97056274847714 7.0
   vertex -15.441006662906272 -15.441006662906267 6.6573956140660755
  endloop
 endfacet
 facet normal 0.11785982317585078 0.10336029085770916 0.9876364272113333
  outer loop
   vertex -19.04048016698965 -14.610274296209287 7.0
   vertex -15.441006662906272 -15.441006662906267 6.6573956140660755
   vertex -17.324362514130794 -13.29345090662358 6.6573956140660755
  endloop
 endfacet
 facet normal 0.3419091735726183 0.2998462977044908 0.8906123257511087
  outer loop
   vertex -17.324362514130794 -13.29345090662358 6.6573956140660755
   vertex -15.441006662906272 -15.441006662906267 6.6573956140660755
   vertex -14.061174184034972 -14.061174184034966 5.663118960624632
  endloop
 endfacet
 facet normal 0.34190917357261835 0.29984629770449084 0.8906123257511088
  outer loop
   vertex -17.324362514130794 -13.29345090662358 6.6573956140660755
   vertex -14.061174184034972 -14.061174184034966 5.663118960624632
   vertex -15.77623041402853 -12.105527365258569 5.663118960624632
  endloop
 endfacet
 facet normal 0.5322004619635774 0.46672727873592845 0.7063485793639777
  outer loop
   vertex -15.77623041402853 -12.105527365258569 5.663118960624632
   vertex -14.061174184034972 -14.061174184034966 5.663118960624632
   vertex -12.966132928753355 -12.966132928753352 4.114496766047313
  endloop
 endfacet
 facet normal 0.5322004619635775 0.4667272787359286 0.7063485793639779
  outer loop
   vertex -15.77623041402853 -12.105527365258569 5.663118960624632
   vertex -12.966132928753355 -12.966132928753352 4.114496766047313
   vertex -14.54762582311147 -11.16278590509306 4.114496766047313
  endloop
 endfacet
 facet normal 0.6701896712874532 0.5877405674599481 0.4532183026549938
  outer loop
   vertex -14.54762582311147 -11.16278590509306 4.114496766047313
   vertex -12.966132928753355 -12.966132928753352 4.114496766047313
   vertex -12.263073164729441 -12.263073164729438 2.1631189606246326
  endloop
 endfacet
 facet normal 0.6701896712874532 0.5877405674599482 0.45321830265499363
  outer loop
   vertex -14.54762582311147 -11.16278590509306 4.114496766047313
   vertex -12.263073164729441 -12.263073164729438 2.1631189606246326
   vertex -13.758813118930108 -10.557508628714036 2.1631189606246326
  endloop
 endfacet
 facet normal 0.7426222815508123 0.6512622618140417 0.1561076976997766
  outer loop
   vertex -13.758813118930108 -10.557508628714036 2.1631189606246326
   vertex -12.263073164729441 -12.263073164729438 2.1631189606246326
   vertex -12.02081528017131 -12.020815280171307 8.572527594031472e-16
  endloop
 endfacet
 facet normal 0.7426222815508127 0.651262261814041 0.15610769769977734
  outer loop
   vertex -13.758813118930108 -10.557508628714036 2.1631189606246326
   vertex -12.02081528017131 -12.020815280171307 8.572527594031472e-16
   vertex -13.487006784951001 -10.348944293148245 8.572527594031472e-16
  endloop
 endfacet
 facet normal 0.7426222815508128 0.651262261814041 -0.1561076976997763
  outer loop
   vertex -13.487006784951001 -10.348944293148245 8.572527594031472e-16
   vertex -12.02081528017131 -12.020815280171307 8.572527594031472e-16
   vertex -12.263073164729441 -12.263073164729438 -2.163118960624634
  endloop
 endfacet
 facet normal 0.7426222815508121 0.6512622618140416 -0.15610769769977711
  outer loop
   vertex -13.487006784951001 -10.348944293148245 8.572527594031472e-16
   vertex -12.263073164729441 -12.263073164729438 -2.163118960624634
   vertex -13.758813118930108 -10.557508628714036 -2.163118960624634
  endloop
 endfacet
 facet normal 0.6701896712874534 0.5877405674599485 -0.453218302654993
  outer loop
   vertex -13.758813118930108 -10.557508628714036 -2.163118960624634
   vertex -12.263073164729441 -12.263073164729438 -2.163118960624634
   vertex -12.966132928753353 -12.966132928753348 -4.114496766047311
  endloop
 endfacet
 facet normal 0.6701896712874537 0.5877405674599484 -0.4532183026549929
  outer loop
   vertex -13.758813118930108 -10.557508628714036 -2.163118960624634
   vertex -12.966132928753353 -12.966132928753348 -4.114496766047311
   vertex -14.547625823111467 -11.162785905093058 -4.114496766047311
  endloop
 endfacet
 facet normal 0.5322004619635776 0.4667272787359287 -0.7063485793639775
  outer loop
   vertex -14.547625823111467 -11.162785905093058 -4.114496766047311
   vertex -12.966132928753353 -12.966132928753348 -4.114496766047311
   vertex -14.061174184034968 -14.061174184034964 -5.663118960624631
  endloop
 endfacet
 facet normal 0.5322004619635776 0.4667272787359286 -0.7063485793639774
  outer loop
   vertex -14.547625823111467 -11.162785905093058 -4.114496766047311
   vertex -14.061174184034968 -14.061174184034964 -5.663118960624631
   vertex -15.776230414028527 -12.105527365258567 -5.663118960624631
  endloop
 endfacet
 facet normal 0.34190917357261813 0.29984629770449067 -0.890612325751109
  outer loop
   vertex -15.776230414028527 -12.105527365258567 -5.663118960624631
   vertex -14.061174184034968 -14.061174184034964 -5.663118960624631
   vertex -15.44100666290627 -15.441006662906265 -6.657395614066075
  endloop
 endfacet
 facet normal 0.3419091735726185 0.29984629770449067 -0.8906123257511088
  outer loop
   vertex -15.776230414028527 -12.105527365258567 -5.663118960624631
   vertex -15.44100666290627 -15.441006662906265 -6.657395614066075
   vertex -17.32436251413079 -13.293450906623578 -6.657395614066075
  endloop
 endfacet
 facet normal 0.11785982317585104 0.1033602908577093 -0.987636427211333
  outer loop
   vertex -17.32436251413079 -13.293450906623578 -6.657395614066075
   vertex -15.44100666290627 -15.441006662906265 -6.657395614066075
   vertex -16.970562748477143 -16.97056274847714 -7.0
  endloop
 endfacet
 facet normal 0.11785982317585081 0.10336029085770927 -0.987636427211333
  outer loop
   vertex -17.32436251413079 -13.293450906623578 -6.657395614066075
   vertex -16.970562748477143 -16.97056274847714 -7.0
   vertex -19.04048016698965 -14.610274296209287 -7.0
  endloop
 endfacet
 facet normal -0.11785982317585071 -0.10336029085770916 -0.9876364272113332
  outer loop
   vertex -19.04048016698965 -14.610274296209287 -7.0
   vertex -16.970562748477143 -16.97056274847714 -7.0
   vertex -18.500118834048017 -18.50011883404801 -6.6573956140660755
  endloop
 endfacet
 facet normal -0.11785982317585066 -0.10336029085770916 -0.9876364272113332
  outer loop
   vertex -19.04048016698965 -14.610274296209287 -7.0
   vertex -18.500118834048017 -18.50011883404801 -6.6573956140660755
   vertex -20.756597819848505 -15.927097685794996 -6.6573956140660755
  endloop
 endfacet
 facet normal -0.34190917357261785 -0.2998462977044907 -0.890612325751109
  outer loop
   vertex -20.756597819848505 -15.927097685794996 -6.6573956140660755
   vertex -18.500118834048017 -18.50011883404801 -6.6573956140660755
   vertex -19.879951312919317 -19.87995131291931 -5.663118960624633
  endloop
 endfacet
 facet normal -0.34190917357261763 -0.29984629770449067 -0.890612325751109
  outer loop
   vertex -20.756597819848505 -15.927097685794996 -6.6573956140660755
   vertex -19.879951312919317 -19.87995131291931 -5.663118960624633
   vertex -22.30472991995077 -17.115021227160007 -5.663118960624633
  endloop
 endfacet
 facet normal -0.5322004619635768 -0.4667272787359287 -0.706348579363978
  outer loop
   vertex -22.30472991995077 -17.115021227160007 -5.663118960624633
   vertex -19.879951312919317 -19.87995131291931 -5.663118960624633
   vertex -20.974992568200932 -20.97499256820093 -4.1144967660473135
  endloop
 endfacet
 facet normal -0.5322004619635774 -0.4667272787359287 -0.7063485793639777
  outer loop
   vertex -22.30472991995077 -17.115021227160007 -5.663118960624633
   vertex -20.974992568200932 -20.97499256820093 -4.1144967660473135
   vertex -23.533334510867828 -18.057762687325518 -4.1144967660473135
  endloop
 endfacet
 facet normal -0.670189671287453 -0.5877405674599482 -0.4532183026549939
  outer loop
   vertex -23.533334510867828 -18.057762687325518 -4.1144967660473135
   vertex -20.974992568200932 -20.97499256820093 -4.1144967660473135
   vertex -21.678052332224848 -21.67805233222484 -2.163118960624634
  endloop
 endfacet
 facet normal -0.6701896712874534 -0.5877405674599482 -0.4532183026549934
  outer loop
   vertex -23.533334510867828 -18.057762687325518 -4.1144967660473135
   vertex -21.678052332224848 -21.67805233222484 -2.163118960624634
   vertex -24.322147215049192 -18.663039963704538 -2.163118960624634
  endloop
 endfacet
 facet normal -0.7426222815508123 -0.6512622618140412 -0.15610769769977764
  outer loop
   vertex -24.322147215049192 -18.663039963704538 -2.163118960624634
   vertex -21.678052332224848 -21.67805233222484 -2.163118960624634
   vertex -21.92031021678298 -21.920310216782973 -1.7145055188062944e-15
  endloop
 endfacet
 facet normal -0.7426222815508128 -0.6512622618140411 -0.15610769769977664
  outer loop
   vertex -24.322147215049192 -18.663039963704538 -2.163118960624634
   vertex -21.92031021678298 -21.920310216782973 -1.7145055188062944e-15
   vertex -24.593953549028296 -18.87160429927033 -1.7145055188062944e-15
  endloop
 endfacet
 facet normal -0.6512622618140417 -0.7426222815508119 0.1561076976997779
  outer loop
   vertex -21.92031021678298 -21.920310216782973 0.0
   vertex -18.87160429927035 -24.593953549028285 0.0
   vertex -18.663039963704556 -24.322147215049178 2.1631189606246317
  endloop
 endfacet
 facet normal -0.6512622618140417 -0.742622281550812 0.15610769769977767
  outer loop
   vertex -21.92031021678298 -21.920310216782973 0.0
   vertex -18.663039963704556 -24.322147215049178 2.1631189606246317
   vertex -21.678052332224848 -21.67805233222484 2.1631189606246317
  endloop
 endfacet
 facet normal -0.5877405674599488 -0.6701896712874538 0.4532183026549923
  outer loop
   vertex -21.678052332224848 -21.67805233222484 2.1631189606246317
   vertex -18.663039963704556 -24.322147215049178 2.1631189606246317
   vertex -18.057762687325535 -23.533334510867817 4.114496766047312
  endloop
 endfacet
 facet normal -0.5877405674599488 -0.6701896712874531 0.4532183026549929
  outer loop
   vertex -21.678052332224848 -21.67805233222484 2.1631189606246317
   vertex -18.057762687325535 -23.533334510867817 4.114496766047312
   vertex -20.974992568200935 -20.97499256820093 4.114496766047312
  endloop
 endfacet
 facet normal -0.46672727873592834 -0.5322004619635765 0.7063485793639787
  outer loop
   vertex -20.974992568200935 -20.97499256820093 4.114496766047312
   vertex -18.057762687325535 -23.533334510867817 4.114496766047312
   vertex -17.11502122716002 -22.304729919950756 5.663118960624632
  endloop
 endfacet
 facet normal -0.46672727873592834 -0.5322004619635767 0.7063485793639784
  outer loop
   vertex -20.974992568200935 -20.97499256820093 4.114496766047312
   vertex -17.11502122716002 -22.304729919950756 5.663118960624632
   vertex -19.879951312919317 -19.87995131291931 5.663118960624632
  endloop
 endfacet
 facet normal -0.29984629770449106 -0.3419091735726182 0.8906123257511087
  outer loop
   vertex -19.879951312919317 -19.87995131291931 5.663118960624632
   vertex -17.11502122716002 -22.304729919950756 5.663118960624632
   vertex -15.927097685795012 -20.756597819848494 6.657395614066075
  endloop
 endfacet
 facet normal -0.29984629770449117 -0.3419091735726188 0.8906123257511084
  outer loop
   vertex -19.879951312919317 -19.87995131291931 5.663118960624632
   vertex -15.927097685795012 -20.756597819848494 6.657395614066075
   vertex -18.50011883404802 -18.500118834048013 6.657395614066075
  endloop
 endfacet
 facet normal -0.1033602908577093 -0.11785982317585095 0.9876364272113332
  outer loop
   vertex -18.50011883404802 -18.500118834048013 6.657395614066075
   vertex -15.927097685795012 -20.756597819848494 6.657395614066075
   vertex -14.610274296209301 -19.04048016698964 7.0
  endloop
 endfacet
 facet normal -0.10336029085770926 -0.11785982317585071 0.9876364272113332
  outer loop
   vertex -18.50011883404802 -18.500118834048013 6.657395614066075
   vertex -14.610274296209301 -19.04048016698964 7.0
   vertex -16.970562748477143 -16.97056274847714 7.0
  endloop
 endfacet
 facet normal 0.1033602908577092 0.11785982317585061 0.987636427211333
  outer loop
   vertex -16.970562748477143 -16.97056274847714 7.0
   vertex -14.610274296209301 -19.04048016698964 7.0
   vertex -13.293450906623592 -17.324362514130783 6.6573956140660755
  endloop
 endfacet
 facet normal 0.10336029085770923 0.1178598231758508 0.9876364272113332
  outer loop
   vertex -16.970562748477143 -16.97056274847714 7.0
   vertex -13.293450906623592 -17.324362514130783 6.6573956140660755
   vertex -15.441006662906272 -15.441006662906267 6.6573956140660755
  endloop
 endfacet
 facet normal 0.2998462977044909 0.3419091735726183 0.8906123257511088
  outer loop
   vertex -15.441006662906272 -15.441006662906267 6.6573956140660755
   vertex -13.293450906623592 -17.324362514130783 6.6573956140660755
   vertex -12.10552736525858 -15.776230414028522 5.663118960624632
  endloop
 endfacet
 facet normal 0.29984629770449095 0.3419091735726182 0.8906123257511088
  outer loop
   vertex -15.441006662906272 -15.441006662906267 6.6573956140660755
   vertex -12.10552736525858 -15.776230414028522 5.663118960624632
   vertex -14.061174184034972 -14.061174184034966 5.663118960624632
  endloop
 endfacet
 facet normal 0.4667272787359286 0.5322004619635772 0.7063485793639778
  outer loop
   vertex -14.061174184034972 -14.061174184034966 5.663118960624632
   vertex -12.10552736525858 -15.776230414028522 5.663118960624632
   vertex -11.16278590509307 -14.547625823111462 4.114496766047313
  endloop
 endfacet
 facet normal 0.46672727873592873 0.5322004619635773 0.7063485793639779
  outer loop
   vertex -14.061174184034972 -14.061174184034966 5.663118960624632
   vertex -11.16278590509307 -14.547625823111462 4.114496766047313
   vertex -12.966132928753355 -12.966132928753352 4.114496766047313
  endloop
 endfacet
 facet normal 0.5877405674599485 0.6701896712874533 0.4532183026549933
  outer loop
   vertex -12.966132928753355 -12.966132928753352 4.114496766047313
   vertex -11.16278590509307 -14.547625823111462 4.114496766047313
   vertex -10.557508628714046 -13.758813118930101 2.1631189606246326
  endloop
 endfacet
 facet normal 0.5877405674599488 0.6701896712874525 0.45321830265499385
  outer loop
   vertex -12.966132928753355 -12.966132928753352 4.114496766047313
   vertex -10.557508628714046 -13.758813118930101 2.1631189606246326
   vertex -12.263073164729441 -12.263073164729438 2.1631189606246326
  endloop
 endfacet
 facet normal 0.6512622618140422 0.7426222815508117 0.15610769769977736
  outer loop
   vertex -12.263073164729441 -12.263073164729438 2.1631189606246326
   vertex -10.557508628714046 -13.758813118930101 2.1631189606246326
   vertex -10.348944293148255 -13.487006784950994 8.572527594031472e-16
  endloop
 endfacet
 facet normal 0.6512622618140418 0.7426222815508121 0.15610769769977656
  outer loop
   vertex -12.263073164729441 -12.263073164729438 2.1631189606246326
   vertex -10.348944293148255 -13.487006784950994 8.572527594031472e-16
   vertex -12.02081528017131 -12.020815280171307 8.572527594031472e-16
  endloop
 endfacet
 facet normal 0.6512622618140417 0.742622281550812 -0.156107697699777
  outer loop
   vertex -12.02081528017131 -12.020815280171307 8.572527594031472e-16
   vertex -10.348944293148255 -13.487006784950994 8.572527594031472e-16
   vertex -10.557508628714046 -13.758813118930101 -2.163118960624634
  endloop
 endfacet
 facet normal 0.6512622618140425 0.7426222815508118 -0.15610769769977637
  outer loop
   vertex -12.02081528017131 -12.020815280171307 8.572527594031472e-16
   vertex -10.557508628714046 -13.758813118930101 -2.163118960624634
   vertex -12.263073164729441 -12.263073164729438 -2.163118960624634
  endloop
 endfacet
 facet normal 0.5877405674599493 0.6701896712874531 -0.4532183026549923
  outer loop
   vertex -12.263073164729441 -12.263073164729438 -2.163118960624634
   vertex -10.557508628714046 -13.758813118930101 -2.163118960624634
   vertex -11.162785905093067 -14.54762582311146 -4.114496766047311
  endloop
 endfacet
 facet normal 0.5877405674599486 0.6701896712874533 -0.4532183026549931
  outer loop
   vertex -12.263073164729441 -12.263073164729438 -2.163118960624634
   vertex -11.162785905093067 -14.54762582311146 -4.114496766047311
   vertex -12.966132928753353 -12.966132928753348 -4.114496766047311
  endloop
 endfacet
 facet normal 0.46672727873592895 0.5322004619635775 -0.7063485793639775
  outer loop
   vertex -12.966132928753353 -12.966132928753348 -4.114496766047311
   vertex -11.162785905093067 -14.54762582311146 -4.114496766047311
   vertex -12.105527365258578 -15.776230414028518 -5.663118960624631
  endloop
 endfacet
 facet normal 0.46672727873592884 0.5322004619635775 -0.7063485793639775
  outer loop
   vertex -12.966132928753353 -12.966132928753348 -4.114496766047311
   vertex -12.105527365258578 -15.776230414028518 -5.663118960624631
   vertex -14.061174184034968 -14.061174184034964 -5.663118960624631
  endloop
 endfacet
 facet normal 0.2998462977044906 0.34190917357261785 -0.8906123257511089
  outer loop
   vertex -14.061174184034968 -14.061174184034964 -5.663118960624631
   vertex -12.105527365258578 -15.776230414028518 -5.663118960624631
   vertex -13.29345090662359 -17.324362514130783 -6.657395614066075
  endloop
 endfacet
 facet normal 0.2998462977044908 0.3419091735726179 -0.8906123257511089
  outer loop
   vertex -14.061174184034968 -14.061174184034964 -5.663118960624631
   vertex -13.29345090662359 -17.324362514130783 -6.657395614066075
   vertex -15.44100666290627 -15.441006662906265 -6.657395614066075
  endloop
 endfacet
 facet normal 0.1033602908577094 0.11785982317585088 -0.987636427211333
  outer loop
   vertex -15.44100666290627 -15.441006662906265 -6.657395614066075
   vertex -13.29345090662359 -17.324362514130783 -6.657395614066075
   vertex -14.610274296209301 -19.04048016698964 -7.0
  endloop
 endfacet
 facet normal 0.10336029085770945 0.11785982317585088 -0.987636427211333
  outer loop
   vertex -15.44100666290627 -15.441006662906265 -6.657395614066075
   vertex -14.610274296209301 -19.04048016698964 -7.0
   vertex -16.970562748477143 -16.97056274847714 -7.0
  endloop
 endfacet
 facet normal -0.1033602908577092 -0.11785982317585061 -0.987636427211333
  outer loop
   vertex -16.970562748477143 -16.97056274847714 -7.0
   vertex -14.610274296209301 -19.04048016698964 -7.0
   vertex -15.92709768579501 -20.756597819848494 -6.6573956140660755
  endloop
 endfacet
 facet normal -0.10336029085770926 -0.11785982317585064 -0.9876364272113332
  outer loop
   vertex -16.970562748477143 -16.97056274847714 -7.0
   vertex -15.92709768579501 -20.756597819848494 -6.6573956140660755
   vertex -18.500118834048017 -18.50011883404801 -6.6573956140660755
  endloop
 endfacet
 facet normal -0.29984629770449117 -0.34190917357261796 -0.8906123257511088
  outer loop
   vertex -18.500118834048017 -18.50011883404801 -6.6573956140660755
   vertex -15.92709768579501 -20.756597819848494 -6.6573956140660755
   vertex -17.11502122716002 -22.304729919950756 -5.663118960624633
  endloop
 endfacet
 facet normal -0.2998462977044907 -0.3419091735726179 -0.8906123257511089
  outer loop
   vertex -18.500118834048017 -18.50011883404801 -6.6573956140660755
   vertex -17.11502122716002 -22.304729919950756 -5.663118960624633
   vertex -19.879951312919317 -19.87995131291931 -5.663118960624633
  endloop
 endfacet
 facet normal -0.46672727873592884 -0.5322004619635772 -0.7063485793639778
  outer loop
   vertex -19.879951312919317 -19.87995131291931 -5.663118960624633
   vertex -17.11502122716002 -22.304729919950756 -5.663118960624633
   vertex -18.057762687325532 -23.533334510867814 -4.1144967660473135
  endloop
 endfacet
 facet normal -0.46672727873592834 -0.5322004619635772 -0.7063485793639781
  outer loop
   vertex -19.879951312919317 -19.87995131291931 -5.663118960624633
   vertex -18.057762687325532 -23.533334510867814 -4.1144967660473135
   vertex -20.974992568200932 -20.97499256820093 -4.1144967660473135
  endloop
 endfacet
 facet normal -0.5877405674599481 -0.670189671287453 -0.45321830265499424
  outer loop
   vertex -20.974992568200932 -20.97499256820093 -4.1144967660473135
   vertex -18.057762687325532 -23.533334510867814 -4.1144967660473135
   vertex -18.663039963704556 -24.322147215049178 -2.163118960624634
  endloop
 endfacet
 facet normal -0.5877405674599482 -0.6701896712874531 -0.4532183026549938
  outer loop
   vertex -20.974992568200932 -20.97499256820093 -4.1144967660473135
   vertex -18.663039963704556 -24.322147215049178 -2.163118960624634
   vertex -21.678052332224848 -21.67805233222484 -2.163118960624634
  endloop
 endfacet
 facet normal -0.6512622618140417 -0.7426222815508121 -0.15610769769977784
  outer loop
   vertex -21.678052332224848 -21.67805233222484 -2.163118960624634
   vertex -18.663039963704556 -24.322147215049178 -2.163118960624634
   vertex -18.87160429927035 -24.593953549028285 -1.7145055188062944e-15
  endloop
 endfacet
 facet normal -0.6512622618140417 -0.742622281550812 -0.15610769769977761
  outer loop
   vertex -21.678052332224848 -21.67805233222484 -2.163118960624634
   vertex -18.87160429927035 -24.593953549028285 -1.7145055188062944e-15
   vertex -21.92031021678298 -21.920310216782973 -1.7145055188062944e-15
  endloop
 endfacet
 facet normal -0.5487589642136235 -0.821275828156452 0.15610769769977761
  outer loop
   vertex -18.87160429927035 -24.593953549028285 0.0
   vertex -15.500000000000014 -26.846787517317594 0.0
   vertex -15.328697807033052 -26.550083415650846 2.1631189606246317
  endloop
 endfacet
 facet normal -0.5487589642136236 -0.8212758281564518 0.15610769769977778
  outer loop
   vertex -18.87160429927035 -24.593953549028285 0.0
   vertex -15.328697807033052 -26.550083415650846 2.1631189606246317
   vertex -18.663039963704556 -24.322147215049178 2.1631189606246317
  endloop
 endfacet
 facet normal -0.49523505957073555 -0.7411716440275478 0.45321830265499224
  outer loop
   vertex -18.663039963704556 -24.322147215049178 2.1631189606246317
   vertex -15.328697807033052 -26.550083415650846 2.1631189606246317
   vertex -14.831559480312329 -25.68901457538078 4.114496766047312
  endloop
 endfacet
 facet normal -0.49523505957073555 -0.7411716440275475 0.45321830265499236
  outer loop
   vertex -18.663039963704556 -24.322147215049178 2.1631189606246317
   vertex -14.831559480312329 -25.68901457538078 4.114496766047312
   vertex -18.057762687325535 -23.533334510867817 4.114496766047312
  endloop
 endfacet
 facet normal -0.39326826236786105 -0.5885675477331826 0.7063485793639788
  outer loop
   vertex -18.057762687325535 -23.533334510867817 4.114496766047312
   vertex -14.831559480312329 -25.68901457538078 4.114496766047312
   vertex -14.057248383023667 -24.34786841401241 5.663118960624632
  endloop
 endfacet
 facet normal -0.393268262367861 -0.5885675477331828 0.7063485793639787
  outer loop
   vertex -18.057762687325535 -23.533334510867817 4.114496766047312
   vertex -14.057248383023667 -24.34786841401241 5.663118960624632
   vertex -17.11502122716002 -22.304729919950756 5.663118960624632
  endloop
 endfacet
 facet normal -0.25265296854954156 -0.3781218886857855 0.8906123257511087
  outer loop
   vertex -17.11502122716002 -22.304729919950756 5.663118960624632
   vertex -14.057248383023667 -24.34786841401241 5.663118960624632
   vertex -13.081559480312329 -22.657925662135245 6.657395614066075
  endloop
 endfacet
 facet normal -0.2526529685495416 -0.3781218886857853 0.8906123257511087
  outer loop
   vertex -17.11502122716002 -22.304729919950756 5.663118960624632
   vertex -13.081559480312329 -22.657925662135245 6.657395614066075
   vertex -15.927097685795012 -20.756597819848494 6.657395614066075
  endloop
 endfacet
 facet normal -0.08709223530610626 -0.13034274124253697 0.9876364272113332
  outer loop
   vertex -15.927097685795012 -20.756597819848494 6.657395614066075
   vertex -13.081559480312329 -22.657925662135245 6.657395614066075
   vertex -12.00000000000001 -20.784609690826525 7.0
  endloop
 endfacet
 facet normal -0.08709223530610626 -0.13034274124253695 0.9876364272113332
  outer loop
   vertex -15.927097685795012 -20.756597819848494 6.657395614066075
   vertex -12.00000000000001 -20.784609690826525 7.0
   vertex -14.610274296209301 -19.04048016698964 7.0
  endloop
 endfacet
 facet normal 0.08709223530610609 0.1303427412425367 0.987636427211333
  outer loop
   vertex -14.610274296209301 -19.04048016698964 7.0
   vertex -12.00000000000001 -20.784609690826525 7.0
   vertex -10.918440519687694 -18.911293719517804 6.6573956140660755
  endloop
 endfacet
 facet normal 0.08709223530610609 0.13034274124253667 0.9876364272113332
  outer loop
   vertex -14.610274296209301 -19.04048016698964 7.0
   vertex -10.918440519687694 -18.911293719517804 6.6573956140660755
   vertex -13.293450906623592 -17.324362514130783 6.6573956140660755
  endloop
 endfacet
 facet normal 0.2526529685495415 0.37812188868578506 0.8906123257511088
  outer loop
   vertex -13.293450906623592 -17.324362514130783 6.6573956140660755
   vertex -10.918440519687694 -18.911293719517804 6.6573956140660755
   vertex -9.942751616976354 -17.221350967640635 5.663118960624632
  endloop
 endfacet
 facet normal 0.2526529685495415 0.37812188868578533 0.8906123257511086
  outer loop
   vertex -13.293450906623592 -17.324362514130783 6.6573956140660755
   vertex -9.942751616976354 -17.221350967640635 5.663118960624632
   vertex -12.10552736525858 -15.776230414028522 5.663118960624632
  endloop
 endfacet
 facet normal 0.39326826236786155 0.5885675477331835 0.7063485793639777
  outer loop
   vertex -12.10552736525858 -15.776230414028522 5.663118960624632
   vertex -9.942751616976354 -17.221350967640635 5.663118960624632
   vertex -9.168440519687694 -15.88020480627227 4.114496766047313
  endloop
 endfacet
 facet normal 0.39326826236786167 0.5885675477331834 0.7063485793639779
  outer loop
   vertex -12.10552736525858 -15.776230414028522 5.663118960624632
   vertex -9.168440519687694 -15.88020480627227 4.114496766047313
   vertex -11.16278590509307 -14.547625823111462 4.114496766047313
  endloop
 endfacet
 facet normal 0.4952350595707354 0.741171644027547 0.4532183026549936
  outer loop
   vertex -11.16278590509307 -14.547625823111462 4.114496766047313
   vertex -9.168440519687694 -15.88020480627227 4.114496766047313
   vertex -8.67130219296697 -15.019135966002201 2.1631189606246326
  endloop
 endfacet
 facet normal 0.4952350595707351 0.7411716440275474 0.45321830265499313
  outer loop
   vertex -11.16278590509307 -14.547625823111462 4.114496766047313
   vertex -8.67130219296697 -15.019135966002201 2.1631189606246326
   vertex -10.557508628714046 -13.758813118930101 2.1631189606246326
  endloop
 endfacet
 facet normal 0.5487589642136235 0.8212758281564522 0.15610769769977695
  outer loop
   vertex -10.557508628714046 -13.758813118930101 2.1631189606246326
   vertex -8.67130219296697 -15.019135966002201 2.1631189606246326
   vertex -8.500000000000007 -14.722431864335455 8.572527594031472e-16
  endloop
 endfacet
 facet normal 0.5487589642136237 0.8212758281564517 0.15610769769977734
  outer loop
   vertex -10.557508628714046 -13.758813118930101 2.1631189606246326
   vertex -8.500000000000007 -14.722431864335455 8.572527594031472e-16
   vertex -10.348944293148255 -13.487006784950994 8.572527594031472e-16
  endloop
 endfacet
 facet normal 0.5487589642136238 0.8212758281564518 -0.15610769769977662
  outer loop
   vertex -10.348944293148255 -13.487006784950994 8.572527594031472e-16
   vertex -8.500000000000007 -14.722431864335455 8.572527594031472e-16
   vertex -8.67130219296697 -15.019135966002201 -2.163118960624634
  endloop
 endfacet
 facet normal 0.5487589642136234 0.8212758281564521 -0.15610769769977714
  outer loop
   vertex -10.348944293148255 -13.487006784950994 8.572527594031472e-16
   vertex -8.67130219296697 -15.019135966002201 -2.163118960624634
   vertex -10.557508628714046 -13.758813118930101 -2.163118960624634
  endloop
 endfacet
 facet normal 0.4952350595707352 0.7411716440275476 -0.4532183026549928
  outer loop
   vertex -10.557508628714046 -13.758813118930101 -2.163118960624634
   vertex -8.67130219296697 -15.019135966002201 -2.163118960624634
   vertex -9.168440519687692 -15.880204806272266 -4.114496766047311
  endloop
 endfacet
 facet normal 0.4952350595707356 0.7411716440275475 -0.4532183026549924
  outer loop
   vertex -10.557508628714046 -13.758813118930101 -2.163118960624634
   vertex -9.168440519687692 -15.880204806272266 -4.114496766047311
   vertex -11.162785905093067 -14.54762582311146 -4.114496766047311
  endloop
 endfacet
 facet normal 0.3932682623678617 0.5885675477331838 -0.7063485793639774
  outer loop
   vertex -11.162785905093067 -14.54762582311146 -4.114496766047311
   vertex -9.168440519687692 -15.880204806272266 -4.114496766047311
   vertex -9.942751616976352 -17.221350967640632 -5.663118960624631
  endloop
 endfacet
 facet normal 0.3932682623678616 0.5885675477331836 -0.7063485793639774
  outer loop
   vertex -11.162785905093067 -14.54762582311146 -4.114496766047311
   vertex -9.942751616976352 -17.221350967640632 -5.663118960624631
   vertex -12.105527365258578 -15.776230414028518 -5.663118960624631
  endloop
 endfacet
 facet normal 0.2526529685495414 0.37812188868578517 -0.8906123257511088
  outer loop
   vertex -12.105527365258578 -15.776230414028518 -5.663118960624631
   vertex -9.942751616976352 -17.221350967640632 -5.663118960624631
   vertex -10.918440519687692 -18.9112937195178 -6.657395614066075
  endloop
 endfacet
 facet normal 0.25265296854954095 0.37812188868578506 -0.8906123257511089
  outer loop
   vertex -12.105527365258578 -15.776230414028518 -5.663118960624631
   vertex -10.918440519687692 -18.9112937195178 -6.657395614066075
   vertex -13.29345090662359 -17.324362514130783 -6.657395614066075
  endloop
 endfacet
 facet normal 0.087092235306106 0.13034274124253686 -0.987636427211333
  outer loop
   vertex -13.29345090662359 -17.324362514130783 -6.657395614066075
   vertex -10.918440519687692 -18.9112937195178 -6.657395614066075
   vertex -12.00000000000001 -20.784609690826525 -7.0
  endloop
 endfacet
 facet normal 0.08709223530610624 0.13034274124253695 -0.9876364272113332
  outer loop
   vertex -13.29345090662359 -17.324362514130783 -6.657395614066075
   vertex -12.00000000000001 -20.784609690826525 -7.0
   vertex -14.610274296209301 -19.04048016698964 -7.0
  endloop
 endfacet
 facet normal -0.08709223530610609 -0.1303427412425367 -0.987636427211333
  outer loop
   vertex -14.610274296209301 -19.04048016698964 -7.0
   vertex -12.00000000000001 -20.784609690826525 -7.0
   vertex -13.081559480312327 -22.657925662135245 -6.6573956140660755
  endloop
 endfacet
 facet normal -0.08709223530610605 -0.13034274124253667 -0.9876364272113332
  outer loop
   vertex -14.610274296209301 -19.04048016698964 -7.0
   vertex -13.081559480312327 -22.657925662135245 -6.6573956140660755
   vertex -15.92709768579501 -20.756597819848494 -6.6573956140660755
  endloop
 endfacet
 facet normal -0.2526529685495416 -0.37812188868578533 -0.8906123257511087
  outer loop
   vertex -15.92709768579501 -20.756597819848494 -6.6573956140660755
   vertex -13.081559480312327 -22.657925662135245 -6.6573956140660755
   vertex -14.057248383023667 -24.34786841401241 -5.663118960624633
  endloop
 endfacet
 facet normal -0.25265296854954145 -0.3781218886857853 -0.8906123257511088
  outer loop
   vertex -15.92709768579501 -20.756597819848494 -6.6573956140660755
   vertex -14.057248383023667 -24.34786841401241 -5.663118960624633
   vertex -17.11502122716002 -22.304729919950756 -5.663118960624633
  endloop
 endfacet
 facet normal -0.3932682623678614 -0.5885675477331833 -0.706348579363978
  outer loop
   vertex -17.11502122716002 -22.304729919950756 -5.663118960624633
   vertex -14.057248383023667 -24.34786841401241 -5.663118960624633
   vertex -14.831559480312327 -25.689014575380778 -4.1144967660473135
  endloop
 endfacet
 facet normal -0.39326826236786167 -0.5885675477331834 -0.7063485793639777
  outer loop
   vertex -17.11502122716002 -22.304729919950756 -5.663118960624633
   vertex -14.831559480312327 -25.689014575380778 -4.1144967660473135
   vertex -18.057762687325532 -23.533334510867814 -4.1144967660473135
  endloop
 endfacet
 facet normal -0.49523505957073544 -0.741171644027547 -0.45321830265499363
  outer loop
   vertex -18.057762687325532 -23.533334510867814 -4.1144967660473135
   vertex -14.831559480312327 -25.689014575380778 -4.1144967660473135
   vertex -15.328697807033052 -26.550083415650846 -2.163118960624634
  endloop
 endfacet
 facet normal -0.49523505957073494 -0.7411716440275468 -0.45321830265499424
  outer loop
   vertex -18.057762687325532 -23.533334510867814 -4.1144967660473135
   vertex -15.328697807033052 -26.550083415650846 -2.163118960624634
   vertex -18.663039963704556 -24.322147215049178 -2.163118960624634
  endloop
 endfacet
 facet normal -0.5487589642136236 -0.8212758281564518 -0.1561076976997775
  outer loop
   vertex -18.663039963704556 -24.322147215049178 -2.163118960624634
   vertex -15.328697807033052 -26.550083415650846 -2.163118960624634
   vertex -15.500000000000014 -26.846787517317594 -1.7145055188062944e-15
  endloop
 endfacet
 facet normal -0.5487589642136234 -0.8212758281564521 -0.15610769769977778
  outer loop
   vertex -18.663039963704556 -24.322147215049178 -2.163118960624634
   vertex -15.500000000000014 -26.846787517317594 -1.7145055188062944e-15
   vertex -18.87160429927035 -24.593953549028285 -1.7145055188062944e-15
  endloop
 endfacet
 facet normal -0.43686624859077955 -0.8858771176416592 0.15610769769977723
  outer loop
   vertex -15.500000000000014 -26.846787517317594 0.0
   vertex -11.863186403317801 -28.640265507849882 0.0
   vertex -11.732077380965272 -28.32374032793693 2.1631189606246317
  endloop
 endfacet
 facet normal -0.4368662485907796 -0.8858771176416591 0.1561076976997776
  outer loop
   vertex -15.500000000000014 -26.846787517317594 0.0
   vertex -11.732077380965272 -28.32374032793693 2.1631189606246317
   vertex -15.328697807033052 -26.550083415650846 2.1631189606246317
  endloop
 endfacet
 facet normal -0.39425594250716645 -0.7994719644467305 0.4532183026549918
  outer loop
   vertex -15.328697807033052 -26.550083415650846 2.1631189606246317
   vertex -11.732077380965272 -28.32374032793693 2.1631189606246317
   vertex -11.351584178505826 -27.405148478168567 4.114496766047312
  endloop
 endfacet
 facet normal -0.39425594250716656 -0.7994719644467302 0.45321830265499213
  outer loop
   vertex -15.328697807033052 -26.550083415650846 2.1631189606246317
   vertex -11.351584178505826 -27.405148478168567 4.114496766047312
   vertex -14.831559480312329 -25.68901457538078 4.114496766047312
  endloop
 endfacet
 facet normal -0.31308031699611694 -0.6348640795793223 0.7063485793639787
  outer loop
   vertex -14.831559480312329 -25.68901457538078 4.114496766047312
   vertex -11.351584178505826 -27.405148478168567 4.114496766047312
   vertex -10.758952121648218 -25.974408129005866 5.663118960624632
  endloop
 endfacet
 facet normal -0.313080316996117 -0.6348640795793222 0.7063485793639789
  outer loop
   vertex -14.831559480312329 -25.68901457538078 4.114496766047312
   vertex -10.758952121648218 -25.974408129005866 5.663118960624632
   vertex -14.057248383023667 -24.34786841401241 5.663118960624632
  endloop
 endfacet
 facet normal -0.20113667705407173 -0.40786483344834606 0.8906123257511088
  outer loop
   vertex -14.057248383023667 -24.34786841401241 5.663118960624632
   vertex -10.758952121648218 -25.974408129005866 5.663118960624632
   vertex -10.01219216522801 -24.171570114379062 6.657395614066075
  endloop
 endfacet
 facet normal -0.2011366770540717 -0.4078648334483463 0.8906123257511086
  outer loop
   vertex -14.057248383023667 -24.34786841401241 5.663118960624632
   vertex -10.01219216522801 -24.171570114379062 6.657395614066075
   vertex -13.081559480312329 -22.657925662135245 6.657395614066075
  endloop
 endfacet
 facet normal -0.06933400746188574 -0.14059545886872835 0.9876364272113332
  outer loop
   vertex -13.081559480312329 -22.657925662135245 6.657395614066075
   vertex -10.01219216522801 -24.171570114379062 6.657395614066075
   vertex -9.184402376762169 -22.173108780270876 7.0
  endloop
 endfacet
 facet normal -0.06933400746188573 -0.14059545886872846 0.987636427211333
  outer loop
   vertex -13.081559480312329 -22.657925662135245 6.657395614066075
   vertex -9.184402376762169 -22.173108780270876 7.0
   vertex -12.00000000000001 -20.784609690826525 7.0
  endloop
 endfacet
 facet normal 0.0693340074618856 0.14059545886872818 0.987636427211333
  outer loop
   vertex -12.00000000000001 -20.784609690826525 7.0
   vertex -9.184402376762169 -22.173108780270876 7.0
   vertex -8.356612588296327 -20.174647446162695 6.6573956140660755
  endloop
 endfacet
 facet normal 0.06933400746188563 0.14059545886872812 0.9876364272113332
  outer loop
   vertex -12.00000000000001 -20.784609690826525 7.0
   vertex -8.356612588296327 -20.174647446162695 6.6573956140660755
   vertex -10.918440519687694 -18.911293719517804 6.6573956140660755
  endloop
 endfacet
 facet normal 0.20113667705407146 0.4078648334483458 0.8906123257511089
  outer loop
   vertex -10.918440519687694 -18.911293719517804 6.6573956140660755
   vertex -8.356612588296327 -20.174647446162695 6.6573956140660755
   vertex -7.6098526318761195 -18.371809431535887 5.663118960624632
  endloop
 endfacet
 facet normal 0.20113667705407137 0.407864833448346 0.8906123257511088
  outer loop
   vertex -10.918440519687694 -18.911293719517804 6.6573956140660755
   vertex -7.6098526318761195 -18.371809431535887 5.663118960624632
   vertex -9.942751616976354 -17.221350967640635 5.663118960624632
  endloop
 endfacet
 facet normal 0.3130803169961169 0.6348640795793231 0.706348579363978
  outer loop
   vertex -9.942751616976354 -17.221350967640635 5.663118960624632
   vertex -7.6098526318761195 -18.371809431535887 5.663118960624632
   vertex -7.017220575018512 -16.94106908237319 4.114496766047313
  endloop
 endfacet
 facet normal 0.3130803169961166 0.6348640795793236 0.7063485793639777
  outer loop
   vertex -9.942751616976354 -17.221350967640635 5.663118960624632
   vertex -7.017220575018512 -16.94106908237319 4.114496766047313
   vertex -9.168440519687694 -15.88020480627227 4.114496766047313
  endloop
 endfacet
 facet normal 0.39425594250716556 0.79947196444673 0.45321830265499313
  outer loop
   vertex -9.168440519687694 -15.88020480627227 4.114496766047313
   vertex -7.017220575018512 -16.94106908237319 4.114496766047313
   vertex -6.636727372559064 -16.02247723260482 2.1631189606246326
  endloop
 endfacet
 facet normal 0.3942559425071658 0.7994719644467296 0.4532183026549936
  outer loop
   vertex -9.168440519687694 -15.88020480627227 4.114496766047313
   vertex -6.636727372559064 -16.02247723260482 2.1631189606246326
   vertex -8.67130219296697 -15.019135966002201 2.1631189606246326
  endloop
 endfacet
 facet normal 0.4368662485907795 0.8858771176416594 0.15610769769977714
  outer loop
   vertex -8.67130219296697 -15.019135966002201 2.1631189606246326
   vertex -6.636727372559064 -16.02247723260482 2.1631189606246326
   vertex -6.505618350206536 -15.70595205269187 8.572527594031472e-16
  endloop
 endfacet
 facet normal 0.4368662485907793 0.8858771176416593 0.15610769769977687
  outer loop
   vertex -8.67130219296697 -15.019135966002201 2.1631189606246326
   vertex -6.505618350206536 -15.70595205269187 8.572527594031472e-16
   vertex -8.500000000000007 -14.722431864335455 8.572527594031472e-16
  endloop
 endfacet
 facet normal 0.4368662485907792 0.8858771176416593 -0.15610769769977687
  outer loop
   vertex -8.500000000000007 -14.722431864335455 8.572527594031472e-16
   vertex -6.505618350206536 -15.70595205269187 8.572527594031472e-16
   vertex -6.636727372559064 -16.02247723260482 -2.163118960624634
  endloop
 endfacet
 facet normal 0.4368662485907795 0.8858771176416594 -0.15610769769977667
  outer loop
   vertex -8.500000000000007 -14.722431864335455 8.572527594031472e-16
   vertex -6.636727372559064 -16.02247723260482 -2.163118960624634
   vertex -8.67130219296697 -15.019135966002201 -2.163118960624634
  endloop
 endfacet
 facet normal 0.3942559425071661 0.7994719644467302 -0.45321830265499247
  outer loop
   vertex -8.67130219296697 -15.019135966002201 -2.163118960624634
   vertex -6.636727372559064 -16.02247723260482 -2.163118960624634
   vertex -7.017220575018511 -16.941069082373186 -4.114496766047311
  endloop
 endfacet
 facet normal 0.39425594250716584 0.7994719644467302 -0.4532183026549928
  outer loop
   vertex -8.67130219296697 -15.019135966002201 -2.163118960624634
   vertex -7.017220575018511 -16.941069082373186 -4.114496766047311
   vertex -9.168440519687692 -15.880204806272266 -4.114496766047311
  endloop
 endfacet
 facet normal 0.31308031699611677 0.6348640795793234 -0.7063485793639778
  outer loop
   vertex -9.168440519687692 -15.880204806272266 -4.114496766047311
   vertex -7.017220575018511 -16.941069082373186 -4.114496766047311
   vertex -7.609852631876118 -18.371809431535883 -5.663118960624631
  endloop
 endfacet
 facet normal 0.31308031699611716 0.6348640795793234 -0.7063485793639773
  outer loop
   vertex -9.168440519687692 -15.880204806272266 -4.114496766047311
   vertex -7.609852631876118 -18.371809431535883 -5.663118960624631
   vertex -9.942751616976352 -17.221350967640632 -5.663118960624631
  endloop
 endfacet
 facet normal 0.20113667705407123 0.40786483344834573 -0.8906123257511089
  outer loop
   vertex -9.942751616976352 -17.221350967640632 -5.663118960624631
   vertex -7.609852631876118 -18.371809431535883 -5.663118960624631
   vertex -8.356612588296327 -20.17464744616269 -6.657395614066075
  endloop
 endfacet
 facet normal 0.2011366770540716 0.40786483344834584 -0.8906123257511088
  outer loop
   vertex -9.942751616976352 -17.221350967640632 -5.663118960624631
   vertex -8.356612588296327 -20.17464744616269 -6.657395614066075
   vertex -10.918440519687692 -18.9112937195178 -6.657395614066075
  endloop
 endfacet
 facet normal 0.06933400746188577 0.1405954588687283 -0.987636427211333
  outer loop
   vertex -10.918440519687692 -18.9112937195178 -6.657395614066075
   vertex -8.356612588296327 -20.17464744616269 -6.657395614066075
   vertex -9.184402376762169 -22.173108780270876 -7.0
  endloop
 endfacet
 facet normal 0.06933400746188563 0.14059545886872823 -0.9876364272113332
  outer loop
   vertex -10.918440519687692 -18.9112937195178 -6.657395614066075
   vertex -9.184402376762169 -22.173108780270876 -7.0
   vertex -12.00000000000001 -20.784609690826525 -7.0
  endloop
 endfacet
 facet normal -0.06933400746188563 -0.14059545886872826 -0.987636427211333
  outer loop
   vertex -12.00000000000001 -20.784609690826525 -7.0
   vertex -9.184402376762169 -22.173108780270876 -7.0
   vertex -10.012192165228008 -24.17157011437906 -6.6573956140660755
  endloop
 endfacet
 facet normal -0.06933400746188549 -0.1405954588687282 -0.9876364272113333
  outer loop
   vertex -12.00000000000001 -20.784609690826525 -7.0
   vertex -10.012192165228008 -24.17157011437906 -6.6573956140660755
   vertex -13.081559480312327 -22.657925662135245 -6.6573956140660755
  endloop
 endfacet
 facet normal -0.20113667705407082 -0.4078648334483456 -0.8906123257511092
  outer loop
   vertex -13.081559480312327 -22.657925662135245 -6.6573956140660755
   vertex -10.012192165228008 -24.17157011437906 -6.6573956140660755
   vertex -10.758952121648218 -25.974408129005866 -5.663118960624633
  endloop
 endfacet
 facet normal -0.20113667705407176 -0.4078648334483461 -0.8906123257511087
  outer loop
   vertex -13.081559480312327 -22.657925662135245 -6.6573956140660755
   vertex -10.758952121648218 -25.974408129005866 -5.663118960624633
   vertex -14.057248383023667 -24.34786841401241 -5.663118960624633
  endloop
 endfacet
 facet normal -0.3130803169961173 -0.634864079579323 -0.7063485793639779
  outer loop
   vertex -14.057248383023667 -24.34786841401241 -5.663118960624633
   vertex -10.758952121648218 -25.974408129005866 -5.663118960624633
   vertex -11.351584178505824 -27.405148478168563 -4.1144967660473135
  endloop
 endfacet
 facet normal -0.3130803169961171 -0.634864079579323 -0.7063485793639782
  outer loop
   vertex -14.057248383023667 -24.34786841401241 -5.663118960624633
   vertex -11.351584178505824 -27.405148478168563 -4.1144967660473135
   vertex -14.831559480312327 -25.689014575380778 -4.1144967660473135
  endloop
 endfacet
 facet normal -0.3942559425071663 -0.7994719644467296 -0.4532183026549933
  outer loop
   vertex -14.831559480312327 -25.689014575380778 -4.1144967660473135
   vertex -11.351584178505824 -27.405148478168563 -4.1144967660473135
   vertex -11.732077380965272 -28.32374032793693 -2.163118960624634
  endloop
 endfacet
 facet normal -0.394255942507166 -0.7994719644467295 -0.45321830265499363
  outer loop
   vertex -14.831559480312327 -25.689014575380778 -4.1144967660473135
   vertex -11.732077380965272 -28.32374032793693 -2.163118960624634
   vertex -15.328697807033052 -26.550083415650846 -2.163118960624634
  endloop
 endfacet
 facet normal -0.4368662485907797 -0.8858771176416592 -0.15610769769977723
  outer loop
   vertex -15.328697807033052 -26.550083415650846 -2.163118960624634
   vertex -11.732077380965272 -28.32374032793693 -2.163118960624634
   vertex -11.863186403317801 -28.640265507849882 -1.7145055188062944e-15
  endloop
 endfacet
 facet normal -0.4368662485907795 -0.8858771176416591 -0.1561076976997776
  outer loop
   vertex -15.328697807033052 -26.550083415650846 -2.163118960624634
   vertex -11.863186403317801 -28.640265507849882 -1.7145055188062944e-15
   vertex -15.500000000000014 -26.846787517317594 -1.7145055188062944e-15
  endloop
 endfacet
 facet normal -0.3174986303323416 -0.9353208040324785 0.156107697699777
  outer loop
   vertex -11.863186403317801 -28.640265507849882 0.0
   vertex -8.02339039817814 -29.943700614961116 0.0
   vertex -7.934717858162785 -29.612770190387632 2.1631189606246317
  endloop
 endfacet
 facet normal -0.31749863033234177 -0.9353208040324785 0.15610769769977725
  outer loop
   vertex -11.863186403317801 -28.640265507849882 0.0
   vertex -7.934717858162785 -29.612770190387632 2.1631189606246317
   vertex -11.732077380965272 -28.32374032793693 2.1631189606246317
  endloop
 endfacet
 facet normal -0.2865309969589023 -0.8440930978987242 0.4532183026549923
  outer loop
   vertex -11.732077380965272 -28.32374032793693 2.1631189606246317
   vertex -7.934717858162785 -29.612770190387632 2.1631189606246317
   vertex -7.677380124151342 -28.652372692352277 4.114496766047312
  endloop
 endfacet
 facet normal -0.2865309969589021 -0.8440930978987248 0.45321830265499174
  outer loop
   vertex -11.732077380965272 -28.32374032793693 2.1631189606246317
   vertex -7.677380124151342 -28.652372692352277 4.114496766047312
   vertex -11.351584178505826 -27.405148478168567 4.114496766047312
  endloop
 endfacet
 facet normal -0.22753548059830667 -0.6702979110062836 0.7063485793639782
  outer loop
   vertex -11.351584178505826 -27.405148478168567 4.114496766047312
   vertex -7.677380124151342 -28.652372692352277 4.114496766047312
   vertex -7.276567206526269 -27.156518519445587 5.663118960624632
  endloop
 endfacet
 facet normal -0.2275354805983069 -0.670297911006283 0.7063485793639785
  outer loop
   vertex -11.351584178505826 -27.405148478168567 4.114496766047312
   vertex -7.276567206526269 -27.156518519445587 5.663118960624632
   vertex -10.758952121648218 -25.974408129005866 5.663118960624632
  endloop
 endfacet
 facet normal -0.14617888124858475 -0.43062909782911 0.8906123257511086
  outer loop
   vertex -10.758952121648218 -25.974408129005866 5.663118960624632
   vertex -7.276567206526269 -27.156518519445587 5.663118960624632
   vertex -6.77151346629252 -25.27163230034054 6.657395614066075
  endloop
 endfacet
 facet normal -0.14617888124858477 -0.43062909782910985 0.8906123257511087
  outer loop
   vertex -10.758952121648218 -25.974408129005866 5.663118960624632
   vertex -6.77151346629252 -25.27163230034054 6.657395614066075
   vertex -10.01219216522801 -24.171570114379062 6.657395614066075
  endloop
 endfacet
 facet normal -0.050389455526974096 -0.14844254921325023 0.9876364272113332
  outer loop
   vertex -10.01219216522801 -24.171570114379062 6.657395614066075
   vertex -6.77151346629252 -25.27163230034054 6.657395614066075
   vertex -6.211657082460495 -23.18221983093764 7.0
  endloop
 endfacet
 facet normal -0.05038945552697412 -0.14844254921325023 0.987636427211333
  outer loop
   vertex -10.01219216522801 -24.171570114379062 6.657395614066075
   vertex -6.211657082460495 -23.18221983093764 7.0
   vertex -9.184402376762169 -22.173108780270876 7.0
  endloop
 endfacet
 facet normal 0.050389455526974 0.14844254921324987 0.9876364272113332
  outer loop
   vertex -9.184402376762169 -22.173108780270876 7.0
   vertex -6.211657082460495 -23.18221983093764 7.0
   vertex -5.651800698628471 -21.092807361534742 6.6573956140660755
  endloop
 endfacet
 facet normal 0.05038945552697393 0.1484425492132501 0.9876364272113332
  outer loop
   vertex -9.184402376762169 -22.173108780270876 7.0
   vertex -5.651800698628471 -21.092807361534742 6.6573956140660755
   vertex -8.356612588296327 -20.174647446162695 6.6573956140660755
  endloop
 endfacet
 facet normal 0.14617888124858458 0.43062909782911035 0.8906123257511086
  outer loop
   vertex -8.356612588296327 -20.174647446162695 6.6573956140660755
   vertex -5.651800698628471 -21.092807361534742 6.6573956140660755
   vertex -5.146746958394721 -19.207921142429694 5.663118960624632
  endloop
 endfacet
 facet normal 0.14617888124858497 0.4306290978291095 0.8906123257511088
  outer loop
   vertex -8.356612588296327 -20.174647446162695 6.6573956140660755
   vertex -5.146746958394721 -19.207921142429694 5.663118960624632
   vertex -7.6098526318761195 -18.371809431535887 5.663118960624632
  endloop
 endfacet
 facet normal 0.22753548059830755 0.6702979110062831 0.7063485793639782
  outer loop
   vertex -7.6098526318761195 -18.371809431535887 5.663118960624632
   vertex -5.146746958394721 -19.207921142429694 5.663118960624632
   vertex -4.745934040769649 -17.712066969523004 4.114496766047313
  endloop
 endfacet
 facet normal 0.2275354805983073 0.6702979110062833 0.706348579363978
  outer loop
   vertex -7.6098526318761195 -18.371809431535887 5.663118960624632
   vertex -4.745934040769649 -17.712066969523004 4.114496766047313
   vertex -7.017220575018512 -16.94106908237319 4.114496766047313
  endloop
 endfacet
 facet normal 0.2865309969589026 0.8440930978987236 0.45321830265499363
  outer loop
   vertex -7.017220575018512 -16.94106908237319 4.114496766047313
   vertex -4.745934040769649 -17.712066969523004 4.114496766047313
   vertex -4.488596306758205 -16.751669471487645 2.1631189606246326
  endloop
 endfacet
 facet normal 0.28653099695890216 0.844093097898724 0.4532183026549932
  outer loop
   vertex -7.017220575018512 -16.94106908237319 4.114496766047313
   vertex -4.488596306758205 -16.751669471487645 2.1631189606246326
   vertex -6.636727372559064 -16.02247723260482 2.1631189606246326
  endloop
 endfacet
 facet normal 0.31749863033234166 0.9353208040324785 0.15610769769977687
  outer loop
   vertex -6.636727372559064 -16.02247723260482 2.1631189606246326
   vertex -4.488596306758205 -16.751669471487645 2.1631189606246326
   vertex -4.399923766742851 -16.42073904691416 8.572527594031472e-16
  endloop
 endfacet
 facet normal 0.3174986303323418 0.9353208040324783 0.15610769769977706
  outer loop
   vertex -6.636727372559064 -16.02247723260482 2.1631189606246326
   vertex -4.399923766742851 -16.42073904691416 8.572527594031472e-16
   vertex -6.505618350206536 -15.70595205269187 8.572527594031472e-16
  endloop
 endfacet
 facet normal 0.3174986303323419 0.9353208040324784 -0.15610769769977667
  outer loop
   vertex -6.505618350206536 -15.70595205269187 8.572527594031472e-16
   vertex -4.399923766742851 -16.42073904691416 8.572527594031472e-16
   vertex -4.488596306758205 -16.751669471487645 -2.163118960624634
  endloop
 endfacet
 facet normal 0.3174986303323417 0.9353208040324786 -0.1561076976997769
  outer loop
   vertex -6.505618350206536 -15.70595205269187 8.572527594031472e-16
   vertex -4.488596306758205 -16.751669471487645 -2.163118960624634
   vertex -6.636727372559064 -16.02247723260482 -2.163118960624634
  endloop
 endfacet
 facet normal 0.28653099695890216 0.8440930978987239 -0.4532183026549929
  outer loop
   vertex -6.636727372559064 -16.02247723260482 -2.163118960624634
   vertex -4.488596306758205 -16.751669471487645 -2.163118960624634
   vertex -4.745934040769648 -17.712066969523 -4.114496766047311
  endloop
 endfacet
 facet normal 0.2865309969589027 0.844093097898724 -0.45321830265499236
  outer loop
   vertex -6.636727372559064 -16.02247723260482 -2.163118960624634
   vertex -4.745934040769648 -17.712066969523 -4.114496766047311
   vertex -7.017220575018511 -16.941069082373186 -4.114496766047311
  endloop
 endfacet
 facet normal 0.2275354805983073 0.6702979110062833 -0.706348579363978
  outer loop
   vertex -7.017220575018511 -16.941069082373186 -4.114496766047311
   vertex -4.745934040769648 -17.712066969523 -4.114496766047311
   vertex -5.14674695839472 -19.20792114242969 -5.663118960624631
  endloop
 endfacet
 facet normal 0.2275354805983078 0.6702979110062836 -0.7063485793639778
  outer loop
   vertex -7.017220575018511 -16.941069082373186 -4.114496766047311
   vertex -5.14674695839472 -19.20792114242969 -5.663118960624631
   vertex -7.609852631876118 -18.371809431535883 -5.663118960624631
  endloop
 endfacet
 facet normal 0.14617888124858525 0.4306290978291102 -0.8906123257511085
  outer loop
   vertex -7.609852631876118 -18.371809431535883 -5.663118960624631
   vertex -5.14674695839472 -19.20792114242969 -5.663118960624631
   vertex -5.65180069862847 -21.09280736153474 -6.657395614066075
  endloop
 endfacet
 facet normal 0.1461788812485843 0.43062909782910974 -0.8906123257511089
  outer loop
   vertex -7.609852631876118 -18.371809431535883 -5.663118960624631
   vertex -5.65180069862847 -21.09280736153474 -6.657395614066075
   vertex -8.356612588296327 -20.17464744616269 -6.657395614066075
  endloop
 endfacet
 facet normal 0.05038945552697388 0.14844254921325 -0.987636427211333
  outer loop
   vertex -8.356612588296327 -20.17464744616269 -6.657395614066075
   vertex -5.65180069862847 -21.09280736153474 -6.657395614066075
   vertex -6.211657082460495 -23.18221983093764 -7.0
  endloop
 endfacet
 facet normal 0.05038945552697412 0.14844254921325017 -0.987636427211333
  outer loop
   vertex -8.356612588296327 -20.17464744616269 -6.657395614066075
   vertex -6.211657082460495 -23.18221983093764 -7.0
   vertex -9.184402376762169 -22.173108780270876 -7.0
  endloop
 endfacet
 facet normal -0.050389455526974075 -0.1484425492132501 -0.9876364272113332
  outer loop
   vertex -9.184402376762169 -22.173108780270876 -7.0
   vertex -6.211657082460495 -23.18221983093764 -7.0
   vertex -6.771513466292519 -25.271632300340535 -6.6573956140660755
  endloop
 endfacet
 facet normal -0.05038945552697407 -0.1484425492132501 -0.9876364272113332
  outer loop
   vertex -9.184402376762169 -22.173108780270876 -7.0
   vertex -6.771513466292519 -25.271632300340535 -6.6573956140660755
   vertex -10.012192165228008 -24.17157011437906 -6.6573956140660755
  endloop
 endfacet
 facet normal -0.14617888124858464 -0.43062909782910935 -0.890612325751109
  outer loop
   vertex -10.012192165228008 -24.17157011437906 -6.6573956140660755
   vertex -6.771513466292519 -25.271632300340535 -6.6573956140660755
   vertex -7.276567206526269 -27.156518519445587 -5.663118960624633
  endloop
 endfacet
 facet normal -0.1461788812485845 -0.4306290978291093 -0.8906123257511092
  outer loop
   vertex -10.012192165228008 -24.17157011437906 -6.6573956140660755
   vertex -7.276567206526269 -27.156518519445587 -5.663118960624633
   vertex -10.758952121648218 -25.974408129005866 -5.663118960624633
  endloop
 endfacet
 facet normal -0.22753548059830725 -0.670297911006284 -0.7063485793639774
  outer loop
   vertex -10.758952121648218 -25.974408129005866 -5.663118960624633
   vertex -7.276567206526269 -27.156518519445587 -5.663118960624633
   vertex -7.677380124151341 -28.652372692352273 -4.1144967660473135
  endloop
 endfacet
 facet normal -0.2275354805983068 -0.6702979110062837 -0.7063485793639779
  outer loop
   vertex -10.758952121648218 -25.974408129005866 -5.663118960624633
   vertex -7.677380124151341 -28.652372692352273 -4.1144967660473135
   vertex -11.351584178505824 -27.405148478168563 -4.1144967660473135
  endloop
 endfacet
 facet normal -0.2865309969589017 -0.8440930978987237 -0.45321830265499374
  outer loop
   vertex -11.351584178505824 -27.405148478168563 -4.1144967660473135
   vertex -7.677380124151341 -28.652372692352273 -4.1144967660473135
   vertex -7.934717858162785 -29.612770190387632 -2.163118960624634
  endloop
 endfacet
 facet normal -0.28653099695890216 -0.8440930978987238 -0.45321830265499324
  outer loop
   vertex -11.351584178505824 -27.405148478168563 -4.1144967660473135
   vertex -7.934717858162785 -29.612770190387632 -2.163118960624634
   vertex -11.732077380965272 -28.32374032793693 -2.163118960624634
  endloop
 endfacet
 facet normal -0.3174986303323417 -0.9353208040324785 -0.15610769769977695
  outer loop
   vertex -11.732077380965272 -28.32374032793693 -2.163118960624634
   vertex -7.934717858162785 -29.612770190387632 -2.163118960624634
   vertex -8.02339039817814 -29.943700614961116 -1.7145055188062944e-15
  endloop
 endfacet
 facet normal -0.31749863033234155 -0.9353208040324785 -0.15610769769977717
  outer loop
   vertex -11.732077380965272 -28.32374032793693 -2.163118960624634
   vertex -8.02339039817814 -29.943700614961116 -1.7145055188062944e-15
   vertex -11.863186403317801 -28.640265507849882 -1.7145055188062944e-15
  endloop
 endfacet
 facet normal -0.19269852248166672 -0.968760892146384 0.15610769769977664
  outer loop
   vertex -8.02339039817814 -29.943700614961116 0.0
   vertex -4.0463119588216 -30.73479070258812 0.0
   vertex -4.001593112887757 -30.395117344669803 2.1631189606246317
  endloop
 endfacet
 facet normal -0.19269852248166688 -0.968760892146384 0.15610769769977695
  outer loop
   vertex -8.02339039817814 -29.943700614961116 0.0
   vertex -4.001593112887757 -30.395117344669803 2.1631189606246317
   vertex -7.934717858162785 -29.612770190387632 2.1631189606246317
  endloop
 endfacet
 facet normal -0.17390342661127103 -0.8742715644188515 0.4532183026549927
  outer loop
   vertex -7.934717858162785 -29.612770190387632 2.1631189606246317
   vertex -4.001593112887757 -30.395117344669803 2.1631189606246317
   vertex -3.871813967300749 -29.409346865831335 4.114496766047312
  endloop
 endfacet
 facet normal -0.1739034266112709 -0.8742715644188516 0.4532183026549924
  outer loop
   vertex -7.934717858162785 -29.612770190387632 2.1631189606246317
   vertex -3.871813967300749 -29.409346865831335 4.114496766047312
   vertex -7.677380124151342 -28.652372692352277 4.114496766047312
  endloop
 endfacet
 facet normal -0.13809744904270646 -0.6942627593342352 0.7063485793639785
  outer loop
   vertex -7.677380124151342 -28.652372692352277 4.114496766047312
   vertex -3.871813967300749 -29.409346865831335 4.114496766047312
   vertex -3.669678209055111 -27.873973348808214 5.663118960624632
  endloop
 endfacet
 facet normal -0.1380974490427061 -0.6942627593342359 0.706348579363978
  outer loop
   vertex -7.677380124151342 -28.652372692352277 4.114496766047312
   vertex -3.669678209055111 -27.873973348808214 5.663118960624632
   vertex -7.276567206526269 -27.156518519445587 5.663118960624632
  endloop
 endfacet
 facet normal -0.08871992425649167 -0.4460251789530762 0.8906123257511085
  outer loop
   vertex -7.276567206526269 -27.156518519445587 5.663118960624632
   vertex -3.669678209055111 -27.873973348808214 5.663118960624632
   vertex -3.414972294530568 -25.939289851023 6.657395614066075
  endloop
 endfacet
 facet normal -0.08871992425649179 -0.446025178953076 0.8906123257511087
  outer loop
   vertex -7.276567206526269 -27.156518519445587 5.663118960624632
   vertex -3.414972294530568 -25.939289851023 6.657395614066075
   vertex -6.77151346629252 -25.27163230034054 6.657395614066075
  endloop
 endfacet
 facet normal -0.030582726037399338 -0.15374974638468342 0.9876364272113332
  outer loop
   vertex -6.77151346629252 -25.27163230034054 6.657395614066075
   vertex -3.414972294530568 -25.939289851023 6.657395614066075
   vertex -3.132628613281239 -23.79467667297145 7.0
  endloop
 endfacet
 facet normal -0.03058272603739931 -0.15374974638468356 0.987636427211333
  outer loop
   vertex -6.77151346629252 -25.27163230034054 6.657395614066075
   vertex -3.132628613281239 -23.79467667297145 7.0
   vertex -6.211657082460495 -23.18221983093764 7.0
  endloop
 endfacet
 facet normal 0.03058272603739926 0.1537497463846833 0.987636427211333
  outer loop
   vertex -6.211657082460495 -23.18221983093764 7.0
   vertex -3.132628613281239 -23.79467667297145 7.0
   vertex -2.8502849320319106 -21.650063494919902 6.6573956140660755
  endloop
 endfacet
 facet normal 0.03058272603739934 0.15374974638468308 0.9876364272113332
  outer loop
   vertex -6.211657082460495 -23.18221983093764 7.0
   vertex -2.8502849320319106 -21.650063494919902 6.6573956140660755
   vertex -5.651800698628471 -21.092807361534742 6.6573956140660755
  endloop
 endfacet
 facet normal 0.08871992425649194 0.4460251789530758 0.8906123257511088
  outer loop
   vertex -5.651800698628471 -21.092807361534742 6.6573956140660755
   vertex -2.8502849320319106 -21.650063494919902 6.6573956140660755
   vertex -2.595579017507367 -19.715379997134683 5.663118960624632
  endloop
 endfacet
 facet normal 0.08871992425649171 0.44602517895307625 0.8906123257511085
  outer loop
   vertex -5.651800698628471 -21.092807361534742 6.6573956140660755
   vertex -2.595579017507367 -19.715379997134683 5.663118960624632
   vertex -5.146746958394721 -19.207921142429694 5.663118960624632
  endloop
 endfacet
 facet normal 0.13809744904270613 0.6942627593342359 0.706348579363978
  outer loop
   vertex -5.146746958394721 -19.207921142429694 5.663118960624632
   vertex -2.595579017507367 -19.715379997134683 5.663118960624632
   vertex -2.39344325926173 -18.180006480111565 4.114496766047313
  endloop
 endfacet
 facet normal 0.13809744904270635 0.6942627593342356 0.7063485793639782
  outer loop
   vertex -5.146746958394721 -19.207921142429694 5.663118960624632
   vertex -2.39344325926173 -18.180006480111565 4.114496766047313
   vertex -4.745934040769649 -17.712066969523004 4.114496766047313
  endloop
 endfacet
 facet normal 0.17390342661127056 0.8742715644188515 0.4532183026549925
  outer loop
   vertex -4.745934040769649 -17.712066969523004 4.114496766047313
   vertex -2.39344325926173 -18.180006480111565 4.114496766047313
   vertex -2.263664113674722 -17.194236001273097 2.1631189606246326
  endloop
 endfacet
 facet normal 0.1739034266112717 0.8742715644188506 0.4532183026549938
  outer loop
   vertex -4.745934040769649 -17.712066969523004 4.114496766047313
   vertex -2.263664113674722 -17.194236001273097 2.1631189606246326
   vertex -4.488596306758205 -16.751669471487645 2.1631189606246326
  endloop
 endfacet
 facet normal 0.19269852248166763 0.9687608921463835 0.15610769769977828
  outer loop
   vertex -4.488596306758205 -16.751669471487645 2.1631189606246326
   vertex -2.263664113674722 -17.194236001273097 2.1631189606246326
   vertex -2.2189452677408776 -16.854562643354775 8.572527594031472e-16
  endloop
 endfacet
 facet normal 0.19269852248166633 0.968760892146384 0.15610769769977684
  outer loop
   vertex -4.488596306758205 -16.751669471487645 2.1631189606246326
   vertex -2.2189452677408776 -16.854562643354775 8.572527594031472e-16
   vertex -4.399923766742851 -16.42073904691416 8.572527594031472e-16
  endloop
 endfacet
 facet normal 0.19269852248166627 0.9687608921463838 -0.15610769769977806
  outer loop
   vertex -4.399923766742851 -16.42073904691416 8.572527594031472e-16
   vertex -2.2189452677408776 -16.854562643354775 8.572527594031472e-16
   vertex -2.263664113674722 -17.194236001273097 -2.163118960624634
  endloop
 endfacet
 facet normal 0.1926985224816677 0.9687608921463838 -0.15610769769977662
  outer loop
   vertex -4.399923766742851 -16.42073904691416 8.572527594031472e-16
   vertex -2.263664113674722 -17.194236001273097 -2.163118960624634
   vertex -4.488596306758205 -16.751669471487645 -2.163118960624634
  endloop
 endfacet
 facet normal 0.17390342661127184 0.8742715644188517 -0.45321830265499174
  outer loop
   vertex -4.488596306758205 -16.751669471487645 -2.163118960624634
   vertex -2.263664113674722 -17.194236001273097 -2.163118960624634
   vertex -2.3934432592617294 -18.18000648011156 -4.114496766047311
  endloop
 endfacet
 facet normal 0.17390342661127053 0.8742715644188512 -0.4532183026549928
  outer loop
   vertex -4.488596306758205 -16.751669471487645 -2.163118960624634
   vertex -2.3934432592617294 -18.18000648011156 -4.114496766047311
   vertex -4.745934040769648 -17.712066969523 -4.114496766047311
  endloop
 endfacet
 facet normal 0.1380974490427064 0.6942627593342361 -0.7063485793639778
  outer loop
   vertex -4.745934040769648 -17.712066969523 -4.114496766047311
   vertex -2.3934432592617294 -18.18000648011156 -4.114496766047311
   vertex -2.5955790175073665 -19.71537999713468 -5.663118960624631
  endloop
 endfacet
 facet normal 0.13809744904270616 0.6942627593342359 -0.7063485793639779
  outer loop
   vertex -4.745934040769648 -17.712066969523 -4.114496766047311
   vertex -2.5955790175073665 -19.71537999713468 -5.663118960624631
   vertex -5.14674695839472 -19.20792114242969 -5.663118960624631
  endloop
 endfacet
 facet normal 0.08871992425649163 0.4460251789530758 -0.8906123257511087
  outer loop
   vertex -5.14674695839472 -19.20792114242969 -5.663118960624631
   vertex -2.5955790175073665 -19.71537999713468 -5.663118960624631
   vertex -2.85028493203191 -21.6500634949199 -6.657395614066075
  endloop
 endfacet
 facet normal 0.08871992425649204 0.44602517895307614 -0.8906123257511085
  outer loop
   vertex -5.14674695839472 -19.20792114242969 -5.663118960624631
   vertex -2.85028493203191 -21.6500634949199 -6.657395614066075
   vertex -5.65180069862847 -21.09280736153474 -6.657395614066075
  endloop
 endfacet
 facet normal 0.030582726037399408 0.15374974638468342 -0.987636427211333
  outer loop
   vertex -5.65180069862847 -21.09280736153474 -6.657395614066075
   vertex -2.85028493203191 -21.6500634949199 -6.657395614066075
   vertex -3.132628613281239 -23.79467667297145 -7.0
  endloop
 endfacet
 facet normal 0.03058272603739924 0.15374974638468328 -0.9876364272113332
  outer loop
   vertex -5.65180069862847 -21.09280736153474 -6.657395614066075
   vertex -3.132628613281239 -23.79467667297145 -7.0
   vertex -6.211657082460495 -23.18221983093764 -7.0
  endloop
 endfacet
 facet normal -0.03058272603739926 -0.1537497463846833 -0.987636427211333
  outer loop
   vertex -6.211657082460495 -23.18221983093764 -7.0
   vertex -3.132628613281239 -23.79467667297145 -7.0
   vertex -3.4149722945305676 -25.939289851022995 -6.6573956140660755
  endloop
 endfacet
 facet normal -0.030582726037399324 -0.15374974638468336 -0.9876364272113332
  outer loop
   vertex -6.211657082460495 -23.18221983093764 -7.0
   vertex -3.4149722945305676 -25.939289851022995 -6.6573956140660755
   vertex -6.771513466292519 -25.271632300340535 -6.6573956140660755
  endloop
 endfacet
 facet normal -0.08871992425649168 -0.4460251789530755 -0.8906123257511088
  outer loop
   vertex -6.771513466292519 -25.271632300340535 -6.6573956140660755
   vertex -3.4149722945305676 -25.939289851022995 -6.6573956140660755
   vertex -3.669678209055111 -27.873973348808214 -5.663118960624633
  endloop
 endfacet
 facet normal -0.08871992425649147 -0.44602517895307536 -0.8906123257511089
  outer loop
   vertex -6.771513466292519 -25.271632300340535 -6.6573956140660755
   vertex -3.669678209055111 -27.873973348808214 -5.663118960624633
   vertex -7.276567206526269 -27.156518519445587 -5.663118960624633
  endloop
 endfacet
 facet normal -0.13809744904270613 -0.694262759334236 -0.7063485793639781
  outer loop
   vertex -7.276567206526269 -27.156518519445587 -5.663118960624633
   vertex -3.669678209055111 -27.873973348808214 -5.663118960624633
   vertex -3.8718139673007483 -29.40934686583133 -4.1144967660473135
  endloop
 endfacet
 facet normal -0.13809744904270674 -0.6942627593342364 -0.7063485793639775
  outer loop
   vertex -7.276567206526269 -27.156518519445587 -5.663118960624633
   vertex -3.8718139673007483 -29.40934686583133 -4.1144967660473135
   vertex -7.677380124151341 -28.652372692352273 -4.1144967660473135
  endloop
 endfacet
 facet normal -0.17390342661127076 -0.8742715644188508 -0.45321830265499397
  outer loop
   vertex -7.677380124151341 -28.652372692352273 -4.1144967660473135
   vertex -3.8718139673007483 -29.40934686583133 -4.1144967660473135
   vertex -4.001593112887757 -30.395117344669803 -2.163118960624634
  endloop
 endfacet
 facet normal -0.17390342661127084 -0.8742715644188508 -0.45321830265499374
  outer loop
   vertex -7.677380124151341 -28.652372692352273 -4.1144967660473135
   vertex -4.001593112887757 -30.395117344669803 -2.163118960624634
   vertex -7.934717858162785 -29.612770190387632 -2.163118960624634
  endloop
 endfacet
 facet normal -0.19269852248166686 -0.968760892146384 -0.15610769769977662
  outer loop
   vertex -7.934717858162785 -29.612770190387632 -2.163118960624634
   vertex -4.001593112887757 -30.395117344669803 -2.163118960624634
   vertex -4.0463119588216 -30.73479070258812 -1.7145055188062944e-15
  endloop
 endfacet
 facet normal -0.19269852248166675 -0.968760892146384 -0.15610769769977687
  outer loop
   vertex -7.934717858162785 -29.612770190387632 -2.163118960624634
   vertex -4.0463119588216 -30.73479070258812 -1.7145055188062944e-15
   vertex -8.02339039817814 -29.943700614961116 -1.7145055188062944e-15
  endloop
 endfacet
 facet normal -0.06460128948520703 -0.9856252128044023 0.15610769769977703
  outer loop
   vertex -4.0463119588216 -30.73479070258812 0.0
   vertex -5.694607616035192e-15 -31.0 0.0
   vertex -5.6316722113440185e-15 -30.657395614066075 2.1631189606246317
  endloop
 endfacet
 facet normal -0.06460128948520684 -0.9856252128044025 0.15610769769977667
  outer loop
   vertex -4.0463119588216 -30.73479070258812 0.0
   vertex -5.6316722113440185e-15 -30.657395614066075 2.1631189606246317
   vertex -4.001593112887757 -30.395117344669803 2.1631189606246317
  endloop
 endfacet
 facet normal -0.05830032041918211 -0.8894910020779011 0.4532183026549922
  outer loop
   vertex -4.001593112887757 -30.395117344669803 2.1631189606246317
   vertex -5.6316722113440185e-15 -30.657395614066075 2.1631189606246317
   vertex -5.4490265531784176e-15 -29.663118960624633 4.114496766047312
  endloop
 endfacet
 facet normal -0.05830032041918234 -0.889491002077901 0.45321830265499263
  outer loop
   vertex -4.001593112887757 -30.395117344669803 2.1631189606246317
   vertex -5.4490265531784176e-15 -29.663118960624633 4.114496766047312
   vertex -3.871813967300749 -29.409346865831335 4.114496766047312
  endloop
 endfacet
 facet normal -0.04629653184613953 -0.7063485793639771 0.7063485793639783
  outer loop
   vertex -3.871813967300749 -29.409346865831335 4.114496766047312
   vertex -5.4490265531784176e-15 -29.663118960624633 4.114496766047312
   vertex -5.164549271126767e-15 -28.11449676604731 5.663118960624632
  endloop
 endfacet
 facet normal -0.04629653184613973 -0.7063485793639771 0.7063485793639787
  outer loop
   vertex -3.871813967300749 -29.409346865831335 4.114496766047312
   vertex -5.164549271126767e-15 -28.11449676604731 5.663118960624632
   vertex -3.669678209055111 -27.873973348808214 5.663118960624632
  endloop
 endfacet
 facet normal -0.02974294476256088 -0.4537896456036127 0.8906123257511087
  outer loop
   vertex -3.669678209055111 -27.873973348808214 5.663118960624632
   vertex -5.164549271126767e-15 -28.11449676604731 5.663118960624632
   vertex -4.806086983626057e-15 -26.163118960624633 6.657395614066075
  endloop
 endfacet
 facet normal -0.0297429447625608 -0.45378964560361285 0.8906123257511086
  outer loop
   vertex -3.669678209055111 -27.873973348808214 5.663118960624632
   vertex -4.806086983626057e-15 -26.163118960624633 6.657395614066075
   vertex -3.414972294530568 -25.939289851023 6.657395614066075
  endloop
 endfacet
 facet normal -0.010252717626191385 -0.15642624276799175 0.9876364272113332
  outer loop
   vertex -3.414972294530568 -25.939289851023 6.657395614066075
   vertex -4.806086983626057e-15 -26.163118960624633 6.657395614066075
   vertex -4.408728476930472e-15 -24.0 7.0
  endloop
 endfacet
 facet normal -0.010252717626191394 -0.15642624276799175 0.9876364272113332
  outer loop
   vertex -3.414972294530568 -25.939289851023 6.657395614066075
   vertex -4.408728476930472e-15 -24.0 7.0
   vertex -3.132628613281239 -23.79467667297145 7.0
  endloop
 endfacet
 facet normal 0.010252717626191373 0.15642624276799158 0.987636427211333
  outer loop
   vertex -3.132628613281239 -23.79467667297145 7.0
   vertex -4.408728476930472e-15 -24.0 7.0
   vertex -4.011369970234886e-15 -21.83688103937537 6.6573956140660755
  endloop
 endfacet
 facet normal 0.01025271762619138 0.1564262427679916 0.9876364272113332
  outer loop
   vertex -3.132628613281239 -23.79467667297145 7.0
   vertex -4.011369970234886e-15 -21.83688103937537 6.6573956140660755
   vertex -2.8502849320319106 -21.650063494919902 6.6573956140660755
  endloop
 endfacet
 facet normal 0.029742944762560758 0.4537896456036124 0.8906123257511087
  outer loop
   vertex -2.8502849320319106 -21.650063494919902 6.6573956140660755
   vertex -4.011369970234886e-15 -21.83688103937537 6.6573956140660755
   vertex -3.652907682734175e-15 -19.88550323395269 5.663118960624632
  endloop
 endfacet
 facet normal 0.029742944762560616 0.45378964560361246 0.8906123257511088
  outer loop
   vertex -2.8502849320319106 -21.650063494919902 6.6573956140660755
   vertex -3.652907682734175e-15 -19.88550323395269 5.663118960624632
   vertex -2.595579017507367 -19.715379997134683 5.663118960624632
  endloop
 endfacet
 facet normal 0.046296531846139445 0.7063485793639778 0.7063485793639778
  outer loop
   vertex -2.595579017507367 -19.715379997134683 5.663118960624632
   vertex -3.652907682734175e-15 -19.88550323395269 5.663118960624632
   vertex -3.3684304006825257e-15 -18.33688103937537 4.114496766047313
  endloop
 endfacet
 facet normal 0.04629653184613972 0.7063485793639775 0.7063485793639781
  outer loop
   vertex -2.595579017507367 -19.715379997134683 5.663118960624632
   vertex -3.3684304006825257e-15 -18.33688103937537 4.114496766047313
   vertex -2.39344325926173 -18.180006480111565 4.114496766047313
  endloop
 endfacet
 facet normal 0.058300320419182476 0.8894910020779004 0.45321830265499347
  outer loop
   vertex -2.39344325926173 -18.180006480111565 4.114496766047313
   vertex -3.3684304006825257e-15 -18.33688103937537 4.114496766047313
   vertex -3.1857847425169244e-15 -17.342604385933925 2.1631189606246326
  endloop
 endfacet
 facet normal 0.05830032041918152 0.8894910020779009 0.45321830265499247
  outer loop
   vertex -2.39344325926173 -18.180006480111565 4.114496766047313
   vertex -3.1857847425169244e-15 -17.342604385933925 2.1631189606246326
   vertex -2.263664113674722 -17.194236001273097 2.1631189606246326
  endloop
 endfacet
 facet normal 0.06460128948520623 0.9856252128044024 0.15610769769977706
  outer loop
   vertex -2.263664113674722 -17.194236001273097 2.1631189606246326
   vertex -3.1857847425169244e-15 -17.342604385933925 2.1631189606246326
   vertex -3.1228493378257506e-15 -17.0 8.572527594031472e-16
  endloop
 endfacet
 facet normal 0.06460128948520745 0.9856252128044022 0.1561076976997783
  outer loop
   vertex -2.263664113674722 -17.194236001273097 2.1631189606246326
   vertex -3.1228493378257506e-15 -17.0 8.572527594031472e-16
   vertex -2.2189452677408776 -16.854562643354775 8.572527594031472e-16
  endloop
 endfacet
 facet normal 0.06460128948520745 0.9856252128044024 -0.15610769769977684
  outer loop
   vertex -2.2189452677408776 -16.854562643354775 8.572527594031472e-16
   vertex -3.1228493378257506e-15 -17.0 8.572527594031472e-16
   vertex -3.1857847425169244e-15 -17.342604385933925 -2.163118960624634
  endloop
 endfacet
 facet normal 0.06460128948520626 0.9856252128044024 -0.1561076976997781
  outer loop
   vertex -2.2189452677408776 -16.854562643354775 8.572527594031472e-16
   vertex -3.1857847425169244e-15 -17.342604385933925 -2.163118960624634
   vertex -2.263664113674722 -17.194236001273097 -2.163118960624634
  endloop
 endfacet
 facet normal 0.05830032041918153 0.8894910020779008 -0.4532183026549928
  outer loop
   vertex -2.263664113674722 -17.194236001273097 -2.163118960624634
   vertex -3.1857847425169244e-15 -17.342604385933925 -2.163118960624634
   vertex -3.368430400682525e-15 -18.336881039375367 -4.114496766047311
  endloop
 endfacet
 facet normal 0.05830032041918251 0.8894910020779011 -0.45321830265499186
  outer loop
   vertex -2.263664113674722 -17.194236001273097 -2.163118960624634
   vertex -3.368430400682525e-15 -18.336881039375367 -4.114496766047311
   vertex -2.3934432592617294 -18.18000648011156 -4.114496766047311
  endloop
 endfacet
 facet normal 0.04629653184613975 0.706348579363978 -0.7063485793639775
  outer loop
   vertex -2.3934432592617294 -18.18000648011156 -4.114496766047311
   vertex -3.368430400682525e-15 -18.336881039375367 -4.114496766047311
   vertex -3.6529076827341746e-15 -19.885503233952686 -5.663118960624631
  endloop
 endfacet
 facet normal 0.046296531846139403 0.7063485793639778 -0.7063485793639778
  outer loop
   vertex -2.3934432592617294 -18.18000648011156 -4.114496766047311
   vertex -3.6529076827341746e-15 -19.885503233952686 -5.663118960624631
   vertex -2.5955790175073665 -19.71537999713468 -5.663118960624631
  endloop
 endfacet
 facet normal 0.029742944762560647 0.4537896456036124 -0.8906123257511088
  outer loop
   vertex -2.5955790175073665 -19.71537999713468 -5.663118960624631
   vertex -3.6529076827341746e-15 -19.885503233952686 -5.663118960624631
   vertex -4.011369970234885e-15 -21.836881039375367 -6.657395614066075
  endloop
 endfacet
 facet normal 0.02974294476256075 0.45378964560361246 -0.8906123257511087
  outer loop
   vertex -2.5955790175073665 -19.71537999713468 -5.663118960624631
   vertex -4.011369970234885e-15 -21.836881039375367 -6.657395614066075
   vertex -2.85028493203191 -21.6500634949199 -6.657395614066075
  endloop
 endfacet
 facet normal 0.010252717626191385 0.15642624276799172 -0.987636427211333
  outer loop
   vertex -2.85028493203191 -21.6500634949199 -6.657395614066075
   vertex -4.011369970234885e-15 -21.836881039375367 -6.657395614066075
   vertex -4.408728476930472e-15 -24.0 -7.0
  endloop
 endfacet
 facet normal 0.010252717626191378 0.15642624276799175 -0.9876364272113332
  outer loop
   vertex -2.85028493203191 -21.6500634949199 -6.657395614066075
   vertex -4.408728476930472e-15 -24.0 -7.0
   vertex -3.132628613281239 -23.79467667297145 -7.0
  endloop
 endfacet
 facet normal -0.010252717626191373 -0.15642624276799158 -0.987636427211333
  outer loop
   vertex -3.132628613281239 -23.79467667297145 -7.0
   vertex -4.408728476930472e-15 -24.0 -7.0
   vertex -4.8060869836260565e-15 -26.16311896062463 -6.6573956140660755
  endloop
 endfacet
 facet normal -0.010252717626191364 -0.15642624276799158 -0.9876364272113332
  outer loop
   vertex -3.132628613281239 -23.79467667297145 -7.0
   vertex -4.8060869836260565e-15 -26.16311896062463 -6.6573956140660755
   vertex -3.4149722945305676 -25.939289851022995 -6.6573956140660755
  endloop
 endfacet
 facet normal -0.029742944762560748 -0.45378964560361207 -0.8906123257511089
  outer loop
   vertex -3.4149722945305676 -25.939289851022995 -6.6573956140660755
   vertex -4.8060869836260565e-15 -26.16311896062463 -6.6573956140660755
   vertex -5.164549271126767e-15 -28.11449676604731 -5.663118960624633
  endloop
 endfacet
 facet normal -0.029742944762560848 -0.4537896456036121 -0.8906123257511088
  outer loop
   vertex -3.4149722945305676 -25.939289851022995 -6.6573956140660755
   vertex -5.164549271126767e-15 -28.11449676604731 -5.663118960624633
   vertex -3.669678209055111 -27.873973348808214 -5.663118960624633
  endloop
 endfacet
 facet normal -0.04629653184613978 -0.7063485793639778 -0.7063485793639779
  outer loop
   vertex -3.669678209055111 -27.873973348808214 -5.663118960624633
   vertex -5.164549271126767e-15 -28.11449676604731 -5.663118960624633
   vertex -5.449026553178417e-15 -29.66311896062463 -4.1144967660473135
  endloop
 endfacet
 facet normal -0.046296531846139535 -0.7063485793639775 -0.7063485793639781
  outer loop
   vertex -3.669678209055111 -27.873973348808214 -5.663118960624633
   vertex -5.449026553178417e-15 -29.66311896062463 -4.1144967660473135
   vertex -3.8718139673007483 -29.40934686583133 -4.1144967660473135
  endloop
 endfacet
 facet normal -0.0583003204191823 -0.8894910020779003 -0.4532183026549936
  outer loop
   vertex -3.8718139673007483 -29.40934686583133 -4.1144967660473135
   vertex -5.449026553178417e-15 -29.66311896062463 -4.1144967660473135
   vertex -5.6316722113440185e-15 -30.657395614066075 -2.163118960624634
  endloop
 endfacet
 facet normal -0.058300320419182074 -0.8894910020779001 -0.45321830265499385
  outer loop
   vertex -3.8718139673007483 -29.40934686583133 -4.1144967660473135
   vertex -5.6316722113440185e-15 -30.657395614066075 -2.163118960624634
   vertex -4.001593112887757 -30.395117344669803 -2.163118960624634
  endloop
 endfacet
 facet normal -0.06460128948520685 -0.9856252128044025 -0.15610769769977706
  outer loop
   vertex -4.001593112887757 -30.395117344669803 -2.163118960624634
   vertex -5.6316722113440185e-15 -30.657395614066075 -2.163118960624634
   vertex -5.694607616035192e-15 -31.0 -1.7145055188062944e-15
  endloop
 endfacet
 facet normal -0.06460128948520703 -0.9856252128044023 -0.15610769769977664
  outer loop
   vertex -4.001593112887757 -30.395117344669803 -2.163118960624634
   vertex -5.694607616035192e-15 -31.0 -1.7145055188062944e-15
   vertex -4.0463119588216 -30.73479070258812 -1.7145055188062944e-15
  endloop
 endfacet
 facet normal 0.06460128948520617 -0.9856252128044025 0.1561076976997767
  outer loop
   vertex -5.694607616035192e-15 -31.0 0.0
   vertex 4.0463119588215894 -30.734790702588125 0.0
   vertex 4.001593112887745 -30.395117344669806 2.1631189606246317
  endloop
 endfacet
 facet normal 0.06460128948520599 -0.9856252128044025 0.1561076976997771
  outer loop
   vertex -5.694607616035192e-15 -31.0 0.0
   vertex 4.001593112887745 -30.395117344669806 2.1631189606246317
   vertex -5.6316722113440185e-15 -30.657395614066075 2.1631189606246317
  endloop
 endfacet
 facet normal 0.058300320419181324 -0.889491002077901 0.4532183026549925
  outer loop
   vertex -5.6316722113440185e-15 -30.657395614066075 2.1631189606246317
   vertex 4.001593112887745 -30.395117344669806 2.1631189606246317
   vertex 3.871813967300738 -29.40934686583134 4.114496766047312
  endloop
 endfacet
 facet normal 0.05830032041918155 -0.8894910020779012 0.45321830265499213
  outer loop
   vertex -5.6316722113440185e-15 -30.657395614066075 2.1631189606246317
   vertex 3.871813967300738 -29.40934686583134 4.114496766047312
   vertex -5.4490265531784176e-15 -29.663118960624633 4.114496766047312
  endloop
 endfacet
 facet normal 0.04629653184613888 -0.7063485793639771 0.7063485793639785
  outer loop
   vertex -5.4490265531784176e-15 -29.663118960624633 4.114496766047312
   vertex 3.871813967300738 -29.40934686583134 4.114496766047312
   vertex 3.669678209055101 -27.873973348808217 5.663118960624632
  endloop
 endfacet
 facet normal 0.04629653184613903 -0.7063485793639772 0.7063485793639783
  outer loop
   vertex -5.4490265531784176e-15 -29.663118960624633 4.114496766047312
   vertex 3.669678209055101 -27.873973348808217 5.663118960624632
   vertex -5.164549271126767e-15 -28.11449676604731 5.663118960624632
  endloop
 endfacet
 facet normal 0.02974294476256045 -0.45378964560361296 0.8906123257511087
  outer loop
   vertex -5.164549271126767e-15 -28.11449676604731 5.663118960624632
   vertex 3.669678209055101 -27.873973348808217 5.663118960624632
   vertex 3.4149722945305587 -25.939289851023002 6.657395614066075
  endloop
 endfacet
 facet normal 0.02974294476256034 -0.45378964560361273 0.8906123257511086
  outer loop
   vertex -5.164549271126767e-15 -28.11449676604731 5.663118960624632
   vertex 3.4149722945305587 -25.939289851023002 6.657395614066075
   vertex -4.806086983626057e-15 -26.163118960624633 6.657395614066075
  endloop
 endfacet
 facet normal 0.010252717626191222 -0.15642624276799177 0.987636427211333
  outer loop
   vertex -4.806086983626057e-15 -26.163118960624633 6.657395614066075
   vertex 3.4149722945305587 -25.939289851023002 6.657395614066075
   vertex 3.1326286132812307 -23.794676672971452 7.0
  endloop
 endfacet
 facet normal 0.0102527176261912 -0.15642624276799172 0.9876364272113332
  outer loop
   vertex -4.806086983626057e-15 -26.163118960624633 6.657395614066075
   vertex 3.1326286132812307 -23.794676672971452 7.0
   vertex -4.408728476930472e-15 -24.0 7.0
  endloop
 endfacet
 facet normal -0.010252717626191198 0.15642624276799164 0.9876364272113333
  outer loop
   vertex -4.408728476930472e-15 -24.0 7.0
   vertex 3.1326286132812307 -23.794676672971452 7.0
   vertex 2.8502849320319026 -21.650063494919905 6.6573956140660755
  endloop
 endfacet
 facet normal -0.010252717626191165 0.1564262427679916 0.9876364272113332
  outer loop
   vertex -4.408728476930472e-15 -24.0 7.0
   vertex 2.8502849320319026 -21.650063494919905 6.6573956140660755
   vertex -4.011369970234886e-15 -21.83688103937537 6.6573956140660755
  endloop
 endfacet
 facet normal -0.029742944762560213 0.4537896456036126 0.8906123257511088
  outer loop
   vertex -4.011369970234886e-15 -21.83688103937537 6.6573956140660755
   vertex 2.8502849320319026 -21.650063494919905 6.6573956140660755
   vertex 2.59557901750736 -19.715379997134686 5.663118960624632
  endloop
 endfacet
 facet normal -0.02974294476255998 0.45378964560361235 0.8906123257511088
  outer loop
   vertex -4.011369970234886e-15 -21.83688103937537 6.6573956140660755
   vertex 2.59557901750736 -19.715379997134686 5.663118960624632
   vertex -3.652907682734175e-15 -19.88550323395269 5.663118960624632
  endloop
 endfacet
 facet normal -0.046296531846138474 0.7063485793639777 0.706348579363978
  outer loop
   vertex -3.652907682734175e-15 -19.88550323395269 5.663118960624632
   vertex 2.59557901750736 -19.715379997134686 5.663118960624632
   vertex 2.393443259261723 -18.18000648011157 4.114496766047313
  endloop
 endfacet
 facet normal -0.04629653184613864 0.7063485793639779 0.7063485793639779
  outer loop
   vertex -3.652907682734175e-15 -19.88550323395269 5.663118960624632
   vertex 2.393443259261723 -18.18000648011157 4.114496766047313
   vertex -3.3684304006825257e-15 -18.33688103937537 4.114496766047313
  endloop
 endfacet
 facet normal -0.05830032041918114 0.8894910020779003 0.45321830265499374
  outer loop
   vertex -3.3684304006825257e-15 -18.33688103937537 4.114496766047313
   vertex 2.393443259261723 -18.18000648011157 4.114496766047313
   vertex 2.2636641136747158 -17.194236001273097 2.1631189606246326
  endloop
 endfacet
 facet normal -0.05830032041918148 0.8894910020779004 0.4532183026549935
  outer loop
   vertex -3.3684304006825257e-15 -18.33688103937537 4.114496766047313
   vertex 2.2636641136747158 -17.194236001273097 2.1631189606246326
   vertex -3.1857847425169244e-15 -17.342604385933925 2.1631189606246326
  endloop
 endfacet
 facet normal -0.06460128948520624 0.9856252128044025 0.1561076976997767
  outer loop
   vertex -3.1857847425169244e-15 -17.342604385933925 2.1631189606246326
   vertex 2.2636641136747158 -17.194236001273097 2.1631189606246326
   vertex 2.2189452677408714 -16.85456264335478 8.572527594031472e-16
  endloop
 endfacet
 facet normal -0.06460128948520588 0.9856252128044024 0.15610769769977706
  outer loop
   vertex -3.1857847425169244e-15 -17.342604385933925 2.1631189606246326
   vertex 2.2189452677408714 -16.85456264335478 8.572527594031472e-16
   vertex -3.1228493378257506e-15 -17.0 8.572527594031472e-16
  endloop
 endfacet
 facet normal -0.0646012894852059 0.9856252128044026 -0.1561076976997765
  outer loop
   vertex -3.1228493378257506e-15 -17.0 8.572527594031472e-16
   vertex 2.2189452677408714 -16.85456264335478 8.572527594031472e-16
   vertex 2.2636641136747158 -17.194236001273097 -2.163118960624634
  endloop
 endfacet
 facet normal -0.06460128948520624 0.9856252128044025 -0.15610769769977687
  outer loop
   vertex -3.1228493378257506e-15 -17.0 8.572527594031472e-16
   vertex 2.2636641136747158 -17.194236001273097 -2.163118960624634
   vertex -3.1857847425169244e-15 -17.342604385933925 -2.163118960624634
  endloop
 endfacet
 facet normal -0.05830032041918153 0.8894910020779008 -0.45321830265499313
  outer loop
   vertex -3.1857847425169244e-15 -17.342604385933925 -2.163118960624634
   vertex 2.2636641136747158 -17.194236001273097 -2.163118960624634
   vertex 2.3934432592617227 -18.180006480111565 -4.114496766047311
  endloop
 endfacet
 facet normal -0.05830032041918117 0.8894910020779009 -0.4532183026549927
  outer loop
   vertex -3.1857847425169244e-15 -17.342604385933925 -2.163118960624634
   vertex 2.3934432592617227 -18.180006480111565 -4.114496766047311
   vertex -3.368430400682525e-15 -18.336881039375367 -4.114496766047311
  endloop
 endfacet
 facet normal -0.04629653184613868 0.7063485793639779 -0.7063485793639779
  outer loop
   vertex -3.368430400682525e-15 -18.336881039375367 -4.114496766047311
   vertex 2.3934432592617227 -18.180006480111565 -4.114496766047311
   vertex 2.5955790175073594 -19.715379997134683 -5.663118960624631
  endloop
 endfacet
 facet normal -0.04629653184613848 0.706348579363978 -0.7063485793639777
  outer loop
   vertex -3.368430400682525e-15 -18.336881039375367 -4.114496766047311
   vertex 2.5955790175073594 -19.715379997134683 -5.663118960624631
   vertex -3.6529076827341746e-15 -19.885503233952686 -5.663118960624631
  endloop
 endfacet
 facet normal -0.02974294476256004 0.4537896456036126 -0.8906123257511087
  outer loop
   vertex -3.6529076827341746e-15 -19.885503233952686 -5.663118960624631
   vertex 2.5955790175073594 -19.715379997134683 -5.663118960624631
   vertex 2.850284932031902 -21.650063494919902 -6.657395614066075
  endloop
 endfacet
 facet normal -0.029742944762560182 0.45378964560361246 -0.8906123257511088
  outer loop
   vertex -3.6529076827341746e-15 -19.885503233952686 -5.663118960624631
   vertex 2.850284932031902 -21.650063494919902 -6.657395614066075
   vertex -4.011369970234885e-15 -21.836881039375367 -6.657395614066075
  endloop
 endfacet
 facet normal -0.01025271762619119 0.15642624276799175 -0.987636427211333
  outer loop
   vertex -4.011369970234885e-15 -21.836881039375367 -6.657395614066075
   vertex 2.850284932031902 -21.650063494919902 -6.657395614066075
   vertex 3.1326286132812307 -23.794676672971452 -7.0
  endloop
 endfacet
 facet normal -0.010252717626191215 0.15642624276799172 -0.9876364272113332
  outer loop
   vertex -4.011369970234885e-15 -21.836881039375367 -6.657395614066075
   vertex 3.1326286132812307 -23.794676672971452 -7.0
   vertex -4.408728476930472e-15 -24.0 -7.0
  endloop
 endfacet
 facet normal 0.010252717626191196 -0.1564262427679916 -0.987636427211333
  outer loop
   vertex -4.408728476930472e-15 -24.0 -7.0
   vertex 3.1326286132812307 -23.794676672971452 -7.0
   vertex 3.4149722945305583 -25.939289851023 -6.6573956140660755
  endloop
 endfacet
 facet normal 0.010252717626191215 -0.1564262427679916 -0.9876364272113332
  outer loop
   vertex -4.408728476930472e-15 -24.0 -7.0
   vertex 3.4149722945305583 -25.939289851023 -6.6573956140660755
   vertex -4.8060869836260565e-15 -26.16311896062463 -6.6573956140660755
  endloop
 endfacet
 facet normal 0.029742944762560283 -0.45378964560361224 -0.8906123257511088
  outer loop
   vertex -4.8060869836260565e-15 -26.16311896062463 -6.6573956140660755
   vertex 3.4149722945305583 -25.939289851023 -6.6573956140660755
   vertex 3.669678209055101 -27.873973348808217 -5.663118960624633
  endloop
 endfacet
 facet normal 0.029742944762560373 -0.45378964560361207 -0.890612325751109
  outer loop
   vertex -4.8060869836260565e-15 -26.16311896062463 -6.6573956140660755
   vertex 3.669678209055101 -27.873973348808217 -5.663118960624633
   vertex -5.164549271126767e-15 -28.11449676604731 -5.663118960624633
  endloop
 endfacet
 facet normal 0.04629653184613908 -0.7063485793639775 -0.706348579363978
  outer loop
   vertex -5.164549271126767e-15 -28.11449676604731 -5.663118960624633
   vertex 3.669678209055101 -27.873973348808217 -5.663118960624633
   vertex 3.8718139673007377 -29.409346865831335 -4.1144967660473135
  endloop
 endfacet
 facet normal 0.04629653184613892 -0.7063485793639778 -0.7063485793639778
  outer loop
   vertex -5.164549271126767e-15 -28.11449676604731 -5.663118960624633
   vertex 3.8718139673007377 -29.409346865831335 -4.1144967660473135
   vertex -5.449026553178417e-15 -29.66311896062463 -4.1144967660473135
  endloop
 endfacet
 facet normal 0.05830032041918147 -0.8894910020779002 -0.45321830265499385
  outer loop
   vertex -5.449026553178417e-15 -29.66311896062463 -4.1144967660473135
   vertex 3.8718139673007377 -29.409346865831335 -4.1144967660473135
   vertex 4.001593112887745 -30.395117344669806 -2.163118960624634
  endloop
 endfacet
 facet normal 0.0583003204191813 -0.8894910020779004 -0.4532183026549936
  outer loop
   vertex -5.449026553178417e-15 -29.66311896062463 -4.1144967660473135
   vertex 4.001593112887745 -30.395117344669806 -2.163118960624634
   vertex -5.6316722113440185e-15 -30.657395614066075 -2.163118960624634
  endloop
 endfacet
 facet normal 0.06460128948520599 -0.9856252128044025 -0.1561076976997767
  outer loop
   vertex -5.6316722113440185e-15 -30.657395614066075 -2.163118960624634
   vertex 4.001593112887745 -30.395117344669806 -2.163118960624634
   vertex 4.0463119588215894 -30.734790702588125 -1.7145055188062944e-15
  endloop
 endfacet
 facet normal 0.06460128948520617 -0.9856252128044025 -0.15610769769977703
  outer loop
   vertex -5.6316722113440185e-15 -30.657395614066075 -2.163118960624634
   vertex 4.0463119588215894 -30.734790702588125 -1.7145055188062944e-15
   vertex -5.694607616035192e-15 -31.0 -1.7145055188062944e-15
  endloop
 endfacet
 facet normal 0.19269852248166672 -0.968760892146384 0.1561076976997769
  outer loop
   vertex 4.0463119588215894 -30.734790702588125 0.0
   vertex 8.02339039817813 -29.94370061496112 0.0
   vertex 7.9347178581627755 -29.612770190387636 2.1631189606246317
  endloop
 endfacet
 facet normal 0.19269852248166683 -0.968760892146384 0.15610769769977675
  outer loop
   vertex 4.0463119588215894 -30.734790702588125 0.0
   vertex 7.9347178581627755 -29.612770190387636 2.1631189606246317
   vertex 4.001593112887745 -30.395117344669806 2.1631189606246317
  endloop
 endfacet
 facet normal 0.17390342661127095 -0.8742715644188515 0.45321830265499236
  outer loop
   vertex 4.001593112887745 -30.395117344669806 2.1631189606246317
   vertex 7.9347178581627755 -29.612770190387636 2.1631189606246317
   vertex 7.677380124151332 -28.65237269235228 4.114496766047312
  endloop
 endfacet
 facet normal 0.17390342661127084 -0.8742715644188515 0.45321830265499247
  outer loop
   vertex 4.001593112887745 -30.395117344669806 2.1631189606246317
   vertex 7.677380124151332 -28.65237269235228 4.114496766047312
   vertex 3.871813967300738 -29.40934686583134 4.114496766047312
  endloop
 endfacet
 facet normal 0.13809744904270657 -0.6942627593342359 0.7063485793639781
  outer loop
   vertex 3.871813967300738 -29.40934686583134 4.114496766047312
   vertex 7.677380124151332 -28.65237269235228 4.114496766047312
   vertex 7.27656720652626 -27.15651851944559 5.663118960624632
  endloop
 endfacet
 facet normal 0.13809744904270596 -0.6942627593342354 0.7063485793639787
  outer loop
   vertex 3.871813967300738 -29.40934686583134 4.114496766047312
   vertex 7.27656720652626 -27.15651851944559 5.663118960624632
   vertex 3.669678209055101 -27.873973348808217 5.663118960624632
  endloop
 endfacet
 facet normal 0.08871992425649161 -0.44602517895307603 0.8906123257511088
  outer loop
   vertex 3.669678209055101 -27.873973348808217 5.663118960624632
   vertex 7.27656720652626 -27.15651851944559 5.663118960624632
   vertex 6.771513466292511 -25.271632300340542 6.657395614066075
  endloop
 endfacet
 facet normal 0.08871992425649179 -0.44602517895307625 0.8906123257511086
  outer loop
   vertex 3.669678209055101 -27.873973348808217 5.663118960624632
   vertex 6.771513466292511 -25.271632300340542 6.657395614066075
   vertex 3.4149722945305587 -25.939289851023002 6.657395614066075
  endloop
 endfacet
 facet normal 0.0305827260373993 -0.15374974638468328 0.9876364272113332
  outer loop
   vertex 3.4149722945305587 -25.939289851023002 6.657395614066075
   vertex 6.771513466292511 -25.271632300340542 6.657395614066075
   vertex 6.211657082460487 -23.18221983093764 7.0
  endloop
 endfacet
 facet normal 0.030582726037399446 -0.15374974638468344 0.9876364272113332
  outer loop
   vertex 3.4149722945305587 -25.939289851023002 6.657395614066075
   vertex 6.211657082460487 -23.18221983093764 7.0
   vertex 3.1326286132812307 -23.794676672971452 7.0
  endloop
 endfacet
 facet normal -0.030582726037399435 0.1537497463846833 0.987636427211333
  outer loop
   vertex 3.1326286132812307 -23.794676672971452 7.0
   vertex 6.211657082460487 -23.18221983093764 7.0
   vertex 5.651800698628464 -21.092807361534746 6.6573956140660755
  endloop
 endfacet
 facet normal -0.030582726037399373 0.1537497463846833 0.9876364272113332
  outer loop
   vertex 3.1326286132812307 -23.794676672971452 7.0
   vertex 5.651800698628464 -21.092807361534746 6.6573956140660755
   vertex 2.8502849320319026 -21.650063494919905 6.6573956140660755
  endloop
 endfacet
 facet normal -0.08871992425649187 0.44602517895307553 0.8906123257511089
  outer loop
   vertex 2.8502849320319026 -21.650063494919905 6.6573956140660755
   vertex 5.651800698628464 -21.092807361534746 6.6573956140660755
   vertex 5.146746958394714 -19.207921142429694 5.663118960624632
  endloop
 endfacet
 facet normal -0.08871992425649224 0.44602517895307575 0.8906123257511086
  outer loop
   vertex 2.8502849320319026 -21.650063494919905 6.6573956140660755
   vertex 5.146746958394714 -19.207921142429694 5.663118960624632
   vertex 2.59557901750736 -19.715379997134686 5.663118960624632
  endloop
 endfacet
 facet normal -0.13809744904270718 0.6942627593342364 0.7063485793639774
  outer loop
   vertex 2.59557901750736 -19.715379997134686 5.663118960624632
   vertex 5.146746958394714 -19.207921142429694 5.663118960624632
   vertex 4.745934040769643 -17.712066969523008 4.114496766047313
  endloop
 endfacet
 facet normal -0.13809744904270632 0.694262759334236 0.706348579363978
  outer loop
   vertex 2.59557901750736 -19.715379997134686 5.663118960624632
   vertex 4.745934040769643 -17.712066969523008 4.114496766047313
   vertex 2.393443259261723 -18.18000648011157 4.114496766047313
  endloop
 endfacet
 facet normal -0.17390342661127045 0.874271564418851 0.45321830265499363
  outer loop
   vertex 2.393443259261723 -18.18000648011157 4.114496766047313
   vertex 4.745934040769643 -17.712066969523008 4.114496766047313
   vertex 4.488596306758199 -16.75166947148765 2.1631189606246326
  endloop
 endfacet
 facet normal -0.17390342661127034 0.8742715644188509 0.45321830265499374
  outer loop
   vertex 2.393443259261723 -18.18000648011157 4.114496766047313
   vertex 4.488596306758199 -16.75166947148765 2.1631189606246326
   vertex 2.2636641136747158 -17.194236001273097 2.1631189606246326
  endloop
 endfacet
 facet normal -0.1926985224816662 0.968760892146384 0.1561076976997768
  outer loop
   vertex 2.2636641136747158 -17.194236001273097 2.1631189606246326
   vertex 4.488596306758199 -16.75166947148765 2.1631189606246326
   vertex 4.399923766742845 -16.420739046914164 8.572527594031472e-16
  endloop
 endfacet
 facet normal -0.19269852248166633 0.968760892146384 0.15610769769977673
  outer loop
   vertex 2.2636641136747158 -17.194236001273097 2.1631189606246326
   vertex 4.399923766742845 -16.420739046914164 8.572527594031472e-16
   vertex 2.2189452677408714 -16.85456264335478 8.572527594031472e-16
  endloop
 endfacet
 facet normal -0.19269852248166633 0.9687608921463841 -0.1561076976997766
  outer loop
   vertex 2.2189452677408714 -16.85456264335478 8.572527594031472e-16
   vertex 4.399923766742845 -16.420739046914164 8.572527594031472e-16
   vertex 4.488596306758199 -16.75166947148765 -2.163118960624634
  endloop
 endfacet
 facet normal -0.19269852248166625 0.9687608921463841 -0.1561076976997765
  outer loop
   vertex 2.2189452677408714 -16.85456264335478 8.572527594031472e-16
   vertex 4.488596306758199 -16.75166947148765 -2.163118960624634
   vertex 2.2636641136747158 -17.194236001273097 -2.163118960624634
  endloop
 endfacet
 facet normal -0.1739034266112704 0.8742715644188513 -0.45321830265499286
  outer loop
   vertex 2.2636641136747158 -17.194236001273097 -2.163118960624634
   vertex 4.488596306758199 -16.75166947148765 -2.163118960624634
   vertex 4.745934040769642 -17.712066969523004 -4.114496766047311
  endloop
 endfacet
 facet normal -0.1739034266112705 0.8742715644188512 -0.453218302654993
  outer loop
   vertex 2.2636641136747158 -17.194236001273097 -2.163118960624634
   vertex 4.745934040769642 -17.712066969523004 -4.114496766047311
   vertex 2.3934432592617227 -18.180006480111565 -4.114496766047311
  endloop
 endfacet
 facet normal -0.1380974490427065 0.6942627593342366 -0.7063485793639772
  outer loop
   vertex 2.3934432592617227 -18.180006480111565 -4.114496766047311
   vertex 4.745934040769642 -17.712066969523004 -4.114496766047311
   vertex 5.146746958394713 -19.20792114242969 -5.663118960624631
  endloop
 endfacet
 facet normal -0.13809744904270713 0.6942627593342359 -0.7063485793639778
  outer loop
   vertex 2.3934432592617227 -18.180006480111565 -4.114496766047311
   vertex 5.146746958394713 -19.20792114242969 -5.663118960624631
   vertex 2.5955790175073594 -19.715379997134683 -5.663118960624631
  endloop
 endfacet
 facet normal -0.0887199242564922 0.44602517895307553 -0.8906123257511089
  outer loop
   vertex 2.5955790175073594 -19.715379997134683 -5.663118960624631
   vertex 5.146746958394713 -19.20792114242969 -5.663118960624631
   vertex 5.651800698628463 -21.092807361534742 -6.657395614066075
  endloop
 endfacet
 facet normal -0.08871992425649194 0.44602517895307586 -0.8906123257511088
  outer loop
   vertex 2.5955790175073594 -19.715379997134683 -5.663118960624631
   vertex 5.651800698628463 -21.092807361534742 -6.657395614066075
   vertex 2.850284932031902 -21.650063494919902 -6.657395614066075
  endloop
 endfacet
 facet normal -0.030582726037399414 0.15374974638468347 -0.987636427211333
  outer loop
   vertex 2.850284932031902 -21.650063494919902 -6.657395614066075
   vertex 5.651800698628463 -21.092807361534742 -6.657395614066075
   vertex 6.211657082460487 -23.18221983093764 -7.0
  endloop
 endfacet
 facet normal -0.030582726037399463 0.15374974638468344 -0.9876364272113332
  outer loop
   vertex 2.850284932031902 -21.650063494919902 -6.657395614066075
   vertex 6.211657082460487 -23.18221983093764 -7.0
   vertex 3.1326286132812307 -23.794676672971452 -7.0
  endloop
 endfacet
 facet normal 0.030582726037399387 -0.15374974638468308 -0.9876364272113332
  outer loop
   vertex 3.1326286132812307 -23.794676672971452 -7.0
   vertex 6.211657082460487 -23.18221983093764 -7.0
   vertex 6.77151346629251 -25.27163230034054 -6.6573956140660755
  endloop
 endfacet
 facet normal 0.03058272603739932 -0.1537497463846833 -0.9876364272113332
  outer loop
   vertex 3.1326286132812307 -23.794676672971452 -7.0
   vertex 6.77151346629251 -25.27163230034054 -6.6573956140660755
   vertex 3.4149722945305583 -25.939289851023 -6.6573956140660755
  endloop
 endfacet
 facet normal 0.08871992425649164 -0.4460251789530753 -0.890612325751109
  outer loop
   vertex 3.4149722945305583 -25.939289851023 -6.6573956140660755
   vertex 6.77151346629251 -25.27163230034054 -6.6573956140660755
   vertex 7.27656720652626 -27.15651851944559 -5.663118960624633
  endloop
 endfacet
 facet normal 0.08871992425649153 -0.4460251789530756 -0.8906123257511088
  outer loop
   vertex 3.4149722945305583 -25.939289851023 -6.6573956140660755
   vertex 7.27656720652626 -27.15651851944559 -5.663118960624633
   vertex 3.669678209055101 -27.873973348808217 -5.663118960624633
  endloop
 endfacet
 facet normal 0.13809744904270618 -0.6942627593342365 -0.7063485793639774
  outer loop
   vertex 3.669678209055101 -27.873973348808217 -5.663118960624633
   vertex 7.27656720652626 -27.15651851944559 -5.663118960624633
   vertex 7.677380124151331 -28.652372692352277 -4.1144967660473135
  endloop
 endfacet
 facet normal 0.1380974490427066 -0.6942627593342359 -0.7063485793639781
  outer loop
   vertex 3.669678209055101 -27.873973348808217 -5.663118960624633
   vertex 7.677380124151331 -28.652372692352277 -4.1144967660473135
   vertex 3.8718139673007377 -29.409346865831335 -4.1144967660473135
  endloop
 endfacet
 facet normal 0.17390342661127073 -0.8742715644188508 -0.45321830265499374
  outer loop
   vertex 3.8718139673007377 -29.409346865831335 -4.1144967660473135
   vertex 7.677380124151331 -28.652372692352277 -4.1144967660473135
   vertex 7.9347178581627755 -29.612770190387636 -2.163118960624634
  endloop
 endfacet
 facet normal 0.1739034266112708 -0.8742715644188508 -0.4532183026549939
  outer loop
   vertex 3.8718139673007377 -29.409346865831335 -4.1144967660473135
   vertex 7.9347178581627755 -29.612770190387636 -2.163118960624634
   vertex 4.001593112887745 -30.395117344669806 -2.163118960624634
  endloop
 endfacet
 facet normal 0.19269852248166675 -0.9687608921463837 -0.15610769769977678
  outer loop
   vertex 4.001593112887745 -30.395117344669806 -2.163118960624634
   vertex 7.9347178581627755 -29.612770190387636 -2.163118960624634
   vertex 8.02339039817813 -29.94370061496112 -1.7145055188062944e-15
  endloop
 endfacet
 facet normal 0.1926985224816667 -0.968760892146384 -0.15610769769977664
  outer loop
   vertex 4.001593112887745 -30.395117344669806 -2.163118960624634
   vertex 8.02339039817813 -29.94370061496112 -1.7145055188062944e-15
   vertex 4.0463119588215894 -30.734790702588125 -1.7145055188062944e-15
  endloop
 endfacet
 facet normal 0.3174986303323416 -0.9353208040324785 0.1561076976997772
  outer loop
   vertex 8.02339039817813 -29.94370061496112 0.0
   vertex 11.86318640331779 -28.640265507849886 0.0
   vertex 11.732077380965261 -28.323740327936935 2.1631189606246317
  endloop
 endfacet
 facet normal 0.31749863033234177 -0.9353208040324785 0.15610769769977684
  outer loop
   vertex 8.02339039817813 -29.94370061496112 0.0
   vertex 11.732077380965261 -28.323740327936935 2.1631189606246317
   vertex 7.9347178581627755 -29.612770190387636 2.1631189606246317
  endloop
 endfacet
 facet normal 0.28653099695890244 -0.8440930978987244 0.45321830265499174
  outer loop
   vertex 7.9347178581627755 -29.612770190387636 2.1631189606246317
   vertex 11.732077380965261 -28.323740327936935 2.1631189606246317
   vertex 11.351584178505815 -27.40514847816857 4.114496766047312
  endloop
 endfacet
 facet normal 0.286530996958902 -0.8440930978987244 0.45321830265499236
  outer loop
   vertex 7.9347178581627755 -29.612770190387636 2.1631189606246317
   vertex 11.351584178505815 -27.40514847816857 4.114496766047312
   vertex 7.677380124151332 -28.65237269235228 4.114496766047312
  endloop
 endfacet
 facet normal 0.2275354805983065 -0.6702979110062829 0.7063485793639785
  outer loop
   vertex 7.677380124151332 -28.65237269235228 4.114496766047312
   vertex 11.351584178505815 -27.40514847816857 4.114496766047312
   vertex 10.758952121648207 -25.97440812900587 5.663118960624632
  endloop
 endfacet
 facet normal 0.2275354805983072 -0.6702979110062834 0.7063485793639781
  outer loop
   vertex 7.677380124151332 -28.65237269235228 4.114496766047312
   vertex 10.758952121648207 -25.97440812900587 5.663118960624632
   vertex 7.27656720652626 -27.15651851944559 5.663118960624632
  endloop
 endfacet
 facet normal 0.1461788812485848 -0.43062909782911 0.8906123257511087
  outer loop
   vertex 7.27656720652626 -27.15651851944559 5.663118960624632
   vertex 10.758952121648207 -25.97440812900587 5.663118960624632
   vertex 10.012192165228 -24.171570114379065 6.657395614066075
  endloop
 endfacet
 facet normal 0.14617888124858486 -0.4306290978291101 0.8906123257511086
  outer loop
   vertex 7.27656720652626 -27.15651851944559 5.663118960624632
   vertex 10.012192165228 -24.171570114379065 6.657395614066075
   vertex 6.771513466292511 -25.271632300340542 6.657395614066075
  endloop
 endfacet
 facet normal 0.05038945552697409 -0.14844254921325023 0.9876364272113332
  outer loop
   vertex 6.771513466292511 -25.271632300340542 6.657395614066075
   vertex 10.012192165228 -24.171570114379065 6.657395614066075
   vertex 9.18440237676216 -22.17310878027088 7.0
  endloop
 endfacet
 facet normal 0.0503894555269739 -0.14844254921325006 0.987636427211333
  outer loop
   vertex 6.771513466292511 -25.271632300340542 6.657395614066075
   vertex 9.18440237676216 -22.17310878027088 7.0
   vertex 6.211657082460487 -23.18221983093764 7.0
  endloop
 endfacet
 facet normal -0.05038945552697386 0.14844254921324995 0.9876364272113332
  outer loop
   vertex 6.211657082460487 -23.18221983093764 7.0
   vertex 9.18440237676216 -22.17310878027088 7.0
   vertex 8.35661258829632 -20.174647446162695 6.6573956140660755
  endloop
 endfacet
 facet normal -0.05038945552697412 0.14844254921325012 0.9876364272113332
  outer loop
   vertex 6.211657082460487 -23.18221983093764 7.0
   vertex 8.35661258829632 -20.174647446162695 6.6573956140660755
   vertex 5.651800698628464 -21.092807361534746 6.6573956140660755
  endloop
 endfacet
 facet normal -0.14617888124858508 0.4306290978291101 0.8906123257511086
  outer loop
   vertex 5.651800698628464 -21.092807361534746 6.6573956140660755
   vertex 8.35661258829632 -20.174647446162695 6.6573956140660755
   vertex 7.609852631876112 -18.37180943153589 5.663118960624632
  endloop
 endfacet
 facet normal -0.14617888124858444 0.4306290978291098 0.8906123257511088
  outer loop
   vertex 5.651800698628464 -21.092807361534746 6.6573956140660755
   vertex 7.609852631876112 -18.37180943153589 5.663118960624632
   vertex 5.146746958394714 -19.207921142429694 5.663118960624632
  endloop
 endfacet
 facet normal -0.22753548059830675 0.6702979110062836 0.7063485793639778
  outer loop
   vertex 5.146746958394714 -19.207921142429694 5.663118960624632
   vertex 7.609852631876112 -18.37180943153589 5.663118960624632
   vertex 7.017220575018506 -16.941069082373193 4.114496766047313
  endloop
 endfacet
 facet normal -0.22753548059830758 0.6702979110062839 0.7063485793639774
  outer loop
   vertex 5.146746958394714 -19.207921142429694 5.663118960624632
   vertex 7.017220575018506 -16.941069082373193 4.114496766047313
   vertex 4.745934040769643 -17.712066969523008 4.114496766047313
  endloop
 endfacet
 facet normal -0.2865309969589026 0.8440930978987237 0.45321830265499313
  outer loop
   vertex 4.745934040769643 -17.712066969523008 4.114496766047313
   vertex 7.017220575018506 -16.941069082373193 4.114496766047313
   vertex 6.636727372559058 -16.022477232604825 2.1631189606246326
  endloop
 endfacet
 facet normal -0.28653099695890205 0.8440930978987237 0.45321830265499363
  outer loop
   vertex 4.745934040769643 -17.712066969523008 4.114496766047313
   vertex 6.636727372559058 -16.022477232604825 2.1631189606246326
   vertex 4.488596306758199 -16.75166947148765 2.1631189606246326
  endloop
 endfacet
 facet normal -0.3174986303323416 0.9353208040324784 0.15610769769977786
  outer loop
   vertex 4.488596306758199 -16.75166947148765 2.1631189606246326
   vertex 6.636727372559058 -16.022477232604825 2.1631189606246326
   vertex 6.50561835020653 -15.705952052691872 8.572527594031472e-16
  endloop
 endfacet
 facet normal -0.3174986303323425 0.9353208040324782 0.1561076976997768
  outer loop
   vertex 4.488596306758199 -16.75166947148765 2.1631189606246326
   vertex 6.50561835020653 -15.705952052691872 8.572527594031472e-16
   vertex 4.399923766742845 -16.420739046914164 8.572527594031472e-16
  endloop
 endfacet
 facet normal -0.31749863033234255 0.9353208040324781 -0.15610769769977761
  outer loop
   vertex 4.399923766742845 -16.420739046914164 8.572527594031472e-16
   vertex 6.50561835020653 -15.705952052691872 8.572527594031472e-16
   vertex 6.636727372559058 -16.022477232604825 -2.163118960624634
  endloop
 endfacet
 facet normal -0.31749863033234166 0.9353208040324786 -0.15610769769977664
  outer loop
   vertex 4.399923766742845 -16.420739046914164 8.572527594031472e-16
   vertex 6.636727372559058 -16.022477232604825 -2.163118960624634
   vertex 4.488596306758199 -16.75166947148765 -2.163118960624634
  endloop
 endfacet
 facet normal -0.2865309969589023 0.8440930978987242 -0.45321830265499236
  outer loop
   vertex 4.488596306758199 -16.75166947148765 -2.163118960624634
   vertex 6.636727372559058 -16.022477232604825 -2.163118960624634
   vertex 7.017220575018505 -16.94106908237319 -4.114496766047311
  endloop
 endfacet
 facet normal -0.2865309969589027 0.8440930978987239 -0.45321830265499297
  outer loop
   vertex 4.488596306758199 -16.75166947148765 -2.163118960624634
   vertex 7.017220575018505 -16.94106908237319 -4.114496766047311
   vertex 4.745934040769642 -17.712066969523004 -4.114496766047311
  endloop
 endfacet
 facet normal -0.22753548059830742 0.6702979110062837 -0.7063485793639777
  outer loop
   vertex 4.745934040769642 -17.712066969523004 -4.114496766047311
   vertex 7.017220575018505 -16.94106908237319 -4.114496766047311
   vertex 7.6098526318761115 -18.371809431535887 -5.663118960624631
  endloop
 endfacet
 facet normal -0.22753548059830697 0.6702979110062843 -0.7063485793639772
  outer loop
   vertex 4.745934040769642 -17.712066969523004 -4.114496766047311
   vertex 7.6098526318761115 -18.371809431535887 -5.663118960624631
   vertex 5.146746958394713 -19.20792114242969 -5.663118960624631
  endloop
 endfacet
 facet normal -0.1461788812485844 0.43062909782910974 -0.8906123257511089
  outer loop
   vertex 5.146746958394713 -19.20792114242969 -5.663118960624631
   vertex 7.6098526318761115 -18.371809431535887 -5.663118960624631
   vertex 8.35661258829632 -20.174647446162695 -6.657395614066075
  endloop
 endfacet
 facet normal -0.14617888124858433 0.4306290978291098 -0.8906123257511089
  outer loop
   vertex 5.146746958394713 -19.20792114242969 -5.663118960624631
   vertex 8.35661258829632 -20.174647446162695 -6.657395614066075
   vertex 5.651800698628463 -21.092807361534742 -6.657395614066075
  endloop
 endfacet
 facet normal -0.05038945552697397 0.14844254921325029 -0.987636427211333
  outer loop
   vertex 5.651800698628463 -21.092807361534742 -6.657395614066075
   vertex 8.35661258829632 -20.174647446162695 -6.657395614066075
   vertex 9.18440237676216 -22.17310878027088 -7.0
  endloop
 endfacet
 facet normal -0.05038945552697398 0.14844254921325029 -0.987636427211333
  outer loop
   vertex 5.651800698628463 -21.092807361534742 -6.657395614066075
   vertex 9.18440237676216 -22.17310878027088 -7.0
   vertex 6.211657082460487 -23.18221983093764 -7.0
  endloop
 endfacet
 facet normal 0.05038945552697393 -0.14844254921325015 -0.987636427211333
  outer loop
   vertex 6.211657082460487 -23.18221983093764 -7.0
   vertex 9.18440237676216 -22.17310878027088 -7.0
   vertex 10.012192165227999 -24.171570114379062 -6.6573956140660755
  endloop
 endfacet
 facet normal 0.05038945552697399 -0.14844254921324987 -0.987636427211333
  outer loop
   vertex 6.211657082460487 -23.18221983093764 -7.0
   vertex 10.012192165227999 -24.171570114379062 -6.6573956140660755
   vertex 6.77151346629251 -25.27163230034054 -6.6573956140660755
  endloop
 endfacet
 facet normal 0.1461788812485846 -0.4306290978291093 -0.890612325751109
  outer loop
   vertex 6.77151346629251 -25.27163230034054 -6.6573956140660755
   vertex 10.012192165227999 -24.171570114379062 -6.6573956140660755
   vertex 10.758952121648207 -25.97440812900587 -5.663118960624633
  endloop
 endfacet
 facet normal 0.1461788812485846 -0.43062909782910946 -0.890612325751109
  outer loop
   vertex 6.77151346629251 -25.27163230034054 -6.6573956140660755
   vertex 10.758952121648207 -25.97440812900587 -5.663118960624633
   vertex 7.27656720652626 -27.15651851944559 -5.663118960624633
  endloop
 endfacet
 facet normal 0.2275354805983072 -0.6702979110062836 -0.7063485793639779
  outer loop
   vertex 7.27656720652626 -27.15651851944559 -5.663118960624633
   vertex 10.758952121648207 -25.97440812900587 -5.663118960624633
   vertex 11.351584178505814 -27.405148478168567 -4.1144967660473135
  endloop
 endfacet
 facet normal 0.22753548059830692 -0.6702979110062841 -0.7063485793639774
  outer loop
   vertex 7.27656720652626 -27.15651851944559 -5.663118960624633
   vertex 11.351584178505814 -27.405148478168567 -4.1144967660473135
   vertex 7.677380124151331 -28.652372692352277 -4.1144967660473135
  endloop
 endfacet
 facet normal 0.28653099695890194 -0.844093097898724 -0.45321830265499324
  outer loop
   vertex 7.677380124151331 -28.652372692352277 -4.1144967660473135
   vertex 11.351584178505814 -27.405148478168567 -4.1144967660473135
   vertex 11.732077380965261 -28.323740327936935 -2.163118960624634
  endloop
 endfacet
 facet normal 0.28653099695890216 -0.8440930978987236 -0.4532183026549938
  outer loop
   vertex 7.677380124151331 -28.652372692352277 -4.1144967660473135
   vertex 11.732077380965261 -28.323740327936935 -2.163118960624634
   vertex 7.9347178581627755 -29.612770190387636 -2.163118960624634
  endloop
 endfacet
 facet normal 0.3174986303323418 -0.9353208040324785 -0.15610769769977717
  outer loop
   vertex 7.9347178581627755 -29.612770190387636 -2.163118960624634
   vertex 11.732077380965261 -28.323740327936935 -2.163118960624634
   vertex 11.86318640331779 -28.640265507849886 -1.7145055188062944e-15
  endloop
 endfacet
 facet normal 0.31749863033234166 -0.9353208040324785 -0.15610769769977684
  outer loop
   vertex 7.9347178581627755 -29.612770190387636 -2.163118960624634
   vertex 11.86318640331779 -28.640265507849886 -1.7145055188062944e-15
   vertex 8.02339039817813 -29.94370061496112 -1.7145055188062944e-15
  endloop
 endfacet
 facet normal 0.43686624859077955 -0.8858771176416592 0.15610769769977753
  outer loop
   vertex 11.86318640331779 -28.640265507849886 0.0
   vertex 15.500000000000004 -26.846787517317598 0.0
   vertex 15.328697807033041 -26.55008341565085 2.1631189606246317
  endloop
 endfacet
 facet normal 0.43686624859077966 -0.885877117641659 0.15610769769977723
  outer loop
   vertex 11.86318640331779 -28.640265507849886 0.0
   vertex 15.328697807033041 -26.55008341565085 2.1631189606246317
   vertex 11.732077380965261 -28.323740327936935 2.1631189606246317
  endloop
 endfacet
 facet normal 0.3942559425071664 -0.7994719644467303 0.45321830265499186
  outer loop
   vertex 11.732077380965261 -28.323740327936935 2.1631189606246317
   vertex 15.328697807033041 -26.55008341565085 2.1631189606246317
   vertex 14.83155948031232 -25.689014575380785 4.114496766047312
  endloop
 endfacet
 facet normal 0.3942559425071665 -0.7994719644467304 0.4532183026549918
  outer loop
   vertex 11.732077380965261 -28.323740327936935 2.1631189606246317
   vertex 14.83155948031232 -25.689014575380785 4.114496766047312
   vertex 11.351584178505815 -27.40514847816857 4.114496766047312
  endloop
 endfacet
 facet normal 0.3130803169961167 -0.6348640795793223 0.7063485793639788
  outer loop
   vertex 11.351584178505815 -27.40514847816857 4.114496766047312
   vertex 14.83155948031232 -25.689014575380785 4.114496766047312
   vertex 14.057248383023659 -24.347868414012414 5.663118960624632
  endloop
 endfacet
 facet normal 0.31308031699611694 -0.6348640795793224 0.7063485793639787
  outer loop
   vertex 11.351584178505815 -27.40514847816857 4.114496766047312
   vertex 14.057248383023659 -24.347868414012414 5.663118960624632
   vertex 10.758952121648207 -25.97440812900587 5.663118960624632
  endloop
 endfacet
 facet normal 0.20113667705407173 -0.4078648334483463 0.8906123257511087
  outer loop
   vertex 10.758952121648207 -25.97440812900587 5.663118960624632
   vertex 14.057248383023659 -24.347868414012414 5.663118960624632
   vertex 13.08155948031232 -22.65792566213525 6.657395614066075
  endloop
 endfacet
 facet normal 0.2011366770540716 -0.4078648334483462 0.8906123257511088
  outer loop
   vertex 10.758952121648207 -25.97440812900587 5.663118960624632
   vertex 13.08155948031232 -22.65792566213525 6.657395614066075
   vertex 10.012192165228 -24.171570114379065 6.657395614066075
  endloop
 endfacet
 facet normal 0.0693340074618858 -0.14059545886872846 0.987636427211333
  outer loop
   vertex 10.012192165228 -24.171570114379065 6.657395614066075
   vertex 13.08155948031232 -22.65792566213525 6.657395614066075
   vertex 12.000000000000004 -20.784609690826528 7.0
  endloop
 endfacet
 facet normal 0.06933400746188563 -0.14059545886872837 0.9876364272113332
  outer loop
   vertex 10.012192165228 -24.171570114379065 6.657395614066075
   vertex 12.000000000000004 -20.784609690826528 7.0
   vertex 9.18440237676216 -22.17310878027088 7.0
  endloop
 endfacet
 facet normal -0.06933400746188553 0.14059545886872815 0.9876364272113333
  outer loop
   vertex 9.18440237676216 -22.17310878027088 7.0
   vertex 12.000000000000004 -20.784609690826528 7.0
   vertex 10.918440519687687 -18.911293719517808 6.6573956140660755
  endloop
 endfacet
 facet normal -0.06933400746188541 0.14059545886872807 0.9876364272113332
  outer loop
   vertex 9.18440237676216 -22.17310878027088 7.0
   vertex 10.918440519687687 -18.911293719517808 6.6573956140660755
   vertex 8.35661258829632 -20.174647446162695 6.6573956140660755
  endloop
 endfacet
 facet normal -0.20113667705407107 0.4078648334483462 0.8906123257511088
  outer loop
   vertex 8.35661258829632 -20.174647446162695 6.6573956140660755
   vertex 10.918440519687687 -18.911293719517808 6.6573956140660755
   vertex 9.942751616976347 -17.22135096764064 5.663118960624632
  endloop
 endfacet
 facet normal -0.20113667705407157 0.4078648334483464 0.8906123257511087
  outer loop
   vertex 8.35661258829632 -20.174647446162695 6.6573956140660755
   vertex 9.942751616976347 -17.22135096764064 5.663118960624632
   vertex 7.609852631876112 -18.37180943153589 5.663118960624632
  endloop
 endfacet
 facet normal -0.3130803169961168 0.634864079579323 0.7063485793639779
  outer loop
   vertex 7.609852631876112 -18.37180943153589 5.663118960624632
   vertex 9.942751616976347 -17.22135096764064 5.663118960624632
   vertex 9.168440519687687 -15.880204806272271 4.114496766047313
  endloop
 endfacet
 facet normal -0.31308031699611716 0.6348640795793231 0.7063485793639779
  outer loop
   vertex 7.609852631876112 -18.37180943153589 5.663118960624632
   vertex 9.168440519687687 -15.880204806272271 4.114496766047313
   vertex 7.017220575018506 -16.941069082373193 4.114496766047313
  endloop
 endfacet
 facet normal -0.3942559425071662 0.7994719644467296 0.4532183026549933
  outer loop
   vertex 7.017220575018506 -16.941069082373193 4.114496766047313
   vertex 9.168440519687687 -15.880204806272271 4.114496766047313
   vertex 8.671302192966964 -15.019135966002203 2.1631189606246326
  endloop
 endfacet
 facet normal -0.39425594250716633 0.7994719644467296 0.45321830265499324
  outer loop
   vertex 7.017220575018506 -16.941069082373193 4.114496766047313
   vertex 8.671302192966964 -15.019135966002203 2.1631189606246326
   vertex 6.636727372559058 -16.022477232604825 2.1631189606246326
  endloop
 endfacet
 facet normal -0.43686624859078 0.8858771176416591 0.1561076976997769
  outer loop
   vertex 6.636727372559058 -16.022477232604825 2.1631189606246326
   vertex 8.671302192966964 -15.019135966002203 2.1631189606246326
   vertex 8.500000000000002 -14.722431864335457 8.572527594031472e-16
  endloop
 endfacet
 facet normal -0.43686624859077916 0.8858771176416594 0.1561076976997778
  outer loop
   vertex 6.636727372559058 -16.022477232604825 2.1631189606246326
   vertex 8.500000000000002 -14.722431864335457 8.572527594031472e-16
   vertex 6.50561835020653 -15.705952052691872 8.572527594031472e-16
  endloop
 endfacet
 facet normal -0.43686624859077916 0.8858771176416596 -0.15610769769977664
  outer loop
   vertex 6.50561835020653 -15.705952052691872 8.572527594031472e-16
   vertex 8.500000000000002 -14.722431864335457 8.572527594031472e-16
   vertex 8.671302192966964 -15.019135966002203 -2.163118960624634
  endloop
 endfacet
 facet normal -0.43686624859077994 0.885877117641659 -0.1561076976997776
  outer loop
   vertex 6.50561835020653 -15.705952052691872 8.572527594031472e-16
   vertex 8.671302192966964 -15.019135966002203 -2.163118960624634
   vertex 6.636727372559058 -16.022477232604825 -2.163118960624634
  endloop
 endfacet
 facet normal -0.3942559425071665 0.79947196444673 -0.4532183026549925
  outer loop
   vertex 6.636727372559058 -16.022477232604825 -2.163118960624634
   vertex 8.671302192966964 -15.019135966002203 -2.163118960624634
   vertex 9.168440519687685 -15.880204806272268 -4.114496766047311
  endloop
 endfacet
 facet normal -0.3942559425071665 0.7994719644467299 -0.45321830265499247
  outer loop
   vertex 6.636727372559058 -16.022477232604825 -2.163118960624634
   vertex 9.168440519687685 -15.880204806272268 -4.114496766047311
   vertex 7.017220575018505 -16.94106908237319 -4.114496766047311
  endloop
 endfacet
 facet normal -0.31308031699611727 0.634864079579323 -0.7063485793639779
  outer loop
   vertex 7.017220575018505 -16.94106908237319 -4.114496766047311
   vertex 9.168440519687685 -15.880204806272268 -4.114496766047311
   vertex 9.942751616976345 -17.221350967640635 -5.663118960624631
  endloop
 endfacet
 facet normal -0.3130803169961171 0.6348640795793234 -0.7063485793639777
  outer loop
   vertex 7.017220575018505 -16.94106908237319 -4.114496766047311
   vertex 9.942751616976345 -17.221350967640635 -5.663118960624631
   vertex 7.6098526318761115 -18.371809431535887 -5.663118960624631
  endloop
 endfacet
 facet normal -0.20113667705407146 0.407864833448346 -0.8906123257511088
  outer loop
   vertex 7.6098526318761115 -18.371809431535887 -5.663118960624631
   vertex 9.942751616976345 -17.221350967640635 -5.663118960624631
   vertex 10.918440519687685 -18.911293719517804 -6.657395614066075
  endloop
 endfacet
 facet normal -0.20113667705407148 0.40786483344834573 -0.8906123257511089
  outer loop
   vertex 7.6098526318761115 -18.371809431535887 -5.663118960624631
   vertex 10.918440519687685 -18.911293719517804 -6.657395614066075
   vertex 8.35661258829632 -20.174647446162695 -6.657395614066075
  endloop
 endfacet
 facet normal -0.0693340074618857 0.14059545886872815 -0.987636427211333
  outer loop
   vertex 8.35661258829632 -20.174647446162695 -6.657395614066075
   vertex 10.918440519687685 -18.911293719517804 -6.657395614066075
   vertex 12.000000000000004 -20.784609690826528 -7.0
  endloop
 endfacet
 facet normal -0.06933400746188569 0.14059545886872843 -0.9876364272113332
  outer loop
   vertex 8.35661258829632 -20.174647446162695 -6.657395614066075
   vertex 12.000000000000004 -20.784609690826528 -7.0
   vertex 9.18440237676216 -22.17310878027088 -7.0
  endloop
 endfacet
 facet normal 0.06933400746188566 -0.1405954588687284 -0.987636427211333
  outer loop
   vertex 9.18440237676216 -22.17310878027088 -7.0
   vertex 12.000000000000004 -20.784609690826528 -7.0
   vertex 13.081559480312318 -22.657925662135245 -6.6573956140660755
  endloop
 endfacet
 facet normal 0.06933400746188569 -0.14059545886872823 -0.9876364272113332
  outer loop
   vertex 9.18440237676216 -22.17310878027088 -7.0
   vertex 13.081559480312318 -22.657925662135245 -6.6573956140660755
   vertex 10.012192165227999 -24.171570114379062 -6.6573956140660755
  endloop
 endfacet
 facet normal 0.20113667705407132 -0.4078648334483457 -0.890612325751109
  outer loop
   vertex 10.012192165227999 -24.171570114379062 -6.6573956140660755
   vertex 13.081559480312318 -22.657925662135245 -6.6573956140660755
   vertex 14.057248383023659 -24.347868414012414 -5.663118960624633
  endloop
 endfacet
 facet normal 0.20113667705407132 -0.4078648334483454 -0.8906123257511089
  outer loop
   vertex 10.012192165227999 -24.171570114379062 -6.6573956140660755
   vertex 14.057248383023659 -24.347868414012414 -5.663118960624633
   vertex 10.758952121648207 -25.97440812900587 -5.663118960624633
  endloop
 endfacet
 facet normal 0.31308031699611705 -0.6348640795793228 -0.706348579363978
  outer loop
   vertex 10.758952121648207 -25.97440812900587 -5.663118960624633
   vertex 14.057248383023659 -24.347868414012414 -5.663118960624633
   vertex 14.831559480312318 -25.68901457538078 -4.1144967660473135
  endloop
 endfacet
 facet normal 0.31308031699611705 -0.634864079579323 -0.7063485793639779
  outer loop
   vertex 10.758952121648207 -25.97440812900587 -5.663118960624633
   vertex 14.831559480312318 -25.68901457538078 -4.1144967660473135
   vertex 11.351584178505814 -27.405148478168567 -4.1144967660473135
  endloop
 endfacet
 facet normal 0.3942559425071661 -0.7994719644467296 -0.4532183026549934
  outer loop
   vertex 11.351584178505814 -27.405148478168567 -4.1144967660473135
   vertex 14.831559480312318 -25.68901457538078 -4.1144967660473135
   vertex 15.328697807033041 -26.55008341565085 -2.163118960624634
  endloop
 endfacet
 facet normal 0.39425594250716606 -0.7994719644467296 -0.45321830265499324
  outer loop
   vertex 11.351584178505814 -27.405148478168567 -4.1144967660473135
   vertex 15.328697807033041 -26.55008341565085 -2.163118960624634
   vertex 11.732077380965261 -28.323740327936935 -2.163118960624634
  endloop
 endfacet
 facet normal 0.4368662485907797 -0.8858771176416592 -0.15610769769977764
  outer loop
   vertex 11.732077380965261 -28.323740327936935 -2.163118960624634
   vertex 15.328697807033041 -26.55008341565085 -2.163118960624634
   vertex 15.500000000000004 -26.846787517317598 -1.7145055188062944e-15
  endloop
 endfacet
 facet normal 0.43686624859077955 -0.8858771176416592 -0.15610769769977723
  outer loop
   vertex 11.732077380965261 -28.323740327936935 -2.163118960624634
   vertex 15.500000000000004 -26.846787517317598 -1.7145055188062944e-15
   vertex 11.86318640331779 -28.640265507849886 -1.7145055188062944e-15
  endloop
 endfacet
 facet normal 0.5487589642136235 -0.821275828156452 0.1561076976997765
  outer loop
   vertex 15.500000000000004 -26.846787517317598 0.0
   vertex 18.871604299270338 -24.59395354902829 0.0
   vertex 18.663039963704545 -24.322147215049185 2.1631189606246317
  endloop
 endfacet
 facet normal 0.5487589642136229 -0.8212758281564523 0.15610769769977756
  outer loop
   vertex 15.500000000000004 -26.846787517317598 0.0
   vertex 18.663039963704545 -24.322147215049185 2.1631189606246317
   vertex 15.328697807033041 -26.55008341565085 2.1631189606246317
  endloop
 endfacet
 facet normal 0.49523505957073494 -0.741171644027548 0.45321830265499236
  outer loop
   vertex 15.328697807033041 -26.55008341565085 2.1631189606246317
   vertex 18.663039963704545 -24.322147215049185 2.1631189606246317
   vertex 18.057762687325525 -23.533334510867824 4.114496766047312
  endloop
 endfacet
 facet normal 0.4952350595707354 -0.741171644027548 0.45321830265499186
  outer loop
   vertex 15.328697807033041 -26.55008341565085 2.1631189606246317
   vertex 18.057762687325525 -23.533334510867824 4.114496766047312
   vertex 14.83155948031232 -25.689014575380785 4.114496766047312
  endloop
 endfacet
 facet normal 0.393268262367861 -0.5885675477331833 0.7063485793639782
  outer loop
   vertex 14.83155948031232 -25.689014575380785 4.114496766047312
   vertex 18.057762687325525 -23.533334510867824 4.114496766047312
   vertex 17.115021227160014 -22.304729919950763 5.663118960624632
  endloop
 endfacet
 facet normal 0.39326826236786033 -0.5885675477331832 0.7063485793639787
  outer loop
   vertex 14.83155948031232 -25.689014575380785 4.114496766047312
   vertex 17.115021227160014 -22.304729919950763 5.663118960624632
   vertex 14.057248383023659 -24.347868414012414 5.663118960624632
  endloop
 endfacet
 facet normal 0.252652968549541 -0.37812188868578556 0.8906123257511087
  outer loop
   vertex 14.057248383023659 -24.347868414012414 5.663118960624632
   vertex 17.115021227160014 -22.304729919950763 5.663118960624632
   vertex 15.927097685795003 -20.7565978198485 6.657395614066075
  endloop
 endfacet
 facet normal 0.25265296854954133 -0.37812188868578567 0.8906123257511086
  outer loop
   vertex 14.057248383023659 -24.347868414012414 5.663118960624632
   vertex 15.927097685795003 -20.7565978198485 6.657395614066075
   vertex 13.08155948031232 -22.65792566213525 6.657395614066075
  endloop
 endfacet
 facet normal 0.08709223530610616 -0.13034274124253709 0.9876364272113332
  outer loop
   vertex 13.08155948031232 -22.65792566213525 6.657395614066075
   vertex 15.927097685795003 -20.7565978198485 6.657395614066075
   vertex 14.610274296209294 -19.040480166989646 7.0
  endloop
 endfacet
 facet normal 0.08709223530610616 -0.13034274124253709 0.987636427211333
  outer loop
   vertex 13.08155948031232 -22.65792566213525 6.657395614066075
   vertex 14.610274296209294 -19.040480166989646 7.0
   vertex 12.000000000000004 -20.784609690826528 7.0
  endloop
 endfacet
 facet normal -0.08709223530610595 0.13034274124253675 0.987636427211333
  outer loop
   vertex 12.000000000000004 -20.784609690826528 7.0
   vertex 14.610274296209294 -19.040480166989646 7.0
   vertex 13.293450906623585 -17.32436251413079 6.6573956140660755
  endloop
 endfacet
 facet normal -0.08709223530610596 0.13034274124253678 0.9876364272113332
  outer loop
   vertex 12.000000000000004 -20.784609690826528 7.0
   vertex 13.293450906623585 -17.32436251413079 6.6573956140660755
   vertex 10.918440519687687 -18.911293719517808 6.6573956140660755
  endloop
 endfacet
 facet normal -0.25265296854954106 0.3781218886857852 0.8906123257511088
  outer loop
   vertex 10.918440519687687 -18.911293719517808 6.6573956140660755
   vertex 13.293450906623585 -17.32436251413079 6.6573956140660755
   vertex 12.105527365258574 -15.776230414028525 5.663118960624632
  endloop
 endfacet
 facet normal -0.2526529685495413 0.3781218886857853 0.8906123257511088
  outer loop
   vertex 10.918440519687687 -18.911293719517808 6.6573956140660755
   vertex 12.105527365258574 -15.776230414028525 5.663118960624632
   vertex 9.942751616976347 -17.22135096764064 5.663118960624632
  endloop
 endfacet
 facet normal -0.39326826236786133 0.5885675477331836 0.7063485793639777
  outer loop
   vertex 9.942751616976347 -17.22135096764064 5.663118960624632
   vertex 12.105527365258574 -15.776230414028525 5.663118960624632
   vertex 11.162785905093063 -14.547625823111467 4.114496766047313
  endloop
 endfacet
 facet normal -0.3932682623678609 0.5885675477331836 0.7063485793639781
  outer loop
   vertex 9.942751616976347 -17.22135096764064 5.663118960624632
   vertex 11.162785905093063 -14.547625823111467 4.114496766047313
   vertex 9.168440519687687 -15.880204806272271 4.114496766047313
  endloop
 endfacet
 facet normal -0.49523505957073455 0.7411716440275476 0.4532183026549932
  outer loop
   vertex 9.168440519687687 -15.880204806272271 4.114496766047313
   vertex 11.162785905093063 -14.547625823111467 4.114496766047313
   vertex 10.557508628714041 -13.758813118930105 2.1631189606246326
  endloop
 endfacet
 facet normal -0.4952350595707346 0.7411716440275478 0.4532183026549934
  outer loop
   vertex 9.168440519687687 -15.880204806272271 4.114496766047313
   vertex 10.557508628714041 -13.758813118930105 2.1631189606246326
   vertex 8.671302192966964 -15.019135966002203 2.1631189606246326
  endloop
 endfacet
 facet normal -0.5487589642136228 0.8212758281564524 0.15610769769977736
  outer loop
   vertex 8.671302192966964 -15.019135966002203 2.1631189606246326
   vertex 10.557508628714041 -13.758813118930105 2.1631189606246326
   vertex 10.34894429314825 -13.487006784950998 8.572527594031472e-16
  endloop
 endfacet
 facet normal -0.5487589642136232 0.8212758281564523 0.1561076976997769
  outer loop
   vertex 8.671302192966964 -15.019135966002203 2.1631189606246326
   vertex 10.34894429314825 -13.487006784950998 8.572527594031472e-16
   vertex 8.500000000000002 -14.722431864335457 8.572527594031472e-16
  endloop
 endfacet
 facet normal -0.5487589642136232 0.8212758281564522 -0.15610769769977717
  outer loop
   vertex 8.500000000000002 -14.722431864335457 8.572527594031472e-16
   vertex 10.34894429314825 -13.487006784950998 8.572527594031472e-16
   vertex 10.557508628714041 -13.758813118930105 -2.163118960624634
  endloop
 endfacet
 facet normal -0.5487589642136228 0.8212758281564525 -0.15610769769977667
  outer loop
   vertex 8.500000000000002 -14.722431864335457 8.572527594031472e-16
   vertex 10.557508628714041 -13.758813118930105 -2.163118960624634
   vertex 8.671302192966964 -15.019135966002203 -2.163118960624634
  endloop
 endfacet
 facet normal -0.4952350595707348 0.7411716440275482 -0.45321830265499247
  outer loop
   vertex 8.671302192966964 -15.019135966002203 -2.163118960624634
   vertex 10.557508628714041 -13.758813118930105 -2.163118960624634
   vertex 11.162785905093061 -14.547625823111463 -4.114496766047311
  endloop
 endfacet
 facet normal -0.4952350595707348 0.7411716440275481 -0.4532183026549925
  outer loop
   vertex 8.671302192966964 -15.019135966002203 -2.163118960624634
   vertex 11.162785905093061 -14.547625823111463 -4.114496766047311
   vertex 9.168440519687685 -15.880204806272268 -4.114496766047311
  endloop
 endfacet
 facet normal -0.39326826236786105 0.588567547733184 -0.7063485793639775
  outer loop
   vertex 9.168440519687685 -15.880204806272268 -4.114496766047311
   vertex 11.162785905093061 -14.547625823111463 -4.114496766047311
   vertex 12.10552736525857 -15.776230414028523 -5.663118960624631
  endloop
 endfacet
 facet normal -0.39326826236786105 0.5885675477331836 -0.7063485793639778
  outer loop
   vertex 9.168440519687685 -15.880204806272268 -4.114496766047311
   vertex 12.10552736525857 -15.776230414028523 -5.663118960624631
   vertex 9.942751616976345 -17.221350967640635 -5.663118960624631
  endloop
 endfacet
 facet normal -0.2526529685495411 0.3781218886857853 -0.8906123257511089
  outer loop
   vertex 9.942751616976345 -17.221350967640635 -5.663118960624631
   vertex 12.10552736525857 -15.776230414028523 -5.663118960624631
   vertex 13.293450906623583 -17.324362514130787 -6.657395614066075
  endloop
 endfacet
 facet normal -0.2526529685495411 0.37812188868578533 -0.8906123257511088
  outer loop
   vertex 9.942751616976345 -17.221350967640635 -5.663118960624631
   vertex 13.293450906623583 -17.324362514130787 -6.657395614066075
   vertex 10.918440519687685 -18.911293719517804 -6.657395614066075
  endloop
 endfacet
 facet normal -0.087092235306106 0.13034274124253686 -0.987636427211333
  outer loop
   vertex 10.918440519687685 -18.911293719517804 -6.657395614066075
   vertex 13.293450906623583 -17.324362514130787 -6.657395614066075
   vertex 14.610274296209294 -19.040480166989646 -7.0
  endloop
 endfacet
 facet normal -0.08709223530610602 0.13034274124253686 -0.9876364272113332
  outer loop
   vertex 10.918440519687685 -18.911293719517804 -6.657395614066075
   vertex 14.610274296209294 -19.040480166989646 -7.0
   vertex 12.000000000000004 -20.784609690826528 -7.0
  endloop
 endfacet
 facet normal 0.0870922353061061 -0.13034274124253697 -0.987636427211333
  outer loop
   vertex 12.000000000000004 -20.784609690826528 -7.0
   vertex 14.610274296209294 -19.040480166989646 -7.0
   vertex 15.927097685795001 -20.756597819848498 -6.6573956140660755
  endloop
 endfacet
 facet normal 0.0870922353061061 -0.130342741242537 -0.987636427211333
  outer loop
   vertex 12.000000000000004 -20.784609690826528 -7.0
   vertex 15.927097685795001 -20.756597819848498 -6.6573956140660755
   vertex 13.081559480312318 -22.657925662135245 -6.6573956140660755
  endloop
 endfacet
 facet normal 0.2526529685495408 -0.3781218886857848 -0.8906123257511092
  outer loop
   vertex 13.081559480312318 -22.657925662135245 -6.6573956140660755
   vertex 15.927097685795001 -20.756597819848498 -6.6573956140660755
   vertex 17.115021227160014 -22.304729919950763 -5.663118960624633
  endloop
 endfacet
 facet normal 0.2526529685495407 -0.3781218886857851 -0.8906123257511089
  outer loop
   vertex 13.081559480312318 -22.657925662135245 -6.6573956140660755
   vertex 17.115021227160014 -22.304729919950763 -5.663118960624633
   vertex 14.057248383023659 -24.347868414012414 -5.663118960624633
  endloop
 endfacet
 facet normal 0.3932682623678612 -0.5885675477331844 -0.7063485793639772
  outer loop
   vertex 14.057248383023659 -24.347868414012414 -5.663118960624633
   vertex 17.115021227160014 -22.304729919950763 -5.663118960624633
   vertex 18.05776268732552 -23.53333451086782 -4.1144967660473135
  endloop
 endfacet
 facet normal 0.3932682623678612 -0.5885675477331833 -0.706348579363978
  outer loop
   vertex 14.057248383023659 -24.347868414012414 -5.663118960624633
   vertex 18.05776268732552 -23.53333451086782 -4.1144967660473135
   vertex 14.831559480312318 -25.68901457538078 -4.1144967660473135
  endloop
 endfacet
 facet normal 0.4952350595707348 -0.7411716440275469 -0.45321830265499424
  outer loop
   vertex 14.831559480312318 -25.68901457538078 -4.1144967660473135
   vertex 18.05776268732552 -23.53333451086782 -4.1144967660473135
   vertex 18.663039963704545 -24.322147215049185 -2.163118960624634
  endloop
 endfacet
 facet normal 0.49523505957073466 -0.7411716440275475 -0.4532183026549933
  outer loop
   vertex 14.831559480312318 -25.68901457538078 -4.1144967660473135
   vertex 18.663039963704545 -24.322147215049185 -2.163118960624634
   vertex 15.328697807033041 -26.55008341565085 -2.163118960624634
  endloop
 endfacet
 facet normal 0.548758964213623 -0.8212758281564524 -0.1561076976997764
  outer loop
   vertex 15.328697807033041 -26.55008341565085 -2.163118960624634
   vertex 18.663039963704545 -24.322147215049185 -2.163118960624634
   vertex 18.871604299270338 -24.59395354902829 -1.7145055188062944e-15
  endloop
 endfacet
 facet normal 0.5487589642136235 -0.8212758281564521 -0.15610769769977753
  outer loop
   vertex 15.328697807033041 -26.55008341565085 -2.163118960624634
   vertex 18.871604299270338 -24.59395354902829 -1.7145055188062944e-15
   vertex 15.500000000000004 -26.846787517317598 -1.7145055188062944e-15
  endloop
 endfacet
 facet normal 0.6512622618140413 -0.7426222815508124 0.15610769769977761
  outer loop
   vertex 18.871604299270338 -24.59395354902829 0.0
   vertex 21.92031021678297 -21.92031021678298 0.0
   vertex 21.678052332224837 -21.678052332224848 2.1631189606246317
  endloop
 endfacet
 facet normal 0.6512622618140417 -0.742622281550812 0.15610769769977664
  outer loop
   vertex 18.871604299270338 -24.59395354902829 0.0
   vertex 21.678052332224837 -21.678052332224848 2.1631189606246317
   vertex 18.663039963704545 -24.322147215049185 2.1631189606246317
  endloop
 endfacet
 facet normal 0.5877405674599485 -0.6701896712874534 0.4532183026549928
  outer loop
   vertex 18.663039963704545 -24.322147215049185 2.1631189606246317
   vertex 21.678052332224837 -21.678052332224848 2.1631189606246317
   vertex 20.974992568200925 -20.974992568200935 4.114496766047312
  endloop
 endfacet
 facet normal 0.587740567459949 -0.6701896712874534 0.45321830265499236
  outer loop
   vertex 18.663039963704545 -24.322147215049185 2.1631189606246317
   vertex 20.974992568200925 -20.974992568200935 4.114496766047312
   vertex 18.057762687325525 -23.533334510867824 4.114496766047312
  endloop
 endfacet
 facet normal 0.4667272787359284 -0.5322004619635766 0.7063485793639784
  outer loop
   vertex 18.057762687325525 -23.533334510867824 4.114496766047312
   vertex 20.974992568200925 -20.974992568200935 4.114496766047312
   vertex 19.879951312919307 -19.879951312919317 5.663118960624632
  endloop
 endfacet
 facet normal 0.4667272787359289 -0.5322004619635766 0.7063485793639781
  outer loop
   vertex 18.057762687325525 -23.533334510867824 4.114496766047312
   vertex 19.879951312919307 -19.879951312919317 5.663118960624632
   vertex 17.115021227160014 -22.304729919950763 5.663118960624632
  endloop
 endfacet
 facet normal 0.29984629770449156 -0.3419091735726184 0.8906123257511086
  outer loop
   vertex 17.115021227160014 -22.304729919950763 5.663118960624632
   vertex 19.879951312919307 -19.879951312919317 5.663118960624632
   vertex 18.50011883404801 -18.50011883404802 6.657395614066075
  endloop
 endfacet
 facet normal 0.2998462977044909 -0.34190917357261824 0.8906123257511087
  outer loop
   vertex 17.115021227160014 -22.304729919950763 5.663118960624632
   vertex 18.50011883404801 -18.50011883404802 6.657395614066075
   vertex 15.927097685795003 -20.7565978198485 6.657395614066075
  endloop
 endfacet
 facet normal 0.1033602908577092 -0.11785982317585075 0.9876364272113332
  outer loop
   vertex 15.927097685795003 -20.7565978198485 6.657395614066075
   vertex 18.50011883404801 -18.50011883404802 6.657395614066075
   vertex 16.970562748477136 -16.970562748477143 7.0
  endloop
 endfacet
 facet normal 0.10336029085770959 -0.11785982317585085 0.987636427211333
  outer loop
   vertex 15.927097685795003 -20.7565978198485 6.657395614066075
   vertex 16.970562748477136 -16.970562748477143 7.0
   vertex 14.610274296209294 -19.040480166989646 7.0
  endloop
 endfacet
 facet normal -0.10336029085770942 0.11785982317585068 0.987636427211333
  outer loop
   vertex 14.610274296209294 -19.040480166989646 7.0
   vertex 16.970562748477136 -16.970562748477143 7.0
   vertex 15.441006662906265 -15.441006662906272 6.6573956140660755
  endloop
 endfacet
 facet normal -0.10336029085770919 0.11785982317585066 0.9876364272113332
  outer loop
   vertex 14.610274296209294 -19.040480166989646 7.0
   vertex 15.441006662906265 -15.441006662906272 6.6573956140660755
   vertex 13.293450906623585 -17.32436251413079 6.6573956140660755
  endloop
 endfacet
 facet normal -0.29984629770449095 0.341909173572618 0.8906123257511087
  outer loop
   vertex 13.293450906623585 -17.32436251413079 6.6573956140660755
   vertex 15.441006662906265 -15.441006662906272 6.6573956140660755
   vertex 14.061174184034964 -14.061174184034972 5.663118960624632
  endloop
 endfacet
 facet normal -0.29984629770449067 0.34190917357261796 0.8906123257511088
  outer loop
   vertex 13.293450906623585 -17.32436251413079 6.6573956140660755
   vertex 14.061174184034964 -14.061174184034972 5.663118960624632
   vertex 12.105527365258574 -15.776230414028525 5.663118960624632
  endloop
 endfacet
 facet normal -0.4667272787359287 0.5322004619635773 0.7063485793639778
  outer loop
   vertex 12.105527365258574 -15.776230414028525 5.663118960624632
   vertex 14.061174184034964 -14.061174184034972 5.663118960624632
   vertex 12.96613292875335 -12.966132928753355 4.114496766047313
  endloop
 endfacet
 facet normal -0.46672727873592884 0.5322004619635774 0.7063485793639778
  outer loop
   vertex 12.105527365258574 -15.776230414028525 5.663118960624632
   vertex 12.96613292875335 -12.966132928753355 4.114496766047313
   vertex 11.162785905093063 -14.547625823111467 4.114496766047313
  endloop
 endfacet
 facet normal -0.5877405674599483 0.670189671287453 0.45321830265499374
  outer loop
   vertex 11.162785905093063 -14.547625823111467 4.114496766047313
   vertex 12.96613292875335 -12.966132928753355 4.114496766047313
   vertex 12.263073164729436 -12.263073164729441 2.1631189606246326
  endloop
 endfacet
 facet normal -0.5877405674599488 0.6701896712874529 0.4532183026549932
  outer loop
   vertex 11.162785905093063 -14.547625823111467 4.114496766047313
   vertex 12.263073164729436 -12.263073164729441 2.1631189606246326
   vertex 10.557508628714041 -13.758813118930105 2.1631189606246326
  endloop
 endfacet
 facet normal -0.6512622618140423 0.7426222815508118 0.1561076976997766
  outer loop
   vertex 10.557508628714041 -13.758813118930105 2.1631189606246326
   vertex 12.263073164729436 -12.263073164729441 2.1631189606246326
   vertex 12.020815280171306 -12.02081528017131 8.572527594031472e-16
  endloop
 endfacet
 facet normal -0.6512622618140417 0.7426222815508121 0.15610769769977736
  outer loop
   vertex 10.557508628714041 -13.758813118930105 2.1631189606246326
   vertex 12.020815280171306 -12.02081528017131 8.572527594031472e-16
   vertex 10.34894429314825 -13.487006784950998 8.572527594031472e-16
  endloop
 endfacet
 facet normal -0.6512622618140418 0.7426222815508121 -0.1561076976997763
  outer loop
   vertex 10.34894429314825 -13.487006784950998 8.572527594031472e-16
   vertex 12.020815280171306 -12.02081528017131 8.572527594031472e-16
   vertex 12.263073164729436 -12.263073164729441 -2.163118960624634
  endloop
 endfacet
 facet normal -0.6512622618140422 0.7426222815508117 -0.15610769769977711
  outer loop
   vertex 10.34894429314825 -13.487006784950998 8.572527594031472e-16
   vertex 12.263073164729436 -12.263073164729441 -2.163118960624634
   vertex 10.557508628714041 -13.758813118930105 -2.163118960624634
  endloop
 endfacet
 facet normal -0.5877405674599491 0.6701896712874529 -0.453218302654993
  outer loop
   vertex 10.557508628714041 -13.758813118930105 -2.163118960624634
   vertex 12.263073164729436 -12.263073164729441 -2.163118960624634
   vertex 12.966132928753346 -12.966132928753353 -4.114496766047311
  endloop
 endfacet
 facet normal -0.5877405674599487 0.6701896712874535 -0.4532183026549924
  outer loop
   vertex 10.557508628714041 -13.758813118930105 -2.163118960624634
   vertex 12.966132928753346 -12.966132928753353 -4.114496766047311
   vertex 11.162785905093061 -14.547625823111463 -4.114496766047311
  endloop
 endfacet
 facet normal -0.46672727873592884 0.5322004619635775 -0.7063485793639774
  outer loop
   vertex 11.162785905093061 -14.547625823111463 -4.114496766047311
   vertex 12.966132928753346 -12.966132928753353 -4.114496766047311
   vertex 14.061174184034963 -14.061174184034968 -5.663118960624631
  endloop
 endfacet
 facet normal -0.46672727873592884 0.5322004619635775 -0.7063485793639777
  outer loop
   vertex 11.162785905093061 -14.547625823111463 -4.114496766047311
   vertex 14.061174184034963 -14.061174184034968 -5.663118960624631
   vertex 12.10552736525857 -15.776230414028523 -5.663118960624631
  endloop
 endfacet
 facet normal -0.2998462977044908 0.34190917357261796 -0.8906123257511089
  outer loop
   vertex 12.10552736525857 -15.776230414028523 -5.663118960624631
   vertex 14.061174184034963 -14.061174184034968 -5.663118960624631
   vertex 15.441006662906263 -15.44100666290627 -6.657395614066075
  endloop
 endfacet
 facet normal -0.2998462977044908 0.34190917357261813 -0.8906123257511088
  outer loop
   vertex 12.10552736525857 -15.776230414028523 -5.663118960624631
   vertex 15.441006662906263 -15.44100666290627 -6.657395614066075
   vertex 13.293450906623583 -17.324362514130787 -6.657395614066075
  endloop
 endfacet
 facet normal -0.10336029085770942 0.11785982317585103 -0.987636427211333
  outer loop
   vertex 13.293450906623583 -17.324362514130787 -6.657395614066075
   vertex 15.441006662906263 -15.44100666290627 -6.657395614066075
   vertex 16.970562748477136 -16.970562748477143 -7.0
  endloop
 endfacet
 facet normal -0.10336029085770941 0.11785982317585066 -0.9876364272113332
  outer loop
   vertex 13.293450906623583 -17.324362514130787 -6.657395614066075
   vertex 16.970562748477136 -16.970562748477143 -7.0
   vertex 14.610274296209294 -19.040480166989646 -7.0
  endloop
 endfacet
 facet normal 0.10336029085770931 -0.11785982317585054 -0.987636427211333
  outer loop
   vertex 14.610274296209294 -19.040480166989646 -7.0
   vertex 16.970562748477136 -16.970562748477143 -7.0
   vertex 18.500118834048006 -18.500118834048017 -6.6573956140660755
  endloop
 endfacet
 facet normal 0.10336029085770936 -0.11785982317585085 -0.987636427211333
  outer loop
   vertex 14.610274296209294 -19.040480166989646 -7.0
   vertex 18.500118834048006 -18.500118834048017 -6.6573956140660755
   vertex 15.927097685795001 -20.756597819848498 -6.6573956140660755
  endloop
 endfacet
 facet normal 0.2998462977044907 -0.34190917357261785 -0.8906123257511089
  outer loop
   vertex 15.927097685795001 -20.756597819848498 -6.6573956140660755
   vertex 18.500118834048006 -18.500118834048017 -6.6573956140660755
   vertex 19.879951312919307 -19.879951312919317 -5.663118960624633
  endloop
 endfacet
 facet normal 0.2998462977044907 -0.34190917357261746 -0.8906123257511092
  outer loop
   vertex 15.927097685795001 -20.756597819848498 -6.6573956140660755
   vertex 19.879951312919307 -19.879951312919317 -5.663118960624633
   vertex 17.115021227160014 -22.304729919950763 -5.663118960624633
  endloop
 endfacet
 facet normal 0.46672727873592895 -0.5322004619635767 -0.706348579363978
  outer loop
   vertex 17.115021227160014 -22.304729919950763 -5.663118960624633
   vertex 19.879951312919307 -19.879951312919317 -5.663118960624633
   vertex 20.974992568200925 -20.974992568200932 -4.1144967660473135
  endloop
 endfacet
 facet normal 0.46672727873592895 -0.5322004619635777 -0.7063485793639771
  outer loop
   vertex 17.115021227160014 -22.304729919950763 -5.663118960624633
   vertex 20.974992568200925 -20.974992568200932 -4.1144967660473135
   vertex 18.05776268732552 -23.53333451086782 -4.1144967660473135
  endloop
 endfacet
 facet normal 0.5877405674599482 -0.6701896712874532 -0.45321830265499385
  outer loop
   vertex 18.05776268732552 -23.53333451086782 -4.1144967660473135
   vertex 20.974992568200925 -20.974992568200932 -4.1144967660473135
   vertex 21.678052332224837 -21.678052332224848 -2.163118960624634
  endloop
 endfacet
 facet normal 0.5877405674599481 -0.670189671287453 -0.4532183026549942
  outer loop
   vertex 18.05776268732552 -23.53333451086782 -4.1144967660473135
   vertex 21.678052332224837 -21.678052332224848 -2.163118960624634
   vertex 18.663039963704545 -24.322147215049185 -2.163118960624634
  endloop
 endfacet
 facet normal 0.6512622618140417 -0.7426222815508121 -0.15610769769977764
  outer loop
   vertex 18.663039963704545 -24.322147215049185 -2.163118960624634
   vertex 21.678052332224837 -21.678052332224848 -2.163118960624634
   vertex 21.92031021678297 -21.92031021678298 -1.7145055188062944e-15
  endloop
 endfacet
 facet normal 0.6512622618140412 -0.7426222815508124 -0.15610769769977662
  outer loop
   vertex 18.663039963704545 -24.322147215049185 -2.163118960624634
   vertex 21.92031021678297 -21.92031021678298 -1.7145055188062944e-15
   vertex 18.871604299270338 -24.59395354902829 -1.7145055188062944e-15
  endloop
 endfacet
 facet normal 0.7426222815508111 -0.6512622618140426 0.15610769769977784
  outer loop
   vertex 21.92031021678297 -21.92031021678298 0.0
   vertex 24.593953549028285 -18.871604299270352 0.0
   vertex 24.322147215049178 -18.66303996370456 2.1631189606246317
  endloop
 endfacet
 facet normal 0.7426222815508111 -0.6512622618140426 0.15610769769977767
  outer loop
   vertex 21.92031021678297 -21.92031021678298 0.0
   vertex 24.322147215049178 -18.66303996370456 2.1631189606246317
   vertex 21.678052332224837 -21.678052332224848 2.1631189606246317
  endloop
 endfacet
 facet normal 0.6701896712874529 -0.5877405674599496 0.4532183026549922
  outer loop
   vertex 21.678052332224837 -21.678052332224848 2.1631189606246317
   vertex 24.322147215049178 -18.66303996370456 2.1631189606246317
   vertex 23.533334510867817 -18.05776268732554 4.114496766047312
  endloop
 endfacet
 facet normal 0.6701896712874524 -0.5877405674599498 0.4532183026549929
  outer loop
   vertex 21.678052332224837 -21.678052332224848 2.1631189606246317
   vertex 23.533334510867817 -18.05776268732554 4.114496766047312
   vertex 20.974992568200925 -20.974992568200935 4.114496766047312
  endloop
 endfacet
 facet normal 0.5322004619635758 -0.466727278735929 0.7063485793639787
  outer loop
   vertex 20.974992568200925 -20.974992568200935 4.114496766047312
   vertex 23.533334510867817 -18.05776268732554 4.114496766047312
   vertex 22.304729919950756 -17.115021227160025 5.663118960624632
  endloop
 endfacet
 facet normal 0.5322004619635761 -0.4667272787359291 0.7063485793639785
  outer loop
   vertex 20.974992568200925 -20.974992568200935 4.114496766047312
   vertex 22.304729919950756 -17.115021227160025 5.663118960624632
   vertex 19.879951312919307 -19.879951312919317 5.663118960624632
  endloop
 endfacet
 facet normal 0.3419091735726179 -0.29984629770449156 0.8906123257511086
  outer loop
   vertex 19.879951312919307 -19.879951312919317 5.663118960624632
   vertex 22.304729919950756 -17.115021227160025 5.663118960624632
   vertex 20.756597819848494 -15.927097685795015 6.657395614066075
  endloop
 endfacet
 facet normal 0.3419091735726183 -0.2998462977044916 0.8906123257511085
  outer loop
   vertex 19.879951312919307 -19.879951312919317 5.663118960624632
   vertex 20.756597819848494 -15.927097685795015 6.657395614066075
   vertex 18.50011883404801 -18.50011883404802 6.657395614066075
  endloop
 endfacet
 facet normal 0.11785982317585081 -0.10336029085770948 0.9876364272113332
  outer loop
   vertex 18.50011883404801 -18.50011883404802 6.657395614066075
   vertex 20.756597819848494 -15.927097685795015 6.657395614066075
   vertex 19.04048016698964 -14.610274296209305 7.0
  endloop
 endfacet
 facet normal 0.11785982317585052 -0.10336029085770944 0.9876364272113332
  outer loop
   vertex 18.50011883404801 -18.50011883404802 6.657395614066075
   vertex 19.04048016698964 -14.610274296209305 7.0
   vertex 16.970562748477136 -16.970562748477143 7.0
  endloop
 endfacet
 facet normal -0.11785982317585048 0.10336029085770941 0.9876364272113333
  outer loop
   vertex 16.970562748477136 -16.970562748477143 7.0
   vertex 19.04048016698964 -14.610274296209305 7.0
   vertex 17.324362514130783 -13.293450906623596 6.6573956140660755
  endloop
 endfacet
 facet normal -0.11785982317585073 0.10336029085770942 0.9876364272113332
  outer loop
   vertex 16.970562748477136 -16.970562748477143 7.0
   vertex 17.324362514130783 -13.293450906623596 6.6573956140660755
   vertex 15.441006662906265 -15.441006662906272 6.6573956140660755
  endloop
 endfacet
 facet normal -0.3419091735726179 0.29984629770449134 0.8906123257511087
  outer loop
   vertex 15.441006662906265 -15.441006662906272 6.6573956140660755
   vertex 17.324362514130783 -13.293450906623596 6.6573956140660755
   vertex 15.776230414028522 -12.105527365258583 5.663118960624632
  endloop
 endfacet
 facet normal -0.34190917357261774 0.2998462977044914 0.8906123257511088
  outer loop
   vertex 15.441006662906265 -15.441006662906272 6.6573956140660755
   vertex 15.776230414028522 -12.105527365258583 5.663118960624632
   vertex 14.061174184034964 -14.061174184034972 5.663118960624632
  endloop
 endfacet
 facet normal -0.5322004619635764 0.46672727873592923 0.706348579363978
  outer loop
   vertex 14.061174184034964 -14.061174184034972 5.663118960624632
   vertex 15.776230414028522 -12.105527365258583 5.663118960624632
   vertex 14.547625823111462 -11.162785905093072 4.114496766047313
  endloop
 endfacet
 facet normal -0.5322004619635768 0.46672727873592934 0.7063485793639778
  outer loop
   vertex 14.061174184034964 -14.061174184034972 5.663118960624632
   vertex 14.547625823111462 -11.162785905093072 4.114496766047313
   vertex 12.96613292875335 -12.966132928753355 4.114496766047313
  endloop
 endfacet
 facet normal -0.6701896712874527 0.5877405674599492 0.4532183026549931
  outer loop
   vertex 12.96613292875335 -12.966132928753355 4.114496766047313
   vertex 14.547625823111462 -11.162785905093072 4.114496766047313
   vertex 13.758813118930101 -10.557508628714048 2.1631189606246326
  endloop
 endfacet
 facet normal -0.670189671287452 0.5877405674599496 0.45321830265499385
  outer loop
   vertex 12.96613292875335 -12.966132928753355 4.114496766047313
   vertex 13.758813118930101 -10.557508628714048 2.1631189606246326
   vertex 12.263073164729436 -12.263073164729441 2.1631189606246326
  endloop
 endfacet
 facet normal -0.7426222815508108 0.651262261814043 0.15610769769977736
  outer loop
   vertex 12.263073164729436 -12.263073164729441 2.1631189606246326
   vertex 13.758813118930101 -10.557508628714048 2.1631189606246326
   vertex 13.487006784950994 -10.348944293148257 8.572527594031472e-16
  endloop
 endfacet
 facet normal -0.7426222815508114 0.6512622618140426 0.15610769769977656
  outer loop
   vertex 12.263073164729436 -12.263073164729441 2.1631189606246326
   vertex 13.487006784950994 -10.348944293148257 8.572527594031472e-16
   vertex 12.020815280171306 -12.02081528017131 8.572527594031472e-16
  endloop
 endfacet
 facet normal -0.7426222815508114 0.6512622618140425 -0.15610769769977703
  outer loop
   vertex 12.020815280171306 -12.02081528017131 8.572527594031472e-16
   vertex 13.487006784950994 -10.348944293148257 8.572527594031472e-16
   vertex 13.758813118930101 -10.557508628714048 -2.163118960624634
  endloop
 endfacet
 facet normal -0.742622281550811 0.6512622618140431 -0.15610769769977637
  outer loop
   vertex 12.020815280171306 -12.02081528017131 8.572527594031472e-16
   vertex 13.758813118930101 -10.557508628714048 -2.163118960624634
   vertex 12.263073164729436 -12.263073164729441 -2.163118960624634
  endloop
 endfacet
 facet normal -0.6701896712874524 0.5877405674599498 -0.45321830265499286
  outer loop
   vertex 12.263073164729436 -12.263073164729441 -2.163118960624634
   vertex 13.758813118930101 -10.557508628714048 -2.163118960624634
   vertex 14.54762582311146 -11.16278590509307 -4.114496766047311
  endloop
 endfacet
 facet normal -0.6701896712874525 0.5877405674599496 -0.453218302654993
  outer loop
   vertex 12.263073164729436 -12.263073164729441 -2.163118960624634
   vertex 14.54762582311146 -11.16278590509307 -4.114496766047311
   vertex 12.966132928753346 -12.966132928753353 -4.114496766047311
  endloop
 endfacet
 facet normal -0.532200461963577 0.4667272787359299 -0.7063485793639773
  outer loop
   vertex 12.966132928753346 -12.966132928753353 -4.114496766047311
   vertex 14.54762582311146 -11.16278590509307 -4.114496766047311
   vertex 15.776230414028518 -12.10552736525858 -5.663118960624631
  endloop
 endfacet
 facet normal -0.532200461963577 0.4667272787359293 -0.7063485793639775
  outer loop
   vertex 12.966132928753346 -12.966132928753353 -4.114496766047311
   vertex 15.776230414028518 -12.10552736525858 -5.663118960624631
   vertex 14.061174184034963 -14.061174184034968 -5.663118960624631
  endloop
 endfacet
 facet normal -0.3419091735726177 0.299846297704491 -0.8906123257511089
  outer loop
   vertex 14.061174184034963 -14.061174184034968 -5.663118960624631
   vertex 15.776230414028518 -12.10552736525858 -5.663118960624631
   vertex 17.324362514130783 -13.293450906623592 -6.657395614066075
  endloop
 endfacet
 facet normal -0.34190917357261763 0.2998462977044911 -0.8906123257511089
  outer loop
   vertex 14.061174184034963 -14.061174184034968 -5.663118960624631
   vertex 17.324362514130783 -13.293450906623592 -6.657395614066075
   vertex 15.441006662906263 -15.44100666290627 -6.657395614066075
  endloop
 endfacet
 facet normal -0.11785982317585074 0.10336029085770945 -0.987636427211333
  outer loop
   vertex 15.441006662906263 -15.44100666290627 -6.657395614066075
   vertex 17.324362514130783 -13.293450906623592 -6.657395614066075
   vertex 19.04048016698964 -14.610274296209305 -7.0
  endloop
 endfacet
 facet normal -0.11785982317585078 0.10336029085770966 -0.987636427211333
  outer loop
   vertex 15.441006662906263 -15.44100666290627 -6.657395614066075
   vertex 19.04048016698964 -14.610274296209305 -7.0
   vertex 16.970562748477136 -16.970562748477143 -7.0
  endloop
 endfacet
 facet normal 0.11785982317585053 -0.10336029085770945 -0.987636427211333
  outer loop
   vertex 16.970562748477136 -16.970562748477143 -7.0
   vertex 19.04048016698964 -14.610274296209305 -7.0
   vertex 20.756597819848494 -15.927097685795012 -6.6573956140660755
  endloop
 endfacet
 facet normal 0.1178598231758505 -0.10336029085770941 -0.9876364272113332
  outer loop
   vertex 16.970562748477136 -16.970562748477143 -7.0
   vertex 20.756597819848494 -15.927097685795012 -6.6573956140660755
   vertex 18.500118834048006 -18.500118834048017 -6.6573956140660755
  endloop
 endfacet
 facet normal 0.3419091735726175 -0.2998462977044914 -0.8906123257511088
  outer loop
   vertex 18.500118834048006 -18.500118834048017 -6.6573956140660755
   vertex 20.756597819848494 -15.927097685795012 -6.6573956140660755
   vertex 22.304729919950756 -17.115021227160025 -5.663118960624633
  endloop
 endfacet
 facet normal 0.3419091735726175 -0.2998462977044912 -0.8906123257511089
  outer loop
   vertex 18.500118834048006 -18.500118834048017 -6.6573956140660755
   vertex 22.304729919950756 -17.115021227160025 -5.663118960624633
   vertex 19.879951312919307 -19.879951312919317 -5.663118960624633
  endloop
 endfacet
 facet normal 0.5322004619635767 -0.4667272787359296 -0.7063485793639777
  outer loop
   vertex 19.879951312919307 -19.879951312919317 -5.663118960624633
   vertex 22.304729919950756 -17.115021227160025 -5.663118960624633
   vertex 23.533334510867814 -18.057762687325535 -4.1144967660473135
  endloop
 endfacet
 facet normal 0.5322004619635765 -0.46672727873592895 -0.7063485793639781
  outer loop
   vertex 19.879951312919307 -19.879951312919317 -5.663118960624633
   vertex 23.533334510867814 -18.057762687325535 -4.1144967660473135
   vertex 20.974992568200925 -20.974992568200932 -4.1144967660473135
  endloop
 endfacet
 facet normal 0.6701896712874523 -0.5877405674599488 -0.45321830265499424
  outer loop
   vertex 20.974992568200925 -20.974992568200932 -4.1144967660473135
   vertex 23.533334510867814 -18.057762687325535 -4.1144967660473135
   vertex 24.322147215049178 -18.66303996370456 -2.163118960624634
  endloop
 endfacet
 facet normal 0.6701896712874524 -0.5877405674599492 -0.45321830265499385
  outer loop
   vertex 20.974992568200925 -20.974992568200932 -4.1144967660473135
   vertex 24.322147215049178 -18.66303996370456 -2.163118960624634
   vertex 21.678052332224837 -21.678052332224848 -2.163118960624634
  endloop
 endfacet
 facet normal 0.7426222815508112 -0.6512622618140426 -0.15610769769977784
  outer loop
   vertex 21.678052332224837 -21.678052332224848 -2.163118960624634
   vertex 24.322147215049178 -18.66303996370456 -2.163118960624634
   vertex 24.593953549028285 -18.871604299270352 -1.7145055188062944e-15
  endloop
 endfacet
 facet normal 0.7426222815508112 -0.6512622618140426 -0.15610769769977764
  outer loop
   vertex 21.678052332224837 -21.678052332224848 -2.163118960624634
   vertex 24.593953549028285 -18.871604299270352 -1.7145055188062944e-15
   vertex 21.92031021678297 -21.92031021678298 -1.7145055188062944e-15
  endloop
 endfacet
 facet normal 0.8212758281564527 -0.5487589642136225 0.15610769769977756
  outer loop
   vertex 24.593953549028285 -18.871604299270352 0.0
   vertex 26.84678751731759 -15.500000000000014 0.0
   vertex 26.550083415650843 -15.328697807033052 2.1631189606246317
  endloop
 endfacet
 facet normal 0.8212758281564525 -0.5487589642136225 0.1561076976997778
  outer loop
   vertex 24.593953549028285 -18.871604299270352 0.0
   vertex 26.550083415650843 -15.328697807033052 2.1631189606246317
   vertex 24.322147215049178 -18.66303996370456 2.1631189606246317
  endloop
 endfacet
 facet normal 0.7411716440275483 -0.49523505957073466 0.45321830265499224
  outer loop
   vertex 24.322147215049178 -18.66303996370456 2.1631189606246317
   vertex 26.550083415650843 -15.328697807033052 2.1631189606246317
   vertex 25.689014575380778 -14.831559480312329 4.114496766047312
  endloop
 endfacet
 facet normal 0.7411716440275482 -0.4952350595707346 0.4532183026549924
  outer loop
   vertex 24.322147215049178 -18.66303996370456 2.1631189606246317
   vertex 25.689014575380778 -14.831559480312329 4.114496766047312
   vertex 23.533334510867817 -18.05776268732554 4.114496766047312
  endloop
 endfacet
 facet normal 0.5885675477331836 -0.3932682623678606 0.706348579363978
  outer loop
   vertex 23.533334510867817 -18.05776268732554 4.114496766047312
   vertex 25.689014575380778 -14.831559480312329 4.114496766047312
   vertex 24.34786841401241 -14.057248383023667 5.663118960624632
  endloop
 endfacet
 facet normal 0.588567547733183 -0.3932682623678607 0.7063485793639787
  outer loop
   vertex 23.533334510867817 -18.05776268732554 4.114496766047312
   vertex 24.34786841401241 -14.057248383023667 5.663118960624632
   vertex 22.304729919950756 -17.115021227160025 5.663118960624632
  endloop
 endfacet
 facet normal 0.3781218886857856 -0.25265296854954133 0.8906123257511087
  outer loop
   vertex 22.304729919950756 -17.115021227160025 5.663118960624632
   vertex 24.34786841401241 -14.057248383023667 5.663118960624632
   vertex 22.657925662135245 -13.081559480312329 6.657395614066075
  endloop
 endfacet
 facet normal 0.37812188868578545 -0.2526529685495414 0.8906123257511087
  outer loop
   vertex 22.304729919950756 -17.115021227160025 5.663118960624632
   vertex 22.657925662135245 -13.081559480312329 6.657395614066075
   vertex 20.756597819848494 -15.927097685795015 6.657395614066075
  endloop
 endfacet
 facet normal 0.13034274124253684 -0.08709223530610606 0.9876364272113332
  outer loop
   vertex 20.756597819848494 -15.927097685795015 6.657395614066075
   vertex 22.657925662135245 -13.081559480312329 6.657395614066075
   vertex 20.78460969082652 -12.00000000000001 7.0
  endloop
 endfacet
 facet normal 0.13034274124253709 -0.08709223530610606 0.9876364272113332
  outer loop
   vertex 20.756597819848494 -15.927097685795015 6.657395614066075
   vertex 20.78460969082652 -12.00000000000001 7.0
   vertex 19.04048016698964 -14.610274296209305 7.0
  endloop
 endfacet
 facet normal -0.1303427412425368 0.08709223530610587 0.9876364272113332
  outer loop
   vertex 19.04048016698964 -14.610274296209305 7.0
   vertex 20.78460969082652 -12.00000000000001 7.0
   vertex 18.9112937195178 -10.918440519687694 6.6573956140660755
  endloop
 endfacet
 facet normal -0.1303427412425368 0.08709223530610587 0.9876364272113332
  outer loop
   vertex 19.04048016698964 -14.610274296209305 7.0
   vertex 18.9112937195178 -10.918440519687694 6.6573956140660755
   vertex 17.324362514130783 -13.293450906623596 6.6573956140660755
  endloop
 endfacet
 facet normal -0.37812188868578545 0.25265296854954084 0.8906123257511088
  outer loop
   vertex 17.324362514130783 -13.293450906623596 6.6573956140660755
   vertex 18.9112937195178 -10.918440519687694 6.6573956140660755
   vertex 17.221350967640632 -9.942751616976354 5.663118960624632
  endloop
 endfacet
 facet normal -0.37812188868578583 0.2526529685495408 0.8906123257511086
  outer loop
   vertex 17.324362514130783 -13.293450906623596 6.6573956140660755
   vertex 17.221350967640632 -9.942751616976354 5.663118960624632
   vertex 15.776230414028522 -12.105527365258583 5.663118960624632
  endloop
 endfacet
 facet normal -0.5885675477331845 0.39326826236786067 0.7063485793639773
  outer loop
   vertex 15.776230414028522 -12.105527365258583 5.663118960624632
   vertex 17.221350967640632 -9.942751616976354 5.663118960624632
   vertex 15.880204806272268 -9.168440519687694 4.114496766047313
  endloop
 endfacet
 facet normal -0.5885675477331836 0.393268262367861 0.7063485793639781
  outer loop
   vertex 15.776230414028522 -12.105527365258583 5.663118960624632
   vertex 15.880204806272268 -9.168440519687694 4.114496766047313
   vertex 14.547625823111462 -11.162785905093072 4.114496766047313
  endloop
 endfacet
 facet normal -0.7411716440275474 0.4952350595707346 0.4532183026549937
  outer loop
   vertex 14.547625823111462 -11.162785905093072 4.114496766047313
   vertex 15.880204806272268 -9.168440519687694 4.114496766047313
   vertex 15.0191359660022 -8.67130219296697 2.1631189606246326
  endloop
 endfacet
 facet normal -0.7411716440275481 0.4952350595707343 0.45321830265499313
  outer loop
   vertex 14.547625823111462 -11.162785905093072 4.114496766047313
   vertex 15.0191359660022 -8.67130219296697 2.1631189606246326
   vertex 13.758813118930101 -10.557508628714048 2.1631189606246326
  endloop
 endfacet
 facet normal -0.8212758281564527 0.5487589642136226 0.15610769769977753
  outer loop
   vertex 13.758813118930101 -10.557508628714048 2.1631189606246326
   vertex 15.0191359660022 -8.67130219296697 2.1631189606246326
   vertex 14.722431864335451 -8.500000000000007 8.572527594031472e-16
  endloop
 endfacet
 facet normal -0.8212758281564528 0.5487589642136222 0.15610769769977734
  outer loop
   vertex 13.758813118930101 -10.557508628714048 2.1631189606246326
   vertex 14.722431864335451 -8.500000000000007 8.572527594031472e-16
   vertex 13.487006784950994 -10.348944293148257 8.572527594031472e-16
  endloop
 endfacet
 facet normal -0.8212758281564528 0.5487589642136224 -0.15610769769977736
  outer loop
   vertex 13.487006784950994 -10.348944293148257 8.572527594031472e-16
   vertex 14.722431864335451 -8.500000000000007 8.572527594031472e-16
   vertex 15.0191359660022 -8.67130219296697 -2.163118960624634
  endloop
 endfacet
 facet normal -0.8212758281564526 0.5487589642136225 -0.15610769769977711
  outer loop
   vertex 13.487006784950994 -10.348944293148257 8.572527594031472e-16
   vertex 15.0191359660022 -8.67130219296697 -2.163118960624634
   vertex 13.758813118930101 -10.557508628714048 -2.163118960624634
  endloop
 endfacet
 facet normal -0.7411716440275481 0.4952350595707343 -0.4532183026549928
  outer loop
   vertex 13.758813118930101 -10.557508628714048 -2.163118960624634
   vertex 15.0191359660022 -8.67130219296697 -2.163118960624634
   vertex 15.880204806272264 -9.168440519687692 -4.114496766047311
  endloop
 endfacet
 facet normal -0.7411716440275481 0.4952350595707343 -0.45321830265499274
  outer loop
   vertex 13.758813118930101 -10.557508628714048 -2.163118960624634
   vertex 15.880204806272264 -9.168440519687692 -4.114496766047311
   vertex 14.54762582311146 -11.16278590509307 -4.114496766047311
  endloop
 endfacet
 facet normal -0.588567547733184 0.3932682623678606 -0.7063485793639778
  outer loop
   vertex 14.54762582311146 -11.16278590509307 -4.114496766047311
   vertex 15.880204806272264 -9.168440519687692 -4.114496766047311
   vertex 17.221350967640632 -9.942751616976352 -5.663118960624631
  endloop
 endfacet
 facet normal -0.5885675477331841 0.39326826236786155 -0.7063485793639772
  outer loop
   vertex 14.54762582311146 -11.16278590509307 -4.114496766047311
   vertex 17.221350967640632 -9.942751616976352 -5.663118960624631
   vertex 15.776230414028518 -12.10552736525858 -5.663118960624631
  endloop
 endfacet
 facet normal -0.3781218886857857 0.25265296854954156 -0.8906123257511086
  outer loop
   vertex 15.776230414028518 -12.10552736525858 -5.663118960624631
   vertex 17.221350967640632 -9.942751616976352 -5.663118960624631
   vertex 18.911293719517797 -10.918440519687692 -6.657395614066075
  endloop
 endfacet
 facet normal -0.3781218886857855 0.2526529685495405 -0.890612325751109
  outer loop
   vertex 15.776230414028518 -12.10552736525858 -5.663118960624631
   vertex 18.911293719517797 -10.918440519687692 -6.657395614066075
   vertex 17.324362514130783 -13.293450906623592 -6.657395614066075
  endloop
 endfacet
 facet normal -0.130342741242537 0.08709223530610584 -0.987636427211333
  outer loop
   vertex 17.324362514130783 -13.293450906623592 -6.657395614066075
   vertex 18.911293719517797 -10.918440519687692 -6.657395614066075
   vertex 20.78460969082652 -12.00000000000001 -7.0
  endloop
 endfacet
 facet normal -0.13034274124253706 0.08709223530610602 -0.9876364272113332
  outer loop
   vertex 17.324362514130783 -13.293450906623592 -6.657395614066075
   vertex 20.78460969082652 -12.00000000000001 -7.0
   vertex 19.04048016698964 -14.610274296209305 -7.0
  endloop
 endfacet
 facet normal 0.1303427412425368 -0.08709223530610587 -0.9876364272113332
  outer loop
   vertex 19.04048016698964 -14.610274296209305 -7.0
   vertex 20.78460969082652 -12.00000000000001 -7.0
   vertex 22.65792566213524 -13.081559480312327 -6.6573956140660755
  endloop
 endfacet
 facet normal 0.13034274124253684 -0.08709223530610595 -0.9876364272113333
  outer loop
   vertex 19.04048016698964 -14.610274296209305 -7.0
   vertex 22.65792566213524 -13.081559480312327 -6.6573956140660755
   vertex 20.756597819848494 -15.927097685795012 -6.6573956140660755
  endloop
 endfacet
 facet normal 0.3781218886857851 -0.25265296854954084 -0.890612325751109
  outer loop
   vertex 20.756597819848494 -15.927097685795012 -6.6573956140660755
   vertex 22.65792566213524 -13.081559480312327 -6.6573956140660755
   vertex 24.34786841401241 -14.057248383023667 -5.663118960624633
  endloop
 endfacet
 facet normal 0.3781218886857852 -0.2526529685495411 -0.8906123257511088
  outer loop
   vertex 20.756597819848494 -15.927097685795012 -6.6573956140660755
   vertex 24.34786841401241 -14.057248383023667 -5.663118960624633
   vertex 22.304729919950756 -17.115021227160025 -5.663118960624633
  endloop
 endfacet
 facet normal 0.588567547733184 -0.3932682623678614 -0.7063485793639773
  outer loop
   vertex 22.304729919950756 -17.115021227160025 -5.663118960624633
   vertex 24.34786841401241 -14.057248383023667 -5.663118960624633
   vertex 25.689014575380774 -14.831559480312327 -4.1144967660473135
  endloop
 endfacet
 facet normal 0.5885675477331839 -0.39326826236786094 -0.7063485793639778
  outer loop
   vertex 22.304729919950756 -17.115021227160025 -5.663118960624633
   vertex 25.689014575380774 -14.831559480312327 -4.1144967660473135
   vertex 23.533334510867814 -18.057762687325535 -4.1144967660473135
  endloop
 endfacet
 facet normal 0.7411716440275475 -0.49523505957073444 -0.45321830265499374
  outer loop
   vertex 23.533334510867814 -18.057762687325535 -4.1144967660473135
   vertex 25.689014575380774 -14.831559480312327 -4.1144967660473135
   vertex 26.550083415650843 -15.328697807033052 -2.163118960624634
  endloop
 endfacet
 facet normal 0.7411716440275474 -0.49523505957073405 -0.4532183026549942
  outer loop
   vertex 23.533334510867814 -18.057762687325535 -4.1144967660473135
   vertex 26.550083415650843 -15.328697807033052 -2.163118960624634
   vertex 24.322147215049178 -18.66303996370456 -2.163118960624634
  endloop
 endfacet
 facet normal 0.8212758281564526 -0.5487589642136226 -0.15610769769977748
  outer loop
   vertex 24.322147215049178 -18.66303996370456 -2.163118960624634
   vertex 26.550083415650843 -15.328697807033052 -2.163118960624634
   vertex 26.84678751731759 -15.500000000000014 -1.7145055188062944e-15
  endloop
 endfacet
 facet normal 0.8212758281564526 -0.5487589642136225 -0.15610769769977778
  outer loop
   vertex 24.322147215049178 -18.66303996370456 -2.163118960624634
   vertex 26.84678751731759 -15.500000000000014 -1.7145055188062944e-15
   vertex 24.593953549028285 -18.871604299270352 -1.7145055188062944e-15
  endloop
 endfacet
 facet normal 0.8858771176416588 -0.4368662485907804 0.15610769769977723
  outer loop
   vertex 26.84678751731759 -15.500000000000014 0.0
   vertex 28.640265507849882 -11.863186403317803 0.0
   vertex 28.32374032793693 -11.732077380965274 2.1631189606246317
  endloop
 endfacet
 facet normal 0.8858771176416588 -0.4368662485907805 0.1561076976997776
  outer loop
   vertex 26.84678751731759 -15.500000000000014 0.0
   vertex 28.32374032793693 -11.732077380965274 2.1631189606246317
   vertex 26.550083415650843 -15.328697807033052 2.1631189606246317
  endloop
 endfacet
 facet normal 0.7994719644467301 -0.3942559425071673 0.4532183026549917
  outer loop
   vertex 26.550083415650843 -15.328697807033052 2.1631189606246317
   vertex 28.32374032793693 -11.732077380965274 2.1631189606246317
   vertex 27.405148478168567 -11.351584178505828 4.114496766047312
  endloop
 endfacet
 facet normal 0.7994719644467297 -0.39425594250716733 0.4532183026549922
  outer loop
   vertex 26.550083415650843 -15.328697807033052 2.1631189606246317
   vertex 27.405148478168567 -11.351584178505828 4.114496766047312
   vertex 25.689014575380778 -14.831559480312329 4.114496766047312
  endloop
 endfacet
 facet normal 0.6348640795793219 -0.3130803169961175 0.7063485793639788
  outer loop
   vertex 25.689014575380778 -14.831559480312329 4.114496766047312
   vertex 27.405148478168567 -11.351584178505828 4.114496766047312
   vertex 25.974408129005866 -10.758952121648218 5.663118960624632
  endloop
 endfacet
 facet normal 0.6348640795793228 -0.3130803169961172 0.706348579363978
  outer loop
   vertex 25.689014575380778 -14.831559480312329 4.114496766047312
   vertex 25.974408129005866 -10.758952121648218 5.663118960624632
   vertex 24.34786841401241 -14.057248383023667 5.663118960624632
  endloop
 endfacet
 facet normal 0.4078648334483461 -0.20113667705407176 0.8906123257511087
  outer loop
   vertex 24.34786841401241 -14.057248383023667 5.663118960624632
   vertex 25.974408129005866 -10.758952121648218 5.663118960624632
   vertex 24.171570114379062 -10.012192165228011 6.657395614066075
  endloop
 endfacet
 facet normal 0.4078648334483463 -0.20113667705407182 0.8906123257511087
  outer loop
   vertex 24.34786841401241 -14.057248383023667 5.663118960624632
   vertex 24.171570114379062 -10.012192165228011 6.657395614066075
   vertex 22.657925662135245 -13.081559480312329 6.657395614066075
  endloop
 endfacet
 facet normal 0.14059545886872826 -0.06933400746188574 0.9876364272113332
  outer loop
   vertex 22.657925662135245 -13.081559480312329 6.657395614066075
   vertex 24.171570114379062 -10.012192165228011 6.657395614066075
   vertex 22.173108780270876 -9.184402376762169 7.0
  endloop
 endfacet
 facet normal 0.14059545886872815 -0.06933400746188577 0.9876364272113332
  outer loop
   vertex 22.657925662135245 -13.081559480312329 6.657395614066075
   vertex 22.173108780270876 -9.184402376762169 7.0
   vertex 20.78460969082652 -12.00000000000001 7.0
  endloop
 endfacet
 facet normal -0.14059545886872818 0.06933400746188578 0.987636427211333
  outer loop
   vertex 20.78460969082652 -12.00000000000001 7.0
   vertex 22.173108780270876 -9.184402376762169 7.0
   vertex 20.174647446162695 -8.35661258829633 6.6573956140660755
  endloop
 endfacet
 facet normal -0.140595458868728 0.06933400746188582 0.9876364272113332
  outer loop
   vertex 20.78460969082652 -12.00000000000001 7.0
   vertex 20.174647446162695 -8.35661258829633 6.6573956140660755
   vertex 18.9112937195178 -10.918440519687694 6.6573956140660755
  endloop
 endfacet
 facet normal -0.4078648334483455 0.20113667705407198 0.8906123257511089
  outer loop
   vertex 18.9112937195178 -10.918440519687694 6.6573956140660755
   vertex 20.174647446162695 -8.35661258829633 6.6573956140660755
   vertex 18.371809431535887 -7.60985263187612 5.663118960624632
  endloop
 endfacet
 facet normal -0.40786483344834573 0.20113667705407193 0.8906123257511088
  outer loop
   vertex 18.9112937195178 -10.918440519687694 6.6573956140660755
   vertex 18.371809431535887 -7.60985263187612 5.663118960624632
   vertex 17.221350967640632 -9.942751616976354 5.663118960624632
  endloop
 endfacet
 facet normal -0.6348640795793227 0.31308031699611777 0.7063485793639779
  outer loop
   vertex 17.221350967640632 -9.942751616976354 5.663118960624632
   vertex 18.371809431535887 -7.60985263187612 5.663118960624632
   vertex 16.94106908237319 -7.017220575018513 4.114496766047313
  endloop
 endfacet
 facet normal -0.6348640795793236 0.3130803169961173 0.7063485793639774
  outer loop
   vertex 17.221350967640632 -9.942751616976354 5.663118960624632
   vertex 16.94106908237319 -7.017220575018513 4.114496766047313
   vertex 15.880204806272268 -9.168440519687694 4.114496766047313
  endloop
 endfacet
 facet normal -0.7994719644467299 0.39425594250716633 0.45321830265499313
  outer loop
   vertex 15.880204806272268 -9.168440519687694 4.114496766047313
   vertex 16.94106908237319 -7.017220575018513 4.114496766047313
   vertex 16.02247723260482 -6.636727372559065 2.1631189606246326
  endloop
 endfacet
 facet normal -0.7994719644467293 0.3942559425071665 0.4532183026549936
  outer loop
   vertex 15.880204806272268 -9.168440519687694 4.114496766047313
   vertex 16.02247723260482 -6.636727372559065 2.1631189606246326
   vertex 15.0191359660022 -8.67130219296697 2.1631189606246326
  endloop
 endfacet
 facet normal -0.8858771176416589 0.4368662485907802 0.15610769769977706
  outer loop
   vertex 15.0191359660022 -8.67130219296697 2.1631189606246326
   vertex 16.02247723260482 -6.636727372559065 2.1631189606246326
   vertex 15.70595205269187 -6.505618350206537 8.572527594031472e-16
  endloop
 endfacet
 facet normal -0.8858771176416587 0.4368662485907807 0.15610769769977761
  outer loop
   vertex 15.0191359660022 -8.67130219296697 2.1631189606246326
   vertex 15.70595205269187 -6.505618350206537 8.572527594031472e-16
   vertex 14.722431864335451 -8.500000000000007 8.572527594031472e-16
  endloop
 endfacet
 facet normal -0.8858771176416587 0.4368662485907807 -0.1561076976997769
  outer loop
   vertex 14.722431864335451 -8.500000000000007 8.572527594031472e-16
   vertex 15.70595205269187 -6.505618350206537 8.572527594031472e-16
   vertex 16.02247723260482 -6.636727372559065 -2.163118960624634
  endloop
 endfacet
 facet normal -0.8858771176416589 0.4368662485907802 -0.1561076976997774
  outer loop
   vertex 14.722431864335451 -8.500000000000007 8.572527594031472e-16
   vertex 16.02247723260482 -6.636727372559065 -2.163118960624634
   vertex 15.0191359660022 -8.67130219296697 -2.163118960624634
  endloop
 endfacet
 facet normal -0.7994719644467299 0.3942559425071668 -0.45321830265499247
  outer loop
   vertex 15.0191359660022 -8.67130219296697 -2.163118960624634
   vertex 16.02247723260482 -6.636727372559065 -2.163118960624634
   vertex 16.941069082373186 -7.017220575018512 -4.114496766047311
  endloop
 endfacet
 facet normal -0.7994719644467299 0.3942559425071665 -0.4532183026549928
  outer loop
   vertex 15.0191359660022 -8.67130219296697 -2.163118960624634
   vertex 16.941069082373186 -7.017220575018512 -4.114496766047311
   vertex 15.880204806272264 -9.168440519687692 -4.114496766047311
  endloop
 endfacet
 facet normal -0.634864079579323 0.31308031699611727 -0.7063485793639778
  outer loop
   vertex 15.880204806272264 -9.168440519687692 -4.114496766047311
   vertex 16.941069082373186 -7.017220575018512 -4.114496766047311
   vertex 18.371809431535883 -7.6098526318761195 -5.663118960624631
  endloop
 endfacet
 facet normal -0.6348640795793231 0.31308031699611716 -0.7063485793639778
  outer loop
   vertex 15.880204806272264 -9.168440519687692 -4.114496766047311
   vertex 18.371809431535883 -7.6098526318761195 -5.663118960624631
   vertex 17.221350967640632 -9.942751616976352 -5.663118960624631
  endloop
 endfacet
 facet normal -0.40786483344834584 0.20113667705407146 -0.8906123257511089
  outer loop
   vertex 17.221350967640632 -9.942751616976352 -5.663118960624631
   vertex 18.371809431535883 -7.6098526318761195 -5.663118960624631
   vertex 20.17464744616269 -8.356612588296327 -6.657395614066075
  endloop
 endfacet
 facet normal -0.4078648334483461 0.2011366770540723 -0.8906123257511085
  outer loop
   vertex 17.221350967640632 -9.942751616976352 -5.663118960624631
   vertex 20.17464744616269 -8.356612588296327 -6.657395614066075
   vertex 18.911293719517797 -10.918440519687692 -6.657395614066075
  endloop
 endfacet
 facet normal -0.14059545886872823 0.06933400746188594 -0.987636427211333
  outer loop
   vertex 18.911293719517797 -10.918440519687692 -6.657395614066075
   vertex 20.17464744616269 -8.356612588296327 -6.657395614066075
   vertex 22.173108780270876 -9.184402376762169 -7.0
  endloop
 endfacet
 facet normal -0.14059545886872815 0.06933400746188575 -0.9876364272113332
  outer loop
   vertex 18.911293719517797 -10.918440519687692 -6.657395614066075
   vertex 22.173108780270876 -9.184402376762169 -7.0
   vertex 20.78460969082652 -12.00000000000001 -7.0
  endloop
 endfacet
 facet normal 0.14059545886872812 -0.06933400746188575 -0.987636427211333
  outer loop
   vertex 20.78460969082652 -12.00000000000001 -7.0
   vertex 22.173108780270876 -9.184402376762169 -7.0
   vertex 24.17157011437906 -10.01219216522801 -6.6573956140660755
  endloop
 endfacet
 facet normal 0.1405954588687281 -0.06933400746188566 -0.9876364272113332
  outer loop
   vertex 20.78460969082652 -12.00000000000001 -7.0
   vertex 24.17157011437906 -10.01219216522801 -6.6573956140660755
   vertex 22.65792566213524 -13.081559480312327 -6.6573956140660755
  endloop
 endfacet
 facet normal 0.4078648334483455 -0.20113667705407137 -0.890612325751109
  outer loop
   vertex 22.65792566213524 -13.081559480312327 -6.6573956140660755
   vertex 24.17157011437906 -10.01219216522801 -6.6573956140660755
   vertex 25.974408129005866 -10.758952121648218 -5.663118960624633
  endloop
 endfacet
 facet normal 0.4078648334483456 -0.20113667705407154 -0.890612325751109
  outer loop
   vertex 22.65792566213524 -13.081559480312327 -6.6573956140660755
   vertex 25.974408129005866 -10.758952121648218 -5.663118960624633
   vertex 24.34786841401241 -14.057248383023667 -5.663118960624633
  endloop
 endfacet
 facet normal 0.6348640795793229 -0.31308031699611727 -0.7063485793639781
  outer loop
   vertex 24.34786841401241 -14.057248383023667 -5.663118960624633
   vertex 25.974408129005866 -10.758952121648218 -5.663118960624633
   vertex 27.405148478168563 -11.351584178505826 -4.1144967660473135
  endloop
 endfacet
 facet normal 0.6348640795793231 -0.313080316996118 -0.7063485793639772
  outer loop
   vertex 24.34786841401241 -14.057248383023667 -5.663118960624633
   vertex 27.405148478168563 -11.351584178505826 -4.1144967660473135
   vertex 25.689014575380774 -14.831559480312327 -4.1144967660473135
  endloop
 endfacet
 facet normal 0.7994719644467292 -0.39425594250716717 -0.4532183026549932
  outer loop
   vertex 25.689014575380774 -14.831559480312327 -4.1144967660473135
   vertex 27.405148478168563 -11.351584178505826 -4.1144967660473135
   vertex 28.32374032793693 -11.732077380965274 -2.163118960624634
  endloop
 endfacet
 facet normal 0.7994719644467291 -0.39425594250716683 -0.45321830265499363
  outer loop
   vertex 25.689014575380774 -14.831559480312327 -4.1144967660473135
   vertex 28.32374032793693 -11.732077380965274 -2.163118960624634
   vertex 26.550083415650843 -15.328697807033052 -2.163118960624634
  endloop
 endfacet
 facet normal 0.8858771176416587 -0.43686624859078055 -0.1561076976997772
  outer loop
   vertex 26.550083415650843 -15.328697807033052 -2.163118960624634
   vertex 28.32374032793693 -11.732077380965274 -2.163118960624634
   vertex 28.640265507849882 -11.863186403317803 -1.7145055188062944e-15
  endloop
 endfacet
 facet normal 0.8858771176416588 -0.4368662485907804 -0.1561076976997776
  outer loop
   vertex 26.550083415650843 -15.328697807033052 -2.163118960624634
   vertex 28.640265507849882 -11.863186403317803 -1.7145055188062944e-15
   vertex 26.84678751731759 -15.500000000000014 -1.7145055188062944e-15
  endloop
 endfacet
 facet normal 0.9353208040324785 -0.3174986303323416 0.156107697699777
  outer loop
   vertex 28.640265507849882 -11.863186403317803 0.0
   vertex 29.943700614961116 -8.023390398178142 0.0
   vertex 29.612770190387632 -7.934717858162787 2.1631189606246317
  endloop
 endfacet
 facet normal 0.9353208040324785 -0.31749863033234177 0.15610769769977725
  outer loop
   vertex 28.640265507849882 -11.863186403317803 0.0
   vertex 29.612770190387632 -7.934717858162787 2.1631189606246317
   vertex 28.32374032793693 -11.732077380965274 2.1631189606246317
  endloop
 endfacet
 facet normal 0.8440930978987242 -0.2865309969589023 0.4532183026549923
  outer loop
   vertex 28.32374032793693 -11.732077380965274 2.1631189606246317
   vertex 29.612770190387632 -7.934717858162787 2.1631189606246317
   vertex 28.652372692352277 -7.677380124151344 4.114496766047312
  endloop
 endfacet
 facet normal 0.8440930978987248 -0.2865309969589021 0.45321830265499174
  outer loop
   vertex 28.32374032793693 -11.732077380965274 2.1631189606246317
   vertex 28.652372692352277 -7.677380124151344 4.114496766047312
   vertex 27.405148478168567 -11.351584178505828 4.114496766047312
  endloop
 endfacet
 facet normal 0.6702979110062836 -0.22753548059830667 0.7063485793639782
  outer loop
   vertex 27.405148478168567 -11.351584178505828 4.114496766047312
   vertex 28.652372692352277 -7.677380124151344 4.114496766047312
   vertex 27.156518519445587 -7.276567206526271 5.663118960624632
  endloop
 endfacet
 facet normal 0.6702979110062828 -0.22753548059830694 0.7063485793639787
  outer loop
   vertex 27.405148478168567 -11.351584178505828 4.114496766047312
   vertex 27.156518519445587 -7.276567206526271 5.663118960624632
   vertex 25.974408129005866 -10.758952121648218 5.663118960624632
  endloop
 endfacet
 facet normal 0.4306290978291099 -0.14617888124858477 0.8906123257511086
  outer loop
   vertex 25.974408129005866 -10.758952121648218 5.663118960624632
   vertex 27.156518519445587 -7.276567206526271 5.663118960624632
   vertex 25.27163230034054 -6.771513466292521 6.657395614066075
  endloop
 endfacet
 facet normal 0.43062909782911 -0.14617888124858477 0.8906123257511087
  outer loop
   vertex 25.974408129005866 -10.758952121648218 5.663118960624632
   vertex 25.27163230034054 -6.771513466292521 6.657395614066075
   vertex 24.171570114379062 -10.012192165228011 6.657395614066075
  endloop
 endfacet
 facet normal 0.14844254921325023 -0.05038945552697408 0.9876364272113332
  outer loop
   vertex 24.171570114379062 -10.012192165228011 6.657395614066075
   vertex 25.27163230034054 -6.771513466292521 6.657395614066075
   vertex 23.18221983093764 -6.211657082460496 7.0
  endloop
 endfacet
 facet normal 0.14844254921325015 -0.05038945552697412 0.987636427211333
  outer loop
   vertex 24.171570114379062 -10.012192165228011 6.657395614066075
   vertex 23.18221983093764 -6.211657082460496 7.0
   vertex 22.173108780270876 -9.184402376762169 7.0
  endloop
 endfacet
 facet normal -0.1484425492132499 0.05038945552697402 0.9876364272113332
  outer loop
   vertex 22.173108780270876 -9.184402376762169 7.0
   vertex 23.18221983093764 -6.211657082460496 7.0
   vertex 21.092807361534742 -5.651800698628473 6.6573956140660755
  endloop
 endfacet
 facet normal -0.14844254921325017 0.05038945552697394 0.9876364272113332
  outer loop
   vertex 22.173108780270876 -9.184402376762169 7.0
   vertex 21.092807361534742 -5.651800698628473 6.6573956140660755
   vertex 20.174647446162695 -8.35661258829633 6.6573956140660755
  endloop
 endfacet
 facet normal -0.43062909782911035 0.14617888124858458 0.8906123257511086
  outer loop
   vertex 20.174647446162695 -8.35661258829633 6.6573956140660755
   vertex 21.092807361534742 -5.651800698628473 6.6573956140660755
   vertex 19.207921142429694 -5.146746958394722 5.663118960624632
  endloop
 endfacet
 facet normal -0.43062909782910946 0.14617888124858494 0.8906123257511089
  outer loop
   vertex 20.174647446162695 -8.35661258829633 6.6573956140660755
   vertex 19.207921142429694 -5.146746958394722 5.663118960624632
   vertex 18.371809431535887 -7.60985263187612 5.663118960624632
  endloop
 endfacet
 facet normal -0.6702979110062831 0.22753548059830755 0.7063485793639782
  outer loop
   vertex 18.371809431535887 -7.60985263187612 5.663118960624632
   vertex 19.207921142429694 -5.146746958394722 5.663118960624632
   vertex 17.712066969523004 -4.74593404076965 4.114496766047313
  endloop
 endfacet
 facet normal -0.6702979110062833 0.2275354805983073 0.706348579363978
  outer loop
   vertex 18.371809431535887 -7.60985263187612 5.663118960624632
   vertex 17.712066969523004 -4.74593404076965 4.114496766047313
   vertex 16.94106908237319 -7.017220575018513 4.114496766047313
  endloop
 endfacet
 facet normal -0.8440930978987236 0.2865309969589026 0.45321830265499363
  outer loop
   vertex 16.94106908237319 -7.017220575018513 4.114496766047313
   vertex 17.712066969523004 -4.74593404076965 4.114496766047313
   vertex 16.751669471487645 -4.488596306758206 2.1631189606246326
  endloop
 endfacet
 facet normal -0.844093097898724 0.28653099695890216 0.4532183026549932
  outer loop
   vertex 16.94106908237319 -7.017220575018513 4.114496766047313
   vertex 16.751669471487645 -4.488596306758206 2.1631189606246326
   vertex 16.02247723260482 -6.636727372559065 2.1631189606246326
  endloop
 endfacet
 facet normal -0.9353208040324785 0.31749863033234166 0.15610769769977687
  outer loop
   vertex 16.02247723260482 -6.636727372559065 2.1631189606246326
   vertex 16.751669471487645 -4.488596306758206 2.1631189606246326
   vertex 16.42073904691416 -4.399923766742852 8.572527594031472e-16
  endloop
 endfacet
 facet normal -0.9353208040324783 0.3174986303323418 0.15610769769977706
  outer loop
   vertex 16.02247723260482 -6.636727372559065 2.1631189606246326
   vertex 16.42073904691416 -4.399923766742852 8.572527594031472e-16
   vertex 15.70595205269187 -6.505618350206537 8.572527594031472e-16
  endloop
 endfacet
 facet normal -0.9353208040324784 0.3174986303323419 -0.15610769769977667
  outer loop
   vertex 15.70595205269187 -6.505618350206537 8.572527594031472e-16
   vertex 16.42073904691416 -4.399923766742852 8.572527594031472e-16
   vertex 16.751669471487645 -4.488596306758206 -2.163118960624634
  endloop
 endfacet
 facet normal -0.9353208040324786 0.3174986303323417 -0.1561076976997769
  outer loop
   vertex 15.70595205269187 -6.505618350206537 8.572527594031472e-16
   vertex 16.751669471487645 -4.488596306758206 -2.163118960624634
   vertex 16.02247723260482 -6.636727372559065 -2.163118960624634
  endloop
 endfacet
 facet normal -0.8440930978987239 0.28653099695890216 -0.4532183026549929
  outer loop
   vertex 16.02247723260482 -6.636727372559065 -2.163118960624634
   vertex 16.751669471487645 -4.488596306758206 -2.163118960624634
   vertex 17.712066969523 -4.745934040769649 -4.114496766047311
  endloop
 endfacet
 facet normal -0.844093097898724 0.2865309969589027 -0.45321830265499236
  outer loop
   vertex 16.02247723260482 -6.636727372559065 -2.163118960624634
   vertex 17.712066969523 -4.745934040769649 -4.114496766047311
   vertex 16.941069082373186 -7.017220575018512 -4.114496766047311
  endloop
 endfacet
 facet normal -0.6702979110062833 0.2275354805983073 -0.706348579363978
  outer loop
   vertex 16.941069082373186 -7.017220575018512 -4.114496766047311
   vertex 17.712066969523 -4.745934040769649 -4.114496766047311
   vertex 19.20792114242969 -5.146746958394721 -5.663118960624631
  endloop
 endfacet
 facet normal -0.6702979110062836 0.22753548059830775 -0.7063485793639778
  outer loop
   vertex 16.941069082373186 -7.017220575018512 -4.114496766047311
   vertex 19.20792114242969 -5.146746958394721 -5.663118960624631
   vertex 18.371809431535883 -7.6098526318761195 -5.663118960624631
  endloop
 endfacet
 facet normal -0.4306290978291102 0.1461788812485852 -0.8906123257511085
  outer loop
   vertex 18.371809431535883 -7.6098526318761195 -5.663118960624631
   vertex 19.20792114242969 -5.146746958394721 -5.663118960624631
   vertex 21.09280736153474 -5.651800698628472 -6.657395614066075
  endloop
 endfacet
 facet normal -0.43062909782910974 0.1461788812485844 -0.8906123257511088
  outer loop
   vertex 18.371809431535883 -7.6098526318761195 -5.663118960624631
   vertex 21.09280736153474 -5.651800698628472 -6.657395614066075
   vertex 20.17464744616269 -8.356612588296327 -6.657395614066075
  endloop
 endfacet
 facet normal -0.14844254921325006 0.05038945552697392 -0.9876364272113332
  outer loop
   vertex 20.17464744616269 -8.356612588296327 -6.657395614066075
   vertex 21.09280736153474 -5.651800698628472 -6.657395614066075
   vertex 23.18221983093764 -6.211657082460496 -7.0
  endloop
 endfacet
 facet normal -0.1484425492132502 0.050389455526974124 -0.987636427211333
  outer loop
   vertex 20.17464744616269 -8.356612588296327 -6.657395614066075
   vertex 23.18221983093764 -6.211657082460496 -7.0
   vertex 22.173108780270876 -9.184402376762169 -7.0
  endloop
 endfacet
 facet normal 0.14844254921325012 -0.0503894555269741 -0.9876364272113332
  outer loop
   vertex 22.173108780270876 -9.184402376762169 -7.0
   vertex 23.18221983093764 -6.211657082460496 -7.0
   vertex 25.271632300340535 -6.77151346629252 -6.6573956140660755
  endloop
 endfacet
 facet normal 0.14844254921325004 -0.050389455526974034 -0.987636427211333
  outer loop
   vertex 22.173108780270876 -9.184402376762169 -7.0
   vertex 25.271632300340535 -6.77151346629252 -6.6573956140660755
   vertex 24.17157011437906 -10.01219216522801 -6.6573956140660755
  endloop
 endfacet
 facet normal 0.4306290978291094 -0.1461788812485846 -0.890612325751109
  outer loop
   vertex 24.17157011437906 -10.01219216522801 -6.6573956140660755
   vertex 25.271632300340535 -6.77151346629252 -6.6573956140660755
   vertex 27.156518519445587 -7.276567206526271 -5.663118960624633
  endloop
 endfacet
 facet normal 0.43062909782910935 -0.1461788812485846 -0.890612325751109
  outer loop
   vertex 24.17157011437906 -10.01219216522801 -6.6573956140660755
   vertex 27.156518519445587 -7.276567206526271 -5.663118960624633
   vertex 25.974408129005866 -10.758952121648218 -5.663118960624633
  endloop
 endfacet
 facet normal 0.6702979110062838 -0.22753548059830728 -0.7063485793639774
  outer loop
   vertex 25.974408129005866 -10.758952121648218 -5.663118960624633
   vertex 27.156518519445587 -7.276567206526271 -5.663118960624633
   vertex 28.652372692352273 -7.677380124151343 -4.1144967660473135
  endloop
 endfacet
 facet normal 0.6702979110062834 -0.22753548059830678 -0.706348579363978
  outer loop
   vertex 25.974408129005866 -10.758952121648218 -5.663118960624633
   vertex 28.652372692352273 -7.677380124151343 -4.1144967660473135
   vertex 27.405148478168563 -11.351584178505826 -4.1144967660473135
  endloop
 endfacet
 facet normal 0.8440930978987237 -0.2865309969589017 -0.45321830265499374
  outer loop
   vertex 27.405148478168563 -11.351584178505826 -4.1144967660473135
   vertex 28.652372692352273 -7.677380124151343 -4.1144967660473135
   vertex 29.612770190387632 -7.934717858162787 -2.163118960624634
  endloop
 endfacet
 facet normal 0.8440930978987238 -0.28653099695890216 -0.45321830265499324
  outer loop
   vertex 27.405148478168563 -11.351584178505826 -4.1144967660473135
   vertex 29.612770190387632 -7.934717858162787 -2.163118960624634
   vertex 28.32374032793693 -11.732077380965274 -2.163118960624634
  endloop
 endfacet
 facet normal 0.9353208040324785 -0.3174986303323417 -0.15610769769977695
  outer loop
   vertex 28.32374032793693 -11.732077380965274 -2.163118960624634
   vertex 29.612770190387632 -7.934717858162787 -2.163118960624634
   vertex 29.943700614961116 -8.023390398178142 -1.7145055188062944e-15
  endloop
 endfacet
 facet normal 0.9353208040324785 -0.31749863033234155 -0.15610769769977717
  outer loop
   vertex 28.32374032793693 -11.732077380965274 -2.163118960624634
   vertex 29.943700614961116 -8.023390398178142 -1.7145055188062944e-15
   vertex 28.640265507849882 -11.863186403317803 -1.7145055188062944e-15
  endloop
 endfacet
 facet normal 0.968760892146384 -0.19269852248166672 0.15610769769977664
  outer loop
   vertex 29.943700614961116 -8.023390398178142 0.0
   vertex 30.73479070258812 -4.046311958821602 0.0
   vertex 30.395117344669803 -4.001593112887758 2.1631189606246317
  endloop
 endfacet
 facet normal 0.968760892146384 -0.19269852248166688 0.15610769769977695
  outer loop
   vertex 29.943700614961116 -8.023390398178142 0.0
   vertex 30.395117344669803 -4.001593112887758 2.1631189606246317
   vertex 29.612770190387632 -7.934717858162787 2.1631189606246317
  endloop
 endfacet
 facet normal 0.8742715644188515 -0.17390342661127103 0.4532183026549927
  outer loop
   vertex 29.612770190387632 -7.934717858162787 2.1631189606246317
   vertex 30.395117344669803 -4.001593112887758 2.1631189606246317
   vertex 29.409346865831335 -3.8718139673007506 4.114496766047312
  endloop
 endfacet
 facet normal 0.8742715644188516 -0.1739034266112709 0.4532183026549924
  outer loop
   vertex 29.612770190387632 -7.934717858162787 2.1631189606246317
   vertex 29.409346865831335 -3.8718139673007506 4.114496766047312
   vertex 28.652372692352277 -7.677380124151344 4.114496766047312
  endloop
 endfacet
 facet normal 0.6942627593342352 -0.13809744904270646 0.7063485793639785
  outer loop
   vertex 28.652372692352277 -7.677380124151344 4.114496766047312
   vertex 29.409346865831335 -3.8718139673007506 4.114496766047312
   vertex 27.873973348808214 -3.6696782090551125 5.663118960624632
  endloop
 endfacet
 facet normal 0.6942627593342359 -0.1380974490427061 0.706348579363978
  outer loop
   vertex 28.652372692352277 -7.677380124151344 4.114496766047312
   vertex 27.873973348808214 -3.6696782090551125 5.663118960624632
   vertex 27.156518519445587 -7.276567206526271 5.663118960624632
  endloop
 endfacet
 facet normal 0.44602517895307625 -0.08871992425649167 0.8906123257511086
  outer loop
   vertex 27.156518519445587 -7.276567206526271 5.663118960624632
   vertex 27.873973348808214 -3.6696782090551125 5.663118960624632
   vertex 25.939289851023 -3.41497229453057 6.657395614066075
  endloop
 endfacet
 facet normal 0.4460251789530759 -0.08871992425649179 0.8906123257511087
  outer loop
   vertex 27.156518519445587 -7.276567206526271 5.663118960624632
   vertex 25.939289851023 -3.41497229453057 6.657395614066075
   vertex 25.27163230034054 -6.771513466292521 6.657395614066075
  endloop
 endfacet
 facet normal 0.15374974638468344 -0.030582726037399345 0.9876364272113332
  outer loop
   vertex 25.27163230034054 -6.771513466292521 6.657395614066075
   vertex 25.939289851023 -3.41497229453057 6.657395614066075
   vertex 23.79467667297145 -3.1326286132812404 7.0
  endloop
 endfacet
 facet normal 0.1537497463846835 -0.030582726037399314 0.987636427211333
  outer loop
   vertex 25.27163230034054 -6.771513466292521 6.657395614066075
   vertex 23.79467667297145 -3.1326286132812404 7.0
   vertex 23.18221983093764 -6.211657082460496 7.0
  endloop
 endfacet
 facet normal -0.15374974638468328 0.03058272603739926 0.987636427211333
  outer loop
   vertex 23.18221983093764 -6.211657082460496 7.0
   vertex 23.79467667297145 -3.1326286132812404 7.0
   vertex 21.650063494919902 -2.8502849320319115 6.6573956140660755
  endloop
 endfacet
 facet normal -0.15374974638468314 0.030582726037399338 0.9876364272113332
  outer loop
   vertex 23.18221983093764 -6.211657082460496 7.0
   vertex 21.650063494919902 -2.8502849320319115 6.6573956140660755
   vertex 21.092807361534742 -5.651800698628473 6.6573956140660755
  endloop
 endfacet
 facet normal -0.44602517895307586 0.08871992425649194 0.8906123257511088
  outer loop
   vertex 21.092807361534742 -5.651800698628473 6.6573956140660755
   vertex 21.650063494919902 -2.8502849320319115 6.6573956140660755
   vertex 19.715379997134683 -2.5955790175073683 5.663118960624632
  endloop
 endfacet
 facet normal -0.4460251789530762 0.08871992425649171 0.8906123257511085
  outer loop
   vertex 21.092807361534742 -5.651800698628473 6.6573956140660755
   vertex 19.715379997134683 -2.5955790175073683 5.663118960624632
   vertex 19.207921142429694 -5.146746958394722 5.663118960624632
  endloop
 endfacet
 facet normal -0.6942627593342359 0.13809744904270613 0.706348579363978
  outer loop
   vertex 19.207921142429694 -5.146746958394722 5.663118960624632
   vertex 19.715379997134683 -2.5955790175073683 5.663118960624632
   vertex 18.180006480111565 -2.3934432592617307 4.114496766047313
  endloop
 endfacet
 facet normal -0.6942627593342356 0.13809744904270635 0.7063485793639782
  outer loop
   vertex 19.207921142429694 -5.146746958394722 5.663118960624632
   vertex 18.180006480111565 -2.3934432592617307 4.114496766047313
   vertex 17.712066969523004 -4.74593404076965 4.114496766047313
  endloop
 endfacet
 facet normal -0.8742715644188515 0.17390342661127056 0.4532183026549925
  outer loop
   vertex 17.712066969523004 -4.74593404076965 4.114496766047313
   vertex 18.180006480111565 -2.3934432592617307 4.114496766047313
   vertex 17.194236001273097 -2.263664113674723 2.1631189606246326
  endloop
 endfacet
 facet normal -0.8742715644188506 0.1739034266112717 0.4532183026549938
  outer loop
   vertex 17.712066969523004 -4.74593404076965 4.114496766047313
   vertex 17.194236001273097 -2.263664113674723 2.1631189606246326
   vertex 16.751669471487645 -4.488596306758206 2.1631189606246326
  endloop
 endfacet
 facet normal -0.9687608921463835 0.19269852248166763 0.15610769769977828
  outer loop
   vertex 16.751669471487645 -4.488596306758206 2.1631189606246326
   vertex 17.194236001273097 -2.263664113674723 2.1631189606246326
   vertex 16.854562643354775 -2.2189452677408785 8.572527594031472e-16
  endloop
 endfacet
 facet normal -0.968760892146384 0.19269852248166633 0.15610769769977684
  outer loop
   vertex 16.751669471487645 -4.488596306758206 2.1631189606246326
   vertex 16.854562643354775 -2.2189452677408785 8.572527594031472e-16
   vertex 16.42073904691416 -4.399923766742852 8.572527594031472e-16
  endloop
 endfacet
 facet normal -0.9687608921463838 0.19269852248166627 -0.15610769769977806
  outer loop
   vertex 16.42073904691416 -4.399923766742852 8.572527594031472e-16
   vertex 16.854562643354775 -2.2189452677408785 8.572527594031472e-16
   vertex 17.194236001273097 -2.263664113674723 -2.163118960624634
  endloop
 endfacet
 facet normal -0.9687608921463838 0.1926985224816677 -0.15610769769977662
  outer loop
   vertex 16.42073904691416 -4.399923766742852 8.572527594031472e-16
   vertex 17.194236001273097 -2.263664113674723 -2.163118960624634
   vertex 16.751669471487645 -4.488596306758206 -2.163118960624634
  endloop
 endfacet
 facet normal -0.8742715644188517 0.17390342661127184 -0.45321830265499174
  outer loop
   vertex 16.751669471487645 -4.488596306758206 -2.163118960624634
   vertex 17.194236001273097 -2.263664113674723 -2.163118960624634
   vertex 18.18000648011156 -2.3934432592617303 -4.114496766047311
  endloop
 endfacet
 facet normal -0.8742715644188512 0.17390342661127053 -0.4532183026549928
  outer loop
   vertex 16.751669471487645 -4.488596306758206 -2.163118960624634
   vertex 18.18000648011156 -2.3934432592617303 -4.114496766047311
   vertex 17.712066969523 -4.745934040769649 -4.114496766047311
  endloop
 endfacet
 facet normal -0.6942627593342361 0.1380974490427064 -0.7063485793639779
  outer loop
   vertex 17.712066969523 -4.745934040769649 -4.114496766047311
   vertex 18.18000648011156 -2.3934432592617303 -4.114496766047311
   vertex 19.71537999713468 -2.595579017507368 -5.663118960624631
  endloop
 endfacet
 facet normal -0.6942627593342359 0.13809744904270616 -0.7063485793639779
  outer loop
   vertex 17.712066969523 -4.745934040769649 -4.114496766047311
   vertex 19.71537999713468 -2.595579017507368 -5.663118960624631
   vertex 19.20792114242969 -5.146746958394721 -5.663118960624631
  endloop
 endfacet
 facet normal -0.44602517895307586 0.08871992425649165 -0.8906123257511087
  outer loop
   vertex 19.20792114242969 -5.146746958394721 -5.663118960624631
   vertex 19.71537999713468 -2.595579017507368 -5.663118960624631
   vertex 21.6500634949199 -2.850284932031911 -6.657395614066075
  endloop
 endfacet
 facet normal -0.4460251789530762 0.08871992425649201 -0.8906123257511086
  outer loop
   vertex 19.20792114242969 -5.146746958394721 -5.663118960624631
   vertex 21.6500634949199 -2.850284932031911 -6.657395614066075
   vertex 21.09280736153474 -5.651800698628472 -6.657395614066075
  endloop
 endfacet
 facet normal -0.15374974638468342 0.0305827260373994 -0.987636427211333
  outer loop
   vertex 21.09280736153474 -5.651800698628472 -6.657395614066075
   vertex 21.6500634949199 -2.850284932031911 -6.657395614066075
   vertex 23.79467667297145 -3.1326286132812404 -7.0
  endloop
 endfacet
 facet normal -0.1537497463846833 0.030582726037399255 -0.9876364272113333
  outer loop
   vertex 21.09280736153474 -5.651800698628472 -6.657395614066075
   vertex 23.79467667297145 -3.1326286132812404 -7.0
   vertex 23.18221983093764 -6.211657082460496 -7.0
  endloop
 endfacet
 facet normal 0.1537497463846833 -0.030582726037399265 -0.987636427211333
  outer loop
   vertex 23.18221983093764 -6.211657082460496 -7.0
   vertex 23.79467667297145 -3.1326286132812404 -7.0
   vertex 25.939289851022995 -3.4149722945305694 -6.6573956140660755
  endloop
 endfacet
 facet normal 0.15374974638468336 -0.03058272603739933 -0.9876364272113332
  outer loop
   vertex 23.18221983093764 -6.211657082460496 -7.0
   vertex 25.939289851022995 -3.4149722945305694 -6.6573956140660755
   vertex 25.271632300340535 -6.77151346629252 -6.6573956140660755
  endloop
 endfacet
 facet normal 0.44602517895307553 -0.08871992425649172 -0.8906123257511089
  outer loop
   vertex 25.271632300340535 -6.77151346629252 -6.6573956140660755
   vertex 25.939289851022995 -3.4149722945305694 -6.6573956140660755
   vertex 27.873973348808214 -3.6696782090551125 -5.663118960624633
  endloop
 endfacet
 facet normal 0.4460251789530753 -0.08871992425649146 -0.890612325751109
  outer loop
   vertex 25.271632300340535 -6.77151346629252 -6.6573956140660755
   vertex 27.873973348808214 -3.6696782090551125 -5.663118960624633
   vertex 27.156518519445587 -7.276567206526271 -5.663118960624633
  endloop
 endfacet
 facet normal 0.694262759334236 -0.13809744904270607 -0.706348579363978
  outer loop
   vertex 27.156518519445587 -7.276567206526271 -5.663118960624633
   vertex 27.873973348808214 -3.6696782090551125 -5.663118960624633
   vertex 29.40934686583133 -3.87181396730075 -4.1144967660473135
  endloop
 endfacet
 facet normal 0.6942627593342364 -0.13809744904270674 -0.7063485793639775
  outer loop
   vertex 27.156518519445587 -7.276567206526271 -5.663118960624633
   vertex 29.40934686583133 -3.87181396730075 -4.1144967660473135
   vertex 28.652372692352273 -7.677380124151343 -4.1144967660473135
  endloop
 endfacet
 facet normal 0.8742715644188508 -0.17390342661127076 -0.45321830265499397
  outer loop
   vertex 28.652372692352273 -7.677380124151343 -4.1144967660473135
   vertex 29.40934686583133 -3.87181396730075 -4.1144967660473135
   vertex 30.395117344669803 -4.001593112887758 -2.163118960624634
  endloop
 endfacet
 facet normal 0.8742715644188508 -0.17390342661127084 -0.45321830265499374
  outer loop
   vertex 28.652372692352273 -7.677380124151343 -4.1144967660473135
   vertex 30.395117344669803 -4.001593112887758 -2.163118960624634
   vertex 29.612770190387632 -7.934717858162787 -2.163118960624634
  endloop
 endfacet
 facet normal 0.968760892146384 -0.19269852248166686 -0.15610769769977662
  outer loop
   vertex 29.612770190387632 -7.934717858162787 -2.163118960624634
   vertex 30.395117344669803 -4.001593112887758 -2.163118960624634
   vertex 30.73479070258812 -4.046311958821602 -1.7145055188062944e-15
  endloop
 endfacet
 facet normal 0.968760892146384 -0.19269852248166675 -0.15610769769977687
  outer loop
   vertex 29.612770190387632 -7.934717858162787 -2.163118960624634
   vertex 30.73479070258812 -4.046311958821602 -1.7145055188062944e-15
   vertex 29.943700614961116 -8.023390398178142 -1.7145055188062944e-15
  endloop
 endfacet
 facet normal 0.9856252128044023 -0.06460128948520692 0.15610769769977706
  outer loop
   vertex 30.73479070258812 -4.046311958821602 0.0
   vertex 31.0 0.0 0.0
   vertex 30.657395614066075 0.0 2.1631189606246317
  endloop
 endfacet
 facet normal 0.9856252128044025 -0.06460128948520673 0.1561076976997767
  outer loop
   vertex 30.73479070258812 -4.046311958821602 0.0
   vertex 30.657395614066075 0.0 2.1631189606246317
   vertex 30.395117344669803 -4.001593112887758 2.1631189606246317
  endloop
 endfacet
 facet normal 0.8894910020779011 -0.058300320419182004 0.4532183026549922
  outer loop
   vertex 30.395117344669803 -4.001593112887758 2.1631189606246317
   vertex 30.657395614066075 0.0 2.1631189606246317
   vertex 29.663118960624633 0.0 4.114496766047312
  endloop
 endfacet
 facet normal 0.889491002077901 -0.058300320419182226 0.4532183026549926
  outer loop
   vertex 30.395117344669803 -4.001593112887758 2.1631189606246317
   vertex 29.663118960624633 0.0 4.114496766047312
   vertex 29.409346865831335 -3.8718139673007506 4.114496766047312
  endloop
 endfacet
 facet normal 0.7063485793639772 -0.04629653184613945 0.7063485793639784
  outer loop
   vertex 29.409346865831335 -3.8718139673007506 4.114496766047312
   vertex 29.663118960624633 0.0 4.114496766047312
   vertex 28.11449676604731 0.0 5.663118960624632
  endloop
 endfacet
 facet normal 0.706348579363977 -0.04629653184613965 0.7063485793639787
  outer loop
   vertex 29.409346865831335 -3.8718139673007506 4.114496766047312
   vertex 28.11449676604731 0.0 5.663118960624632
   vertex 27.873973348808214 -3.6696782090551125 5.663118960624632
  endloop
 endfacet
 facet normal 0.45378964560361273 -0.029742944762560827 0.8906123257511087
  outer loop
   vertex 27.873973348808214 -3.6696782090551125 5.663118960624632
   vertex 28.11449676604731 0.0 5.663118960624632
   vertex 26.163118960624633 0.0 6.657395614066075
  endloop
 endfacet
 facet normal 0.4537896456036129 -0.029742944762560744 0.8906123257511086
  outer loop
   vertex 27.873973348808214 -3.6696782090551125 5.663118960624632
   vertex 26.163118960624633 0.0 6.657395614066075
   vertex 25.939289851023 -3.41497229453057 6.657395614066075
  endloop
 endfacet
 facet normal 0.15642624276799172 -0.010252717626191364 0.9876364272113332
  outer loop
   vertex 25.939289851023 -3.41497229453057 6.657395614066075
   vertex 26.163118960624633 0.0 6.657395614066075
   vertex 24.0 0.0 7.0
  endloop
 endfacet
 facet normal 0.15642624276799172 -0.010252717626191376 0.9876364272113332
  outer loop
   vertex 25.939289851023 -3.41497229453057 6.657395614066075
   vertex 24.0 0.0 7.0
   vertex 23.79467667297145 -3.1326286132812404 7.0
  endloop
 endfacet
 facet normal -0.15642624276799158 0.010252717626191355 0.9876364272113332
  outer loop
   vertex 23.79467667297145 -3.1326286132812404 7.0
   vertex 24.0 0.0 7.0
   vertex 21.83688103937537 0.0 6.6573956140660755
  endloop
 endfacet
 facet normal -0.1564262427679916 0.01025271762619136 0.987636427211333
  outer loop
   vertex 23.79467667297145 -3.1326286132812404 7.0
   vertex 21.83688103937537 0.0 6.6573956140660755
   vertex 21.650063494919902 -2.8502849320319115 6.6573956140660755
  endloop
 endfacet
 facet normal -0.4537896456036124 0.02974294476256071 0.8906123257511087
  outer loop
   vertex 21.650063494919902 -2.8502849320319115 6.6573956140660755
   vertex 21.83688103937537 0.0 6.6573956140660755
   vertex 19.88550323395269 0.0 5.663118960624632
  endloop
 endfacet
 facet normal -0.4537896456036125 0.02974294476256056 0.8906123257511087
  outer loop
   vertex 21.650063494919902 -2.8502849320319115 6.6573956140660755
   vertex 19.88550323395269 0.0 5.663118960624632
   vertex 19.715379997134683 -2.5955790175073683 5.663118960624632
  endloop
 endfacet
 facet normal -0.7063485793639778 0.046296531846139355 0.7063485793639778
  outer loop
   vertex 19.715379997134683 -2.5955790175073683 5.663118960624632
   vertex 19.88550323395269 0.0 5.663118960624632
   vertex 18.33688103937537 0.0 4.114496766047313
  endloop
 endfacet
 facet normal -0.7063485793639775 0.04629653184613964 0.7063485793639781
  outer loop
   vertex 19.715379997134683 -2.5955790175073683 5.663118960624632
   vertex 18.33688103937537 0.0 4.114496766047313
   vertex 18.180006480111565 -2.3934432592617307 4.114496766047313
  endloop
 endfacet
 facet normal -0.8894910020779004 0.05830032041918237 0.4532183026549934
  outer loop
   vertex 18.180006480111565 -2.3934432592617307 4.114496766047313
   vertex 18.33688103937537 0.0 4.114496766047313
   vertex 17.342604385933925 0.0 2.1631189606246326
  endloop
 endfacet
 facet normal -0.8894910020779009 0.058300320419181414 0.45321830265499247
  outer loop
   vertex 18.180006480111565 -2.3934432592617307 4.114496766047313
   vertex 17.342604385933925 0.0 2.1631189606246326
   vertex 17.194236001273097 -2.263664113674723 2.1631189606246326
  endloop
 endfacet
 facet normal -0.9856252128044024 0.06460128948520612 0.15610769769977706
  outer loop
   vertex 17.194236001273097 -2.263664113674723 2.1631189606246326
   vertex 17.342604385933925 0.0 2.1631189606246326
   vertex 17.0 0.0 8.572527594031472e-16
  endloop
 endfacet
 facet normal -0.9856252128044022 0.06460128948520734 0.1561076976997783
  outer loop
   vertex 17.194236001273097 -2.263664113674723 2.1631189606246326
   vertex 17.0 0.0 8.572527594031472e-16
   vertex 16.854562643354775 -2.2189452677408785 8.572527594031472e-16
  endloop
 endfacet
 facet normal -0.9856252128044024 0.06460128948520734 -0.15610769769977684
  outer loop
   vertex 16.854562643354775 -2.2189452677408785 8.572527594031472e-16
   vertex 17.0 0.0 8.572527594031472e-16
   vertex 17.342604385933925 0.0 -2.163118960624634
  endloop
 endfacet
 facet normal -0.9856252128044023 0.06460128948520613 -0.15610769769977806
  outer loop
   vertex 16.854562643354775 -2.2189452677408785 8.572527594031472e-16
   vertex 17.342604385933925 0.0 -2.163118960624634
   vertex 17.194236001273097 -2.263664113674723 -2.163118960624634
  endloop
 endfacet
 facet normal -0.8894910020779009 0.058300320419181435 -0.45321830265499274
  outer loop
   vertex 17.194236001273097 -2.263664113674723 -2.163118960624634
   vertex 17.342604385933925 0.0 -2.163118960624634
   vertex 18.336881039375367 0.0 -4.114496766047311
  endloop
 endfacet
 facet normal -0.8894910020779012 0.0583003204191824 -0.45321830265499186
  outer loop
   vertex 17.194236001273097 -2.263664113674723 -2.163118960624634
   vertex 18.336881039375367 0.0 -4.114496766047311
   vertex 18.18000648011156 -2.3934432592617303 -4.114496766047311
  endloop
 endfacet
 facet normal -0.706348579363978 0.04629653184613966 -0.7063485793639777
  outer loop
   vertex 18.18000648011156 -2.3934432592617303 -4.114496766047311
   vertex 18.336881039375367 0.0 -4.114496766047311
   vertex 19.885503233952686 0.0 -5.663118960624631
  endloop
 endfacet
 facet normal -0.7063485793639779 0.04629653184613932 -0.7063485793639779
  outer loop
   vertex 18.18000648011156 -2.3934432592617303 -4.114496766047311
   vertex 19.885503233952686 0.0 -5.663118960624631
   vertex 19.71537999713468 -2.595579017507368 -5.663118960624631
  endloop
 endfacet
 facet normal -0.4537896456036124 0.029742944762560588 -0.8906123257511088
  outer loop
   vertex 19.71537999713468 -2.595579017507368 -5.663118960624631
   vertex 19.885503233952686 0.0 -5.663118960624631
   vertex 21.836881039375367 0.0 -6.657395614066075
  endloop
 endfacet
 facet normal -0.4537896456036125 0.029742944762560702 -0.8906123257511087
  outer loop
   vertex 19.71537999713468 -2.595579017507368 -5.663118960624631
   vertex 21.836881039375367 0.0 -6.657395614066075
   vertex 21.6500634949199 -2.850284932031911 -6.657395614066075
  endloop
 endfacet
 facet normal -0.15642624276799172 0.010252717626191368 -0.987636427211333
  outer loop
   vertex 21.6500634949199 -2.850284932031911 -6.657395614066075
   vertex 21.836881039375367 0.0 -6.657395614066075
   vertex 24.0 0.0 -7.0
  endloop
 endfacet
 facet normal -0.15642624276799172 0.010252717626191359 -0.9876364272113332
  outer loop
   vertex 21.6500634949199 -2.850284932031911 -6.657395614066075
   vertex 24.0 0.0 -7.0
   vertex 23.79467667297145 -3.1326286132812404 -7.0
  endloop
 endfacet
 facet normal 0.15642624276799158 -0.010252717626191355 -0.9876364272113332
  outer loop
   vertex 23.79467667297145 -3.1326286132812404 -7.0
   vertex 24.0 0.0 -7.0
   vertex 26.16311896062463 0.0 -6.6573956140660755
  endloop
 endfacet
 facet normal 0.1564262427679916 -0.010252717626191345 -0.9876364272113332
  outer loop
   vertex 23.79467667297145 -3.1326286132812404 -7.0
   vertex 26.16311896062463 0.0 -6.6573956140660755
   vertex 25.939289851022995 -3.4149722945305694 -6.6573956140660755
  endloop
 endfacet
 facet normal 0.45378964560361207 -0.029742944762560692 -0.8906123257511089
  outer loop
   vertex 25.939289851022995 -3.4149722945305694 -6.6573956140660755
   vertex 26.16311896062463 0.0 -6.6573956140660755
   vertex 28.11449676604731 0.0 -5.663118960624633
  endloop
 endfacet
 facet normal 0.45378964560361224 -0.029742944762560803 -0.8906123257511089
  outer loop
   vertex 25.939289851022995 -3.4149722945305694 -6.6573956140660755
   vertex 28.11449676604731 0.0 -5.663118960624633
   vertex 27.873973348808214 -3.6696782090551125 -5.663118960624633
  endloop
 endfacet
 facet normal 0.7063485793639779 -0.046296531846139695 -0.7063485793639779
  outer loop
   vertex 27.873973348808214 -3.6696782090551125 -5.663118960624633
   vertex 28.11449676604731 0.0 -5.663118960624633
   vertex 29.66311896062463 0.0 -4.1144967660473135
  endloop
 endfacet
 facet normal 0.7063485793639777 -0.04629653184613946 -0.7063485793639781
  outer loop
   vertex 27.873973348808214 -3.6696782090551125 -5.663118960624633
   vertex 29.66311896062463 0.0 -4.1144967660473135
   vertex 29.40934686583133 -3.87181396730075 -4.1144967660473135
  endloop
 endfacet
 facet normal 0.8894910020779003 -0.05830032041918219 -0.45321830265499347
  outer loop
   vertex 29.40934686583133 -3.87181396730075 -4.1144967660473135
   vertex 29.66311896062463 0.0 -4.1144967660473135
   vertex 30.657395614066075 0.0 -2.163118960624634
  endloop
 endfacet
 facet normal 0.8894910020779003 -0.05830032041918198 -0.45321830265499397
  outer loop
   vertex 29.40934686583133 -3.87181396730075 -4.1144967660473135
   vertex 30.657395614066075 0.0 -2.163118960624634
   vertex 30.395117344669803 -4.001593112887758 -2.163118960624634
  endloop
 endfacet
 facet normal 0.9856252128044023 -0.06460128948520671 -0.15610769769977698
  outer loop
   vertex 30.395117344669803 -4.001593112887758 -2.163118960624634
   vertex 30.657395614066075 0.0 -2.163118960624634
   vertex 31.0 0.0 -1.7145055188062944e-15
  endloop
 endfacet
 facet normal 0.9856252128044025 -0.06460128948520694 -0.15610769769977667
  outer loop
   vertex 30.395117344669803 -4.001593112887758 -2.163118960624634
   vertex 31.0 0.0 -1.7145055188062944e-15
   vertex 30.73479070258812 -4.046311958821602 -1.7145055188062944e-15
  endloop
 endfacet
endsolid torus
